Utility,Year,Zip Code,Month,Vintage,Arrearage Amount
Avista,2025,99217,3,Total Arrearages,265460.07
Avista,2025,99148,1,60 Days,9512.25
Avista,2025,99013,7,30 Days,18804.85
Avista,2025,99181,2,90 Days +,9204.83
Avista,2025,99206,4,60 Days,99768.26
Avista,2025,99129,3,90 Days +,12829.07
Avista,2025,99122,7,60 Days,3978.11
Avista,2025,99021,9,30 Days,21876.14
Avista,2025,99219,4,Total Arrearages,0.0
Avista,2025,99111,5,60 Days,12154.8
Avista,2025,99036,9,90 Days +,124.66
Avista,2025,99103,3,90 Days +,2122.69
Avista,2025,99143,1,60 Days,388.04
Avista,2025,99208,1,60 Days,161121.66
Avista,2025,99212,1,90 Days +,92302.0
Avista,2025,99341,4,60 Days,5128.32
Avista,2025,99143,8,30 Days,785.03
Avista,2025,99009,4,30 Days,9016.31
Avista,2025,99148,5,Total Arrearages,32564.23
Avista,2025,99228,2,90 Days +,0.0
Avista,2025,99223,5,60 Days,95531.05
Avista,2025,99128,1,90 Days +,1965.01
Avista,2025,99202,9,30 Days,56166.27
Avista,2025,99167,1,30 Days,4023.64
Avista,2025,99114,8,Total Arrearages,109321.11
Avista,2025,99005,7,90 Days +,4963.4
Avista,2025,99013,2,Total Arrearages,55179.44
Avista,2025,99130,8,Total Arrearages,12277.33
Avista,2025,99110,4,90 Days +,3131.05
Avista,2025,99228,9,Total Arrearages,0.0
Avista,2025,99158,4,30 Days,3019.16
Avista,2025,99032,7,60 Days,2205.59
Avista,2025,99004,2,30 Days,11897.09
Avista,2025,99205,3,Total Arrearages,641242.95
Avista,2025,99224,1,Total Arrearages,138527.64
Avista,2025,99174,9,Total Arrearages,308.67
Avista,2025,99220,7,Total Arrearages,0.0
Avista,2025,99128,6,90 Days +,208.4
Avista,2025,99040,9,60 Days,1551.92
Avista,2025,99001,9,30 Days,10901.63
Avista,2025,99032,5,90 Days +,4720.92
Avista,2025,99181,5,Total Arrearages,40876.72
Avista,2025,99169,3,30 Days,8610.18
Avista,2025,98620,5,90 Days +,9412.23
Avista,2025,98648,1,Total Arrearages,2708.29
Avista,2025,99167,7,60 Days,822.61
Avista,2025,99005,1,30 Days,19594.36
Avista,2025,99037,6,30 Days,6812.39
Avista,2025,99033,7,Total Arrearages,26264.25
Avista,2025,99159,4,60 Days,3137.77
Avista,2025,99144,2,30 Days,0.0
Avista,2025,99138,6,Total Arrearages,29849.22
Avista,2025,99037,4,90 Days +,19576.46
Avista,2025,99212,2,Total Arrearages,311618.46
Avista,2025,99159,3,30 Days,7253.98
Avista,2025,99137,4,30 Days,657.77
Avista,2025,99161,9,60 Days,1790.24
Avista,2025,99176,3,90 Days +,0.0
Avista,2025,99218,5,30 Days,54790.48
Avista,2025,99138,7,Total Arrearages,23099.56
Avista,2025,99141,2,30 Days,26159.15
Avista,2025,99114,8,90 Days +,44038.02
Avista,2025,99029,6,90 Days +,5858.11
Avista,2025,99033,3,90 Days +,13279.38
Avista,2025,99151,7,60 Days,494.59
Avista,2025,99218,8,30 Days,45795.38
Avista,2025,99171,5,Total Arrearages,8121.65
Avista,2025,99344,6,90 Days +,64272.19
Avista,2025,99148,2,Total Arrearages,26660.59
Avista,2025,99223,9,90 Days +,98610.53
Avista,2025,99125,2,60 Days,933.02
Avista,2025,99158,1,Total Arrearages,3467.02
Avista,2025,99171,2,60 Days,2662.03
Avista,2025,99143,3,Total Arrearages,6763.61
Avista,2025,99034,2,Total Arrearages,2552.21
Avista,2025,99018,3,60 Days,813.41
Avista,2025,99371,6,90 Days +,3556.34
Avista,2025,99403,3,Total Arrearages,183606.06
Avista,2025,99371,5,90 Days +,5383.99
Avista,2025,99008,9,90 Days +,4759.48
Avista,2025,99228,5,Total Arrearages,0.0
Avista,2025,99326,1,60 Days,451.08
Avista,2025,99003,9,60 Days,2774.48
Avista,2025,99003,2,30 Days,13643.44
Avista,2025,99176,5,60 Days,529.48
Avista,2025,99021,4,30 Days,34030.48
Avista,2025,99203,4,30 Days,92079.04
Avista,2025,99171,9,30 Days,2354.39
Avista,2025,99161,5,60 Days,4994.08
Avista,2025,99032,5,60 Days,1463.22
Avista,2025,99141,1,Total Arrearages,51739.67
Avista,2025,99026,9,60 Days,2591.82
Avista,2025,99148,3,60 Days,6792.06
Avista,2025,99402,7,30 Days,1389.6
Avista,2025,99157,1,60 Days,336.15
Avista,2025,99003,3,60 Days,2718.8
Avista,2025,98648,6,30 Days,788.51
Avista,2025,99003,6,30 Days,7891.17
Avista,2025,99101,4,Total Arrearages,19537.24
Avista,2025,99146,4,Total Arrearages,1218.73
Avista,2025,99003,4,60 Days,8500.38
Avista,2025,99149,8,90 Days +,882.16
Avista,2025,99205,2,60 Days,148171.0
Avista,2025,99031,2,30 Days,249.1
Avista,2025,99032,5,30 Days,2268.61
Avista,2025,99160,6,90 Days +,691.27
Avista,2025,99344,5,30 Days,38179.4
Avista,2025,99217,1,60 Days,55481.47
Avista,2025,99158,5,90 Days +,3354.46
Avista,2025,99146,9,30 Days,165.8
Avista,2025,99031,8,Total Arrearages,5395.89
Avista,2025,99179,3,60 Days,1893.85
Avista,2025,99101,6,90 Days +,10260.2
Avista,2025,99040,1,60 Days,3495.71
Avista,2025,99137,1,90 Days +,4055.68
Avista,2025,99117,4,Total Arrearages,6873.54
Avista,2025,99101,1,Total Arrearages,17342.43
Avista,2025,99205,5,Total Arrearages,514199.57
Avista,2025,99208,2,60 Days,122496.72
Avista,2025,99102,6,Total Arrearages,8725.18
Avista,2025,99026,9,Total Arrearages,8529.87
Avista,2025,99122,2,90 Days +,16745.1
Avista,2025,99111,9,60 Days,2634.93
Avista,2025,99040,3,90 Days +,35156.56
Avista,2025,99022,3,60 Days,15970.97
Avista,2025,99141,6,30 Days,18112.07
Avista,2025,99157,3,60 Days,2511.93
Avista,2025,99176,2,60 Days,0.0
Avista,2025,99157,3,90 Days +,4763.27
Avista,2025,99008,4,Total Arrearages,15410.47
Avista,2025,99008,5,Total Arrearages,13314.32
Avista,2025,99202,4,30 Days,117910.4
Avista,2025,99018,7,Total Arrearages,1096.39
Avista,2025,99326,3,Total Arrearages,3882.77
Avista,2025,99029,5,90 Days +,5127.21
Avista,2025,99371,6,Total Arrearages,5715.03
Avista,2025,99128,3,60 Days,791.44
Avista,2025,99109,4,30 Days,19656.56
Avista,2025,98857,2,90 Days +,0.0
Avista,2025,99012,2,60 Days,5353.41
Avista,2025,99020,6,60 Days,0.0
Avista,2025,99146,5,90 Days +,446.66
Avista,2025,99037,3,90 Days +,19622.52
Avista,2025,99170,5,Total Arrearages,10486.8
Avista,2025,99012,8,Total Arrearages,7081.1
Avista,2025,99006,2,30 Days,20161.48
Avista,2025,99109,3,90 Days +,18845.42
Avista,2025,99181,4,60 Days,7771.08
Avista,2025,99023,3,Total Arrearages,3300.21
Avista,2025,99023,8,30 Days,69.15
Avista,2025,99039,7,90 Days +,4935.95
Avista,2025,99113,9,Total Arrearages,1943.57
Avista,2025,99129,3,Total Arrearages,24988.28
Avista,2025,99005,6,Total Arrearages,31880.55
Avista,2025,99104,2,30 Days,0.0
Avista,2025,99006,2,60 Days,11318.39
Avista,2025,99344,2,60 Days,22889.88
Avista,2025,99179,1,60 Days,634.7
Avista,2025,99001,2,60 Days,13313.27
Avista,2025,99228,2,Total Arrearages,0.0
Avista,2025,99161,8,60 Days,1380.32
Avista,2025,99218,4,Total Arrearages,132451.31
Avista,2025,99130,9,90 Days +,5534.98
Avista,2025,99143,4,90 Days +,4322.82
Avista,2025,99402,1,60 Days,2135.48
Avista,2025,99158,1,90 Days +,2690.54
Avista,2025,99020,8,90 Days +,471.81
Avista,2025,99128,1,30 Days,485.12
Avista,2025,99344,6,30 Days,32970.63
Avista,2025,99036,3,90 Days +,0.0
Avista,2025,99027,2,90 Days +,13392.02
Avista,2025,99217,9,Total Arrearages,192983.86
Avista,2025,99003,7,30 Days,5827.27
Avista,2025,99001,2,Total Arrearages,42639.86
Avista,2025,99013,8,90 Days +,39140.11
Avista,2025,99207,9,90 Days +,151528.6
Avista,2025,99171,1,Total Arrearages,9132.59
Avista,2025,99020,5,60 Days,103.17
Avista,2025,99159,1,Total Arrearages,9474.56
Avista,2025,99212,2,90 Days +,88267.8
Avista,2025,99137,8,Total Arrearages,8547.44
Avista,2025,99006,2,Total Arrearages,47558.81
Avista,2025,99151,3,Total Arrearages,4214.4
Avista,2025,99205,2,30 Days,254604.9
Avista,2025,99026,6,Total Arrearages,16393.82
Avista,2025,99176,8,60 Days,240.15
Avista,2025,99217,7,Total Arrearages,173987.84
Avista,2025,99113,3,60 Days,2036.68
Avista,2025,99016,3,30 Days,142329.67
Avista,2025,99212,3,30 Days,204047.14
Avista,2025,99149,3,60 Days,755.97
Avista,2025,99023,3,60 Days,231.14
Avista,2025,99023,6,90 Days +,673.34
Avista,2025,99141,3,30 Days,42506.31
Avista,2025,99208,9,Total Arrearages,535465.4
Avista,2025,99019,4,Total Arrearages,71563.35
Avista,2025,99160,4,30 Days,1392.76
Avista,2025,99102,8,60 Days,1383.28
Avista,2025,99025,1,Total Arrearages,20214.26
Avista,2025,99137,8,60 Days,1440.96
Avista,2025,99117,9,60 Days,227.4
Avista,2025,99006,4,90 Days +,21201.74
Avista,2025,99037,8,Total Arrearages,24371.09
Avista,2025,99033,9,30 Days,1910.12
Avista,2025,99107,6,30 Days,0.0
Avista,2025,99040,7,90 Days +,46012.88
Avista,2025,99126,2,Total Arrearages,19186.02
Avista,2025,99111,5,Total Arrearages,60501.14
Avista,2025,99176,6,60 Days,0.0
Avista,2025,99026,7,90 Days +,12522.53
Avista,2025,99158,4,90 Days +,2226.1
Avista,2025,99371,3,90 Days +,9382.65
Avista,2025,99224,7,60 Days,36952.03
Avista,2025,99014,2,30 Days,1326.23
Avista,2025,99011,6,Total Arrearages,0.0
Avista,2025,99102,2,60 Days,2264.0
Avista,2025,99157,6,90 Days +,4535.67
Avista,2025,99032,3,30 Days,3368.92
Avista,2025,99009,2,90 Days +,8727.49
Avista,2025,99004,4,30 Days,16437.23
Avista,2025,99012,7,90 Days +,5494.35
Avista,2025,99206,4,90 Days +,99796.33
Avista,2025,99008,1,Total Arrearages,11558.91
Avista,2025,99146,4,90 Days +,399.29
Avista,2025,99014,4,60 Days,578.58
Avista,2025,99033,9,60 Days,1639.95
Avista,2025,99159,5,90 Days +,6190.61
Avista,2025,99173,8,90 Days +,25482.49
Avista,2025,99001,9,60 Days,13873.51
Avista,2025,99130,7,Total Arrearages,8822.94
Avista,2025,99176,6,30 Days,747.25
Avista,2025,99101,1,90 Days +,4619.22
Avista,2025,99022,6,60 Days,8917.15
Avista,2025,99114,9,30 Days,36110.84
Avista,2025,99158,5,30 Days,1354.71
Avista,2025,99013,2,90 Days +,40001.4
Avista,2025,98620,4,Total Arrearages,13549.88
Avista,2025,99171,6,90 Days +,4643.02
Avista,2025,99026,4,Total Arrearages,19036.5
Avista,2025,99014,9,90 Days +,3039.56
Avista,2025,99179,9,Total Arrearages,7606.96
Avista,2025,99014,5,60 Days,299.76
Avista,2025,99102,2,30 Days,6205.15
Avista,2025,99021,7,Total Arrearages,42488.36
Avista,2025,99037,5,60 Days,13471.44
Avista,2025,99040,3,60 Days,2901.99
Avista,2025,99149,8,Total Arrearages,4975.17
Avista,2025,99203,8,60 Days,20248.55
Avista,2025,99020,7,60 Days,183.01
Avista,2025,99137,9,Total Arrearages,5004.13
Avista,2025,99138,3,30 Days,13899.26
Avista,2025,99009,8,Total Arrearages,14428.52
Avista,2025,99039,6,Total Arrearages,987.56
Avista,2025,99040,2,60 Days,3310.6
Avista,2025,99030,1,30 Days,2103.98
Avista,2025,99032,1,90 Days +,4351.11
Avista,2025,99023,9,30 Days,292.21
Avista,2025,99117,4,90 Days +,2272.41
Avista,2025,99018,6,Total Arrearages,1192.01
Avista,2025,98857,8,Total Arrearages,0.0
Avista,2025,99174,1,Total Arrearages,932.91
Avista,2025,99033,4,90 Days +,17681.3
Avista,2025,99341,2,90 Days +,4561.03
Avista,2025,99341,9,30 Days,1999.69
Avista,2025,99033,8,30 Days,2477.18
Avista,2025,99130,4,30 Days,5270.4
Avista,2025,99037,8,30 Days,6052.89
Avista,2025,99113,1,Total Arrearages,2651.58
Avista,2025,98648,2,30 Days,1193.05
Avista,2025,99185,4,90 Days +,4939.21
Avista,2025,99013,7,60 Days,5132.25
Avista,2025,99143,6,Total Arrearages,6297.49
Avista,2025,99117,3,Total Arrearages,6951.72
Avista,2025,99006,3,Total Arrearages,68756.67
Avista,2025,99160,1,30 Days,357.76
Avista,2025,99371,5,Total Arrearages,7283.52
Avista,2025,99326,1,30 Days,1579.37
Avista,2025,99202,3,Total Arrearages,306542.95
Avista,2025,99202,4,60 Days,65799.98
Avista,2025,99005,6,30 Days,16762.99
Avista,2025,99205,1,60 Days,95141.32
Avista,2025,99160,2,Total Arrearages,1141.16
Avista,2025,99126,1,Total Arrearages,9899.53
Avista,2025,99026,8,Total Arrearages,11193.13
Avista,2025,99176,5,90 Days +,1426.33
Avista,2025,99039,1,30 Days,837.76
Avista,2025,99103,6,90 Days +,1282.8
Avista,2025,99030,2,60 Days,1526.8
Avista,2025,99174,9,90 Days +,308.67
Avista,2025,99027,5,60 Days,23350.89
Avista,2025,99031,4,Total Arrearages,18306.02
Avista,2025,99020,5,90 Days +,176.44
Avista,2025,99159,2,30 Days,4049.01
Avista,2025,99013,6,Total Arrearages,44029.87
Avista,2025,99141,7,90 Days +,14216.46
Avista,2025,99216,5,60 Days,78323.1
Avista,2025,99131,7,30 Days,73.99
Avista,2025,99173,3,60 Days,9783.75
Avista,2025,99109,9,Total Arrearages,34726.29
Avista,2025,99125,4,30 Days,1544.14
Avista,2025,99039,3,30 Days,1271.17
Avista,2025,99114,3,90 Days +,46863.04
Avista,2025,99021,2,60 Days,10801.63
Avista,2025,99174,5,Total Arrearages,942.87
Avista,2025,99131,1,Total Arrearages,1013.15
Avista,2025,99335,8,Total Arrearages,0.0
Avista,2025,99021,1,90 Days +,13185.19
Avista,2025,99326,5,30 Days,713.08
Avista,2025,99170,6,90 Days +,2508.29
Avista,2025,99223,2,90 Days +,94301.98
Avista,2025,99008,6,90 Days +,7824.65
Avista,2025,99122,3,30 Days,9533.63
Avista,2025,99033,3,30 Days,4723.61
Avista,2025,99037,7,90 Days +,13515.5
Avista,2025,99151,8,30 Days,628.5
Avista,2025,99131,3,30 Days,3.31
Avista,2025,99141,2,90 Days +,12793.5
Avista,2025,99019,7,60 Days,20254.21
Avista,2025,99006,6,90 Days +,14012.07
Avista,2025,99122,9,Total Arrearages,24113.74
Avista,2025,99021,8,Total Arrearages,46699.84
Avista,2025,99169,6,Total Arrearages,21136.72
Avista,2025,99029,6,Total Arrearages,12473.99
Avista,2025,99160,8,30 Days,183.26
Avista,2025,99107,8,Total Arrearages,0.0
Avista,2025,99207,1,Total Arrearages,419215.38
Avista,2025,99149,6,Total Arrearages,5486.75
Avista,2025,99219,1,90 Days +,0.0
Avista,2025,99130,6,90 Days +,7785.7
Avista,2025,99137,4,Total Arrearages,5796.54
Avista,2025,99212,6,30 Days,80177.41
Avista,2025,99036,3,30 Days,416.54
Avista,2025,99201,8,Total Arrearages,203504.27
Avista,2025,99131,8,90 Days +,317.21
Avista,2025,99016,1,Total Arrearages,198745.81
Avista,2025,99025,6,90 Days +,11546.75
Avista,2025,99161,7,30 Days,4111.38
Avista,2025,99003,9,90 Days +,6791.64
Avista,2025,99202,3,30 Days,107674.98
Avista,2025,99117,8,30 Days,523.82
Avista,2025,99125,7,30 Days,491.37
Avista,2025,99344,6,60 Days,29630.55
Avista,2025,99021,9,90 Days +,16849.03
Avista,2025,99029,1,Total Arrearages,9810.08
Avista,2025,99216,4,Total Arrearages,262599.1
Avista,2025,99141,3,60 Days,20131.84
Avista,2025,99014,4,Total Arrearages,2188.05
Avista,2025,99034,7,90 Days +,2669.13
Avista,2025,99131,9,90 Days +,526.96
Avista,2025,99326,6,30 Days,335.92
Avista,2025,99171,4,60 Days,1152.48
Avista,2025,99021,9,Total Arrearages,47380.17
Avista,2025,99218,6,30 Days,38775.69
Avista,2025,99029,4,60 Days,1316.02
Avista,2025,99151,8,Total Arrearages,1823.85
Avista,2025,99125,6,60 Days,472.45
Avista,2025,99174,5,90 Days +,194.16
Avista,2025,99032,1,Total Arrearages,6898.38
Avista,2025,99012,2,90 Days +,6185.48
Avista,2025,99326,3,90 Days +,1158.88
Avista,2025,99039,3,90 Days +,186.66
Avista,2025,99029,8,60 Days,2368.5
Avista,2025,99037,6,90 Days +,14287.7
Avista,2025,99164,8,90 Days +,0.0
Avista,2025,99023,6,60 Days,490.69
Avista,2025,99164,3,90 Days +,0.0
Avista,2025,99171,4,Total Arrearages,6314.76
Avista,2025,99224,8,90 Days +,52822.35
Avista,2025,99174,2,Total Arrearages,1164.22
Avista,2025,99224,7,Total Arrearages,136788.78
Avista,2025,99031,6,60 Days,651.24
Avista,2025,99033,7,30 Days,1486.25
Avista,2025,99025,6,60 Days,4437.6
Avista,2025,98857,7,Total Arrearages,0.0
Avista,2025,99113,8,90 Days +,1464.38
Avista,2025,99117,1,Total Arrearages,2734.32
Avista,2025,99157,7,30 Days,2840.45
Avista,2025,99022,9,Total Arrearages,34415.37
Avista,2025,99021,5,30 Days,35928.86
Avista,2025,99109,5,90 Days +,27564.32
Avista,2025,99126,3,60 Days,6334.21
Avista,2025,99151,4,30 Days,466.0
Avista,2025,99171,7,30 Days,1937.25
Avista,2025,99202,8,30 Days,59557.08
Avista,2025,99126,3,30 Days,7338.8
Avista,2025,99170,6,60 Days,2361.84
Avista,2025,99012,8,30 Days,2196.11
Avista,2025,99004,5,Total Arrearages,40560.46
Avista,2025,99403,6,90 Days +,48739.63
Avista,2025,99141,5,Total Arrearages,65376.24
Avista,2025,99031,6,30 Days,1171.52
Avista,2025,99122,3,60 Days,6389.09
Avista,2025,99027,9,90 Days +,17337.81
Avista,2025,99156,7,30 Days,0.91
Avista,2025,99202,5,90 Days +,81999.13
Avista,2025,99173,9,Total Arrearages,34671.6
Avista,2025,99371,8,90 Days +,601.78
Avista,2025,99014,1,90 Days +,0.0
Avista,2025,99103,3,30 Days,4227.24
Avista,2025,99224,2,Total Arrearages,127226.77
Avista,2025,99218,8,60 Days,36288.0
Avista,2025,99146,7,Total Arrearages,679.54
Avista,2025,99161,8,90 Days +,6594.61
Avista,2025,99228,3,Total Arrearages,0.0
Avista,2025,99185,1,30 Days,6592.22
Avista,2025,99149,6,90 Days +,4045.51
Avista,2025,99012,9,90 Days +,2956.3
Avista,2025,99022,5,30 Days,17250.29
Avista,2025,99403,9,60 Days,43712.24
Avista,2025,99019,2,Total Arrearages,70204.12
Avista,2025,99030,3,90 Days +,5792.53
Avista,2025,99128,4,90 Days +,1811.69
Avista,2025,99034,2,90 Days +,692.82
Avista,2025,99023,2,Total Arrearages,3039.89
Avista,2025,99217,9,30 Days,73887.76
Avista,2025,99018,9,Total Arrearages,719.8
Avista,2025,99185,5,90 Days +,9157.48
Avista,2025,99164,1,90 Days +,0.0
Avista,2025,99159,6,Total Arrearages,12469.02
Avista,2025,99157,4,30 Days,5535.3
Avista,2025,99027,2,Total Arrearages,37033.22
Avista,2025,99176,6,Total Arrearages,2968.12
Avista,2025,99122,6,30 Days,3419.29
Avista,2025,99009,6,30 Days,9026.83
Avista,2025,99220,3,Total Arrearages,0.0
Avista,2025,99207,4,90 Days +,143157.09
Avista,2025,99126,4,60 Days,4362.31
Avista,2025,99181,9,90 Days +,6278.24
Avista,2025,99179,1,30 Days,1825.99
Avista,2025,99206,2,30 Days,168554.73
Avista,2025,99004,7,30 Days,3965.29
Avista,2025,99102,6,90 Days +,3438.18
Avista,2025,99169,3,90 Days +,7573.46
Avista,2025,99206,5,60 Days,100611.8
Avista,2025,99335,2,30 Days,0.0
Avista,2025,99023,1,Total Arrearages,1933.88
Avista,2025,99104,7,Total Arrearages,0.0
Avista,2025,99151,4,Total Arrearages,1239.63
Avista,2025,99179,3,Total Arrearages,6800.46
Avista,2025,99018,4,90 Days +,2198.05
Avista,2025,99128,8,Total Arrearages,1976.36
Avista,2025,99156,2,90 Days +,64.09
Avista,2025,98857,6,90 Days +,0.0
Avista,2025,99402,6,90 Days +,949.48
Avista,2025,99030,7,60 Days,2189.88
Avista,2025,99030,5,30 Days,3857.3
Avista,2025,99103,8,60 Days,1028.97
Avista,2025,99020,7,Total Arrearages,714.33
Avista,2025,99341,4,90 Days +,4508.34
Avista,2025,99129,6,Total Arrearages,15003.25
Avista,2025,99130,3,Total Arrearages,12148.44
Avista,2025,99128,4,30 Days,24.6
Avista,2025,99176,3,60 Days,824.8
Avista,2025,99101,1,60 Days,2174.78
Avista,2025,99161,4,60 Days,7391.03
Avista,2025,99344,7,60 Days,23877.63
Avista,2025,99146,6,Total Arrearages,776.59
Avista,2025,99326,6,Total Arrearages,1651.22
Avista,2025,99205,6,30 Days,153661.06
Avista,2025,99103,7,30 Days,1050.86
Avista,2025,99126,6,30 Days,2871.49
Avista,2025,99217,3,60 Days,82487.68
Avista,2025,99207,5,60 Days,178109.61
Avista,2025,99219,4,90 Days +,0.0
Avista,2025,99016,2,90 Days +,47769.31
Avista,2025,98648,4,60 Days,1253.33
Avista,2025,99224,9,90 Days +,49837.56
Avista,2025,99203,3,30 Days,113926.87
Avista,2025,99019,8,30 Days,43946.83
Avista,2025,99012,7,30 Days,1989.49
Avista,2025,99157,7,60 Days,4647.91
Avista,2025,99001,5,90 Days +,20512.51
Avista,2025,99001,8,Total Arrearages,39825.88
Avista,2025,99129,1,Total Arrearages,19630.36
Avista,2025,99216,8,Total Arrearages,208620.71
Avista,2025,99344,9,60 Days,24599.01
Avista,2025,99021,6,60 Days,17969.46
Avista,2025,99169,7,30 Days,6348.17
Avista,2025,99131,7,60 Days,247.72
Avista,2025,99018,1,30 Days,373.5
Avista,2025,99371,4,60 Days,964.0
Avista,2025,99176,4,30 Days,578.08
Avista,2025,99160,4,60 Days,576.34
Avista,2025,99104,9,Total Arrearages,0.0
Avista,2025,99179,5,30 Days,1426.22
Avista,2025,99016,3,60 Days,67540.25
Avista,2025,99125,4,90 Days +,7037.13
Avista,2025,99206,9,30 Days,79947.13
Avista,2025,99403,4,90 Days +,59680.36
Avista,2025,99025,2,90 Days +,7107.03
Avista,2025,99026,2,90 Days +,7993.57
Avista,2025,99027,3,60 Days,8361.52
Avista,2025,99021,6,90 Days +,12878.2
Avista,2025,99205,8,90 Days +,136926.87
Avista,2025,99144,1,Total Arrearages,0.0
Avista,2025,99102,7,30 Days,1739.63
Avista,2025,99101,4,30 Days,5715.5
Avista,2025,99158,8,90 Days +,2638.56
Avista,2025,99174,1,30 Days,169.54
Avista,2025,99151,2,90 Days +,1204.98
Avista,2025,99204,3,30 Days,41684.43
Avista,2025,99220,5,90 Days +,0.0
Avista,2025,99117,7,30 Days,4077.61
Avista,2025,99125,3,60 Days,1511.55
Avista,2025,99019,6,90 Days +,14559.11
Avista,2025,99008,9,60 Days,643.49
Avista,2025,99181,6,Total Arrearages,27204.58
Avista,2025,99218,7,30 Days,45636.13
Avista,2025,99030,4,Total Arrearages,11246.84
Avista,2025,99403,9,Total Arrearages,127673.34
Avista,2025,99205,9,Total Arrearages,432056.9
Avista,2025,99163,1,90 Days +,89205.14
Avista,2025,99335,1,90 Days +,0.0
Avista,2025,99104,6,Total Arrearages,0.0
Avista,2025,99102,1,30 Days,2334.45
Avista,2025,99403,6,Total Arrearages,125598.34
Avista,2025,99151,3,60 Days,1261.19
Avista,2025,99122,1,30 Days,10083.39
Avista,2025,99146,8,Total Arrearages,927.95
Avista,2025,99034,6,Total Arrearages,3183.77
Avista,2025,99171,8,Total Arrearages,10388.24
Avista,2025,99114,2,60 Days,36289.04
Avista,2025,99030,7,Total Arrearages,9940.81
Avista,2025,99039,8,Total Arrearages,5829.0
Avista,2025,99161,2,30 Days,12822.22
Avista,2025,99151,7,Total Arrearages,2385.76
Avista,2025,99026,3,90 Days +,6754.5
Avista,2025,99103,2,90 Days +,432.71
Avista,2025,99204,9,Total Arrearages,84266.0
Avista,2025,99164,5,90 Days +,0.0
Avista,2025,99130,1,90 Days +,1229.43
Avista,2025,99012,5,60 Days,3007.18
Avista,2025,99030,4,90 Days +,6593.45
Avista,2025,99037,9,60 Days,4645.15
Avista,2025,99019,3,90 Days +,17174.25
Avista,2025,99260,1,60 Days,0.0
Avista,2025,99224,7,90 Days +,57241.88
Avista,2025,99224,2,60 Days,32817.47
Avista,2025,99169,8,60 Days,6097.45
Avista,2025,99202,4,90 Days +,84191.83
Avista,2025,99206,3,30 Days,164176.95
Avista,2025,99029,3,60 Days,2650.05
Avista,2025,99039,2,90 Days +,0.0
Avista,2025,99020,6,30 Days,99.86
Avista,2025,99111,5,90 Days +,38437.71
Avista,2025,99019,4,90 Days +,15801.96
Avista,2025,99204,7,60 Days,21313.38
Avista,2025,99201,4,60 Days,59317.96
Avista,2025,99122,2,60 Days,8579.57
Avista,2025,99031,2,90 Days +,7489.81
Avista,2025,99037,3,30 Days,32802.29
Avista,2025,99114,1,90 Days +,40002.75
Avista,2025,99102,6,60 Days,4364.89
Avista,2025,99223,1,Total Arrearages,303575.42
Avista,2025,99037,8,60 Days,5273.25
Avista,2025,99021,6,30 Days,19315.46
Avista,2025,99036,1,Total Arrearages,665.14
Avista,2025,99158,3,90 Days +,1905.57
Avista,2025,99014,3,60 Days,340.26
Avista,2025,99037,7,60 Days,7079.28
Avista,2025,98620,1,30 Days,4526.19
Avista,2025,99157,4,60 Days,4647.86
Avista,2025,99174,7,30 Days,31.8
Avista,2025,99003,7,Total Arrearages,18780.82
Avista,2025,99128,3,30 Days,1351.25
Avista,2025,99137,9,60 Days,693.38
Avista,2025,99185,6,30 Days,2573.7
Avista,2025,99201,4,30 Days,80098.25
Avista,2025,99016,5,60 Days,70727.24
Avista,2025,99170,3,60 Days,1953.25
Avista,2025,99009,3,30 Days,12315.3
Avista,2025,99110,6,Total Arrearages,7332.31
Avista,2025,99205,7,60 Days,100512.87
Avista,2025,99036,9,60 Days,150.36
Avista,2025,99170,9,Total Arrearages,8457.03
Avista,2025,99018,6,30 Days,404.13
Avista,2025,99159,9,90 Days +,5565.5
Avista,2025,99031,7,Total Arrearages,4297.66
Avista,2025,99212,7,30 Days,81939.43
Avista,2025,98620,2,60 Days,4763.61
Avista,2025,99181,2,60 Days,10219.3
Avista,2025,99009,2,30 Days,11141.79
Avista,2025,99146,2,60 Days,0.0
Avista,2025,99138,4,30 Days,12334.61
Avista,2025,99137,9,90 Days +,3376.97
Avista,2025,99146,7,90 Days +,385.57
Avista,2025,99161,8,30 Days,4860.06
Avista,2025,99402,9,Total Arrearages,9364.54
Avista,2025,99020,7,90 Days +,312.2
Avista,2025,99138,8,30 Days,9542.93
Avista,2025,99174,3,90 Days +,1222.73
Avista,2025,99023,5,90 Days +,0.0
Avista,2025,99181,2,30 Days,12105.04
Avista,2025,99158,2,30 Days,1692.51
Avista,2025,99204,2,30 Days,34960.01
Avista,2025,99403,1,30 Days,47521.39
Avista,2025,99185,5,30 Days,3660.75
Avista,2025,99137,7,60 Days,995.94
Avista,2025,99113,9,60 Days,211.99
Avista,2025,99204,8,Total Arrearages,89266.69
Avista,2025,99341,1,30 Days,6182.0
Avista,2025,99013,5,90 Days +,55172.15
Avista,2025,99039,8,30 Days,734.99
Avista,2025,99161,4,90 Days +,9457.65
Avista,2025,99158,4,60 Days,1924.28
Avista,2025,99176,9,Total Arrearages,2923.91
Avista,2025,99008,1,30 Days,1111.0
Avista,2025,99216,2,60 Days,63052.48
Avista,2025,99030,8,30 Days,1175.44
Avista,2025,99008,6,Total Arrearages,11398.14
Avista,2025,99207,6,90 Days +,147871.38
Avista,2025,99173,2,30 Days,16738.81
Avista,2025,99179,3,30 Days,2122.89
Avista,2025,99114,7,Total Arrearages,100460.66
Avista,2025,99212,3,90 Days +,126278.51
Avista,2025,98857,5,30 Days,59.6
Avista,2025,99205,4,60 Days,167505.02
Avista,2025,99151,9,90 Days +,1039.29
Avista,2025,99156,1,30 Days,0.0
Avista,2025,99040,4,Total Arrearages,47691.65
Avista,2025,99403,4,60 Days,42237.71
Avista,2025,99122,1,Total Arrearages,24745.21
Avista,2025,99212,4,Total Arrearages,312271.9
Avista,2025,99205,7,90 Days +,155667.15
Avista,2025,99146,5,60 Days,1208.53
Avista,2025,99217,7,90 Days +,69079.46
Avista,2025,99341,8,90 Days +,3342.81
Avista,2025,99022,3,30 Days,23570.57
Avista,2025,99026,3,60 Days,4694.81
Avista,2025,99170,4,30 Days,1858.83
Avista,2025,99125,5,Total Arrearages,9548.44
Avista,2025,99219,3,60 Days,0.0
Avista,2025,99208,5,90 Days +,194225.69
Avista,2025,99005,3,30 Days,22070.37
Avista,2025,99171,6,Total Arrearages,9254.49
Avista,2025,99012,1,60 Days,542.98
Avista,2025,99143,9,Total Arrearages,7343.45
Avista,2025,99032,6,60 Days,1395.24
Avista,2025,99151,5,30 Days,2414.38
Avista,2025,99013,9,90 Days +,37614.13
Avista,2025,99204,4,30 Days,47797.07
Avista,2025,99164,3,Total Arrearages,154.49
Avista,2025,99371,6,60 Days,1434.94
Avista,2025,99009,6,Total Arrearages,19728.3
Avista,2025,99018,4,60 Days,759.23
Avista,2025,99009,1,90 Days +,10921.69
Avista,2025,99148,3,90 Days +,12401.18
Avista,2025,99130,1,60 Days,618.53
Avista,2025,99040,6,Total Arrearages,51450.77
Avista,2025,99030,4,60 Days,1423.88
Avista,2025,99034,8,90 Days +,2860.77
Avista,2025,99031,5,90 Days +,2553.19
Avista,2025,99208,6,60 Days,185248.23
Avista,2025,99128,4,60 Days,464.69
Avista,2025,99173,1,30 Days,15813.58
Avista,2025,99203,5,60 Days,44288.22
Avista,2025,98648,1,90 Days +,1245.03
Avista,2025,99170,1,30 Days,4809.51
Avista,2025,99033,3,60 Days,8084.38
Avista,2025,99160,1,Total Arrearages,1751.8
Avista,2025,99149,6,60 Days,1134.07
Avista,2025,99176,7,Total Arrearages,2460.25
Avista,2025,99114,5,30 Days,53895.64
Avista,2025,99033,4,60 Days,5836.17
Avista,2025,99157,5,Total Arrearages,14870.11
Avista,2025,99341,6,Total Arrearages,13697.6
Avista,2025,99111,3,60 Days,4690.45
Avista,2025,99167,6,90 Days +,2691.28
Avista,2025,99163,2,30 Days,105872.64
Avista,2025,99034,7,30 Days,643.31
Avista,2025,99113,7,Total Arrearages,2943.97
Avista,2025,99181,7,90 Days +,4744.08
Avista,2025,99260,1,Total Arrearages,0.0
Avista,2025,99134,5,30 Days,1929.43
Avista,2025,99173,7,30 Days,7614.07
Avista,2025,99212,4,30 Days,121382.77
Avista,2025,99173,1,60 Days,8825.28
Avista,2025,99034,6,90 Days +,2609.57
Avista,2025,99185,7,30 Days,2778.99
Avista,2025,99205,9,60 Days,128745.01
Avista,2025,99001,2,90 Days +,11890.42
Avista,2025,99219,3,30 Days,0.0
Avista,2025,99026,4,60 Days,2467.53
Avista,2025,99012,2,Total Arrearages,20422.33
Avista,2025,99141,9,60 Days,8866.06
Avista,2025,99101,2,30 Days,6044.28
Avista,2025,99129,6,90 Days +,7728.72
Avista,2025,99022,2,30 Days,13746.65
Avista,2025,99203,2,Total Arrearages,147156.19
Avista,2025,99158,9,60 Days,846.35
Avista,2025,99223,1,60 Days,68162.41
Avista,2025,99217,6,90 Days +,62734.1
Avista,2025,99326,4,Total Arrearages,2005.35
Avista,2025,99202,7,Total Arrearages,181668.05
Avista,2025,99341,4,30 Days,4467.01
Avista,2025,99371,4,90 Days +,5785.58
Avista,2025,99022,1,30 Days,12576.41
Avista,2025,99016,6,30 Days,54829.23
Avista,2025,99027,3,90 Days +,21679.95
Avista,2025,99110,7,Total Arrearages,7599.03
Avista,2025,99114,5,Total Arrearages,140572.76
Avista,2025,99101,2,90 Days +,5895.06
Avista,2025,99149,5,90 Days +,3482.45
Avista,2025,99131,4,Total Arrearages,1016.79
Avista,2025,99171,1,90 Days +,5600.13
Avista,2025,98648,9,60 Days,133.33
Avista,2025,99129,5,60 Days,8359.28
Avista,2025,99169,3,Total Arrearages,25403.23
Avista,2025,99103,9,Total Arrearages,5195.61
Avista,2025,99027,8,90 Days +,19595.32
Avista,2025,99403,8,30 Days,70196.99
Avista,2025,99220,5,Total Arrearages,0.0
Avista,2025,99402,1,30 Days,4348.19
Avista,2025,99207,8,Total Arrearages,406328.65
Avista,2025,99143,1,90 Days +,1254.73
Avista,2025,99204,6,90 Days +,42121.52
Avista,2025,99212,2,30 Days,139442.08
Avista,2025,99031,3,90 Days +,2885.35
Avista,2025,99111,6,90 Days +,44588.53
Avista,2025,99164,2,90 Days +,0.0
Avista,2025,99039,6,90 Days +,0.0
Avista,2025,99039,7,Total Arrearages,5165.49
Avista,2025,99122,4,Total Arrearages,35787.52
Avista,2025,99149,3,30 Days,2342.17
Avista,2025,99160,4,90 Days +,272.39
Avista,2025,99134,3,60 Days,2371.26
Avista,2025,98648,8,30 Days,262.24
Avista,2025,99102,2,Total Arrearages,13885.32
Avista,2025,99223,4,60 Days,95924.19
Avista,2025,99260,4,Total Arrearages,0.0
Avista,2025,99129,4,60 Days,8746.4
Avista,2025,99159,7,60 Days,1916.79
Avista,2025,98857,9,Total Arrearages,156.51
Avista,2025,99326,8,30 Days,290.22
Avista,2025,99040,4,90 Days +,37998.42
Avista,2025,99169,2,30 Days,11481.92
Avista,2025,99111,3,Total Arrearages,43768.2
Avista,2025,99217,2,30 Days,114221.66
Avista,2025,99402,3,Total Arrearages,13554.56
Avista,2025,99103,6,60 Days,3716.11
Avista,2025,99202,3,60 Days,91265.74
Avista,2025,99122,4,90 Days +,15276.52
Avista,2025,98857,1,30 Days,898.18
Avista,2025,99207,8,60 Days,119975.98
Avista,2025,99167,4,Total Arrearages,7165.29
Avista,2025,99335,3,Total Arrearages,0.0
Avista,2025,99344,8,90 Days +,35942.0
Avista,2025,99130,1,Total Arrearages,8379.98
Avista,2025,99402,9,90 Days +,1814.05
Avista,2025,99206,8,60 Days,54434.2
Avista,2025,99171,3,30 Days,4427.14
Avista,2025,99205,1,Total Arrearages,458975.52
Avista,2025,99005,3,Total Arrearages,44377.43
Avista,2025,99101,5,30 Days,9904.12
Avista,2025,99171,9,Total Arrearages,15450.23
Avista,2025,99167,5,30 Days,4280.37
Avista,2025,99216,2,90 Days +,94683.3
Avista,2025,99169,1,90 Days +,7798.07
Avista,2025,99016,2,60 Days,55507.57
Avista,2025,99125,7,60 Days,338.74
Avista,2025,99173,4,90 Days +,22081.92
Avista,2025,99217,2,Total Arrearages,265069.6
Avista,2025,99022,1,Total Arrearages,30932.9
Avista,2025,99157,4,90 Days +,5090.74
Avista,2025,99202,5,Total Arrearages,261456.71
Avista,2025,99170,4,Total Arrearages,10454.04
Avista,2025,99006,5,30 Days,44109.68
Avista,2025,99027,3,30 Days,44942.66
Avista,2025,99161,2,Total Arrearages,22037.78
Avista,2025,99179,7,90 Days +,5796.93
Avista,2025,99006,4,30 Days,31960.85
Avista,2025,98648,4,90 Days +,1889.43
Avista,2025,99217,6,30 Days,62801.32
Avista,2025,99169,1,30 Days,4365.52
Avista,2025,99001,3,Total Arrearages,52199.84
Avista,2025,99004,2,60 Days,5987.29
Avista,2025,99001,1,60 Days,3208.68
Avista,2025,99027,1,60 Days,22252.35
Avista,2025,99201,1,Total Arrearages,200133.36
Avista,2025,99207,9,30 Days,156304.14
Avista,2025,99201,2,Total Arrearages,217727.96
Avista,2025,99148,7,90 Days +,4265.7
Avista,2025,99326,9,Total Arrearages,1802.12
Avista,2025,99023,2,30 Days,2490.17
Avista,2025,99019,5,90 Days +,19340.16
Avista,2025,99113,4,60 Days,437.63
Avista,2025,98648,8,Total Arrearages,2328.12
Avista,2025,99034,9,Total Arrearages,2620.55
Avista,2025,99129,2,Total Arrearages,17162.6
Avista,2025,99034,5,90 Days +,2356.02
Avista,2025,99174,7,Total Arrearages,114.98
Avista,2025,99114,8,60 Days,24206.19
Avista,2025,99114,5,60 Days,42322.06
Avista,2025,99171,5,90 Days +,4298.92
Avista,2025,99344,9,30 Days,31091.51
Avista,2025,99206,7,30 Days,68275.56
Avista,2025,99159,1,30 Days,3787.88
Avista,2025,99031,1,90 Days +,5924.33
Avista,2025,99181,5,90 Days +,13605.79
Avista,2025,99146,4,60 Days,5.0
Avista,2025,99004,1,Total Arrearages,28536.57
Avista,2025,99206,4,Total Arrearages,339458.43
Avista,2025,99016,5,30 Days,78639.58
Avista,2025,99040,7,60 Days,2700.93
Avista,2025,99179,8,30 Days,1479.77
Avista,2025,99143,8,60 Days,839.95
Avista,2025,99148,4,60 Days,6392.3
Avista,2025,99025,7,Total Arrearages,15018.4
Avista,2025,99039,5,60 Days,138.49
Avista,2025,99151,4,90 Days +,337.52
Avista,2025,99117,8,90 Days +,1650.22
Avista,2025,99138,6,30 Days,7048.79
Avista,2025,99216,3,60 Days,99745.27
Avista,2025,99018,2,90 Days +,1569.59
Avista,2025,99005,5,30 Days,19506.79
Avista,2025,99107,5,30 Days,191.82
Avista,2025,99179,2,30 Days,2278.3
Avista,2025,99179,4,90 Days +,4322.96
Avista,2025,99040,2,90 Days +,32952.57
Avista,2025,99160,5,90 Days +,821.16
Avista,2025,99040,6,60 Days,4101.34
Avista,2025,99012,5,30 Days,3447.42
Avista,2025,99014,9,Total Arrearages,3274.62
Avista,2025,99169,5,60 Days,11573.46
Avista,2025,99403,4,Total Arrearages,171671.29
Avista,2025,99170,4,60 Days,5366.37
Avista,2025,99003,3,Total Arrearages,26879.3
Avista,2025,99173,8,30 Days,7958.34
Avista,2025,99126,5,90 Days +,8911.7
Avista,2025,99174,2,30 Days,227.96
Avista,2025,99030,2,30 Days,4634.43
Avista,2025,99143,8,Total Arrearages,6409.83
Avista,2025,99023,9,Total Arrearages,370.8
Avista,2025,99371,1,30 Days,2168.74
Avista,2025,98648,5,Total Arrearages,4228.7
Avista,2025,99143,6,60 Days,856.57
Avista,2025,99163,2,60 Days,51534.91
Avista,2025,99216,1,90 Days +,90964.77
Avista,2025,99151,9,60 Days,845.46
Avista,2025,99014,9,30 Days,208.22
Avista,2025,99027,6,Total Arrearages,69580.73
Avista,2025,99006,2,90 Days +,16078.94
Avista,2025,99029,9,90 Days +,2783.79
Avista,2025,99170,2,90 Days +,1579.86
Avista,2025,99185,8,90 Days +,2163.42
Avista,2025,99341,2,Total Arrearages,13642.22
Avista,2025,99126,9,30 Days,3558.36
Avista,2025,99169,9,Total Arrearages,19955.27
Avista,2025,99012,2,30 Days,8883.44
Avista,2025,99036,7,30 Days,93.25
Avista,2025,99016,9,30 Days,76768.98
Avista,2025,99181,8,60 Days,4593.81
Avista,2025,99371,8,60 Days,507.44
Avista,2025,99101,9,30 Days,6304.33
Avista,2025,99031,7,60 Days,1439.49
Avista,2025,98648,2,90 Days +,1354.25
Avista,2025,99220,2,Total Arrearages,0.0
Avista,2025,99009,6,90 Days +,6419.98
Avista,2025,99134,4,30 Days,2649.66
Avista,2025,99161,8,Total Arrearages,12834.99
Avista,2025,99371,3,60 Days,1951.86
Avista,2025,99034,1,30 Days,882.94
Avista,2025,99001,1,Total Arrearages,36072.62
Avista,2025,99260,6,Total Arrearages,0.0
Avista,2025,99125,7,Total Arrearages,7073.0
Avista,2025,99104,1,30 Days,0.0
Avista,2025,99137,6,60 Days,2163.5
Avista,2025,99371,6,30 Days,723.75
Avista,2025,99110,6,60 Days,875.75
Avista,2025,99107,1,30 Days,0.0
Avista,2025,99037,2,60 Days,17760.12
Avista,2025,99126,9,90 Days +,4314.3
Avista,2025,99207,4,30 Days,241739.74
Avista,2025,99185,7,60 Days,3279.44
Avista,2025,99004,6,60 Days,7133.27
Avista,2025,99022,2,Total Arrearages,34044.5
Avista,2025,99219,1,Total Arrearages,0.0
Avista,2025,99173,3,90 Days +,18488.32
Avista,2025,99137,6,30 Days,1635.64
Avista,2025,99326,7,90 Days +,808.28
Avista,2025,99202,3,90 Days +,107602.23
Avista,2025,99143,2,Total Arrearages,4032.85
Avista,2025,99207,8,30 Days,144864.96
Avista,2025,99019,6,Total Arrearages,78155.43
Avista,2025,99032,4,60 Days,3871.75
Avista,2025,99204,1,Total Arrearages,94544.07
Avista,2025,99103,8,Total Arrearages,4627.9
Avista,2025,99040,9,90 Days +,47001.5
Avista,2025,99122,8,30 Days,9586.44
Avista,2025,99159,7,90 Days +,5170.31
Avista,2025,99013,1,Total Arrearages,52957.71
Avista,2025,99006,8,60 Days,15001.86
Avista,2025,99029,7,90 Days +,6826.72
Avista,2025,99113,8,Total Arrearages,2833.45
Avista,2025,99134,7,30 Days,3214.44
Avista,2025,99114,9,90 Days +,42784.07
Avista,2025,99157,1,Total Arrearages,9059.09
Avista,2025,99169,2,60 Days,3924.89
Avista,2025,99113,5,90 Days +,1401.02
Avista,2025,99181,6,60 Days,7866.34
Avista,2025,99103,1,60 Days,2128.22
Avista,2025,99110,3,Total Arrearages,10810.5
Avista,2025,99138,2,90 Days +,11272.27
Avista,2025,99163,4,90 Days +,94950.99
Avista,2025,99111,7,90 Days +,39383.82
Avista,2025,99171,4,90 Days +,4257.17
Avista,2025,99167,3,90 Days +,2889.49
Avista,2025,99131,5,Total Arrearages,783.24
Avista,2025,99156,1,60 Days,0.0
Avista,2025,99141,8,60 Days,11021.21
Avista,2025,99107,2,Total Arrearages,160.47
Avista,2025,99402,7,Total Arrearages,7088.07
Avista,2025,99109,1,90 Days +,23430.77
Avista,2025,99131,1,60 Days,121.6
Avista,2025,99019,2,60 Days,10858.39
Avista,2025,99103,7,90 Days +,2341.02
Avista,2025,99012,3,30 Days,5040.52
Avista,2025,99203,3,Total Arrearages,199132.6
Avista,2025,99016,7,60 Days,41198.56
Avista,2025,99019,7,Total Arrearages,74563.03
Avista,2025,99006,9,Total Arrearages,57694.94
Avista,2025,99204,9,60 Days,18398.4
Avista,2025,99036,4,Total Arrearages,1127.6
Avista,2025,99159,4,30 Days,3178.23
Avista,2025,99031,9,30 Days,2181.6
Avista,2025,98620,8,30 Days,1345.39
Avista,2025,99341,8,Total Arrearages,9468.05
Avista,2025,99101,9,90 Days +,9697.68
Avista,2025,99114,4,Total Arrearages,154312.94
Avista,2025,99160,9,30 Days,300.72
Avista,2025,99181,7,30 Days,5002.63
Avista,2025,99001,5,Total Arrearages,55773.21
Avista,2025,99114,9,Total Arrearages,109139.55
Avista,2025,99037,5,Total Arrearages,51279.12
Avista,2025,99137,1,Total Arrearages,7502.77
Avista,2025,99006,3,60 Days,12868.68
Avista,2025,99039,2,30 Days,1630.36
Avista,2025,99036,1,90 Days +,0.0
Avista,2025,99137,6,Total Arrearages,8975.02
Avista,2025,99403,7,30 Days,33203.37
Avista,2025,99149,3,Total Arrearages,5458.09
Avista,2025,99006,6,30 Days,17146.96
Avista,2025,99173,9,60 Days,4845.67
Avista,2025,99335,4,Total Arrearages,0.0
Avista,2025,99012,7,Total Arrearages,8076.62
Avista,2025,99013,5,Total Arrearages,69486.57
Avista,2025,99016,7,Total Arrearages,165973.06
Avista,2025,99134,2,60 Days,1945.67
Avista,2025,99029,1,90 Days +,6157.49
Avista,2025,99169,2,Total Arrearages,23969.43
Avista,2025,99134,7,60 Days,206.43
Avista,2025,99008,2,60 Days,1303.1
Avista,2025,99031,9,90 Days +,2448.15
Avista,2025,99039,4,Total Arrearages,3800.25
Avista,2025,99113,2,30 Days,2062.37
Avista,2025,99009,2,60 Days,4908.25
Avista,2025,99001,9,Total Arrearages,40863.89
Avista,2025,98857,5,Total Arrearages,59.6
Avista,2025,99031,8,90 Days +,2608.44
Avista,2025,99344,8,30 Days,37704.96
Avista,2025,99110,8,30 Days,2273.18
Avista,2025,99036,6,60 Days,92.41
Avista,2025,99030,5,60 Days,1796.32
Avista,2025,99173,8,Total Arrearages,38075.09
Avista,2025,99218,7,Total Arrearages,123077.61
Avista,2025,99023,2,90 Days +,0.0
Avista,2025,99212,4,90 Days +,91083.17
Avista,2025,99144,5,90 Days +,0.0
Avista,2025,99128,6,60 Days,671.74
Avista,2025,99157,9,30 Days,1247.99
Avista,2025,99037,8,90 Days +,13044.95
Avista,2025,99403,4,30 Days,69753.22
Avista,2025,99151,7,90 Days +,1717.62
Avista,2025,99167,5,60 Days,3463.78
Avista,2025,99036,8,Total Arrearages,342.47
Avista,2025,99212,8,30 Days,96702.32
Avista,2025,99032,3,90 Days +,5426.07
Avista,2025,99004,3,30 Days,19315.14
Avista,2025,99157,6,60 Days,2382.9
Avista,2025,99113,2,Total Arrearages,2882.38
Avista,2025,99008,7,Total Arrearages,5665.77
Avista,2025,99203,9,90 Days +,31344.15
Avista,2025,99141,3,90 Days +,16000.1
Avista,2025,99219,2,30 Days,0.0
Avista,2025,99205,4,30 Days,253982.94
Avista,2025,99001,4,60 Days,13562.31
Avista,2025,99018,8,90 Days +,732.57
Avista,2025,99137,2,60 Days,385.1
Avista,2025,99344,9,90 Days +,28018.61
Avista,2025,99111,7,60 Days,6389.9
Avista,2025,99003,9,Total Arrearages,13546.38
Avista,2025,99005,4,30 Days,27232.32
Avista,2025,99003,5,Total Arrearages,23593.24
Avista,2025,99018,2,60 Days,379.62
Avista,2025,99181,4,90 Days +,11137.11
Avista,2025,99040,1,Total Arrearages,41013.36
Avista,2025,99039,5,30 Days,594.6
Avista,2025,99224,4,30 Days,70349.59
Avista,2025,99033,6,60 Days,2139.21
Avista,2025,99103,6,30 Days,332.53
Avista,2025,99032,1,60 Days,737.09
Avista,2025,99201,1,30 Days,70945.83
Avista,2025,99326,7,30 Days,216.08
Avista,2025,99013,9,60 Days,5993.31
Avista,2025,99181,3,60 Days,10244.72
Avista,2025,99122,8,90 Days +,8756.87
Avista,2025,99179,6,60 Days,378.93
Avista,2025,99128,4,Total Arrearages,2300.98
Avista,2025,98857,3,30 Days,259.02
Avista,2025,99109,7,30 Days,16538.56
Avista,2025,99326,8,Total Arrearages,1688.55
Avista,2025,99158,2,90 Days +,1620.06
Avista,2025,99170,1,60 Days,2608.11
Avista,2025,99148,5,60 Days,8922.25
Avista,2025,99141,4,90 Days +,17266.13
Avista,2025,99027,6,30 Days,21045.78
Avista,2025,99204,5,60 Days,39216.48
Avista,2025,99032,2,60 Days,180.1
Avista,2025,99158,9,Total Arrearages,4300.84
Avista,2025,99039,9,60 Days,650.22
Avista,2025,99014,4,90 Days +,760.3
Avista,2025,99011,1,90 Days +,0.0
Avista,2025,99040,6,30 Days,3012.24
Avista,2025,99156,1,90 Days +,50.4
Avista,2025,99125,2,90 Days +,2238.71
Avista,2025,99012,7,60 Days,592.78
Avista,2025,99001,4,Total Arrearages,51316.96
Avista,2025,99341,9,Total Arrearages,9185.46
Avista,2025,99335,2,60 Days,0.0
Avista,2025,99167,6,60 Days,2819.96
Avista,2025,99344,4,30 Days,55210.51
Avista,2025,99179,1,Total Arrearages,3253.86
Avista,2025,99137,5,60 Days,1756.81
Avista,2025,99117,1,30 Days,1634.72
Avista,2025,98620,2,90 Days +,7093.7
Avista,2025,99138,2,60 Days,7236.1
Avista,2025,99151,5,90 Days +,387.45
Avista,2025,99114,4,30 Days,71075.59
Avista,2025,99207,4,Total Arrearages,547078.82
Avista,2025,99143,4,60 Days,814.63
Avista,2025,99026,2,60 Days,3857.94
Avista,2025,99004,4,60 Days,14832.96
Avista,2025,99170,5,30 Days,4760.9
Avista,2025,99037,5,30 Days,17804.8
Avista,2025,99014,3,30 Days,830.99
Avista,2025,99206,2,90 Days +,109543.99
Avista,2025,99022,2,60 Days,8856.87
Avista,2025,99019,2,30 Days,34789.17
Avista,2025,99111,1,90 Days +,15898.36
Avista,2025,99013,8,60 Days,17803.77
Avista,2025,99001,9,90 Days +,16088.75
Avista,2025,99131,8,30 Days,716.46
Avista,2025,99216,6,60 Days,61510.14
Avista,2025,99126,1,30 Days,4389.2
Avista,2025,99009,6,60 Days,4281.49
Avista,2025,99027,9,Total Arrearages,60179.93
Avista,2025,99034,8,60 Days,204.9
Avista,2025,99113,8,60 Days,1058.19
Avista,2025,99032,6,Total Arrearages,4796.96
Avista,2025,99157,4,Total Arrearages,15273.9
Avista,2025,99402,2,90 Days +,2288.0
Avista,2025,99173,3,30 Days,26039.03
Avista,2025,99149,1,Total Arrearages,5515.21
Avista,2025,99125,1,90 Days +,2046.49
Avista,2025,99005,7,Total Arrearages,24084.29
Avista,2025,99148,2,90 Days +,6297.12
Avista,2025,99202,9,90 Days +,81400.14
Avista,2025,99149,2,90 Days +,2399.58
Avista,2025,99205,8,Total Arrearages,407487.83
Avista,2025,99185,1,60 Days,3885.76
Avista,2025,99163,5,60 Days,98837.05
Avista,2025,99027,4,Total Arrearages,52547.12
Avista,2025,99004,5,30 Days,9087.74
Avista,2025,99216,3,90 Days +,99398.27
Avista,2025,99173,5,Total Arrearages,48701.68
Avista,2025,99005,5,60 Days,8942.08
Avista,2025,99113,8,30 Days,310.88
Avista,2025,99110,2,90 Days +,1785.65
Avista,2025,99109,8,90 Days +,11827.76
Avista,2025,99039,5,Total Arrearages,1065.25
Avista,2025,99113,2,60 Days,0.0
Avista,2025,99167,8,60 Days,2577.43
Avista,2025,98620,1,60 Days,1373.76
Avista,2025,99224,8,60 Days,37980.04
Avista,2025,99148,9,Total Arrearages,21727.91
Avista,2025,99205,4,Total Arrearages,575249.91
Avista,2025,99021,1,Total Arrearages,50398.81
Avista,2025,99003,1,60 Days,4101.11
Avista,2025,99016,7,90 Days +,53922.03
Avista,2025,99402,3,60 Days,3759.75
Avista,2025,99025,5,30 Days,12414.36
Avista,2025,99176,9,90 Days +,2015.37
Avista,2025,99156,3,60 Days,0.0
Avista,2025,99032,9,90 Days +,2614.65
Avista,2025,99149,4,60 Days,1937.75
Avista,2025,99114,6,Total Arrearages,129089.67
Avista,2025,99161,1,Total Arrearages,12589.18
Avista,2025,99111,8,30 Days,4316.1
Avista,2025,99220,2,30 Days,0.0
Avista,2025,99110,5,90 Days +,3789.84
Avista,2025,99207,6,Total Arrearages,435971.58
Avista,2025,98648,6,Total Arrearages,4576.04
Avista,2025,99161,3,30 Days,12357.7
Avista,2025,99122,2,30 Days,8342.9
Avista,2025,99130,5,30 Days,2738.99
Avista,2025,99117,7,60 Days,1142.53
Avista,2025,98620,3,60 Days,4688.3
Avista,2025,99104,7,90 Days +,0.0
Avista,2025,99034,5,60 Days,212.4
Avista,2025,99111,4,90 Days +,33492.09
Avista,2025,99228,2,30 Days,0.0
Avista,2025,99212,7,Total Arrearages,257085.69
Avista,2025,99216,2,30 Days,98938.25
Avista,2025,99163,5,Total Arrearages,334178.06
Avista,2025,99164,3,30 Days,154.49
Avista,2025,99107,5,90 Days +,0.0
Avista,2025,99128,7,Total Arrearages,1683.24
Avista,2025,99027,6,60 Days,21400.5
Avista,2025,98620,3,90 Days +,8449.72
Avista,2025,99207,9,Total Arrearages,413679.92
Avista,2025,98648,6,60 Days,1092.34
Avista,2025,99003,8,Total Arrearages,15439.52
Avista,2025,99102,5,60 Days,2597.27
Avista,2025,99103,4,Total Arrearages,5063.66
Avista,2025,99203,2,60 Days,38322.96
Avista,2025,99159,2,Total Arrearages,10926.91
Avista,2025,99208,5,60 Days,211213.18
Avista,2025,99122,4,30 Days,12997.63
Avista,2025,99006,9,60 Days,14369.08
Avista,2025,99130,5,60 Days,3196.0
Avista,2025,99218,6,60 Days,37800.2
Avista,2025,99130,3,30 Days,5266.42
Avista,2025,99104,6,30 Days,0.0
Avista,2025,99005,4,90 Days +,4431.88
Avista,2025,99208,1,30 Days,272493.33
Avista,2025,99114,1,30 Days,48099.31
Avista,2025,99109,9,30 Days,12505.84
Avista,2025,99202,5,60 Days,87522.13
Avista,2025,99104,2,Total Arrearages,0.0
Avista,2025,99026,9,90 Days +,2352.81
Avista,2025,99113,2,90 Days +,820.01
Avista,2025,99131,6,90 Days +,235.23
Avista,2025,99205,6,90 Days +,162999.93
Avista,2025,99148,2,60 Days,6759.48
Avista,2025,99161,7,Total Arrearages,15034.47
Avista,2025,99113,1,30 Days,1176.62
Avista,2025,99005,6,90 Days +,4769.35
Avista,2025,99163,9,30 Days,70256.42
Avista,2025,99131,2,90 Days +,520.24
Avista,2025,99037,4,30 Days,20410.1
Avista,2025,99371,3,30 Days,1164.25
Avista,2025,99207,5,30 Days,196655.19
Avista,2025,99181,5,30 Days,16528.18
Avista,2025,99206,8,90 Days +,96287.14
Avista,2025,99008,6,60 Days,349.27
Avista,2025,99012,6,30 Days,2237.87
Avista,2025,99101,9,60 Days,2462.14
Avista,2025,99016,2,30 Days,101107.31
Avista,2025,99003,7,60 Days,3720.07
Avista,2025,99173,1,Total Arrearages,38506.94
Avista,2025,99202,9,Total Arrearages,182400.61
Avista,2025,99131,5,90 Days +,220.57
Avista,2025,99003,7,90 Days +,9233.48
Avista,2025,99034,2,60 Days,542.39
Avista,2025,99003,4,30 Days,13999.36
Avista,2025,99181,1,60 Days,3680.54
Avista,2025,99009,9,60 Days,3921.47
Avista,2025,98620,7,60 Days,783.8
Avista,2025,99223,9,60 Days,53334.56
Avista,2025,99161,9,30 Days,3206.53
Avista,2025,98620,9,Total Arrearages,10498.83
Avista,2025,99201,6,Total Arrearages,212009.54
Avista,2025,99220,9,Total Arrearages,0.0
Avista,2025,99216,4,30 Days,90863.02
Avista,2025,99036,7,90 Days +,104.11
Avista,2025,99004,8,90 Days +,14382.33
Avista,2025,99110,9,30 Days,1117.02
Avista,2025,99224,6,30 Days,60696.84
Avista,2025,99025,2,Total Arrearages,21129.76
Avista,2025,99011,7,Total Arrearages,0.0
Avista,2025,99179,5,60 Days,844.29
Avista,2025,98648,9,30 Days,249.97
Avista,2025,99016,3,90 Days +,49833.95
Avista,2025,99179,2,90 Days +,1894.31
Avista,2025,99206,9,Total Arrearages,231042.58
Avista,2025,99218,8,90 Days +,39222.62
Avista,2025,99014,8,Total Arrearages,2125.57
Avista,2025,99134,4,90 Days +,2763.25
Avista,2025,99207,5,90 Days +,161835.41
Avista,2025,99143,3,90 Days +,3576.25
Avista,2025,99130,6,30 Days,3275.46
Avista,2025,99114,1,60 Days,23032.61
Avista,2025,99159,4,Total Arrearages,10283.53
Avista,2025,99036,7,Total Arrearages,218.36
Avista,2025,99001,3,90 Days +,18854.22
Avista,2025,99004,7,Total Arrearages,25159.36
Avista,2025,99146,2,30 Days,66.81
Avista,2025,99107,6,Total Arrearages,300.42
Avista,2025,99157,8,90 Days +,4400.69
Avista,2025,99016,9,90 Days +,51347.9
Avista,2025,99006,7,60 Days,12127.23
Avista,2025,99004,9,90 Days +,9163.91
Avista,2025,99034,9,60 Days,528.77
Avista,2025,99014,9,60 Days,26.84
Avista,2025,99018,1,60 Days,1263.53
Avista,2025,99185,7,90 Days +,2944.2
Avista,2025,99326,7,60 Days,125.0
Avista,2025,99223,7,60 Days,54557.92
Avista,2025,99141,5,60 Days,17200.28
Avista,2025,99218,9,Total Arrearages,122127.22
Avista,2025,99167,9,60 Days,1206.69
Avista,2025,99144,4,Total Arrearages,0.0
Avista,2025,99027,7,60 Days,13126.82
Avista,2025,99018,4,30 Days,508.95
Avista,2025,98620,6,30 Days,1236.77
Avista,2025,99020,1,90 Days +,0.0
Avista,2025,99171,1,60 Days,1309.52
Avista,2025,99179,9,30 Days,1523.04
Avista,2025,99228,2,60 Days,0.0
Avista,2025,99027,9,60 Days,19355.19
Avista,2025,99001,6,30 Days,13761.22
Avista,2025,99207,2,90 Days +,171699.71
Avista,2025,99111,8,60 Days,5362.19
Avista,2025,99040,4,60 Days,5864.51
Avista,2025,98620,5,60 Days,3424.03
Avista,2025,99371,4,30 Days,1460.49
Avista,2025,99208,8,90 Days +,198084.84
Avista,2025,99008,3,30 Days,1413.52
Avista,2025,99403,5,Total Arrearages,152115.03
Avista,2025,99129,9,60 Days,4874.48
Avista,2025,99102,9,90 Days +,5056.69
Avista,2025,99032,8,30 Days,1962.36
Avista,2025,99201,7,30 Days,42987.24
Avista,2025,99158,7,Total Arrearages,4025.71
Avista,2025,99160,7,30 Days,82.84
Avista,2025,99206,9,60 Days,55997.8
Avista,2025,99402,3,90 Days +,4015.2
Avista,2025,99207,2,30 Days,219461.53
Avista,2025,99026,8,30 Days,5373.02
Avista,2025,99167,8,90 Days +,1207.27
Avista,2025,99169,6,30 Days,4917.85
Avista,2025,99030,8,60 Days,446.73
Avista,2025,99037,3,60 Days,18184.46
Avista,2025,99185,4,60 Days,9066.29
Avista,2025,99179,5,90 Days +,4848.22
Avista,2025,99037,3,Total Arrearages,70609.27
Avista,2025,99204,6,30 Days,25424.62
Avista,2025,99026,2,Total Arrearages,17288.93
Avista,2025,99129,1,60 Days,4742.99
Avista,2025,99164,6,Total Arrearages,0.0
Avista,2025,99218,1,Total Arrearages,115096.06
Avista,2025,99134,3,90 Days +,4472.76
Avista,2025,99138,3,Total Arrearages,31601.25
Avista,2025,99161,1,90 Days +,1950.64
Avista,2025,99217,4,Total Arrearages,260780.2
Avista,2025,99128,5,60 Days,474.0
Avista,2025,98857,2,30 Days,345.2
Avista,2025,99039,6,30 Days,490.63
Avista,2025,99185,6,Total Arrearages,13046.72
Avista,2025,99103,2,60 Days,2270.42
Avista,2025,99148,7,30 Days,5638.33
Avista,2025,99141,7,30 Days,18322.7
Avista,2025,99169,9,60 Days,3948.86
Avista,2025,99163,2,Total Arrearages,267751.0
Avista,2025,99137,2,90 Days +,3959.82
Avista,2025,99341,9,60 Days,2553.24
Avista,2025,99003,6,90 Days +,6449.79
Avista,2025,99148,6,30 Days,6236.78
Avista,2025,99006,9,30 Days,22101.67
Avista,2025,99206,6,60 Days,78958.48
Avista,2025,99040,3,Total Arrearages,45202.91
Avista,2025,99207,5,Total Arrearages,536600.21
Avista,2025,99025,8,Total Arrearages,14858.56
Avista,2025,99176,7,90 Days +,1599.5
Avista,2025,99025,2,60 Days,3939.38
Avista,2025,99131,2,60 Days,0.0
Avista,2025,99206,7,Total Arrearages,227233.94
Avista,2025,99004,9,60 Days,4409.5
Avista,2025,99104,1,60 Days,0.0
Avista,2025,99179,5,Total Arrearages,7118.73
Avista,2025,99023,2,60 Days,549.72
Avista,2025,99159,5,30 Days,10426.19
Avista,2025,99223,3,90 Days +,135647.74
Avista,2025,99101,6,60 Days,3445.75
Avista,2025,99129,8,90 Days +,6252.92
Avista,2025,99016,2,Total Arrearages,204384.19
Avista,2025,99170,6,30 Days,3879.55
Avista,2025,99203,1,30 Days,62812.22
Avista,2025,99371,2,30 Days,3537.76
Avista,2025,99159,5,60 Days,1681.69
Avista,2025,99026,6,90 Days +,11177.25
Avista,2025,99009,5,Total Arrearages,18417.39
Avista,2025,99004,4,90 Days +,16663.84
Avista,2025,99117,3,60 Days,1726.67
Avista,2025,99144,2,Total Arrearages,0.0
Avista,2025,99013,4,30 Days,7991.84
Avista,2025,99033,6,30 Days,3639.61
Avista,2025,99134,5,60 Days,530.18
Avista,2025,99021,3,30 Days,41597.52
Avista,2025,99138,5,60 Days,9179.41
Avista,2025,99141,9,30 Days,21019.46
Avista,2025,99018,3,Total Arrearages,4085.83
Avista,2025,99130,2,30 Days,7638.52
Avista,2025,99151,7,30 Days,173.55
Avista,2025,99029,2,30 Days,2890.65
Avista,2025,99218,6,90 Days +,41548.84
Avista,2025,99020,2,60 Days,228.32
Avista,2025,99207,7,90 Days +,152196.36
Avista,2025,99218,2,30 Days,44940.65
Avista,2025,99004,9,Total Arrearages,18794.03
Avista,2025,99207,9,60 Days,105847.18
Avista,2025,99027,1,Total Arrearages,75990.89
Avista,2025,99223,7,Total Arrearages,257077.72
Avista,2025,99341,7,60 Days,936.14
Avista,2025,99114,7,60 Days,25022.61
Avista,2025,99039,7,60 Days,76.18
Avista,2025,99151,1,Total Arrearages,2473.61
Avista,2025,99159,9,30 Days,1872.08
Avista,2025,98857,8,90 Days +,0.0
Avista,2025,99157,6,30 Days,5492.87
Avista,2025,99185,2,90 Days +,6150.44
Avista,2025,99113,5,60 Days,78.93
Avista,2025,99130,4,60 Days,4464.5
Avista,2025,99138,7,60 Days,4580.68
Avista,2025,99031,2,60 Days,364.98
Avista,2025,99371,7,30 Days,1310.46
Avista,2025,99114,2,30 Days,55999.76
Avista,2025,99344,1,30 Days,40849.46
Avista,2025,99161,4,30 Days,6918.58
Avista,2025,99169,8,Total Arrearages,20210.56
Avista,2025,99014,5,Total Arrearages,1107.99
Avista,2025,99157,1,30 Days,5255.53
Avista,2025,99224,5,30 Days,60813.16
Avista,2025,99224,3,60 Days,36872.8
Avista,2025,99174,5,60 Days,302.4
Avista,2025,99167,5,90 Days +,1573.98
Avista,2025,99113,9,30 Days,457.82
Avista,2025,99020,3,30 Days,629.59
Avista,2025,99212,5,30 Days,112770.23
Avista,2025,99032,7,30 Days,794.2
Avista,2025,99111,4,Total Arrearages,58297.73
Avista,2025,99001,7,Total Arrearages,36527.84
Avista,2025,99403,7,Total Arrearages,107913.13
Avista,2025,99143,2,60 Days,543.74
Avista,2025,99032,5,Total Arrearages,8452.75
Avista,2025,99019,6,30 Days,30631.48
Avista,2025,99109,9,60 Days,7126.0
Avista,2025,99025,7,60 Days,3384.88
Avista,2025,99023,7,90 Days +,766.41
Avista,2025,99101,4,90 Days +,8493.23
Avista,2025,99004,3,60 Days,8380.43
Avista,2025,99103,9,30 Days,221.04
Avista,2025,99014,2,Total Arrearages,1326.23
Avista,2025,99176,7,60 Days,264.74
Avista,2025,99018,1,Total Arrearages,2204.18
Avista,2025,99179,4,30 Days,2104.16
Avista,2025,99219,9,Total Arrearages,0.0
Avista,2025,99034,9,30 Days,414.07
Avista,2025,99148,9,90 Days +,4732.37
Avista,2025,99223,6,30 Days,79960.9
Avista,2025,99173,7,Total Arrearages,36323.91
Avista,2025,99341,2,30 Days,2721.95
Avista,2025,99128,8,30 Days,109.51
Avista,2025,99020,8,Total Arrearages,895.62
Avista,2025,99146,7,30 Days,293.97
Avista,2025,99201,4,90 Days +,104104.91
Avista,2025,99029,8,30 Days,4722.6
Avista,2025,99344,1,60 Days,16586.07
Avista,2025,99169,3,60 Days,9219.59
Avista,2025,99173,5,90 Days +,22253.34
Avista,2025,99131,9,60 Days,117.61
Avista,2025,99113,4,Total Arrearages,2705.09
Avista,2025,99144,3,Total Arrearages,0.0
Avista,2025,99029,9,60 Days,1166.63
Avista,2025,99212,7,90 Days +,116381.84
Avista,2025,99335,2,Total Arrearages,0.0
Avista,2025,99173,6,Total Arrearages,42608.19
Avista,2025,99159,3,Total Arrearages,18360.13
Avista,2025,99013,9,Total Arrearages,47693.13
Avista,2025,99148,6,Total Arrearages,27180.75
Avista,2025,99138,9,90 Days +,9915.86
Avista,2025,99030,6,90 Days +,7497.13
Avista,2025,99103,1,Total Arrearages,4898.2
Avista,2025,99009,7,30 Days,4774.12
Avista,2025,99131,4,90 Days +,649.4
Avista,2025,99216,3,Total Arrearages,315046.25
Avista,2025,99151,5,60 Days,159.82
Avista,2025,99027,2,60 Days,5336.19
Avista,2025,99138,5,90 Days +,14546.99
Avista,2025,99344,3,60 Days,34841.47
Avista,2025,99208,7,Total Arrearages,520971.77
Avista,2025,99021,5,60 Days,24890.69
Avista,2025,99174,2,90 Days +,936.26
Avista,2025,99206,2,60 Days,100140.25
Avista,2025,99143,5,60 Days,841.1
Avista,2025,99122,6,90 Days +,9286.38
Avista,2025,99341,2,60 Days,6359.24
Avista,2025,99149,1,90 Days +,3398.48
Avista,2025,99218,1,60 Days,23612.11
Avista,2025,99170,7,30 Days,2771.28
Avista,2025,99102,1,60 Days,2794.57
Avista,2025,99207,3,90 Days +,176573.41
Avista,2025,99205,3,60 Days,164908.28
Avista,2025,99207,7,60 Days,97137.61
Avista,2025,99128,2,Total Arrearages,3574.9
Avista,2025,99204,6,Total Arrearages,108739.87
Avista,2025,99156,9,Total Arrearages,59.61
Avista,2025,99148,3,30 Days,16396.32
Avista,2025,99158,7,90 Days +,2851.91
Avista,2025,99032,4,90 Days +,5220.84
Avista,2025,99129,4,30 Days,10417.53
Avista,2025,99009,7,Total Arrearages,20101.93
Avista,2025,99208,4,Total Arrearages,610660.52
Avista,2025,99159,9,60 Days,3134.77
Avista,2025,99026,3,30 Days,4593.45
Avista,2025,99208,3,90 Days +,184867.91
Avista,2025,99018,5,90 Days +,780.81
Avista,2025,98857,3,60 Days,0.0
Avista,2025,99138,8,60 Days,6727.52
Avista,2025,99141,1,60 Days,15389.91
Avista,2025,99104,5,90 Days +,0.0
Avista,2025,99156,3,90 Days +,77.31
Avista,2025,99174,3,Total Arrearages,1565.32
Avista,2025,99143,5,30 Days,1082.27
Avista,2025,99034,4,60 Days,775.1
Avista,2025,99125,1,30 Days,757.76
Avista,2025,99102,4,30 Days,2628.06
Avista,2025,99128,5,Total Arrearages,1270.62
Avista,2025,99216,2,Total Arrearages,256674.03
Avista,2025,99027,8,Total Arrearages,62614.18
Avista,2025,99012,4,90 Days +,6761.13
Avista,2025,99143,1,Total Arrearages,2054.2
Avista,2025,99103,4,90 Days +,758.28
Avista,2025,99204,8,60 Days,20935.62
Avista,2025,99126,6,90 Days +,8520.36
Avista,2025,99212,2,60 Days,83908.58
Avista,2025,99023,6,Total Arrearages,1390.67
Avista,2025,99013,8,30 Days,4806.1
Avista,2025,99204,6,60 Days,41193.73
Avista,2025,99016,5,Total Arrearages,204656.07
Avista,2025,99012,9,Total Arrearages,8172.86
Avista,2025,99032,4,Total Arrearages,9663.43
Avista,2025,99113,4,90 Days +,1464.0
Avista,2025,99181,3,30 Days,14159.4
Avista,2025,99003,9,30 Days,3980.26
Avista,2025,99040,1,30 Days,3259.49
Avista,2025,99103,2,30 Days,3138.06
Avista,2025,99117,9,Total Arrearages,2130.02
Avista,2025,99138,1,60 Days,6624.39
Avista,2025,99113,3,30 Days,2184.2
Avista,2025,99031,6,Total Arrearages,6124.41
Avista,2025,99034,4,30 Days,33.98
Avista,2025,99001,7,60 Days,11612.96
Avista,2025,99203,4,60 Days,44672.59
Avista,2025,99032,6,90 Days +,1427.53
Avista,2025,99020,3,60 Days,520.1
Avista,2025,99012,5,90 Days +,7967.54
Avista,2025,99218,3,90 Days +,47294.39
Avista,2025,99019,9,90 Days +,17998.76
Avista,2025,99102,7,60 Days,585.3
Avista,2025,98857,5,90 Days +,0.0
Avista,2025,99148,4,Total Arrearages,33073.3
Avista,2025,99220,1,Total Arrearages,0.0
Avista,2025,99146,9,Total Arrearages,770.31
Avista,2025,99219,3,90 Days +,0.0
Avista,2025,99131,7,Total Arrearages,566.79
Avista,2025,99027,5,Total Arrearages,81799.7
Avista,2025,99025,1,30 Days,8657.81
Avista,2025,99203,2,30 Days,81292.39
Avista,2025,99034,7,Total Arrearages,3548.44
Avista,2025,99122,9,30 Days,8862.89
Avista,2025,99030,7,30 Days,1726.11
Avista,2025,99203,5,90 Days +,33128.7
Avista,2025,99134,6,Total Arrearages,6034.15
Avista,2025,99341,5,90 Days +,9149.53
Avista,2025,99206,9,90 Days +,95097.65
Avista,2025,98620,8,Total Arrearages,9584.62
Avista,2025,99161,3,90 Days +,4876.8
Avista,2025,99217,7,60 Days,41360.0
Avista,2025,99148,5,90 Days +,10399.59
Avista,2025,99130,5,90 Days +,5788.18
Avista,2025,99164,3,60 Days,0.0
Avista,2025,99126,6,Total Arrearages,16270.07
Avista,2025,99171,3,60 Days,3640.93
Avista,2025,99029,3,30 Days,3016.46
Avista,2025,99110,9,60 Days,2217.16
Avista,2025,99102,4,Total Arrearages,7331.23
Avista,2025,99212,8,Total Arrearages,259434.48
Avista,2025,99126,2,30 Days,8575.48
Avista,2025,98620,4,60 Days,4727.29
Avista,2025,99026,1,Total Arrearages,15326.87
Avista,2025,99019,3,60 Days,22175.01
Avista,2025,99159,5,Total Arrearages,18298.49
Avista,2025,99019,8,60 Days,21546.03
Avista,2025,99138,3,60 Days,6574.32
Avista,2025,99037,9,90 Days +,12548.91
Avista,2025,99131,3,60 Days,363.9
Avista,2025,99146,1,60 Days,0.0
Avista,2025,99037,1,60 Days,9395.27
Avista,2025,99179,8,60 Days,607.66
Avista,2025,99341,3,Total Arrearages,18764.29
Avista,2025,99026,7,30 Days,3022.0
Avista,2025,99260,9,Total Arrearages,0.0
Avista,2025,99102,4,60 Days,2270.78
Avista,2025,99111,5,30 Days,9908.63
Avista,2025,99033,5,90 Days +,21066.65
Avista,2025,99005,4,Total Arrearages,40767.55
Avista,2025,99040,8,60 Days,1839.38
Avista,2025,99224,5,Total Arrearages,184242.72
Avista,2025,99040,5,Total Arrearages,47607.81
Avista,2025,99163,5,90 Days +,119303.12
Avista,2025,99103,8,30 Days,1012.04
Avista,2025,99130,7,90 Days +,4135.15
Avista,2025,99026,8,60 Days,3144.09
Avista,2025,99102,8,90 Days +,4108.72
Avista,2025,99102,9,60 Days,1052.38
Avista,2025,99134,4,Total Arrearages,7964.91
Avista,2025,99201,3,90 Days +,111714.68
Avista,2025,99212,6,Total Arrearages,273218.48
Avista,2025,98620,2,30 Days,5343.78
Avista,2025,99138,7,90 Days +,11026.15
Avista,2025,99204,4,90 Days +,44830.69
Avista,2025,99164,5,Total Arrearages,0.0
Avista,2025,99167,1,60 Days,1551.26
Avista,2025,99143,9,60 Days,680.67
Avista,2025,99202,2,60 Days,60317.47
Avista,2025,99169,7,Total Arrearages,20862.61
Avista,2025,99134,1,30 Days,2721.79
Avista,2025,99033,2,60 Days,5181.21
Avista,2025,99403,1,90 Days +,69650.18
Avista,2025,98648,3,30 Days,849.04
Avista,2025,99185,4,30 Days,6874.41
Avista,2025,99125,2,Total Arrearages,4714.6
Avista,2025,99217,5,60 Days,83987.55
Avista,2025,99130,2,90 Days +,598.44
Avista,2025,99126,5,Total Arrearages,18520.58
Avista,2025,99164,4,Total Arrearages,0.0
Avista,2025,99148,1,90 Days +,6725.93
Avista,2025,99026,5,90 Days +,7294.2
Avista,2025,99134,6,30 Days,1047.84
Avista,2025,99023,3,90 Days +,348.87
Avista,2025,99159,8,60 Days,822.19
Avista,2025,99019,1,Total Arrearages,95039.61
Avista,2025,99030,6,Total Arrearages,10795.03
Avista,2025,99173,7,60 Days,6402.09
Avista,2025,99032,9,30 Days,2270.04
Avista,2025,99005,7,30 Days,12352.82
Avista,2025,99148,6,90 Days +,11799.81
Avista,2025,99163,1,60 Days,61196.45
Avista,2025,98648,4,30 Days,891.84
Avista,2025,99344,1,90 Days +,27942.97
Avista,2025,99030,9,90 Days +,2748.15
Avista,2025,99005,2,Total Arrearages,49008.06
Avista,2025,99217,8,60 Days,44204.24
Avista,2025,99224,9,Total Arrearages,126734.59
Avista,2025,99138,6,60 Days,10210.39
Avista,2025,99228,5,90 Days +,0.0
Avista,2025,99029,5,Total Arrearages,13107.58
Avista,2025,99029,4,30 Days,7828.62
Avista,2025,99128,7,90 Days +,826.37
Avista,2025,99111,1,30 Days,8527.52
Avista,2025,99206,7,90 Days +,102089.3
Avista,2025,99151,2,30 Days,1369.07
Avista,2025,99014,6,60 Days,453.75
Avista,2025,99137,7,Total Arrearages,7915.61
Avista,2025,99212,8,60 Days,72267.51
Avista,2025,99001,6,90 Days +,23127.99
Avista,2025,99125,3,Total Arrearages,7107.56
Avista,2025,99126,4,Total Arrearages,17274.39
Avista,2025,99122,3,90 Days +,17162.2
Avista,2025,99003,5,30 Days,9868.8
Avista,2025,99131,4,60 Days,367.39
Avista,2025,99134,3,Total Arrearages,10040.91
Avista,2025,99160,5,60 Days,438.28
Avista,2025,99040,8,30 Days,2467.89
Avista,2025,99151,6,30 Days,706.89
Avista,2025,99030,3,60 Days,1453.38
Avista,2025,99223,5,90 Days +,120930.55
Avista,2025,99151,1,30 Days,941.75
Avista,2025,99216,5,90 Days +,96505.6
Avista,2025,99029,3,90 Days +,8500.93
Avista,2025,99018,2,Total Arrearages,2649.09
Avista,2025,99023,4,Total Arrearages,1082.75
Avista,2025,99109,3,30 Days,21616.94
Avista,2025,99004,5,60 Days,12436.18
Avista,2025,99107,5,Total Arrearages,191.82
Avista,2025,99156,6,60 Days,0.0
Avista,2025,98620,3,Total Arrearages,18323.84
Avista,2025,99031,3,60 Days,3901.96
Avista,2025,99117,4,60 Days,1959.05
Avista,2025,99143,2,30 Days,2172.08
Avista,2025,99102,5,90 Days +,2701.47
Avista,2025,99022,1,90 Days +,12371.03
Avista,2025,99149,8,60 Days,119.93
Avista,2025,99141,8,90 Days +,11426.5
Avista,2025,99126,9,Total Arrearages,10135.06
Avista,2025,99004,1,90 Days +,16150.64
Avista,2025,99027,7,30 Days,18090.07
Avista,2025,99164,7,Total Arrearages,0.0
Avista,2025,99161,9,90 Days +,6220.27
Avista,2025,99141,2,Total Arrearages,54652.85
Avista,2025,99104,1,Total Arrearages,0.0
Avista,2025,99009,4,90 Days +,9286.63
Avista,2025,99156,6,Total Arrearages,77.4
Avista,2025,99260,8,Total Arrearages,0.0
Avista,2025,99167,1,90 Days +,3487.66
Avista,2025,99163,9,90 Days +,122952.33
Avista,2025,99326,2,Total Arrearages,2818.4
Avista,2025,99216,9,30 Days,68387.81
Avista,2025,99170,1,Total Arrearages,9351.06
Avista,2025,99202,1,90 Days +,88855.07
Avista,2025,99138,1,30 Days,9665.67
Avista,2025,99128,2,60 Days,972.37
Avista,2025,99013,7,90 Days +,33491.48
Avista,2025,99022,9,60 Days,10963.25
Avista,2025,99040,6,90 Days +,44337.19
Avista,2025,99143,9,30 Days,1281.13
Avista,2025,99137,7,30 Days,735.5
Avista,2025,99117,2,Total Arrearages,5797.95
Avista,2025,99006,1,30 Days,29576.92
Avista,2025,98857,3,Total Arrearages,259.02
Avista,2025,99185,6,60 Days,2715.18
Avista,2025,99181,4,30 Days,14718.53
Avista,2025,99137,5,30 Days,2928.08
Avista,2025,99205,9,30 Days,173974.22
Avista,2025,99206,3,60 Days,115871.57
Avista,2025,99030,6,60 Days,900.38
Avista,2025,99161,5,Total Arrearages,16608.34
Avista,2025,99129,6,60 Days,3107.4
Avista,2025,99218,3,30 Days,83153.11
Avista,2025,99185,4,Total Arrearages,20879.91
Avista,2025,99159,4,90 Days +,3967.53
Avista,2025,99022,7,60 Days,12939.12
Avista,2025,99141,6,60 Days,18272.32
Avista,2025,99403,2,Total Arrearages,169427.81
Avista,2025,99341,7,90 Days +,6543.69
Avista,2025,99171,8,90 Days +,6331.17
Avista,2025,99110,5,Total Arrearages,8248.02
Avista,2025,99109,4,60 Days,11203.45
Avista,2025,99125,5,90 Days +,7015.45
Avista,2025,99032,7,Total Arrearages,5993.89
Avista,2025,99039,3,Total Arrearages,4620.94
Avista,2025,99144,7,Total Arrearages,0.0
Avista,2025,99169,4,90 Days +,17349.93
Avista,2025,99220,2,90 Days +,0.0
Avista,2025,99203,9,Total Arrearages,95504.62
Avista,2025,99109,6,Total Arrearages,50098.06
Avista,2025,99163,3,Total Arrearages,348564.34
Avista,2025,99113,4,30 Days,803.46
Avista,2025,99208,7,60 Days,124440.55
Avista,2025,99149,6,30 Days,307.17
Avista,2025,99371,2,60 Days,1290.69
Avista,2025,99403,2,60 Days,40429.75
Avista,2025,99143,7,30 Days,1036.61
Avista,2025,99144,4,90 Days +,0.0
Avista,2025,99009,1,Total Arrearages,26773.67
Avista,2025,99110,2,60 Days,545.66
Avista,2025,99131,6,Total Arrearages,1647.02
Avista,2025,99216,6,90 Days +,95580.51
Avista,2025,99102,3,Total Arrearages,12246.78
Avista,2025,99130,4,Total Arrearages,13120.59
Avista,2025,99130,1,30 Days,6532.02
Avista,2025,99203,8,90 Days +,33123.15
Avista,2025,99161,3,60 Days,8657.67
Avista,2025,99109,8,60 Days,6709.84
Avista,2025,99402,5,60 Days,3324.18
Avista,2025,98620,6,60 Days,3831.4
Avista,2025,99204,4,Total Arrearages,123629.39
Avista,2025,99173,3,Total Arrearages,54311.1
Avista,2025,99202,1,60 Days,39964.07
Avista,2025,99218,1,30 Days,49373.7
Avista,2025,99402,5,30 Days,5021.51
Avista,2025,99122,6,Total Arrearages,17828.25
Avista,2025,99260,2,90 Days +,0.0
Avista,2025,99403,9,90 Days +,41259.46
Avista,2025,99143,9,90 Days +,5381.65
Avista,2025,99403,7,60 Days,23376.24
Avista,2025,99161,7,60 Days,5981.11
Avista,2025,99103,4,30 Days,2349.67
Avista,2025,99036,1,60 Days,269.64
Avista,2025,99201,7,60 Days,42578.16
Avista,2025,99403,3,60 Days,58787.45
Avista,2025,99022,2,90 Days +,11440.98
Avista,2025,99208,8,Total Arrearages,559009.57
Avista,2025,99012,6,Total Arrearages,13180.18
Avista,2025,99004,6,Total Arrearages,32983.08
Avista,2025,99008,2,Total Arrearages,8324.85
Avista,2025,99111,9,Total Arrearages,49302.33
Avista,2025,99219,2,60 Days,0.0
Avista,2025,99009,4,Total Arrearages,24816.6
Avista,2025,99130,2,60 Days,2995.2
Avista,2025,99174,6,60 Days,0.0
Avista,2025,99130,3,90 Days +,1764.47
Avista,2025,99039,1,60 Days,1184.39
Avista,2025,99202,6,30 Days,60149.59
Avista,2025,99033,5,60 Days,3463.29
Avista,2025,99149,4,90 Days +,2920.95
Avista,2025,99176,3,30 Days,0.0
Avista,2025,99022,8,Total Arrearages,44499.46
Avista,2025,99111,6,30 Days,7417.87
Avista,2025,99131,5,60 Days,296.1
Avista,2025,99025,8,30 Days,5878.16
Avista,2025,99204,3,90 Days +,53639.76
Avista,2025,99137,3,60 Days,873.51
Avista,2025,99009,5,90 Days +,4588.75
Avista,2025,99146,8,90 Days +,395.59
Avista,2025,99001,1,90 Days +,18301.73
Avista,2025,98648,9,Total Arrearages,1789.13
Avista,2025,99176,9,30 Days,908.54
Avista,2025,99006,1,Total Arrearages,63355.82
Avista,2025,99224,6,60 Days,43139.04
Avista,2025,99128,9,30 Days,799.55
Avista,2025,99040,9,30 Days,2880.38
Avista,2025,99134,8,90 Days +,3078.55
Avista,2025,99144,8,Total Arrearages,0.0
Avista,2025,99148,7,60 Days,5903.82
Avista,2025,99033,5,30 Days,5843.65
Avista,2025,99036,8,30 Days,160.7
Avista,2025,99020,9,90 Days +,337.1
Avista,2025,99208,3,Total Arrearages,668759.97
Avista,2025,99014,5,30 Days,422.67
Avista,2025,98648,3,60 Days,1928.98
Avista,2025,99173,9,30 Days,7639.99
Avista,2025,99202,6,60 Days,73606.65
Avista,2025,99125,8,60 Days,224.02
Avista,2025,99030,1,90 Days +,5764.84
Avista,2025,99029,7,Total Arrearages,9326.25
Avista,2025,99122,9,60 Days,7284.35
Avista,2025,99217,4,90 Days +,79940.66
Avista,2025,98857,6,60 Days,0.0
Avista,2025,99111,2,Total Arrearages,37569.93
Avista,2025,99033,2,90 Days +,9148.25
Avista,2025,99011,1,60 Days,0.0
Avista,2025,99037,1,90 Days +,16114.04
Avista,2025,99018,7,30 Days,311.44
Avista,2025,99009,1,60 Days,6804.49
Avista,2025,99023,4,60 Days,618.01
Avista,2025,99034,6,60 Days,264.98
Avista,2025,99101,2,60 Days,6659.39
Avista,2025,99026,6,60 Days,2454.29
Avista,2025,99122,9,90 Days +,7966.5
Avista,2025,99212,9,Total Arrearages,257065.93
Avista,2025,99176,7,30 Days,596.01
Avista,2025,99159,7,Total Arrearages,10991.57
Avista,2025,99039,4,60 Days,2327.16
Avista,2025,99018,1,90 Days +,567.15
Avista,2025,99371,9,Total Arrearages,3920.8
Avista,2025,99218,1,90 Days +,42110.25
Avista,2025,99001,6,60 Days,14560.83
Avista,2025,99013,4,60 Days,8570.4
Avista,2025,98620,9,90 Days +,6931.29
Avista,2025,99130,7,60 Days,3229.49
Avista,2025,99130,6,60 Days,1094.06
Avista,2025,99011,1,30 Days,0.0
Avista,2025,99122,6,60 Days,5122.58
Avista,2025,99169,1,Total Arrearages,13230.98
Avista,2025,99003,6,60 Days,5472.86
Avista,2025,99218,4,30 Days,51102.55
Avista,2025,99014,8,60 Days,1053.73
Avista,2025,99114,3,60 Days,32608.47
Avista,2025,99126,7,30 Days,3243.04
Avista,2025,99341,5,60 Days,3819.35
Avista,2025,99036,2,30 Days,199.25
Avista,2025,99101,9,Total Arrearages,18464.15
Avista,2025,99149,1,60 Days,954.84
Avista,2025,99039,3,60 Days,3163.11
Avista,2025,99160,3,90 Days +,792.29
Avista,2025,99173,5,30 Days,12787.65
Avista,2025,99122,1,90 Days +,10704.38
Avista,2025,99013,2,60 Days,7387.32
Avista,2025,99326,8,90 Days +,1155.53
Avista,2025,99161,5,90 Days +,7104.2
Avista,2025,99205,9,90 Days +,129337.67
Avista,2025,99020,4,30 Days,13.78
Avista,2025,98648,5,30 Days,695.39
Avista,2025,99029,5,30 Days,2668.45
Avista,2025,99027,1,90 Days +,20886.62
Avista,2025,99159,8,Total Arrearages,11102.21
Avista,2025,99203,7,90 Days +,34464.96
Avista,2025,99013,6,60 Days,5128.85
Avista,2025,99260,2,Total Arrearages,0.0
Avista,2025,99161,2,90 Days +,4373.68
Avista,2025,99040,7,30 Days,2854.63
Avista,2025,99102,5,Total Arrearages,10997.89
Avista,2025,98648,8,90 Days +,1868.54
Avista,2025,99134,1,90 Days +,2395.7
Avista,2025,99344,2,30 Days,45142.5
Avista,2025,99224,4,Total Arrearages,175294.4
Avista,2025,98620,3,30 Days,5185.82
Avista,2025,99208,7,90 Days +,212400.49
Avista,2025,99163,7,90 Days +,124768.63
Avista,2025,99001,1,30 Days,14562.21
Avista,2025,99110,3,60 Days,4133.42
Avista,2025,99185,3,60 Days,7969.57
Avista,2025,99114,9,60 Days,30244.64
Avista,2025,99101,5,Total Arrearages,24953.63
Avista,2025,99122,7,30 Days,11302.49
Avista,2025,99173,2,90 Days +,16048.87
Avista,2025,99023,8,60 Days,44.71
Avista,2025,99032,2,90 Days +,5416.7
Avista,2025,99008,5,30 Days,1397.04
Avista,2025,99013,7,Total Arrearages,57428.58
Avista,2025,99109,3,60 Days,7041.65
Avista,2025,99021,8,30 Days,16739.75
Avista,2025,99201,6,60 Days,64429.99
Avista,2025,99004,3,90 Days +,12545.87
Avista,2025,99006,1,60 Days,12420.99
Avista,2025,99203,6,Total Arrearages,123174.81
Avista,2025,99013,5,60 Days,6152.76
Avista,2025,99219,2,90 Days +,0.0
Avista,2025,99201,1,60 Days,37174.18
Avista,2025,99109,5,Total Arrearages,57613.2
Avista,2025,99159,6,30 Days,2440.66
Avista,2025,99163,7,60 Days,65085.78
Avista,2025,99012,1,90 Days +,7357.1
Avista,2025,99103,9,90 Days +,3696.79
Avista,2025,99174,4,30 Days,218.16
Avista,2025,99174,7,90 Days +,83.18
Avista,2025,99208,8,30 Days,219008.42
Avista,2025,99158,2,60 Days,334.0
Avista,2025,99371,1,60 Days,2800.0
Avista,2025,99129,3,30 Days,8842.42
Avista,2025,99104,3,60 Days,0.0
Avista,2025,99029,2,Total Arrearages,13338.51
Avista,2025,99039,1,Total Arrearages,2675.34
Avista,2025,99025,8,60 Days,3859.98
Avista,2025,99167,3,30 Days,5270.39
Avista,2025,99207,6,30 Days,138295.73
Avista,2025,99126,9,60 Days,2262.4
Avista,2025,99326,4,60 Days,940.51
Avista,2025,99111,2,30 Days,9376.57
Avista,2025,99148,6,60 Days,9144.16
Avista,2025,98648,2,Total Arrearages,3687.0
Avista,2025,99205,7,Total Arrearages,393022.93
Avista,2025,99102,1,90 Days +,3806.75
Avista,2025,99335,5,90 Days +,0.0
Avista,2025,99134,8,Total Arrearages,5306.11
Avista,2025,99014,2,90 Days +,0.0
Avista,2025,99206,1,60 Days,65998.01
Avista,2025,99131,5,30 Days,266.57
Avista,2025,99167,2,60 Days,764.09
Avista,2025,99129,5,Total Arrearages,22854.12
Avista,2025,99034,3,30 Days,977.02
Avista,2025,99167,2,90 Days +,3137.32
Avista,2025,99160,7,60 Days,158.66
Avista,2025,99151,6,Total Arrearages,2367.02
Avista,2025,99157,7,Total Arrearages,11954.7
Avista,2025,99025,9,Total Arrearages,14503.54
Avista,2025,99104,4,Total Arrearages,30.81
Avista,2025,99223,2,30 Days,158165.72
Avista,2025,99122,5,90 Days +,14512.35
Avista,2025,99113,7,60 Days,33.09
Avista,2025,99341,6,90 Days +,9157.51
Avista,2025,98648,7,30 Days,270.14
Avista,2025,99151,9,30 Days,300.75
Avista,2025,98620,4,90 Days +,6164.09
Avista,2025,99159,2,90 Days +,6589.58
Avista,2025,99185,5,60 Days,5840.36
Avista,2025,98857,1,Total Arrearages,898.18
Avista,2025,99171,9,90 Days +,11852.2
Avista,2025,99212,1,60 Days,72442.35
Avista,2025,99025,4,30 Days,12862.91
Avista,2025,99149,7,90 Days +,1747.9
Avista,2025,99003,5,90 Days +,5330.27
Avista,2025,99027,8,30 Days,29693.88
Avista,2025,99344,9,Total Arrearages,83709.13
Avista,2025,99037,2,90 Days +,22593.11
Avista,2025,99111,9,30 Days,3078.11
Avista,2025,99013,3,90 Days +,45642.84
Avista,2025,99103,3,Total Arrearages,7287.57
Avista,2025,99036,3,60 Days,221.01
Avista,2025,99208,4,90 Days +,172021.9
Avista,2025,99167,2,Total Arrearages,6357.26
Avista,2025,99167,8,Total Arrearages,6585.13
Avista,2025,99134,2,90 Days +,2246.34
Avista,2025,99137,4,60 Days,1678.49
Avista,2025,99344,3,Total Arrearages,118974.36
Avista,2025,99341,3,30 Days,10065.08
Avista,2025,99022,8,30 Days,17568.16
Avista,2025,99224,5,90 Days +,65261.78
Avista,2025,99205,8,60 Days,103950.72
Avista,2025,99032,1,30 Days,1810.18
Avista,2025,99181,8,Total Arrearages,25897.49
Avista,2025,99004,8,30 Days,5340.75
Avista,2025,99031,9,60 Days,572.6
Avista,2025,99157,9,Total Arrearages,5461.37
Avista,2025,99335,2,90 Days +,0.0
Avista,2025,99138,5,30 Days,11750.5
Avista,2025,99163,3,90 Days +,107556.71
Avista,2025,99033,7,60 Days,2656.83
Avista,2025,99219,1,60 Days,0.0
Avista,2025,99217,2,90 Days +,70803.13
Avista,2025,99205,6,60 Days,130839.34
Avista,2025,99019,4,30 Days,38432.73
Avista,2025,99228,6,Total Arrearages,0.0
Avista,2025,99344,8,Total Arrearages,92402.98
Avista,2025,98857,6,30 Days,92.27
Avista,2025,99371,2,Total Arrearages,8246.31
Avista,2025,99019,3,Total Arrearages,81813.18
Avista,2025,99122,8,Total Arrearages,23914.74
Avista,2025,99207,2,Total Arrearages,546017.28
Avista,2025,99402,2,60 Days,3718.74
Avista,2025,99402,8,Total Arrearages,8567.11
Avista,2025,99034,3,90 Days +,1582.22
Avista,2025,99025,3,90 Days +,10607.11
Avista,2025,99143,1,30 Days,411.43
Avista,2025,99208,2,Total Arrearages,539937.02
Avista,2025,99006,5,Total Arrearages,88955.6
Avista,2025,99031,3,Total Arrearages,11668.29
Avista,2025,99033,1,60 Days,2680.88
Avista,2025,99130,9,60 Days,4723.66
Avista,2025,99004,8,Total Arrearages,23225.25
Avista,2025,99006,9,90 Days +,21224.19
Avista,2025,99206,5,Total Arrearages,320779.36
Avista,2025,99023,3,30 Days,2720.2
Avista,2025,99034,8,30 Days,350.43
Avista,2025,99021,8,60 Days,9251.18
Avista,2025,99156,2,60 Days,0.0
Avista,2025,99157,2,90 Days +,3849.33
Avista,2025,99157,5,60 Days,4102.74
Avista,2025,99402,9,60 Days,3167.87
Avista,2025,99114,4,90 Days +,44364.79
Avista,2025,99111,7,Total Arrearages,51054.23
Avista,2025,99402,7,60 Days,2017.0
Avista,2025,99138,4,Total Arrearages,32198.37
Avista,2025,99134,7,Total Arrearages,7117.4
Avista,2025,99102,7,90 Days +,4152.38
Avista,2025,99160,2,60 Days,90.72
Avista,2025,99158,6,Total Arrearages,6998.33
Avista,2025,99402,1,Total Arrearages,11185.21
Avista,2025,99157,9,60 Days,1112.54
Avista,2025,99031,4,90 Days +,2692.55
Avista,2025,99033,1,90 Days +,7161.17
Avista,2025,99212,9,60 Days,70973.84
Avista,2025,99101,5,90 Days +,8727.58
Avista,2025,99001,4,90 Days +,19448.85
Avista,2025,99224,3,90 Days +,59931.58
Avista,2025,99020,1,60 Days,205.09
Avista,2025,99171,3,Total Arrearages,15552.08
Avista,2025,99109,2,Total Arrearages,37078.48
Avista,2025,99023,6,30 Days,226.64
Avista,2025,99217,7,30 Days,63548.38
Avista,2025,99181,1,30 Days,12227.22
Avista,2025,99134,7,90 Days +,3696.53
Avista,2025,98648,3,Total Arrearages,4741.45
Avista,2025,99203,3,60 Days,47736.55
Avista,2025,99134,3,30 Days,3196.89
Avista,2025,99129,2,30 Days,4004.87
Avista,2025,99141,4,30 Days,29483.43
Avista,2025,99205,4,90 Days +,153761.95
Avista,2025,99220,6,Total Arrearages,0.0
Avista,2025,99022,3,90 Days +,15687.67
Avista,2025,99151,8,60 Days,192.75
Avista,2025,99021,4,Total Arrearages,65842.37
Avista,2025,99185,7,Total Arrearages,9002.63
Avista,2025,99326,4,90 Days +,68.79
Avista,2025,99205,6,Total Arrearages,447500.33
Avista,2025,99005,5,Total Arrearages,32995.15
Avista,2025,99185,9,Total Arrearages,9457.98
Avista,2025,99176,1,90 Days +,0.0
Avista,2025,99219,5,90 Days +,0.0
Avista,2025,99185,2,60 Days,2580.06
Avista,2025,99201,9,Total Arrearages,175533.31
Avista,2025,99224,1,30 Days,60313.56
Avista,2025,99157,8,60 Days,2089.37
Avista,2025,99008,2,90 Days +,5906.79
Avista,2025,99158,3,60 Days,396.29
Avista,2025,99037,2,Total Arrearages,67061.85
Avista,2025,99023,4,90 Days +,0.0
Avista,2025,99185,2,30 Days,14526.06
Avista,2025,99122,5,Total Arrearages,31441.7
Avista,2025,99224,9,60 Days,40054.67
Avista,2025,99117,6,60 Days,1528.1
Avista,2025,99146,2,Total Arrearages,66.81
Avista,2025,99207,8,90 Days +,141487.71
Avista,2025,99181,8,30 Days,15576.19
Avista,2025,99103,1,90 Days +,1100.19
Avista,2025,99030,8,Total Arrearages,5956.97
Avista,2025,99149,9,60 Days,4321.07
Avista,2025,99170,9,30 Days,3612.5
Avista,2025,99223,2,60 Days,80995.43
Avista,2025,99371,8,Total Arrearages,2167.36
Avista,2025,99037,9,30 Days,4699.0
Avista,2025,99208,6,90 Days +,199223.3
Avista,2025,99220,1,90 Days +,0.0
Avista,2025,99109,5,30 Days,15318.46
Avista,2025,99130,2,Total Arrearages,11232.16
Avista,2025,99034,2,30 Days,1317.0
Avista,2025,99114,6,30 Days,41195.48
Avista,2025,99149,3,90 Days +,2359.95
Avista,2025,99031,8,30 Days,2050.97
Avista,2025,99021,2,30 Days,31740.43
Avista,2025,99104,6,60 Days,0.0
Avista,2025,99025,3,Total Arrearages,28677.92
Avista,2025,99125,2,30 Days,1542.87
Avista,2025,99001,6,Total Arrearages,51450.04
Avista,2025,99117,2,60 Days,2417.97
Avista,2025,99137,7,90 Days +,6184.17
Avista,2025,99163,4,60 Days,74777.07
Avista,2025,99011,2,90 Days +,0.0
Avista,2025,99223,2,Total Arrearages,333463.13
Avista,2025,99176,8,Total Arrearages,2720.22
Avista,2025,99223,5,Total Arrearages,338512.34
Avista,2025,99174,8,Total Arrearages,391.16
Avista,2025,99018,9,30 Days,597.43
Avista,2025,99036,5,Total Arrearages,938.07
Avista,2025,99201,2,90 Days +,86312.51
Avista,2025,99113,6,90 Days +,1648.66
Avista,2025,99160,3,Total Arrearages,1742.55
Avista,2025,99013,2,30 Days,7790.72
Avista,2025,99006,7,30 Days,22677.53
Avista,2025,99202,8,Total Arrearages,193024.27
Avista,2025,99033,5,Total Arrearages,30373.59
Avista,2025,99131,3,Total Arrearages,923.54
Avista,2025,99006,4,60 Days,17082.78
Avista,2025,99402,1,90 Days +,4701.54
Avista,2025,99129,6,30 Days,4167.13
Avista,2025,99158,8,Total Arrearages,4009.83
Avista,2025,99114,4,60 Days,38872.56
Avista,2025,99021,3,90 Days +,24269.97
Avista,2025,99027,4,90 Days +,13904.75
Avista,2025,99159,3,90 Days +,7168.94
Avista,2025,99025,7,30 Days,4635.77
Avista,2025,99148,8,90 Days +,3264.8
Avista,2025,99223,3,30 Days,208462.86
Avista,2025,99403,6,30 Days,35589.43
Avista,2025,99011,2,Total Arrearages,0.0
Avista,2025,99218,9,60 Days,35715.15
Avista,2025,99040,5,30 Days,4038.3
Avista,2025,99160,6,30 Days,235.13
Avista,2025,99025,9,90 Days +,2894.65
Avista,2025,99217,5,Total Arrearages,244470.91
Avista,2025,99128,2,90 Days +,2227.98
Avista,2025,99218,9,30 Days,42867.91
Avista,2025,99402,6,60 Days,3731.23
Avista,2025,99008,1,90 Days +,6253.6
Avista,2025,99138,1,90 Days +,13320.95
Avista,2025,99033,8,Total Arrearages,23699.92
Avista,2025,99217,3,30 Days,105707.48
Avista,2025,99138,8,90 Days +,11771.59
Avista,2025,99033,6,90 Days +,25194.58
Avista,2025,99031,8,60 Days,736.48
Avista,2025,99011,1,Total Arrearages,0.0
Avista,2025,99003,4,90 Days +,3119.99
Avista,2025,99018,4,Total Arrearages,3466.23
Avista,2025,99031,5,30 Days,956.86
Avista,2025,99138,9,60 Days,8109.6
Avista,2025,99040,2,30 Days,3253.42
Avista,2025,99025,7,90 Days +,6997.75
Avista,2025,99212,5,60 Days,107385.29
Avista,2025,99216,1,30 Days,85301.01
Avista,2025,99158,5,60 Days,1538.35
Avista,2025,99224,5,60 Days,58167.78
Avista,2025,99220,2,60 Days,0.0
Avista,2025,99206,6,Total Arrearages,273741.36
Avista,2025,99176,2,90 Days +,0.0
Avista,2025,99157,2,Total Arrearages,10091.74
Avista,2025,99026,1,60 Days,249.2
Avista,2025,99208,6,30 Days,170622.52
Avista,2025,99151,1,60 Days,1101.09
Avista,2025,99016,6,60 Days,59089.62
Avista,2025,99039,4,90 Days +,263.7
Avista,2025,99134,6,90 Days +,4168.06
Avista,2025,99371,1,90 Days +,31.8
Avista,2025,99025,1,90 Days +,6931.65
Avista,2025,99131,1,90 Days +,312.1
Avista,2025,99107,7,Total Arrearages,0.0
Avista,2025,99006,3,30 Days,37315.14
Avista,2025,99204,5,30 Days,53075.99
Avista,2025,99008,7,60 Days,1880.81
Avista,2025,99034,4,Total Arrearages,2879.55
Avista,2025,99144,1,90 Days +,0.0
Avista,2025,99208,5,30 Days,259400.59
Avista,2025,99174,1,60 Days,0.0
Avista,2025,99201,9,60 Days,48017.64
Avista,2025,99013,9,30 Days,4085.69
Avista,2025,99223,8,60 Days,69133.3
Avista,2025,99176,4,Total Arrearages,1708.47
Avista,2025,99169,6,60 Days,2942.14
Avista,2025,99149,9,30 Days,442.41
Avista,2025,99219,5,Total Arrearages,0.0
Avista,2025,99020,6,90 Days +,348.85
Avista,2025,99104,6,90 Days +,0.0
Avista,2025,99031,7,30 Days,717.1
Avista,2025,99219,1,30 Days,0.0
Avista,2025,99163,7,Total Arrearages,262778.23
Avista,2025,99126,8,90 Days +,3618.52
Avista,2025,99003,6,Total Arrearages,19813.82
Avista,2025,99141,8,30 Days,22902.92
Avista,2025,99110,1,60 Days,1329.71
Avista,2025,99173,5,60 Days,13660.69
Avista,2025,99205,5,60 Days,166974.8
Avista,2025,99129,7,30 Days,6634.49
Avista,2025,99206,1,30 Days,118920.11
Avista,2025,99005,9,90 Days +,4403.72
Avista,2025,99101,3,60 Days,5979.23
Avista,2025,99020,4,90 Days +,416.63
Avista,2025,99160,9,Total Arrearages,348.03
Avista,2025,99039,9,Total Arrearages,7172.98
Avista,2025,99102,7,Total Arrearages,6477.31
Avista,2025,99126,1,60 Days,2813.38
Avista,2025,99170,3,30 Days,9000.25
Avista,2025,99004,5,90 Days +,19036.54
Avista,2025,99224,8,30 Days,60602.14
Avista,2025,99174,2,60 Days,0.0
Avista,2025,99008,7,30 Days,1263.48
Avista,2025,99101,6,Total Arrearages,20730.93
Avista,2025,99208,5,Total Arrearages,664839.46
Avista,2025,99181,9,60 Days,8989.78
Avista,2025,98648,7,60 Days,195.86
Avista,2025,99212,9,30 Days,96545.56
Avista,2025,99005,4,60 Days,9103.35
Avista,2025,99167,6,Total Arrearages,8221.83
Avista,2025,99179,7,60 Days,642.78
Avista,2025,99160,7,90 Days +,699.79
Avista,2025,99022,7,90 Days +,16485.93
Avista,2025,99109,7,90 Days +,18102.19
Avista,2025,99141,1,90 Days +,9776.35
Avista,2025,99204,1,60 Days,15647.15
Avista,2025,99167,7,90 Days +,4822.5
Avista,2025,99138,8,Total Arrearages,28042.04
Avista,2025,99037,5,90 Days +,20002.88
Avista,2025,99176,4,60 Days,1130.39
Avista,2025,99169,7,90 Days +,11675.13
Avista,2025,99163,3,30 Days,160085.75
Avista,2025,99138,4,90 Days +,9209.01
Avista,2025,99143,5,Total Arrearages,5533.22
Avista,2025,99219,7,Total Arrearages,0.0
Avista,2025,99219,8,Total Arrearages,0.0
Avista,2025,99018,2,30 Days,699.88
Avista,2025,99219,8,90 Days +,0.0
Avista,2025,99040,5,60 Days,4641.14
Avista,2025,99102,9,Total Arrearages,8541.55
Avista,2025,99156,4,90 Days +,92.82
Avista,2025,99160,3,30 Days,801.73
Avista,2025,99224,2,30 Days,50044.89
Avista,2025,99185,9,60 Days,1805.66
Avista,2025,99016,5,90 Days +,55289.25
Avista,2025,99006,6,60 Days,25358.29
Avista,2025,99141,2,60 Days,15700.2
Avista,2025,99138,2,30 Days,7359.66
Avista,2025,98648,7,Total Arrearages,2235.75
Avista,2025,99103,9,60 Days,1277.78
Avista,2025,99171,7,60 Days,1382.19
Avista,2025,99163,4,30 Days,103082.41
Avista,2025,99101,1,30 Days,10548.43
Avista,2025,99156,4,Total Arrearages,92.82
Avista,2025,99137,3,Total Arrearages,10014.6
Avista,2025,99218,8,Total Arrearages,121306.0
Avista,2025,99216,1,Total Arrearages,233978.27
Avista,2025,99326,2,60 Days,1377.17
Avista,2025,99032,3,Total Arrearages,11596.84
Avista,2025,99138,3,90 Days +,11127.67
Avista,2025,99114,6,60 Days,37875.32
Avista,2025,99011,3,Total Arrearages,0.0
Avista,2025,99204,7,90 Days +,41900.83
Avista,2025,99022,4,Total Arrearages,56693.92
Avista,2025,99033,4,Total Arrearages,25683.39
Avista,2025,99008,8,Total Arrearages,7944.51
Avista,2025,99143,6,90 Days +,3817.88
Avista,2025,99016,1,60 Days,55354.16
Avista,2025,99402,3,30 Days,5779.61
Avista,2025,99170,8,30 Days,2366.81
Avista,2025,99137,5,Total Arrearages,8628.8
Avista,2025,99326,9,60 Days,118.69
Avista,2025,99174,3,60 Days,0.0
Avista,2025,99167,8,30 Days,2800.43
Avista,2025,99004,1,60 Days,3641.95
Avista,2025,99167,2,30 Days,2455.85
Avista,2025,99129,5,90 Days +,11797.51
Avista,2025,99138,6,90 Days +,12590.04
Avista,2025,99141,1,30 Days,26573.41
Avista,2025,99170,8,Total Arrearages,9451.72
Avista,2025,99014,7,30 Days,501.81
Avista,2025,99371,5,60 Days,321.87
Avista,2025,99020,7,30 Days,219.12
Avista,2025,99224,1,60 Days,26415.0
Avista,2025,99171,4,30 Days,905.11
Avista,2025,99203,6,60 Days,31956.74
Avista,2025,99029,2,90 Days +,6401.7
Avista,2025,99206,3,90 Days +,122146.26
Avista,2025,99019,1,30 Days,51879.73
Avista,2025,99134,5,90 Days +,7024.42
Avista,2025,99101,4,60 Days,5328.51
Avista,2025,99344,2,Total Arrearages,99438.75
Avista,2025,99110,2,Total Arrearages,10667.38
Avista,2025,99181,9,Total Arrearages,22739.13
Avista,2025,99326,9,30 Days,248.98
Avista,2025,99201,5,Total Arrearages,261426.04
Avista,2025,99341,1,Total Arrearages,14278.41
Avista,2025,99128,3,Total Arrearages,3026.34
Avista,2025,99036,4,30 Days,881.16
Avista,2025,99176,3,Total Arrearages,824.8
Avista,2025,99012,3,90 Days +,8446.1
Avista,2025,98857,1,90 Days +,0.0
Avista,2025,99110,1,30 Days,1324.32
Avista,2025,99128,5,90 Days +,121.55
Avista,2025,99143,7,90 Days +,4295.97
Avista,2025,99176,1,Total Arrearages,915.08
Avista,2025,99149,8,30 Days,3973.08
Avista,2025,99114,1,Total Arrearages,111134.67
Avista,2025,99009,9,Total Arrearages,12057.16
Avista,2025,98857,3,90 Days +,0.0
Avista,2025,99109,7,Total Arrearages,43260.26
Avista,2025,99206,7,60 Days,56869.08
Avista,2025,99341,1,60 Days,4539.08
Avista,2025,99008,9,Total Arrearages,5801.86
Avista,2025,99107,6,60 Days,300.42
Avista,2025,99161,2,60 Days,4841.88
Avista,2025,99131,1,30 Days,579.45
Avista,2025,99019,5,Total Arrearages,97032.32
Avista,2025,99026,2,30 Days,5437.42
Avista,2025,99101,2,Total Arrearages,18598.73
Avista,2025,99216,8,30 Days,68521.27
Avista,2025,99128,2,30 Days,374.55
Avista,2025,99176,5,30 Days,1236.85
Avista,2025,99014,1,60 Days,605.86
Avista,2025,99018,5,30 Days,149.34
Avista,2025,99208,9,60 Days,147837.01
Avista,2025,99020,8,60 Days,48.1
Avista,2025,99126,3,Total Arrearages,16337.97
Avista,2025,99005,6,60 Days,10348.21
Avista,2025,99206,5,30 Days,107518.28
Avista,2025,99110,1,90 Days +,2354.1
Avista,2025,99107,1,60 Days,0.0
Avista,2025,99114,2,90 Days +,42280.01
Avista,2025,99031,1,60 Days,3726.56
Avista,2025,99104,3,Total Arrearages,0.0
Avista,2025,99181,1,Total Arrearages,26355.73
Avista,2025,99034,7,60 Days,236.0
Avista,2025,99016,8,60 Days,55001.03
Avista,2025,99012,8,60 Days,305.69
Avista,2025,99220,1,30 Days,0.0
Avista,2025,99160,4,Total Arrearages,2241.49
Avista,2025,99169,5,90 Days +,16537.04
Avista,2025,99021,2,90 Days +,17305.68
Avista,2025,99016,6,90 Days +,49356.78
Avista,2025,99143,4,30 Days,2267.72
Avista,2025,98648,7,90 Days +,1769.75
Avista,2025,99160,2,30 Days,666.63
Avista,2025,99025,3,30 Days,14308.06
Avista,2025,99004,2,Total Arrearages,30654.79
Avista,2025,99223,8,30 Days,90067.34
Avista,2025,99137,2,30 Days,1884.83
Avista,2025,99326,4,30 Days,996.05
Avista,2025,99102,6,30 Days,922.11
Avista,2025,99167,6,30 Days,2710.59
Avista,2025,99011,2,30 Days,0.0
Avista,2025,99169,8,30 Days,4823.63
Avista,2025,99030,2,90 Days +,4439.68
Avista,2025,99110,4,Total Arrearages,9820.92
Avista,2025,99117,1,90 Days +,1099.6
Avista,2025,99110,8,60 Days,472.86
Avista,2025,99103,6,Total Arrearages,5331.44
Avista,2025,99033,3,Total Arrearages,26087.37
Avista,2025,99103,7,Total Arrearages,4317.03
Avista,2025,99217,8,30 Days,60746.26
Avista,2025,99019,9,60 Days,27057.8
Avista,2025,99179,1,90 Days +,793.17
Avista,2025,99212,6,60 Days,75618.75
Avista,2025,99025,3,60 Days,3762.75
Avista,2025,99146,3,Total Arrearages,742.32
Avista,2025,99143,7,60 Days,734.86
Avista,2025,99220,8,Total Arrearages,0.0
Avista,2025,99204,9,30 Days,21628.49
Avista,2025,99113,3,90 Days +,0.0
Avista,2025,99402,4,90 Days +,1357.29
Avista,2025,99014,3,Total Arrearages,1171.25
Avista,2025,99039,8,90 Days +,5094.01
Avista,2025,99014,6,Total Arrearages,1583.43
Avista,2025,99110,4,60 Days,2446.75
Avista,2025,99402,7,90 Days +,3681.47
Avista,2025,99125,9,30 Days,1262.94
Avista,2025,99109,2,90 Days +,17643.9
Avista,2025,99005,7,60 Days,6768.07
Avista,2025,99020,1,Total Arrearages,514.49
Avista,2025,99005,2,60 Days,14625.88
Avista,2025,99004,2,90 Days +,12770.41
Avista,2025,99020,5,30 Days,276.52
Avista,2025,98620,7,30 Days,1739.33
Avista,2025,99156,8,Total Arrearages,81.16
Avista,2025,98620,6,Total Arrearages,14593.16
Avista,2025,99125,6,30 Days,760.13
Avista,2025,99149,9,90 Days +,885.78
Avista,2025,99141,3,Total Arrearages,78638.25
Avista,2025,99157,5,30 Days,5793.63
Avista,2025,99134,1,60 Days,1483.56
Avista,2025,99335,1,Total Arrearages,0.0
Avista,2025,99208,2,30 Days,238122.3
Avista,2025,99039,2,Total Arrearages,1727.33
Avista,2025,99203,3,90 Days +,37469.18
Avista,2025,99171,5,30 Days,2984.99
Avista,2025,99206,6,30 Days,74639.91
Avista,2025,99335,4,90 Days +,0.0
Avista,2025,99201,8,90 Days +,95189.53
Avista,2025,99126,2,90 Days +,5890.67
Avista,2025,99110,9,Total Arrearages,5272.94
Avista,2025,99181,1,90 Days +,10447.97
Avista,2025,99009,4,60 Days,6513.66
Avista,2025,99173,2,Total Arrearages,41639.91
Avista,2025,99129,5,30 Days,2697.33
Avista,2025,99220,4,Total Arrearages,0.0
Avista,2025,99009,5,30 Days,7918.36
Avista,2025,99167,9,30 Days,1322.23
Avista,2025,99216,3,30 Days,115902.71
Avista,2025,99143,3,60 Days,835.69
Avista,2025,99023,9,90 Days +,78.59
Avista,2025,99173,8,60 Days,4634.26
Avista,2025,99126,6,60 Days,4878.22
Avista,2025,99201,2,60 Days,62278.82
Avista,2025,99228,1,30 Days,0.0
Avista,2025,99158,5,Total Arrearages,6247.52
Avista,2025,99228,4,Total Arrearages,0.0
Avista,2025,99149,2,60 Days,228.44
Avista,2025,99163,1,Total Arrearages,256741.71
Avista,2025,99128,9,90 Days +,803.37
Avista,2025,99022,6,90 Days +,16589.92
Avista,2025,99025,4,Total Arrearages,25536.92
Avista,2025,99204,9,90 Days +,44239.11
Avista,2025,99027,1,30 Days,32851.92
Avista,2025,99129,7,60 Days,2591.63
Avista,2025,99012,3,Total Arrearages,18844.58
Avista,2025,99117,8,Total Arrearages,5389.59
Avista,2025,99134,4,60 Days,2552.0
Avista,2025,99005,3,60 Days,10407.25
Avista,2025,99109,4,90 Days +,19962.97
Avista,2025,99163,7,30 Days,72923.82
Avista,2025,99009,3,Total Arrearages,31613.37
Avista,2025,99117,8,60 Days,3215.55
Avista,2025,99014,7,90 Days +,697.53
Avista,2025,99137,1,30 Days,3192.64
Avista,2025,99341,6,60 Days,2234.05
Avista,2025,99174,5,30 Days,446.31
Avista,2025,99030,1,Total Arrearages,8505.8
Avista,2025,99218,5,60 Days,44125.03
Avista,2025,99111,8,Total Arrearages,51974.64
Avista,2025,99020,8,30 Days,375.71
Avista,2025,99005,2,90 Days +,11085.01
Avista,2025,99006,6,Total Arrearages,56517.32
Avista,2025,99219,3,Total Arrearages,0.0
Avista,2025,99129,9,Total Arrearages,16545.81
Avista,2025,99141,6,90 Days +,21529.75
Avista,2025,99217,5,90 Days +,70134.14
Avista,2025,99181,3,90 Days +,9221.22
Avista,2025,99031,1,Total Arrearages,11791.87
Avista,2025,99102,8,30 Days,1222.08
Avista,2025,99109,3,Total Arrearages,47504.01
Avista,2025,99117,7,Total Arrearages,5428.81
Avista,2025,98857,1,60 Days,0.0
Avista,2025,99110,1,Total Arrearages,5008.13
Avista,2025,99102,1,Total Arrearages,8935.77
Avista,2025,99113,1,60 Days,654.95
Avista,2025,99179,7,Total Arrearages,7336.11
Avista,2025,99036,4,60 Days,246.44
Avista,2025,99021,8,90 Days +,20708.91
Avista,2025,99129,8,60 Days,6476.43
Avista,2025,99113,7,90 Days +,1804.32
Avista,2025,99022,6,Total Arrearages,43813.94
Avista,2025,99016,4,Total Arrearages,206090.04
Avista,2025,99117,6,Total Arrearages,4129.52
Avista,2025,99122,1,60 Days,3957.44
Avista,2025,99021,4,60 Days,12645.65
Avista,2025,99128,8,90 Days +,1866.85
Avista,2025,99021,2,Total Arrearages,59847.74
Avista,2025,99137,8,90 Days +,4320.71
Avista,2025,99039,1,90 Days +,653.19
Avista,2025,99025,8,90 Days +,5120.42
Avista,2025,99008,4,60 Days,1112.59
Avista,2025,99335,1,30 Days,0.0
Avista,2025,99158,4,Total Arrearages,7169.54
Avista,2025,99009,1,30 Days,9047.49
Avista,2025,99026,5,30 Days,6038.03
Avista,2025,99101,6,30 Days,7024.98
Avista,2025,99029,7,60 Days,1593.5
Avista,2025,99016,3,Total Arrearages,259703.87
Avista,2025,99148,8,Total Arrearages,18469.76
Avista,2025,99167,1,Total Arrearages,9062.56
Avista,2025,99026,7,60 Days,1051.01
Avista,2025,99111,4,30 Days,15718.87
Avista,2025,99163,6,90 Days +,126991.6
Avista,2025,99040,9,Total Arrearages,51433.8
Avista,2025,99144,9,Total Arrearages,0.0
Avista,2025,99201,5,30 Days,83254.59
Avista,2025,99037,9,Total Arrearages,21893.06
Avista,2025,99203,5,30 Days,62501.32
Avista,2025,99101,5,60 Days,6321.93
Avista,2025,99003,5,60 Days,8394.17
Avista,2025,99157,6,Total Arrearages,12411.44
Avista,2025,99341,8,30 Days,3817.27
Avista,2025,99033,8,60 Days,1417.87
Avista,2025,99102,4,90 Days +,2432.39
Avista,2025,99003,8,30 Days,5183.77
Avista,2025,99223,1,30 Days,135430.23
Avista,2025,99170,8,90 Days +,4766.55
Avista,2025,99023,7,30 Days,130.88
Avista,2025,99326,7,Total Arrearages,1149.36
Avista,2025,99131,8,60 Days,177.58
Avista,2025,99004,3,Total Arrearages,40241.44
Avista,2025,99030,9,30 Days,5920.68
Avista,2025,99022,8,60 Days,14147.58
Avista,2025,99016,9,Total Arrearages,170025.93
Avista,2025,99027,9,30 Days,23486.93
Avista,2025,99137,5,90 Days +,3943.91
Avista,2025,99205,8,30 Days,166610.24
Avista,2025,99001,8,60 Days,8259.55
Avista,2025,99021,9,60 Days,8655.0
Avista,2025,99134,2,30 Days,3306.63
Avista,2025,99109,1,30 Days,11347.37
Avista,2025,99011,5,90 Days +,0.0
Avista,2025,99021,4,90 Days +,19166.24
Avista,2025,99216,8,90 Days +,82594.02
Avista,2025,99174,8,90 Days +,108.37
Avista,2025,99025,5,Total Arrearages,26298.1
Avista,2025,99032,8,60 Days,870.96
Avista,2025,99031,9,Total Arrearages,5202.35
Avista,2025,99129,8,30 Days,8408.56
Avista,2025,99026,9,30 Days,3585.24
Avista,2025,99149,2,Total Arrearages,2757.14
Avista,2025,99218,6,Total Arrearages,118124.73
Avista,2025,98620,4,30 Days,2658.5
Avista,2025,99009,8,60 Days,4759.18
Avista,2025,99173,6,30 Days,12732.56
Avista,2025,99125,5,60 Days,1156.96
Avista,2025,99176,5,Total Arrearages,3192.66
Avista,2025,99129,3,60 Days,3316.79
Avista,2025,99217,9,60 Days,48762.76
Avista,2025,99206,2,Total Arrearages,378238.97
Avista,2025,99023,1,30 Days,296.64
Avista,2025,99173,1,90 Days +,13868.08
Avista,2025,99207,3,30 Days,246345.46
Avista,2025,99040,8,Total Arrearages,50438.06
Avista,2025,99101,7,90 Days +,8160.29
Avista,2025,99344,4,Total Arrearages,136947.74
Avista,2025,99371,1,Total Arrearages,5000.54
Avista,2025,99344,5,Total Arrearages,122973.13
Avista,2025,99022,8,90 Days +,12783.72
Avista,2025,99170,9,60 Days,1029.72
Avista,2025,99016,6,Total Arrearages,163275.63
Avista,2025,99130,5,Total Arrearages,11723.17
Avista,2025,99205,3,90 Days +,183769.9
Avista,2025,99030,8,90 Days +,4334.8
Avista,2025,99341,8,60 Days,2307.97
Avista,2025,99134,9,30 Days,1473.09
Avista,2025,98620,1,90 Days +,6119.78
Avista,2025,99344,2,90 Days +,31406.37
Avista,2025,99402,2,30 Days,5599.87
Avista,2025,99326,5,Total Arrearages,1961.74
Avista,2025,99157,8,Total Arrearages,8337.67
Avista,2025,99344,8,60 Days,18756.02
Avista,2025,99148,9,60 Days,6803.39
Avista,2025,99026,3,Total Arrearages,16042.76
Avista,2025,99169,6,90 Days +,13276.73
Avista,2025,99039,2,60 Days,96.97
Avista,2025,99129,7,90 Days +,7074.91
Avista,2025,99032,9,60 Days,439.76
Avista,2025,99129,2,60 Days,5023.62
Avista,2025,99122,7,90 Days +,6925.18
Avista,2025,99208,3,30 Days,308782.04
Avista,2025,99171,6,60 Days,1434.9
Avista,2025,99117,5,90 Days +,4971.51
Avista,2025,99163,6,Total Arrearages,296444.67
Avista,2025,99218,9,90 Days +,43544.16
Avista,2025,99009,3,60 Days,8729.89
Avista,2025,99228,4,90 Days +,0.0
Avista,2025,99101,7,Total Arrearages,19143.93
Avista,2025,99208,6,Total Arrearages,555094.05
Avista,2025,99206,4,30 Days,139893.84
Avista,2025,99113,9,90 Days +,1273.76
Avista,2025,99326,3,30 Days,1945.45
Avista,2025,99113,7,30 Days,1106.56
Avista,2025,99019,8,90 Days +,20186.52
Avista,2025,99161,5,30 Days,4510.06
Avista,2025,99013,6,90 Days +,34436.81
Avista,2025,99025,6,30 Days,7782.25
Avista,2025,99001,3,60 Days,18024.0
Avista,2025,99103,1,30 Days,1669.79
Avista,2025,99031,7,90 Days +,2141.07
Avista,2025,99371,7,Total Arrearages,5503.42
Avista,2025,99117,1,60 Days,0.0
Avista,2025,99212,9,90 Days +,89546.53
Avista,2025,99134,8,60 Days,249.62
Avista,2025,99207,2,60 Days,154856.04
Avista,2025,99005,1,90 Days +,7643.56
Avista,2025,99403,5,30 Days,51451.72
Avista,2025,99019,3,30 Days,42463.92
Avista,2025,99001,3,30 Days,15321.62
Avista,2025,99117,3,90 Days +,2418.42
Avista,2025,99030,4,30 Days,3229.51
Avista,2025,99171,2,90 Days +,5571.66
Avista,2025,99004,7,90 Days +,13620.48
Avista,2025,99371,2,90 Days +,3417.86
Avista,2025,99026,5,Total Arrearages,18144.3
Avista,2025,99019,9,30 Days,41493.92
Avista,2025,99202,9,60 Days,44834.2
Avista,2025,99160,3,60 Days,148.53
Avista,2025,99104,1,90 Days +,0.0
Avista,2025,99148,7,Total Arrearages,15807.85
Avista,2025,99107,6,90 Days +,0.0
Avista,2025,99164,8,Total Arrearages,0.0
Avista,2025,99021,7,90 Days +,16545.56
Avista,2025,99113,6,60 Days,277.05
Avista,2025,99185,9,30 Days,2629.24
Avista,2025,99006,8,90 Days +,19917.22
Avista,2025,99217,4,30 Days,121019.67
Avista,2025,99171,1,30 Days,2222.94
Avista,2025,99224,6,Total Arrearages,155534.04
Avista,2025,99026,1,90 Days +,10786.44
Avista,2025,99161,4,Total Arrearages,23767.26
Avista,2025,99026,4,90 Days +,5350.72
Avista,2025,99019,1,90 Days +,21767.05
Avista,2025,99169,9,90 Days +,10238.71
Avista,2025,99033,9,90 Days +,17433.37
Avista,2025,99005,5,90 Days +,4546.28
Avista,2025,99216,7,60 Days,40381.77
Avista,2025,99146,5,30 Days,39.43
Avista,2025,99228,1,90 Days +,0.0
Avista,2025,99148,1,30 Days,15702.77
Avista,2025,99137,6,90 Days +,5175.88
Avista,2025,99148,4,90 Days +,9369.61
Avista,2025,99014,7,60 Days,270.52
Avista,2025,99208,1,90 Days +,175222.48
Avista,2025,99156,3,Total Arrearages,77.31
Avista,2025,99141,4,Total Arrearages,63101.13
Avista,2025,99341,6,30 Days,2306.04
Avista,2025,99157,7,90 Days +,4466.34
Avista,2025,99107,1,Total Arrearages,0.0
Avista,2025,99003,2,Total Arrearages,22895.96
Avista,2025,99344,4,60 Days,40331.18
Avista,2025,99013,1,90 Days +,34615.78
Avista,2025,99122,8,60 Days,5571.43
Avista,2025,99125,9,Total Arrearages,9744.87
Avista,2025,99141,5,90 Days +,19198.53
Avista,2025,99326,5,90 Days +,482.94
Avista,2025,99341,3,60 Days,2833.04
Avista,2025,99034,1,60 Days,8346.51
Avista,2025,99201,5,60 Days,71021.36
Avista,2025,98857,2,Total Arrearages,345.2
Avista,2025,99018,8,30 Days,144.54
Avista,2025,99034,5,30 Days,392.46
Avista,2025,99149,7,Total Arrearages,2415.72
Avista,2025,99202,6,90 Days +,88239.31
Avista,2025,99012,3,60 Days,5357.96
Avista,2025,99036,5,60 Days,917.93
Avista,2025,99011,2,60 Days,0.0
Avista,2025,99008,6,30 Days,3224.22
Avista,2025,99037,4,60 Days,17902.15
Avista,2025,99206,1,Total Arrearages,284040.78
Avista,2025,99218,7,60 Days,31722.3
Avista,2025,99019,1,60 Days,21392.83
Avista,2025,99201,9,90 Days +,81953.31
Avista,2025,99131,9,Total Arrearages,644.57
Avista,2025,99031,1,30 Days,2140.98
Avista,2025,99174,6,Total Arrearages,340.21
Avista,2025,99201,8,60 Days,48585.66
Avista,2025,99009,8,90 Days +,4410.45
Avista,2025,99029,9,Total Arrearages,5012.85
Avista,2025,99170,1,90 Days +,1933.44
Avista,2025,99185,3,Total Arrearages,22393.68
Avista,2025,99260,5,90 Days +,0.0
Avista,2025,99144,2,90 Days +,0.0
Avista,2025,99335,1,60 Days,0.0
Avista,2025,98648,5,60 Days,1733.25
Avista,2025,99126,2,60 Days,4719.87
Avista,2025,99218,2,Total Arrearages,102689.82
Avista,2025,99158,1,30 Days,776.48
Avista,2025,99114,5,90 Days +,44355.06
Avista,2025,99181,3,Total Arrearages,33625.34
Avista,2025,99218,3,60 Days,33827.3
Avista,2025,99005,1,Total Arrearages,35487.64
Avista,2025,99344,1,Total Arrearages,85378.5
Avista,2025,99151,5,Total Arrearages,2961.65
Avista,2025,99204,8,30 Days,21920.99
Avista,2025,99344,6,Total Arrearages,126873.37
Avista,2025,99026,4,30 Days,11218.25
Avista,2025,99163,8,Total Arrearages,254890.1
Avista,2025,99223,7,30 Days,91114.68
Avista,2025,99018,5,Total Arrearages,1119.47
Avista,2025,99117,6,30 Days,1122.16
Avista,2025,99126,8,30 Days,9221.8
Avista,2025,99016,8,30 Days,65410.61
Avista,2025,99016,1,90 Days +,39727.58
Avista,2025,99030,3,Total Arrearages,11918.03
Avista,2025,99169,5,Total Arrearages,36042.04
Avista,2025,99137,2,Total Arrearages,6229.75
Avista,2025,99126,1,90 Days +,2696.95
Avista,2025,99006,3,90 Days +,18572.85
Avista,2025,99159,8,30 Days,3672.89
Avista,2025,99110,8,90 Days +,1903.05
Avista,2025,99012,9,60 Days,1564.84
Avista,2025,99034,8,Total Arrearages,3416.1
Avista,2025,99144,1,30 Days,0.0
Avista,2025,99107,4,Total Arrearages,0.0
Avista,2025,99131,2,30 Days,68.18
Avista,2025,99217,3,90 Days +,77264.91
Avista,2025,99326,2,90 Days +,624.42
Avista,2025,99176,1,60 Days,0.0
Avista,2025,99169,4,60 Days,5659.28
Avista,2025,99158,7,30 Days,749.9
Avista,2025,99008,8,30 Days,1875.24
Avista,2025,99403,3,90 Days +,64981.89
Avista,2025,99201,9,30 Days,45562.36
Avista,2025,99030,6,30 Days,2397.52
Avista,2025,99111,6,Total Arrearages,58134.64
Avista,2025,99128,9,Total Arrearages,1602.92
Avista,2025,99013,3,30 Days,9988.64
Avista,2025,99020,3,90 Days +,0.0
Avista,2025,99203,5,Total Arrearages,139918.24
Avista,2025,99202,1,Total Arrearages,210091.38
Avista,2025,99223,8,Total Arrearages,253174.97
Avista,2025,99128,5,30 Days,675.07
Avista,2025,99029,9,30 Days,1062.43
Avista,2025,99179,6,Total Arrearages,8096.43
Avista,2025,99034,4,90 Days +,2070.47
Avista,2025,99206,8,Total Arrearages,229108.31
Avista,2025,99402,4,60 Days,3394.09
Avista,2025,99151,9,Total Arrearages,2185.5
Avista,2025,99170,2,30 Days,1550.74
Avista,2025,99216,5,Total Arrearages,257911.21
Avista,2025,99260,5,Total Arrearages,0.0
Avista,2025,99025,9,30 Days,8200.1
Avista,2025,99128,3,90 Days +,883.65
Avista,2025,99169,4,30 Days,15412.88
Avista,2025,99137,8,30 Days,2785.77
Avista,2025,99403,2,90 Days +,62011.85
Avista,2025,99148,3,Total Arrearages,35589.56
Avista,2025,99025,4,60 Days,7130.79
Avista,2025,99203,1,60 Days,19655.72
Avista,2025,99019,6,60 Days,32964.84
Avista,2025,99217,6,60 Days,60367.75
Avista,2025,99013,3,Total Arrearages,68513.46
Avista,2025,99173,4,Total Arrearages,55916.5
Avista,2025,99113,3,Total Arrearages,4220.88
Avista,2025,99208,8,60 Days,141916.31
Avista,2025,99146,2,90 Days +,0.0
Avista,2025,99403,8,60 Days,42300.97
Avista,2025,99216,7,Total Arrearages,188915.34
Avista,2025,99371,9,60 Days,250.37
Avista,2025,99033,8,90 Days +,19804.87
Avista,2025,99126,7,Total Arrearages,8956.0
Avista,2025,98620,7,90 Days +,9318.99
Avista,2025,99167,3,Total Arrearages,9769.71
Avista,2025,99174,6,90 Days +,276.63
Avista,2025,99171,8,30 Days,2210.34
Avista,2025,99128,1,Total Arrearages,2450.13
Avista,2025,99018,8,Total Arrearages,877.11
Avista,2025,99012,9,30 Days,3651.72
Avista,2025,99040,7,Total Arrearages,51568.44
Avista,2025,99223,8,90 Days +,93974.33
Avista,2025,99003,8,60 Days,2687.22
Avista,2025,99159,7,30 Days,3904.47
Avista,2025,99040,2,Total Arrearages,39516.59
Avista,2025,99040,5,90 Days +,38928.37
Avista,2025,99170,2,Total Arrearages,3512.71
Avista,2025,99179,6,30 Days,1144.4
Avista,2025,99125,4,Total Arrearages,8916.39
Avista,2025,99202,6,Total Arrearages,221995.55
Avista,2025,99040,1,90 Days +,34258.16
Avista,2025,99117,7,90 Days +,208.67
Avista,2025,99228,8,Total Arrearages,0.0
Avista,2025,99029,4,90 Days +,9195.32
Avista,2025,99026,8,90 Days +,2676.02
Avista,2025,99144,1,60 Days,0.0
Avista,2025,99014,2,60 Days,0.0
Avista,2025,99029,2,60 Days,4046.16
Avista,2025,99171,5,60 Days,837.74
Avista,2025,99219,6,Total Arrearages,0.0
Avista,2025,99101,8,90 Days +,7980.11
Avista,2025,99157,1,90 Days +,3467.41
Avista,2025,99146,1,90 Days +,0.0
Avista,2025,99170,6,Total Arrearages,8749.68
Avista,2025,99122,5,60 Days,9672.38
Avista,2025,99117,9,90 Days +,1325.39
Avista,2025,99003,2,90 Days +,1768.07
Avista,2025,99207,7,30 Days,133994.46
Avista,2025,99203,1,90 Days +,28319.53
Avista,2025,99029,1,60 Days,328.27
Avista,2025,99109,1,60 Days,4319.78
Avista,2025,99026,6,30 Days,2762.28
Avista,2025,99001,5,30 Days,18128.25
Avista,2025,99224,9,30 Days,36842.36
Avista,2025,99034,9,90 Days +,1677.71
Avista,2025,99011,4,Total Arrearages,0.0
Avista,2025,99011,8,Total Arrearages,0.0
Avista,2025,99402,4,30 Days,5385.61
Avista,2025,99212,1,Total Arrearages,304744.15
Avista,2025,99109,2,60 Days,5181.75
Avista,2025,99148,1,Total Arrearages,31940.95
Avista,2025,99006,4,Total Arrearages,70245.37
Avista,2025,99176,2,30 Days,308.38
Avista,2025,98648,2,60 Days,1139.7
Avista,2025,99212,6,90 Days +,117422.32
Avista,2025,99031,3,30 Days,4880.98
Avista,2025,99103,5,90 Days +,1451.19
Avista,2025,99146,4,30 Days,814.44
Avista,2025,99103,5,Total Arrearages,7085.97
Avista,2025,99131,2,Total Arrearages,588.42
Avista,2025,99171,2,30 Days,2105.93
Avista,2025,99173,4,30 Days,21422.06
Avista,2025,99006,7,Total Arrearages,52070.15
Avista,2025,99164,1,60 Days,0.0
Avista,2025,99141,7,60 Days,10980.7
Avista,2025,99228,1,Total Arrearages,0.0
Avista,2025,99103,8,90 Days +,2586.89
Avista,2025,99036,5,90 Days +,0.0
Avista,2025,99110,7,30 Days,2625.98
Avista,2025,98620,5,Total Arrearages,18286.76
Avista,2025,99031,5,Total Arrearages,15235.5
Avista,2025,99171,6,30 Days,3176.57
Avista,2025,99217,1,Total Arrearages,220644.26
Avista,2025,99018,9,90 Days +,122.37
Avista,2025,99104,2,60 Days,0.0
Avista,2025,99109,6,30 Days,15650.66
Avista,2025,99005,1,60 Days,8249.72
Avista,2025,99170,9,90 Days +,3814.81
Avista,2025,99219,2,Total Arrearages,0.0
Avista,2025,99164,9,Total Arrearages,0.0
Avista,2025,99207,1,90 Days +,151514.16
Avista,2025,99130,8,60 Days,1087.72
Avista,2025,99203,9,30 Days,43592.45
Avista,2025,99111,1,60 Days,2436.98
Avista,2025,99129,8,Total Arrearages,21137.91
Avista,2025,99157,2,60 Days,2636.51
Avista,2025,99176,6,90 Days +,2220.87
Avista,2025,99143,5,90 Days +,3609.85
Avista,2025,99027,3,Total Arrearages,74984.13
Avista,2025,99181,7,Total Arrearages,15016.05
Avista,2025,99163,6,60 Days,81775.98
Avista,2025,99223,5,30 Days,122050.74
Avista,2025,99371,9,90 Days +,1713.23
Avista,2025,99008,8,60 Days,1218.02
Avista,2025,99185,8,60 Days,3123.13
Avista,2025,99204,7,30 Days,23639.95
Avista,2025,99206,5,90 Days +,112649.28
Avista,2025,99039,9,90 Days +,5601.85
Avista,2025,99130,4,90 Days +,3385.69
Avista,2025,99110,4,30 Days,4243.12
Avista,2025,99202,2,Total Arrearages,204900.39
Avista,2025,99025,6,Total Arrearages,23766.6
Avista,2025,98648,1,60 Days,238.06
Avista,2025,99205,3,30 Days,292564.77
Avista,2025,99138,7,30 Days,7492.73
Avista,2025,99117,2,30 Days,2923.69
Avista,2025,99022,5,90 Days +,14699.33
Avista,2025,99137,1,60 Days,254.45
Avista,2025,99173,6,60 Days,6890.29
Avista,2025,99160,9,60 Days,21.92
Avista,2025,99040,3,30 Days,7144.36
Avista,2025,99167,9,90 Days +,2068.96
Avista,2025,99260,2,30 Days,0.0
Avista,2025,99022,4,30 Days,25540.75
Avista,2025,99174,4,Total Arrearages,1105.13
Avista,2025,99126,8,Total Arrearages,15960.39
Avista,2025,99159,9,Total Arrearages,10572.35
Avista,2025,99020,3,Total Arrearages,1149.69
Avista,2025,99009,5,60 Days,5910.28
Avista,2025,99161,7,90 Days +,4941.98
Avista,2025,99006,5,60 Days,22180.55
Avista,2025,99110,3,90 Days +,368.51
Avista,2025,99402,4,Total Arrearages,10136.99
Avista,2025,99011,5,Total Arrearages,0.0
Avista,2025,99205,1,90 Days +,155355.8
Avista,2025,99207,7,Total Arrearages,383328.43
Avista,2025,99030,9,60 Days,322.46
Avista,2025,99036,7,60 Days,21.0
Avista,2025,99141,5,30 Days,28977.43
Avista,2025,98620,6,90 Days +,9524.99
Avista,2025,99021,1,30 Days,23931.54
Avista,2025,99216,4,90 Days +,92350.86
Avista,2025,99113,5,30 Days,1599.26
Avista,2025,99008,3,90 Days +,7405.71
Avista,2025,99326,5,60 Days,765.72
Avista,2025,99203,8,30 Days,40779.32
Avista,2025,99170,5,60 Days,1094.1
Avista,2025,99131,6,30 Days,991.68
Avista,2025,99036,6,Total Arrearages,562.18
Avista,2025,99204,7,Total Arrearages,86854.16
Avista,2025,99109,8,Total Arrearages,33822.38
Avista,2025,99022,4,60 Days,10988.43
Avista,2025,99134,9,90 Days +,3687.14
Avista,2025,99201,3,Total Arrearages,283254.27
Avista,2025,99110,5,60 Days,2361.0
Avista,2025,99403,1,60 Days,6674.15
Avista,2025,99403,5,60 Days,42043.63
Avista,2025,99159,1,90 Days +,4648.0
Avista,2025,99179,9,90 Days +,5748.56
Avista,2025,99205,2,90 Days +,143539.69
Avista,2025,99181,9,30 Days,7471.11
Avista,2025,99016,7,30 Days,70852.47
Avista,2025,99160,5,30 Days,319.81
Avista,2025,99167,9,Total Arrearages,4597.88
Avista,2025,99023,8,90 Days +,0.0
Avista,2025,99016,9,60 Days,41909.05
Avista,2025,99008,3,Total Arrearages,10091.84
Avista,2025,99146,6,60 Days,46.72
Avista,2025,99026,5,60 Days,4812.07
Avista,2025,99371,7,60 Days,562.12
Avista,2025,99137,3,90 Days +,5632.3
Avista,2025,99129,1,90 Days +,8656.58
Avista,2025,99125,5,30 Days,1376.03
Avista,2025,98648,3,90 Days +,1963.43
Avista,2025,99204,5,90 Days +,50546.81
Avista,2025,99022,6,30 Days,18306.87
Avista,2025,99156,9,60 Days,59.61
Avista,2025,99223,7,90 Days +,111405.12
Avista,2025,99034,1,Total Arrearages,9552.1
Avista,2025,99212,1,30 Days,139999.8
Avista,2025,99110,6,30 Days,2866.63
Avista,2025,99014,6,30 Days,208.38
Avista,2025,99138,9,30 Days,6590.73
Avista,2025,99034,1,90 Days +,322.65
Avista,2025,99143,3,30 Days,2351.67
Avista,2025,99114,3,Total Arrearages,139892.6
Avista,2025,99032,9,Total Arrearages,5324.45
Avista,2025,99018,6,90 Days +,787.88
Avista,2025,99122,7,Total Arrearages,22205.78
Avista,2025,99204,1,30 Days,32511.04
Avista,2025,99126,7,90 Days +,3859.7
Avista,2025,99016,8,Total Arrearages,168705.88
Avista,2025,99141,4,60 Days,16351.57
Avista,2025,99402,2,Total Arrearages,11606.61
Avista,2025,99126,4,90 Days +,6539.28
Avista,2025,99326,3,60 Days,778.44
Avista,2025,99169,9,30 Days,5767.7
Avista,2025,99014,7,Total Arrearages,1469.86
Avista,2025,99224,2,90 Days +,44364.41
Avista,2025,99022,5,Total Arrearages,47853.3
Avista,2025,99201,6,90 Days +,97269.96
Avista,2025,99167,4,30 Days,3808.27
Avista,2025,99260,7,Total Arrearages,0.0
Avista,2025,99027,8,60 Days,13324.98
Avista,2025,99179,2,Total Arrearages,4526.58
Avista,2025,99144,2,60 Days,0.0
Avista,2025,99141,6,Total Arrearages,57914.14
Avista,2025,99137,3,30 Days,3508.79
Avista,2025,99107,2,60 Days,0.0
Avista,2025,99207,3,60 Days,171171.36
Avista,2025,99039,6,60 Days,496.93
Avista,2025,99141,8,Total Arrearages,45350.63
Avista,2025,99128,7,30 Days,167.42
Avista,2025,99114,7,90 Days +,43304.45
Avista,2025,99171,9,60 Days,1243.64
Avista,2025,99107,2,30 Days,160.47
Avista,2025,99228,1,60 Days,0.0
Avista,2025,99176,4,90 Days +,0.0
Avista,2025,99126,7,60 Days,1853.26
Avista,2025,99159,6,60 Days,7068.58
Avista,2025,99403,8,Total Arrearages,167201.98
Avista,2025,99212,5,Total Arrearages,341110.11
Avista,2025,99158,7,60 Days,423.9
Avista,2025,99344,5,90 Days +,46047.04
Avista,2025,99217,8,90 Days +,58084.41
Avista,2025,99130,6,Total Arrearages,12155.22
Avista,2025,99156,2,30 Days,0.0
Avista,2025,99109,9,90 Days +,15094.45
Avista,2025,99014,8,30 Days,161.27
Avista,2025,99005,8,60 Days,7477.56
Avista,2025,99218,4,90 Days +,34487.03
Avista,2025,99107,4,90 Days +,0.0
Avista,2025,99020,2,30 Days,90.79
Avista,2025,99029,1,30 Days,3324.32
Avista,2025,99146,3,60 Days,227.27
Avista,2025,99030,1,60 Days,636.98
Avista,2025,99126,4,30 Days,6372.8
Avista,2025,99126,3,90 Days +,2664.96
Avista,2025,99159,3,60 Days,3937.21
Avista,2025,99036,2,90 Days +,495.22
Avista,2025,99016,4,30 Days,92045.6
Avista,2025,99030,5,Total Arrearages,12473.22
Avista,2025,99217,4,60 Days,59819.87
Avista,2025,99158,3,Total Arrearages,4599.25
Avista,2025,99169,2,90 Days +,8562.62
Avista,2025,99203,7,60 Days,20320.86
Avista,2025,98620,8,90 Days +,6479.7
Avista,2025,99013,4,90 Days +,53525.12
Avista,2025,99163,8,90 Days +,127898.94
Avista,2025,99160,6,Total Arrearages,935.67
Avista,2025,99218,3,Total Arrearages,164274.8
Avista,2025,99122,5,30 Days,7256.97
Avista,2025,99008,5,90 Days +,8334.03
Avista,2025,99174,6,30 Days,63.58
Avista,2025,99208,4,60 Days,165597.25
Avista,2025,99110,2,30 Days,8336.07
Avista,2025,99402,9,30 Days,4382.62
Avista,2025,99036,8,60 Days,181.77
Avista,2025,99006,7,90 Days +,17265.39
Avista,2025,99341,5,Total Arrearages,17786.42
Avista,2025,99157,3,30 Days,8913.95
Avista,2025,99018,3,30 Days,891.25
Avista,2025,99111,7,30 Days,5280.51
Avista,2025,99034,3,Total Arrearages,2559.24
Avista,2025,99204,4,60 Days,31001.63
Avista,2025,99039,9,30 Days,920.91
Avista,2025,99148,8,30 Days,8955.61
Avista,2025,99169,1,60 Days,1067.39
Avista,2025,99143,2,90 Days +,1317.03
Avista,2025,99103,2,Total Arrearages,5841.19
Avista,2025,99036,1,30 Days,395.5
Avista,2025,99019,4,60 Days,17328.66
Avista,2025,99012,8,90 Days +,4579.3
Avista,2025,99156,6,30 Days,0.0
Avista,2025,99216,6,30 Days,58218.23
Avista,2025,99146,1,30 Days,36.5
Avista,2025,99008,7,90 Days +,2521.48
Avista,2025,99110,8,Total Arrearages,4649.09
Avista,2025,99020,1,30 Days,309.4
Avista,2025,99032,3,60 Days,2801.85
Avista,2025,99011,9,Total Arrearages,0.0
Avista,2025,99341,3,90 Days +,5866.17
Avista,2025,99224,4,90 Days +,49511.61
Avista,2025,99179,6,90 Days +,6573.1
Avista,2025,99138,9,Total Arrearages,24616.19
Avista,2025,99403,7,90 Days +,51333.52
Avista,2025,99003,8,90 Days +,7568.53
Avista,2025,98648,5,90 Days +,1800.06
Avista,2025,99201,7,Total Arrearages,179301.51
Avista,2025,99111,2,90 Days +,18842.46
Avista,2025,99224,1,90 Days +,51799.08
Avista,2025,99031,6,90 Days +,4301.65
Avista,2025,99206,3,Total Arrearages,402194.78
Avista,2025,99102,3,30 Days,5011.84
Avista,2025,99030,9,Total Arrearages,8991.29
Avista,2025,99220,4,90 Days +,0.0
Avista,2025,99204,5,Total Arrearages,142839.28
Avista,2025,99101,3,Total Arrearages,33025.29
Avista,2025,99122,3,Total Arrearages,33084.92
Avista,2025,98857,9,30 Days,156.51
Avista,2025,99224,7,30 Days,42594.87
Avista,2025,99216,9,60 Days,55968.13
Avista,2025,99217,1,30 Days,103564.75
Avista,2025,99344,4,90 Days +,41406.05
Avista,2025,99107,3,Total Arrearages,0.0
Avista,2025,99176,2,Total Arrearages,308.38
Avista,2025,99167,4,60 Days,2558.8
Avista,2025,99170,5,90 Days +,4631.8
Avista,2025,99179,4,Total Arrearages,7676.88
Avista,2025,99169,7,60 Days,2839.31
Avista,2025,99185,6,90 Days +,7757.84
Avista,2025,99009,7,90 Days +,4367.1
Avista,2025,99146,3,30 Days,515.05
Avista,2025,99205,5,30 Days,197826.65
Avista,2025,99185,3,90 Days +,2662.79
Avista,2025,99107,2,90 Days +,0.0
Avista,2025,99023,5,Total Arrearages,995.5
Avista,2025,99171,7,Total Arrearages,7970.19
Avista,2025,99014,1,Total Arrearages,819.09
Avista,2025,99402,5,90 Days +,2216.54
Avista,2025,99018,6,60 Days,0.0
Avista,2025,99146,6,90 Days +,685.89
Avista,2025,99224,4,60 Days,55433.2
Avista,2025,99161,9,Total Arrearages,11217.04
Avista,2025,99034,6,30 Days,309.22
Avista,2025,99001,5,60 Days,17132.45
Avista,2025,99185,5,Total Arrearages,18658.59
Avista,2025,99371,8,30 Days,1058.14
Avista,2025,99158,8,60 Days,554.76
Avista,2025,99111,3,90 Days +,25226.63
Avista,2025,99159,8,90 Days +,6607.13
Avista,2025,99130,3,60 Days,5117.55
Avista,2025,99179,7,30 Days,896.4
Avista,2025,98648,4,Total Arrearages,4034.6
Avista,2025,99170,3,90 Days +,1830.42
Avista,2025,99170,2,60 Days,382.11
Avista,2025,99138,5,Total Arrearages,35476.9
Avista,2025,99179,4,60 Days,1249.76
Avista,2025,99130,7,30 Days,1458.3
Avista,2025,99403,6,60 Days,41269.28
Avista,2025,99102,8,Total Arrearages,6714.08
Avista,2025,99036,8,90 Days +,0.0
Avista,2025,99037,7,30 Days,8247.15
Avista,2025,99009,3,90 Days +,10568.18
Avista,2025,99201,7,90 Days +,93736.11
Avista,2025,99170,8,60 Days,2318.36
Avista,2025,99125,9,60 Days,508.22
Avista,2025,99104,5,Total Arrearages,0.0
Avista,2025,99004,9,30 Days,5220.62
Avista,2025,99021,1,60 Days,13282.08
Avista,2025,98857,4,Total Arrearages,477.86
Avista,2025,99171,3,90 Days +,7484.01
Avista,2025,99202,5,30 Days,91935.45
Avista,2025,99341,7,30 Days,2116.11
Avista,2025,99179,8,Total Arrearages,7391.92
Avista,2025,99151,3,90 Days +,1933.01
Avista,2025,99163,9,60 Days,57894.43
Avista,2025,99143,8,90 Days +,4784.85
Avista,2025,99161,6,30 Days,6153.48
Avista,2025,99216,7,30 Days,54747.06
Avista,2025,99125,1,Total Arrearages,3566.41
Avista,2025,99185,1,Total Arrearages,14889.28
Avista,2025,99032,8,Total Arrearages,5855.24
Avista,2025,99130,8,90 Days +,5515.35
Avista,2025,99109,6,90 Days +,25378.29
Avista,2025,99117,5,Total Arrearages,9039.28
Avista,2025,99159,2,60 Days,288.32
Avista,2025,99033,1,30 Days,3358.59
Avista,2025,99125,8,Total Arrearages,8065.31
Avista,2025,99156,8,90 Days +,81.16
Avista,2025,99146,8,60 Days,532.36
Avista,2025,99170,3,Total Arrearages,12783.92
Avista,2025,99402,8,60 Days,1463.29
Avista,2025,99207,1,60 Days,97546.8
Avista,2025,99101,3,90 Days +,11703.92
Avista,2025,99023,5,60 Days,527.76
Avista,2025,99018,3,90 Days +,2381.17
Avista,2025,99212,8,90 Days +,90464.65
Avista,2025,99037,1,30 Days,19670.85
Avista,2025,99157,8,30 Days,1847.61
Avista,2025,99023,1,90 Days +,401.5
Avista,2025,99146,3,90 Days +,0.0
Avista,2025,99021,5,Total Arrearages,78570.31
Avista,2025,99109,7,60 Days,8619.51
Avista,2025,99019,7,30 Days,33053.22
Avista,2025,99148,8,60 Days,6249.35
Avista,2025,99160,5,Total Arrearages,1579.25
Avista,2025,99163,8,60 Days,53396.84
Avista,2025,99001,8,90 Days +,15932.52
Avista,2025,99012,4,Total Arrearages,14981.23
Avista,2025,99173,9,90 Days +,22185.94
Avista,2025,99020,9,Total Arrearages,337.1
Avista,2025,99030,5,90 Days +,6819.6
Avista,2025,99012,1,Total Arrearages,14707.62
Avista,2025,99008,9,30 Days,398.89
Avista,2025,99202,7,60 Days,42541.89
Avista,2025,99146,9,90 Days +,604.51
Avista,2025,99371,3,Total Arrearages,12498.76
Avista,2025,99016,1,30 Days,103664.07
Avista,2025,99164,2,30 Days,7.23
Avista,2025,99036,3,Total Arrearages,637.55
Avista,2025,99005,2,30 Days,23297.17
Avista,2025,99109,8,30 Days,15284.78
Avista,2025,99218,5,Total Arrearages,149557.27
Avista,2025,99131,8,Total Arrearages,1211.25
Avista,2025,99181,7,60 Days,5269.34
Avista,2025,99036,2,Total Arrearages,890.6
Avista,2025,99156,3,30 Days,0.0
Avista,2025,99020,4,60 Days,925.79
Avista,2025,99006,1,90 Days +,21357.91
Avista,2025,99001,4,30 Days,18305.8
Avista,2025,99021,7,60 Days,9699.84
Avista,2025,99029,8,Total Arrearages,11402.41
Avista,2025,99020,4,Total Arrearages,1356.2
Avista,2025,99159,6,90 Days +,2959.78
Avista,2025,99122,4,60 Days,7513.37
Avista,2025,99016,4,90 Days +,45574.82
Avista,2025,99335,5,Total Arrearages,0.0
Avista,2025,99217,5,30 Days,90349.22
Avista,2025,99206,6,90 Days +,120142.97
Avista,2025,99111,9,90 Days +,43589.29
Avista,2025,99129,2,90 Days +,8134.11
Avista,2025,99027,6,90 Days +,27134.45
Avista,2025,99156,2,Total Arrearages,64.09
Avista,2025,99117,9,30 Days,577.23
Avista,2025,99158,6,90 Days +,4452.22
Avista,2025,99223,3,60 Days,95433.51
Avista,2025,99003,2,60 Days,7484.45
Avista,2025,99181,4,Total Arrearages,33626.72
Avista,2025,99003,3,30 Days,19718.76
Avista,2025,99156,7,Total Arrearages,50.6
Avista,2025,99102,3,90 Days +,3358.55
Avista,2025,99125,8,90 Days +,6799.43
Avista,2025,99103,4,60 Days,1955.71
Avista,2025,99009,2,Total Arrearages,24777.53
Avista,2025,99146,5,Total Arrearages,1694.62
Avista,2025,99260,4,90 Days +,0.0
Avista,2025,99201,6,30 Days,50309.59
Avista,2025,99122,2,Total Arrearages,33667.57
Avista,2025,99004,4,Total Arrearages,47934.03
Avista,2025,99023,7,Total Arrearages,897.29
Avista,2025,99104,4,90 Days +,0.0
Avista,2025,99008,2,30 Days,1114.96
Avista,2025,99167,5,Total Arrearages,9318.13
Avista,2025,99117,5,30 Days,1761.68
Avista,2025,98648,6,90 Days +,2695.19
Avista,2025,99032,6,30 Days,1974.19
Avista,2025,99030,2,Total Arrearages,10600.91
Avista,2025,99114,7,30 Days,32133.6
Avista,2025,99174,4,90 Days +,886.97
Avista,2025,99004,6,30 Days,8023.97
Avista,2025,99012,5,Total Arrearages,14422.14
Avista,2025,99138,2,Total Arrearages,25868.03
Avista,2025,99143,7,Total Arrearages,6067.44
Avista,2025,99009,7,60 Days,10960.71
Avista,2025,99201,3,30 Days,92043.3
Avista,2025,99158,3,30 Days,2297.39
Avista,2025,99160,8,Total Arrearages,587.22
Avista,2025,99033,2,30 Days,5471.7
Avista,2025,99125,7,90 Days +,6242.89
Avista,2025,99039,5,90 Days +,332.16
Avista,2025,99223,1,90 Days +,99982.78
Avista,2025,99216,9,Total Arrearages,203366.45
Avista,2025,99033,2,Total Arrearages,19801.16
Avista,2025,99021,7,30 Days,16242.96
Avista,2025,99009,8,30 Days,5258.89
Avista,2025,99167,7,Total Arrearages,7045.45
Avista,2025,99103,5,60 Days,1949.18
Avista,2025,99134,6,60 Days,818.25
Avista,2025,99149,4,30 Days,663.45
Avista,2025,99212,7,60 Days,58764.42
Avista,2025,99223,6,90 Days +,119295.66
Avista,2025,99403,5,90 Days +,58619.68
Avista,2025,99004,1,30 Days,8743.98
Avista,2025,99032,4,30 Days,570.84
Avista,2025,99164,1,30 Days,0.0
Avista,2025,99008,8,90 Days +,4851.25
Avista,2025,99204,1,90 Days +,46385.88
Avista,2025,99013,8,Total Arrearages,61749.98
Avista,2025,99012,4,30 Days,5406.42
Avista,2025,99125,1,60 Days,762.16
Avista,2025,99130,9,30 Days,3177.66
Avista,2025,99207,3,Total Arrearages,594090.23
Avista,2025,99335,9,Total Arrearages,0.0
Avista,2025,99012,4,60 Days,2813.68
Avista,2025,99025,5,60 Days,9827.88
Avista,2025,99026,7,Total Arrearages,16595.54
Avista,2025,99144,5,Total Arrearages,0.0
Avista,2025,99019,9,Total Arrearages,86550.48
Avista,2025,99034,5,Total Arrearages,2960.88
Avista,2025,99036,5,30 Days,20.14
Avista,2025,99019,7,90 Days +,21255.6
Avista,2025,99023,5,30 Days,467.74
Avista,2025,99012,6,90 Days +,7710.05
Avista,2025,99149,4,Total Arrearages,5522.15
Avista,2025,99157,2,30 Days,3605.9
Avista,2025,99014,8,90 Days +,910.57
Avista,2025,99161,6,90 Days +,8796.92
Avista,2025,99163,4,Total Arrearages,272810.47
Avista,2025,99151,6,60 Days,1234.48
Avista,2025,99039,4,30 Days,1209.39
Avista,2025,99138,1,Total Arrearages,29611.01
Avista,2025,99341,7,Total Arrearages,9595.94
Avista,2025,99111,3,30 Days,13851.12
Avista,2025,99203,7,30 Days,39737.27
Avista,2025,99036,9,Total Arrearages,275.02
Avista,2025,99103,5,30 Days,3685.6
Avista,2025,99101,8,Total Arrearages,17688.82
Avista,2025,98857,4,90 Days +,0.0
Avista,2025,99201,4,Total Arrearages,243521.12
Avista,2025,99125,4,60 Days,335.12
Avista,2025,98620,1,Total Arrearages,12019.73
Avista,2025,99208,7,30 Days,184130.73
Avista,2025,99111,1,Total Arrearages,26862.86
Avista,2025,99201,2,30 Days,69136.63
Avista,2025,99181,6,30 Days,9030.96
Avista,2025,99218,4,60 Days,46861.73
Avista,2025,99023,4,30 Days,464.74
Avista,2025,99160,2,90 Days +,383.81
Avista,2025,99402,8,30 Days,3126.18
Avista,2025,99125,3,30 Days,2253.31
Avista,2025,99005,9,30 Days,15375.66
Avista,2025,99204,2,60 Days,22667.72
Avista,2025,99204,2,Total Arrearages,100493.58
Avista,2025,99341,1,90 Days +,3557.33
Avista,2025,99031,4,60 Days,4739.58
Avista,2025,99223,4,90 Days +,105319.31
Avista,2025,99344,3,90 Days +,26157.48
Avista,2025,99014,4,30 Days,849.17
Avista,2025,99001,2,30 Days,17436.17
Avista,2025,99008,4,90 Days +,11388.5
Avista,2025,99151,2,60 Days,380.31
Avista,2025,99110,5,30 Days,2097.18
Avista,2025,99114,2,Total Arrearages,134568.81
Avista,2025,99203,6,90 Days +,43229.31
Avista,2025,99137,9,30 Days,933.78
Avista,2025,99179,8,90 Days +,5304.49
Avista,2025,99019,8,Total Arrearages,85679.38
Avista,2025,99008,3,60 Days,1272.61
Avista,2025,99128,6,Total Arrearages,1271.91
Avista,2025,99185,9,90 Days +,5023.08
Avista,2025,99217,8,Total Arrearages,163034.91
Avista,2025,99161,6,Total Arrearages,17581.79
Avista,2025,99031,2,Total Arrearages,8103.89
Avista,2025,99104,3,30 Days,0.0
Avista,2025,99206,1,90 Days +,99122.66
Avista,2025,99185,8,30 Days,4855.85
Avista,2025,99205,7,30 Days,136842.91
Avista,2025,99037,1,Total Arrearages,45180.16
Avista,2025,99109,5,60 Days,14730.42
Avista,2025,99207,4,60 Days,162181.99
Avista,2025,99176,1,30 Days,915.08
Avista,2025,99014,1,30 Days,213.23
Avista,2025,99171,7,90 Days +,4650.75
Avista,2025,99141,9,Total Arrearages,42594.41
Avista,2025,99202,4,Total Arrearages,267902.21
Avista,2025,99161,3,Total Arrearages,25892.17
Avista,2025,99223,9,Total Arrearages,256262.98
Avista,2025,99151,6,90 Days +,425.65
Avista,2025,99260,1,30 Days,0.0
Avista,2025,99022,1,60 Days,5985.46
Avista,2025,99040,4,30 Days,3828.72
Avista,2025,99107,1,90 Days +,0.0
Avista,2025,99181,2,Total Arrearages,31529.17
Avista,2025,99019,5,30 Days,57006.0
Avista,2025,99173,4,60 Days,12412.52
Avista,2025,99344,7,90 Days +,41911.13
Avista,2025,98620,8,60 Days,1759.53
Avista,2025,99218,2,90 Days +,31971.2
Avista,2025,99009,9,90 Days +,3655.21
Avista,2025,99117,6,90 Days +,1479.26
Avista,2025,99207,1,30 Days,170154.42
Avista,2025,99029,6,30 Days,5108.15
Avista,2025,99156,6,90 Days +,77.4
Avista,2025,99223,4,30 Days,123059.41
Avista,2025,99403,2,30 Days,66986.21
Avista,2025,99204,3,Total Arrearages,126466.72
Avista,2025,99126,8,60 Days,3120.07
Avista,2025,99102,5,30 Days,5699.15
Avista,2025,99034,3,60 Days,0.0
Avista,2025,99224,3,30 Days,112221.79
Avista,2025,99102,3,60 Days,3876.39
Avista,2025,99001,7,30 Days,7785.11
Avista,2025,99176,8,90 Days +,2100.02
Avista,2025,99171,8,60 Days,1846.73
Avista,2025,99179,3,90 Days +,2783.72
Avista,2025,99260,3,Total Arrearages,0.0
Avista,2025,99033,6,Total Arrearages,30973.4
Avista,2025,99036,4,90 Days +,0.0
Avista,2025,99129,4,90 Days +,8605.56
Avista,2025,99021,3,60 Days,17850.39
Avista,2025,99217,2,60 Days,80044.81
Avista,2025,99011,4,90 Days +,0.0
Avista,2025,99326,6,90 Days +,1041.43
Avista,2025,99026,1,30 Days,4291.23
Avista,2025,99113,6,Total Arrearages,2662.75
Avista,2025,99402,5,Total Arrearages,10562.23
Avista,2025,99101,7,60 Days,3930.29
Avista,2025,99224,6,90 Days +,51698.16
Avista,2025,99202,7,90 Days +,92937.8
Avista,2025,99023,8,Total Arrearages,113.86
Avista,2025,99149,7,30 Days,591.6
Avista,2025,99228,7,Total Arrearages,0.0
Avista,2025,99134,8,30 Days,1977.94
Avista,2025,99110,3,30 Days,6308.57
Avista,2025,99128,6,30 Days,391.77
Avista,2025,99149,5,60 Days,666.52
Avista,2025,99148,5,30 Days,13242.39
Avista,2025,99018,5,60 Days,189.32
Avista,2025,99344,3,30 Days,57975.41
Avista,2025,99012,6,60 Days,3232.26
Avista,2025,99027,4,30 Days,23287.26
Avista,2025,99167,4,90 Days +,798.22
Avista,2025,99022,4,90 Days +,20164.74
Avista,2025,99218,2,60 Days,25777.97
Avista,2025,99032,8,90 Days +,3021.92
Avista,2025,99223,9,30 Days,104317.89
Avista,2025,99013,4,Total Arrearages,70087.36
Avista,2025,99158,2,Total Arrearages,3646.57
Avista,2025,99037,6,Total Arrearages,31618.76
Avista,2025,99003,1,Total Arrearages,20832.57
Avista,2025,98620,9,30 Days,2698.25
Avista,2025,99102,2,90 Days +,5416.17
Avista,2025,99402,6,Total Arrearages,7702.98
Avista,2025,99181,8,90 Days +,5727.49
Avista,2025,99019,5,60 Days,20686.16
Avista,2025,99156,5,Total Arrearages,62.35
Avista,2025,99032,2,30 Days,3654.39
Avista,2025,99216,7,90 Days +,93786.51
Avista,2025,99111,6,60 Days,6128.24
Avista,2025,99170,7,Total Arrearages,10893.45
Avista,2025,99146,1,Total Arrearages,36.5
Avista,2025,99021,6,Total Arrearages,50163.12
Avista,2025,99020,5,Total Arrearages,556.13
Avista,2025,99163,3,60 Days,80921.88
Avista,2025,99212,4,60 Days,99805.96
Avista,2025,99013,5,30 Days,8161.66
Avista,2025,99163,5,30 Days,116037.89
Avista,2025,99134,9,60 Days,1271.8
Avista,2025,99129,9,30 Days,5418.45
Avista,2025,99344,7,Total Arrearages,89783.26
Avista,2025,99027,5,90 Days +,21808.17
Avista,2025,99160,1,90 Days +,1191.54
Avista,2025,98620,2,Total Arrearages,17201.09
Avista,2025,99208,2,90 Days +,179318.0
Avista,2025,99113,1,90 Days +,820.01
Avista,2025,99160,8,90 Days +,403.96
Avista,2025,99109,4,Total Arrearages,50822.98
Avista,2025,99110,7,60 Days,760.59
Avista,2025,99203,1,Total Arrearages,110787.47
Avista,2025,99176,8,30 Days,380.05
Avista,2025,99033,9,Total Arrearages,20983.44
Avista,2025,99326,1,Total Arrearages,2807.73
Avista,2025,99039,7,30 Days,153.36
Avista,2025,99160,7,Total Arrearages,941.29
Avista,2025,99131,3,90 Days +,556.33
Avista,2025,99205,2,Total Arrearages,546315.59
Avista,2025,99104,8,Total Arrearages,0.0
Avista,2025,99205,5,90 Days +,149398.12
Avista,2025,99216,9,90 Days +,79010.51
Avista,2025,99181,6,90 Days +,10307.28
Avista,2025,99203,2,90 Days +,27540.84
Avista,2025,99018,7,90 Days +,784.95
Avista,2025,99013,1,30 Days,9842.77
Avista,2025,99107,9,Total Arrearages,0.0
Avista,2025,99158,6,60 Days,1156.11
Avista,2025,99335,7,Total Arrearages,0.0
Avista,2025,99022,7,30 Days,12262.29
Avista,2025,99001,8,30 Days,15633.81
Avista,2025,99027,2,30 Days,18305.01
Avista,2025,99101,8,60 Days,3820.41
Avista,2025,99025,1,60 Days,4624.8
Avista,2025,99014,6,90 Days +,921.3
Avista,2025,99170,7,60 Days,2994.92
Avista,2025,99117,5,60 Days,2306.09
Avista,2025,98857,6,Total Arrearages,92.27
Avista,2025,99131,6,60 Days,420.11
Avista,2025,99022,7,Total Arrearages,41687.34
Avista,2025,99129,4,Total Arrearages,27769.49
Avista,2025,99003,4,Total Arrearages,25619.73
Avista,2025,99131,7,90 Days +,245.08
Avista,2025,99126,5,60 Days,2946.99
Avista,2025,99326,6,60 Days,273.87
Avista,2025,99104,2,90 Days +,0.0
Avista,2025,98648,1,30 Days,1225.2
Avista,2025,99032,7,90 Days +,2994.1
Avista,2025,99037,2,30 Days,26708.62
Avista,2025,99003,1,90 Days +,4675.81
Avista,2025,99326,8,60 Days,242.8
Avista,2025,99223,6,60 Days,85618.34
Avista,2025,99160,6,60 Days,9.27
Avista,2025,99027,7,90 Days +,20258.95
Avista,2025,99111,2,60 Days,9350.9
Avista,2025,99185,2,Total Arrearages,23256.56
Avista,2025,99021,3,Total Arrearages,83717.88
Avista,2025,99206,8,30 Days,78386.97
Avista,2025,99218,7,90 Days +,45719.18
Avista,2025,99203,4,Total Arrearages,167987.29
Avista,2025,99020,2,Total Arrearages,319.11
Avista,2025,99159,1,60 Days,1038.68
Avista,2025,99125,9,90 Days +,7973.71
Avista,2025,99143,4,Total Arrearages,7405.17
Avista,2025,99109,2,30 Days,14252.83
Avista,2025,99260,1,90 Days +,0.0
Avista,2025,99022,5,60 Days,15903.68
Avista,2025,99217,6,Total Arrearages,185903.17
Avista,2025,99202,8,60 Days,54179.47
Avista,2025,99203,9,60 Days,20568.02
Avista,2025,99149,7,60 Days,76.22
Avista,2025,99212,3,Total Arrearages,422784.88
Avista,2025,99205,1,30 Days,208478.4
Avista,2025,99201,3,60 Days,79496.29
Avista,2025,99158,9,90 Days +,2883.83
Avista,2025,99029,3,Total Arrearages,14167.44
Avista,2025,99144,6,Total Arrearages,0.0
Avista,2025,99170,7,90 Days +,5127.25
Avista,2025,99004,6,90 Days +,17825.84
Avista,2025,99402,8,90 Days +,3977.64
Avista,2025,99204,8,90 Days +,46410.08
Avista,2025,99335,6,Total Arrearages,0.0
Avista,2025,99149,9,Total Arrearages,5649.26
Avista,2025,99036,6,30 Days,206.02
Avista,2025,99130,8,30 Days,5674.26
Avista,2025,99185,3,30 Days,11761.32
Avista,2025,99371,9,30 Days,1957.2
Avista,2025,99103,3,60 Days,937.64
Avista,2025,99005,3,90 Days +,11899.81
Avista,2025,98648,8,60 Days,197.34
Avista,2025,99156,1,Total Arrearages,50.4
Avista,2025,99001,7,90 Days +,17129.77
Avista,2025,99033,4,30 Days,2165.92
Avista,2025,99027,5,30 Days,36640.64
Avista,2025,99128,1,60 Days,0.0
Avista,2025,99037,6,60 Days,10518.67
Avista,2025,99037,4,Total Arrearages,57888.71
Avista,2025,99022,9,30 Days,9353.74
Avista,2025,99006,8,30 Days,25914.13
Avista,2025,99114,6,90 Days +,50018.87
Avista,2025,99202,7,30 Days,46188.36
Avista,2025,99371,7,90 Days +,3630.84
Avista,2025,99216,4,60 Days,79385.22
Avista,2025,99134,9,Total Arrearages,6432.03
Avista,2025,99203,8,Total Arrearages,94151.02
Avista,2025,99218,5,90 Days +,50641.76
Avista,2025,99117,3,30 Days,2806.63
Avista,2025,99202,1,30 Days,81272.24
Avista,2025,99212,3,60 Days,92459.23
Avista,2025,99111,4,60 Days,9086.77
Avista,2025,99149,2,30 Days,129.12
Avista,2025,99260,2,60 Days,0.0
Avista,2025,99158,6,30 Days,1390.0
Avista,2025,99014,3,90 Days +,0.0
Avista,2025,99208,4,30 Days,273041.37
Avista,2025,99027,4,60 Days,15355.11
Avista,2025,99101,8,30 Days,5888.3
Avista,2025,99185,8,Total Arrearages,10142.4
Avista,2025,99033,7,90 Days +,22121.17
Avista,2025,99005,8,30 Days,16497.9
Avista,2025,99216,6,Total Arrearages,215308.88
Avista,2025,99013,1,60 Days,8499.16
Avista,2025,99033,1,Total Arrearages,13200.64
Avista,2025,99202,8,90 Days +,79287.72
Avista,2025,99174,1,90 Days +,763.37
Avista,2025,99169,5,30 Days,7931.54
Avista,2025,99005,9,Total Arrearages,26990.36
Avista,2025,99020,2,90 Days +,0.0
Avista,2025,99157,3,Total Arrearages,16189.15
Avista,2025,99022,9,90 Days +,14098.38
Avista,2025,99037,7,Total Arrearages,28841.93
Avista,2025,99158,1,60 Days,0.0
Avista,2025,99025,2,30 Days,10083.35
Avista,2025,99223,3,Total Arrearages,439544.11
Avista,2025,99014,5,90 Days +,385.56
Avista,2025,99156,5,90 Days +,62.35
Avista,2025,99167,7,30 Days,1400.34
Avista,2025,99143,6,30 Days,1623.04
Avista,2025,99104,4,30 Days,30.81
Avista,2025,99030,7,90 Days +,6024.82
Avista,2025,99403,9,30 Days,42701.64
Avista,2025,99110,7,90 Days +,4212.46
Avista,2025,99167,3,60 Days,1609.83
Avista,2025,99204,2,90 Days +,42865.85
Avista,2025,99203,7,Total Arrearages,94523.09
Avista,2025,99114,3,30 Days,60421.09
Avista,2025,98620,5,30 Days,5450.5
Avista,2025,99403,1,Total Arrearages,123845.72
Avista,2025,99102,9,30 Days,2432.48
Avista,2025,99109,6,60 Days,9069.11
Avista,2025,99224,8,Total Arrearages,151404.53
Avista,2025,99004,8,60 Days,3502.17
Avista,2025,99125,6,90 Days +,8582.01
Avista,2025,99022,3,Total Arrearages,55229.21
Avista,2025,99208,9,90 Days +,187982.71
Avista,2025,99169,4,Total Arrearages,38422.09
Avista,2025,99101,3,30 Days,15342.14
Avista,2025,99129,9,90 Days +,6252.88
Avista,2025,99009,9,30 Days,4480.48
Avista,2025,99113,5,Total Arrearages,3079.21
Avista,2025,99012,1,30 Days,6807.54
Avista,2025,99201,1,90 Days +,92013.35
Avista,2025,99220,1,60 Days,0.0
Avista,2025,99169,8,90 Days +,9289.48
Avista,2025,99163,6,30 Days,87677.09
Avista,2025,99036,2,60 Days,196.13
Avista,2025,99130,9,Total Arrearages,13436.3
Avista,2025,99029,8,90 Days +,4311.31
Avista,2025,99029,4,Total Arrearages,18339.96
Avista,2025,99016,4,60 Days,68469.62
Avista,2025,99031,5,60 Days,11725.45
Avista,2025,99019,2,90 Days +,24556.56
Avista,2025,99151,1,90 Days +,430.77
Avista,2025,99113,6,30 Days,737.04
Avista,2025,98620,7,Total Arrearages,11842.12
Avista,2025,99149,5,30 Days,1612.05
Avista,2025,99157,9,90 Days +,3100.84
Avista,2025,99134,1,Total Arrearages,6601.05
Avista,2025,99134,5,Total Arrearages,9484.03
Avista,2025,99157,5,90 Days +,4973.74
Avista,2025,99151,8,90 Days +,1002.6
Avista,2025,99008,1,60 Days,4194.31
Avista,2025,99149,5,Total Arrearages,5761.02
Avista,2025,98857,7,90 Days +,0.0
Avista,2025,99223,6,Total Arrearages,284874.9
Avista,2025,99164,2,Total Arrearages,7.23
Avista,2025,99036,6,90 Days +,263.75
Avista,2025,99201,5,90 Days +,107150.09
Avista,2025,99181,5,60 Days,10742.75
Avista,2025,99141,9,90 Days +,12708.89
Avista,2025,99216,1,60 Days,57712.49
Avista,2025,99202,2,90 Days +,72375.31
Avista,2025,99161,1,60 Days,2201.95
Avista,2025,99126,5,30 Days,6661.89
Avista,2025,99025,4,90 Days +,5543.22
Avista,2025,99101,7,30 Days,7053.35
Avista,2025,99138,4,60 Days,10654.75
Avista,2025,99217,1,90 Days +,61598.04
Avista,2025,99114,8,30 Days,41076.9
Avista,2025,99164,4,90 Days +,0.0
Avista,2025,98857,2,60 Days,0.0
Avista,2025,99005,8,90 Days +,5160.22
Avista,2025,99104,3,90 Days +,0.0
Avista,2025,99013,3,60 Days,12881.98
Avista,2025,99174,3,30 Days,342.59
Avista,2025,99032,2,Total Arrearages,9251.19
Avista,2025,99137,4,90 Days +,3460.28
Avista,2025,99117,2,90 Days +,456.29
Avista,2025,99006,8,Total Arrearages,60833.21
Avista,2025,99146,6,30 Days,43.98
Avista,2025,99129,1,30 Days,6230.79
Avista,2025,99021,5,90 Days +,17750.76
Avista,2025,99403,3,30 Days,59836.72
Avista,2025,99148,9,30 Days,10192.15
Avista,2025,99110,9,90 Days +,1938.76
Avista,2025,99164,7,90 Days +,0.0
Avista,2025,99158,9,30 Days,570.66
Avista,2025,99341,9,90 Days +,4632.53
Avista,2025,99027,7,Total Arrearages,51475.84
Avista,2025,99160,9,90 Days +,25.39
Avista,2025,99179,9,60 Days,335.36
Avista,2025,99151,4,60 Days,436.11
Avista,2025,99040,8,90 Days +,46130.79
Avista,2025,99174,8,30 Days,82.49
Avista,2025,99008,5,60 Days,3583.25
Avista,2025,99151,2,Total Arrearages,2954.36
Avista,2025,99005,9,60 Days,7210.98
Avista,2025,99208,3,60 Days,175110.02
Avista,2025,99202,2,30 Days,72207.61
Avista,2025,99207,6,60 Days,149804.47
Avista,2025,99025,9,60 Days,3408.79
Avista,2025,99158,8,30 Days,816.51
Avista,2025,99326,1,90 Days +,777.28
Avista,2025,99217,9,90 Days +,70333.34
Avista,2025,99216,5,30 Days,83082.51
Avista,2025,99016,8,90 Days +,48294.24
Avista,2025,99341,4,Total Arrearages,14103.67
Avista,2025,99125,3,90 Days +,3342.7
Avista,2025,99125,6,Total Arrearages,9814.59
Avista,2025,99149,1,30 Days,1161.89
Avista,2025,99006,5,90 Days +,22665.37
Avista,2025,99013,6,30 Days,4464.21
Avista,2025,99371,4,Total Arrearages,8210.07
Avista,2025,99171,2,Total Arrearages,10339.62
Avista,2025,99212,5,90 Days +,120954.59
Avista,2025,99004,7,60 Days,7573.59
Avista,2025,99111,8,90 Days +,42296.35
Avista,2025,99173,7,90 Days +,22307.75
Avista,2025,99170,4,90 Days +,3228.84
Avista,2025,99029,5,60 Days,5311.92
Avista,2025,99128,7,60 Days,689.45
Avista,2025,99173,6,90 Days +,22985.34
Avista,2025,99163,9,Total Arrearages,251103.18
Avista,2025,99403,8,90 Days +,54704.02
Avista,2025,99160,1,60 Days,202.5
Avista,2025,99117,4,30 Days,2642.08
Avista,2025,99134,2,Total Arrearages,7498.64
Avista,2025,99203,4,90 Days +,31235.66
Avista,2025,98620,9,60 Days,869.29
Avista,2025,99344,7,30 Days,23994.5
Avista,2025,99216,8,60 Days,57505.42
Avista,2025,99224,3,Total Arrearages,209026.17
Avista,2025,99164,1,Total Arrearages,0.0
Avista,2025,99003,3,90 Days +,4441.74
Avista,2025,99208,1,Total Arrearages,608837.47
Avista,2025,99326,9,90 Days +,1434.45
Avista,2025,99148,2,30 Days,13603.99
Avista,2025,99030,3,30 Days,4672.12
Avista,2025,99201,8,30 Days,59729.08
Avista,2025,99029,7,30 Days,906.03
Avista,2025,99025,5,90 Days +,4055.86
Avista,2025,99156,7,90 Days +,49.69
Avista,2025,99179,2,60 Days,353.97
Avista,2025,99204,3,60 Days,31142.53
Avista,2025,99163,1,30 Days,106340.12
Avista,2025,99341,5,30 Days,4817.54
Avista,2025,99344,5,60 Days,38746.69
Avista,2025,99326,2,30 Days,816.81
Avista,2025,99031,4,30 Days,10873.89
Avista,2025,99371,5,30 Days,1577.66
Avista,2025,99203,6,30 Days,47988.76
Avista,2025,99174,8,60 Days,200.3
Avista,2025,99008,4,30 Days,2909.38
Avista,2025,99005,8,Total Arrearages,29135.68
Avista,2025,99110,6,90 Days +,3589.93
Avista,2025,99141,7,Total Arrearages,43519.86
Avista,2025,99163,8,30 Days,73594.32
Avista,2025,99223,4,Total Arrearages,324302.91
Avista,2025,99129,7,Total Arrearages,16301.03
Avista,2025,99029,6,60 Days,1507.73
Avista,2025,99148,4,30 Days,17311.39
Avista,2025,98857,4,30 Days,477.86
Avista,2025,99151,3,30 Days,1020.2
Avista,2025,99402,6,30 Days,3022.27
Avista,2025,99208,9,30 Days,199645.68
Avista,2025,99164,2,60 Days,0.0
Avista,2025,99003,1,30 Days,12055.65
Avista,2025,99185,1,90 Days +,4411.3
Avista,2025,99173,2,60 Days,8852.23
Avista,2025,99125,8,30 Days,1041.86
Avista,2025,99161,6,60 Days,2631.39
Avista,2025,99161,1,30 Days,8436.59
Avista,2025,99163,2,90 Days +,110343.45
Avista,2025,99020,6,Total Arrearages,448.71
Avista,2025,98648,9,90 Days +,1405.83
Avista,2025,99103,7,60 Days,925.15
Avista,2025,99109,1,Total Arrearages,39097.92
Avista,2025,99023,1,60 Days,1235.74
