Utility,Year,Month,Zip Code,Arrearage Customer Count
PSE,2021,11,98198,2988
Avista,2023,4,99144,0
Avista,2024,3,99163,1483
PSE,2022,12,98102,634
PSE,2023,1,98264,1339
Avista,2021,5,99026,96
PSE,2023,11,98374,2832
Avista,2024,11,99173,132
Avista,2024,12,99126,51
Avista,2024,1,99011,0
PSE,2021,4,98408,915
NWN,2022,11,98661,569
Avista,2025,7,99371,25
PSE,2021,3,98028,659
NWN,2022,3,98605,30
CNG,2025,3,98625,22
CNG,2023,7,98221,514
PAC,2022,9,99362,2230
PSE,2023,8,98396,38
PSE,2022,6,98292,56
Avista,2022,5,99117,11
PSE,2024,4,98294,394
PSE,2021,8,98221,1402
PSE,2022,8,98516,1889
PSE,2022,5,98247,543
CNG,2022,3,99324,125
PSE,2021,9,98501,599
Avista,2024,11,99117,14
PSE,2022,8,98136,438
PSE,2023,11,98178,813
PSE,2024,3,98198,3716
PSE,2024,4,98255,46
CNG,2022,3,99362,595
PSE,2024,11,98122,1417
PSE,2021,3,98052,1972
PSE,2024,2,98166,758
CNG,2022,5,98247,97
PAC,2024,1,98923,107
PSE,2022,5,98038,1759
PSE,2024,4,98043,443
PSE,2024,6,98374,3099
NWN,2024,12,98639,21
PSE,2024,11,98372,2105
PSE,2025,5,98027,1516
PSE,2024,6,98327,569
NWN,2024,12,98661,539
PSE,2023,12,98503,3896
NWN,2023,6,98685,798
NWN,2024,1,98119,0
PSE,2025,6,98232,181
PSE,2022,9,98233,879
PSE,2022,4,98058,2651
PSE,2021,8,98038,1615
Avista,2024,4,98620,103
Avista,2024,3,99022,199
PSE,2025,2,98580,353
PSE,2024,4,98498,2074
Avista,2024,12,99205,1904
Avista,2023,11,99101,73
PSE,2023,1,98367,1759
CNG,2022,6,98292,153
PSE,2022,3,98380,290
Avista,2023,2,99111,107
Avista,2025,1,99208,2611
NWN,2024,12,98601,0
NWN,2022,7,98607,1043
Avista,2024,9,99018,5
PSE,2024,5,98404,1011
CNG,2024,12,98908,557
PSE,2021,5,98226,2461
PSE,2021,2,98409,679
PSE,2024,10,98027,1497
PAC,2022,1,99324,482
CNG,2023,8,98223,404
Avista,2025,4,99164,0
PAC,2022,3,98932,549
CNG,2022,10,98948,179
PSE,2021,11,98133,825
PSE,2021,4,98019,759
Avista,2022,11,99012,41
PSE,2022,2,98177,476
PSE,2024,8,98232,191
PSE,2022,7,98589,515
CNG,2024,9,99353,41
CNG,2025,2,98274,289
PSE,2022,6,98038,1720
CNG,2022,2,98345,10
NWN,2022,9,98682,1601
PSE,2024,9,98038,1868
PAC,2025,1,98933,77
Avista,2025,1,99171,30
PSE,2024,1,98360,766
PSE,2022,7,98345,37
PAC,2024,1,99362,2152
PSE,2022,6,98332,283
PSE,2021,7,98353,1
Avista,2021,10,99344,518
PSE,2024,8,98224,26
Avista,2024,11,99174,2
PSE,2024,9,98277,2848
CNG,2023,6,98282,26
PSE,2021,1,98342,107
PSE,2024,10,98103,1156
CNG,2025,1,98233,526
PSE,2021,1,98019,280
PSE,2021,6,98125,470
PSE,2021,11,98271,477
PAC,2024,5,99329,26
Avista,2024,3,99009,75
PSE,2023,12,98103,1133
Avista,2024,2,99151,11
NWN,2023,4,98607,1243
PSE,2021,12,98198,2243
Avista,2021,4,99326,9
PSE,2023,5,98406,1106
Avista,2022,5,99141,288
Avista,2023,4,99104,0
PSE,2021,6,98295,48
PSE,2024,6,98516,2478
Avista,2023,5,98648,33
PAC,2024,5,99323,246
Avista,2023,1,99160,5
Avista,2021,12,99128,13
PSE,2025,3,98039,54
Avista,2023,7,99326,0
PSE,2021,4,98036,602
PSE,2021,1,98052,2543
Avista,2025,4,99001,247
CNG,2024,4,98310,581
CNG,2024,2,98247,113
PSE,2022,10,98264,1290
Avista,2022,1,99149,11
CNG,2023,2,98383,213
PSE,2024,2,98396,38
PSE,2022,12,98409,688
PSE,2024,7,98144,1108
Avista,2023,7,99020,2
PSE,2023,1,98104,49
CNG,2022,6,98524,5
PSE,2023,6,98502,2635
CNG,2024,3,98837,94
CNG,2023,6,98632,115
PSE,2022,5,98558,2
PSE,2021,11,98248,1162
PSE,2022,10,98024,260
PAC,2025,4,99329,31
PSE,2022,7,98204,624
CNG,2023,12,98367,258
PSE,2022,1,98346,485
Avista,2021,8,99128,10
NWN,2024,8,98664,435
CNG,2024,1,98284,307
PSE,2025,4,98047,595
NWN,2023,3,98648,0
NWN,2022,12,98664,372
PSE,2024,4,98232,177
Avista,2023,8,99008,19
Avista,2022,3,99020,3
Avista,2021,5,99174,6
Avista,2024,10,99158,17
PSE,2022,5,98264,1278
PSE,2021,4,98233,1461
PAC,2025,6,99362,2629
PSE,2021,8,98342,100
PSE,2024,8,98391,2999
PSE,2024,1,98597,2551
Avista,2023,7,99170,38
PSE,2021,1,98371,1286
CNG,2022,7,98383,228
NWN,2024,7,98666,0
Avista,2024,10,99110,21
PSE,2025,4,98198,3896
PSE,2024,7,98110,1573
Avista,2021,10,99131,4
Avista,2021,11,99039,7
PSE,2023,8,98391,3124
PSE,2024,10,98443,64
PSE,2021,8,98926,333
Avista,2023,6,99204,559
PSE,2024,1,98146,637
PSE,2021,5,98499,546
PSE,2025,2,98532,180
PSE,2025,4,98052,5067
PSE,2021,6,98075,680
Avista,2022,8,99138,130
PSE,2022,10,98390,970
Avista,2023,8,99114,575
PSE,2024,9,98252,248
Avista,2025,7,99019,452
PSE,2021,5,98103,850
PSE,2023,4,98107,600
CNG,2024,11,98951,69
PAC,2025,2,98947,349
PSE,2021,4,98513,1925
Avista,2021,5,99201,1369
PSE,2022,2,98424,240
PSE,2022,12,98531,473
PSE,2023,10,98925,79
CNG,2023,10,98903,159
PSE,2023,2,98558,13
PSE,2022,2,98392,333
PSE,2025,2,98037,656
PAC,2024,3,98908,3921
PSE,2025,5,98126,775
NWN,2023,10,98685,499
Avista,2021,2,99039,10
PSE,2024,5,98037,623
PSE,2024,7,98946,52
Avista,2024,8,99174,4
Avista,2021,6,99020,2
PSE,2021,1,98327,385
PSE,2024,5,98513,2623
PSE,2021,9,98043,397
NWN,2022,7,98648,0
NWN,2025,6,98660,385
PSE,2023,5,98390,153
NWN,2023,12,98661,258
NWN,2024,10,98127,0
PAC,2024,1,99328,338
Avista,2021,3,99018,12
PSE,2023,12,98072,885
CNG,2022,9,98674,99
PSE,2024,1,98117,795
CNG,2022,12,98563,32
Avista,2022,6,99219,0
PSE,2023,12,98038,2050
NWN,2022,6,98660,369
CNG,2022,6,98908,542
PSE,2022,10,98383,1346
NWN,2025,1,98663,179
Avista,2022,11,99101,73
Avista,2023,5,99020,1
Avista,2023,3,99030,41
PSE,2023,4,98070,691
Avista,2023,3,99134,34
NWN,2023,2,98665,738
PSE,2023,4,98391,1068
Avista,2023,3,99003,112
PSE,2024,1,98342,132
NWN,2023,11,98626,0
CNG,2024,4,98932,59
PSE,2021,1,98004,1633
CNG,2023,7,98273,667
Avista,2023,2,99025,101
PSE,2024,1,98032,4527
NWN,2023,6,98686,692
PSE,2023,7,98925,79
PSE,2022,4,98001,1903
PSE,2024,3,98011,1448
PSE,2023,2,98516,2129
NWN,2023,7,98663,255
PSE,2024,11,98383,1441
Avista,2024,8,99023,10
PSE,2021,9,98122,1212
PSE,2022,9,98052,3570
NWN,2022,12,98683,421
Avista,2021,1,99039,10
PSE,2023,11,98055,2256
PSE,2024,5,98383,1553
CNG,2024,12,99344,137
PSE,2023,3,98276,93
CNG,2022,2,98275,1
PSE,2021,1,98121,122
PSE,2023,7,98198,3478
CNG,2025,1,98837,72
PSE,2021,7,98424,239
Avista,2024,8,99037,283
PSE,2021,10,98516,2041
Avista,2023,10,99202,1152
Avista,2022,6,99026,75
Avista,2023,4,99223,1604
Avista,2024,9,99149,14
CNG,2022,12,98951,63
CNG,2023,8,98524,5
PSE,2025,3,98337,933
PSE,2023,7,98223,75
Avista,2021,3,99181,122
NWN,2024,12,98604,614
Avista,2021,8,99223,1426
Avista,2023,10,99158,16
PSE,2023,11,98244,292
PSE,2021,4,98104,43
Avista,2024,6,99179,23
PSE,2022,12,98251,128
PSE,2025,6,98004,2359
PSE,2024,3,98233,1990
Avista,2024,4,99026,85
CNG,2024,6,98220,11
PSE,2023,12,98390,1059
Avista,2022,1,99020,5
PSE,2024,5,98155,648
Avista,2021,7,99179,23
PSE,2022,12,98576,499
PSE,2024,7,98275,372
PSE,2024,1,98391,3136
PSE,2022,2,98374,2392
PSE,2021,5,98101,31
PSE,2024,8,98107,588
PSE,2025,1,98144,1183
PSE,2021,7,98109,435
Avista,2023,7,99148,153
PAC,2022,2,99361,127
PAC,2025,5,98901,3219
PSE,2022,8,98501,3536
NWN,2024,12,98685,307
Avista,2022,2,99169,82
PSE,2021,9,98022,1821
PSE,2023,4,98340,983
PSE,2024,2,98403,254
PSE,2024,1,98272,750
PSE,2021,3,98014,469
CNG,2023,8,98271,140
PSE,2024,10,98126,641
PSE,2021,11,98065,677
NWN,2024,11,98672,73
CNG,2022,4,98383,177
CNG,2022,11,98277,295
PSE,2024,8,98267,36
Avista,2023,12,99403,763
Avista,2021,1,99223,1531
CNG,2024,5,98524,8
PSE,2024,6,98104,42
PSE,2023,7,98201,999
PSE,2025,4,98058,3035
PSE,2021,2,98372,1517
Avista,2022,12,99223,1301
PSE,2022,11,98589,473
Avista,2023,6,99163,1506
NWN,2022,5,98617,0
PAC,2022,5,99360,85
PSE,2023,7,98396,49
PSE,2022,1,98328,26
Avista,2022,7,99207,2458
Avista,2021,1,99018,13
PSE,2021,1,98353,3
NWN,2022,2,98686,443
PAC,2024,3,98938,202
PSE,2024,10,98012,1412
PSE,2025,1,98360,765
Avista,2025,4,99019,328
PSE,2022,3,98467,288
Avista,2021,7,99137,31
CNG,2023,5,99323,17
PSE,2023,9,98043,469
Avista,2023,7,99114,566
NWN,2025,2,98671,534
PSE,2023,3,98050,19
PSE,2024,5,98055,2312
CNG,2025,1,99323,14
Avista,2022,10,99020,2
Avista,2022,11,99023,10
PSE,2024,3,98340,253
PSE,2023,7,98467,301
PSE,2021,2,98340,69
Avista,2025,6,99156,1
CNG,2024,10,98284,308
PSE,2021,6,98028,685
Avista,2025,4,99032,19
PSE,2023,5,98102,656
PSE,2024,6,98075,746
PSE,2024,8,98188,1811
PSE,2023,1,98276,78
PSE,2022,1,98274,1018
Avista,2024,3,99020,3
PSE,2023,8,98057,1825
CNG,2022,10,98367,236
PSE,2022,10,98391,2826
PSE,2022,3,98531,506
Avista,2023,9,99005,169
Avista,2025,4,99403,719
PSE,2021,9,98058,2276
PSE,2024,3,98115,1349
Avista,2021,10,99102,46
PSE,2023,12,98204,706
CNG,2024,11,98901,324
PSE,2024,10,98003,4871
Avista,2025,2,99156,1
PSE,2022,11,98223,67
PSE,2024,6,98392,335
PSE,2021,2,98031,2727
PSE,2022,7,98108,1069
PSE,2021,6,98281,461
Avista,2021,10,99016,701
Avista,2021,9,99148,155
PSE,2023,1,98236,354
PSE,2023,12,98101,36
PSE,2022,9,98943,81
Avista,2025,4,99144,0
Avista,2023,9,99217,970
PSE,2021,12,98107,509
Avista,2022,5,99341,47
PSE,2021,11,98925,66
PSE,2023,3,98030,3485
PSE,2022,3,98024,282
PSE,2022,10,98296,386
CNG,2025,1,98848,11
PSE,2021,7,98107,498
PSE,2022,11,98117,833
PSE,2024,9,98380,289
PSE,2022,5,98012,1411
PSE,2022,6,98580,341
PSE,2022,9,98353,2
CNG,2023,9,98802,19
PSE,2024,1,98005,1144
CNG,2025,1,98383,267
CNG,2024,11,98802,19
PSE,2021,3,98360,503
PSE,2025,6,98103,1101
PSE,2023,10,98512,2257
Avista,2023,8,99033,36
CNG,2022,9,98802,21
PSE,2021,10,98178,781
PSE,2024,11,98003,5294
Avista,2022,1,99013,117
PAC,2025,2,98930,883
PSE,2022,10,98065,664
PSE,2021,11,98922,387
NWN,2025,5,98684,1056
PSE,2024,6,98266,493
NWN,2022,10,98665,551
CNG,2023,8,98248,464
CNG,2024,10,98277,310
PSE,2021,7,98244,249
PSE,2021,1,98294,282
PAC,2024,1,98902,4091
Avista,2024,6,99326,20
PSE,2022,5,98501,2581
CNG,2022,7,98936,99
PSE,2024,12,98922,770
Avista,2022,8,99137,21
PSE,2022,7,98014,516
Avista,2021,6,99129,82
PSE,2023,5,98119,559
PAC,2022,2,98947,312
PSE,2024,5,98133,936
Avista,2023,1,99016,776
NWN,2023,6,98620,0
PSE,2023,7,98321,1017
CNG,2022,2,98225,648
PSE,2021,9,98940,194
NWN,2023,1,98605,23
PSE,2024,2,98133,946
PSE,2021,7,98070,584
Avista,2025,5,99160,9
Avista,2021,11,99185,52
NWN,2025,5,98663,328
CNG,2025,5,98370,153
PSE,2022,9,98223,67
PSE,2021,8,98329,2
Avista,2021,5,99037,292
PAC,2024,3,98948,1131
CNG,2023,9,98337,208
PSE,2022,12,98040,860
Avista,2025,2,99129,68
CNG,2024,2,98524,7
PSE,2023,3,98134,22
PSE,2022,12,98328,54
PSE,2023,7,98118,1721
PSE,2023,5,98311,2288
PSE,2025,3,98032,4815
PSE,2025,3,98312,3023
PSE,2025,3,98260,325
PSE,2022,8,98258,1670
PSE,2025,1,98232,151
NWN,2022,1,97388,0
PSE,2024,9,98327,502
PSE,2021,11,98312,2674
PSE,2021,12,98392,318
PSE,2023,9,98040,945
CNG,2022,2,98292,142
NWN,2024,6,98685,1026
PSE,2024,1,98327,570
PSE,2024,4,98233,1030
PSE,2025,6,98925,84
PSE,2023,9,98006,1405
PSE,2024,2,98251,120
Avista,2021,1,99146,2
PSE,2021,3,98039,54
NWN,2023,5,98671,709
PAC,2024,5,98936,464
Avista,2024,10,99205,1800
Avista,2021,10,99129,77
PSE,2024,5,98032,4545
Avista,2024,10,99202,842
Avista,2023,11,99335,0
Avista,2022,6,99126,57
Avista,2025,2,99205,2040
PSE,2022,5,98050,23
PSE,2023,8,98338,934
PSE,2023,4,98257,42
CNG,2024,1,98520,137
PSE,2023,3,98532,179
PSE,2023,11,98225,3319
PSE,2023,2,98359,294
Avista,2025,5,99020,4
Avista,2022,9,99138,111
PSE,2025,5,98105,891
PSE,2025,6,98385,18
PSE,2021,10,98007,1536
PSE,2023,8,98446,414
Avista,2023,4,99206,1643
NWN,2023,5,98605,32
NWN,2024,6,98208,0
PSE,2022,10,98591,15
PSE,2024,2,98247,573
PAC,2022,1,99361,94
Avista,2025,3,98620,90
Avista,2023,8,99185,57
CNG,2025,1,98953,79
PSE,2024,9,98043,469
PSE,2022,7,98465,119
PSE,2023,5,98168,870
CNG,2025,4,99344,196
PSE,2022,6,98068,70
CNG,2022,5,98632,103
Avista,2022,5,99163,1513
PSE,2023,2,98040,1019
PSE,2024,6,98335,444
PSE,2024,5,98946,41
PSE,2025,3,98366,3116
PSE,2025,5,98596,27
CNG,2023,12,98944,225
CNG,2022,5,98295,39
Avista,2022,10,99148,146
PSE,2021,12,98445,824
PSE,2023,6,98337,434
PSE,2022,12,98237,351
Avista,2021,6,99170,38
Avista,2025,3,99129,91
PSE,2021,1,98422,331
PSE,2024,12,98021,605
PSE,2024,2,98262,119
NWN,2024,7,98648,0
PSE,2021,11,98019,288
Avista,2023,6,99003,100
PSE,2023,2,98501,4029
PSE,2022,7,98220,42
CNG,2025,4,98240,20
NWN,2024,8,98119,0
PSE,2022,12,98418,511
PSE,2023,5,98031,3214
PSE,2023,12,98166,825
Avista,2021,4,99012,48
Avista,2023,12,99034,6
PSE,2021,4,98294,282
Avista,2022,1,99101,82
Avista,2022,7,99036,6
NWN,2023,10,98610,40
Avista,2023,10,99027,292
NWN,2023,3,98664,641
Avista,2022,2,99018,13
CNG,2022,9,98953,78
PSE,2022,7,98499,703
NWN,2022,1,98026,0
PSE,2022,4,98023,3732
PSE,2021,5,98271,496
PSE,2022,10,98116,558
Avista,2023,6,99012,33
PSE,2023,7,98274,1058
PSE,2021,8,98530,1737
Avista,2024,2,99125,15
Avista,2023,2,99170,16
PSE,2021,2,98327,407
CNG,2022,1,98310,499
PSE,2021,6,98443,64
NWN,2023,5,98663,331
Avista,2021,8,99216,1160
PSE,2025,3,98014,268
PSE,2021,3,98055,1623
PSE,2021,7,98257,336
Avista,2023,12,99125,31
Avista,2023,10,99218,630
PSE,2024,5,98232,173
Avista,2021,7,99114,580
PSE,2021,12,98119,478
PSE,2023,7,98109,496
PSE,2022,3,98224,33
Avista,2021,8,99131,7
PSE,2022,5,98053,595
PSE,2023,3,98233,981
PSE,2022,11,98226,2818
CNG,2023,10,98247,114
PSE,2021,11,98941,72
Avista,2021,3,99204,660
Avista,2023,12,99138,138
NWN,2023,9,98119,0
PSE,2025,3,98346,582
PSE,2024,12,98233,1025
PSE,2025,5,98922,896
PSE,2021,11,98178,769
PSE,2021,5,98321,815
PSE,2025,3,98077,202
PSE,2025,5,98031,3249
PSE,2024,2,98283,47
PSE,2023,4,98119,541
PSE,2021,1,98338,674
NWN,2024,11,98119,0
CNG,2024,3,98312,699
PSE,2022,2,98012,1354
PSE,2022,8,98010,481
PSE,2023,12,98249,296
PSE,2022,7,98077,193
CNG,2023,12,98383,212
PSE,2024,6,98087,830
Avista,2023,2,99326,27
PSE,2023,4,98270,52
PSE,2022,9,98104,56
Avista,2021,6,99128,13
PSE,2023,10,98105,927
Avista,2022,12,99029,19
NWN,2023,4,98661,952
NWN,2022,7,98629,209
CNG,2022,1,98837,57
Avista,2025,3,99185,65
PSE,2021,12,98467,601
PSE,2021,2,98166,665
PSE,2023,4,98155,674
Avista,2025,5,99018,5
Avista,2023,8,99126,59
PSE,2021,6,98134,22
Avista,2023,1,99149,14
Avista,2022,5,99204,639
PSE,2021,5,98290,448
CNG,2023,6,98936,118
PSE,2021,12,98372,1508
Avista,2025,8,99009,70
Avista,2024,1,99201,1223
Avista,2021,12,99003,87
PSE,2021,8,98026,674
PAC,2024,7,98908,3029
CNG,2022,10,98550,162
PSE,2024,12,98087,857
PSE,2021,12,98178,729
PSE,2025,1,98342,107
PSE,2021,3,98270,1638
NWN,2024,8,98762,0
PSE,2021,8,98029,1405
NWN,2023,1,98661,587
CNG,2025,3,99352,443
PSE,2022,1,98236,341
PSE,2022,5,98430,1
PSE,2025,4,98223,88
CNG,2024,8,99350,56
Avista,2022,1,99206,1493
Avista,2022,3,99144,0
PSE,2021,6,98122,1120
PSE,2024,7,98328,65
Avista,2024,5,99158,22
Avista,2024,10,99131,2
PSE,2025,6,98274,1157
PSE,2021,8,98404,1013
PAC,2024,3,98953,705
PSE,2024,6,98074,1039
PSE,2022,9,98260,340
PSE,2024,10,98288,36
Avista,2022,11,99169,69
CNG,2025,6,98337,207
Avista,2024,5,99016,881
PSE,2022,7,98026,752
Avista,2024,8,99003,76
PSE,2024,1,98092,4545
PSE,2025,2,98310,2353
Avista,2024,5,99102,37
PSE,2023,3,98106,628
PSE,2024,4,98236,383
PSE,2021,12,98405,947
PSE,2021,6,98042,2604
PSE,2021,5,98168,925
Avista,2025,7,99143,20
PSE,2022,9,98023,3780
PSE,2022,8,98337,935
PSE,2022,9,98323,40
PAC,2025,1,99348,49
PSE,2024,6,98338,1010
PSE,2022,10,98045,715
CNG,2022,11,99353,47
PSE,2025,3,98065,721
PSE,2025,4,98370,123
PSE,2023,4,98439,585
Avista,2022,3,99104,0
PSE,2021,3,98391,1983
CNG,2022,11,98282,36
PSE,2022,3,98045,762
PSE,2022,5,98021,612
PSE,2022,11,98056,2713
Avista,2023,11,99174,4
PSE,2022,12,98421,7
PSE,2021,8,98043,394
Avista,2023,5,99151,12
Avista,2025,7,99148,128
CNG,2023,11,98264,511
Avista,2024,3,99117,13
PSE,2024,4,98003,5434
Avista,2022,8,99207,1782
Avista,2024,3,99037,311
PSE,2021,5,98445,988
PSE,2023,2,98922,548
PSE,2024,9,98220,38
Avista,2021,10,99128,10
PSE,2023,3,98392,348
PSE,2022,3,98122,1282
CNG,2025,3,98942,162
PSE,2022,7,98110,1485
PSE,2021,1,98237,429
Avista,2021,10,99004,157
PSE,2024,5,98092,4228
PSE,2025,6,98321,966
PSE,2023,8,98371,1622
PSE,2021,1,98116,361
PSE,2025,2,98284,1850
PSE,2024,2,98421,4
PSE,2024,12,98007,2012
PSE,2023,9,98424,279
Avista,2025,4,99219,0
CNG,2024,5,98226,581
CNG,2023,12,98310,529
CNG,2023,4,99350,70
PSE,2023,10,98558,21
PSE,2025,2,98104,70
PSE,2024,10,98059,1949
Avista,2024,12,99164,1
CNG,2023,12,98273,607
CNG,2024,2,98674,38
PSE,2023,7,98001,2029
CNG,2022,11,98383,233
NWN,2022,8,98628,29
PAC,2024,10,98952,81
Avista,2021,9,99019,471
CNG,2024,1,98528,18
Avista,2022,10,99029,46
Avista,2024,2,99218,554
NWN,2023,11,98665,561
Avista,2023,8,98648,35
Avista,2024,11,99146,1
PSE,2022,3,98292,52
NWN,2025,2,98663,239
PAC,2022,1,98923,91
CNG,2022,6,98948,195
PSE,2024,8,98383,1401
CNG,2022,9,98370,110
PSE,2021,8,98119,459
Avista,2024,9,99104,0
CNG,2022,12,99301,1856
PSE,2022,3,98052,3315
Avista,2025,3,99156,1
Avista,2025,7,99134,31
PSE,2023,11,98946,41
PSE,2024,7,98422,500
PSE,2025,5,98177,13
PSE,2023,7,98005,1137
Avista,2024,12,99128,12
PSE,2024,11,98029,1678
CNG,2022,4,98901,336
PSE,2024,4,98271,491
PSE,2022,2,98467,302
CNG,2024,5,99324,173
PSE,2024,4,98263,31
PSE,2025,3,98087,862
PSE,2025,6,98465,101
PSE,2023,5,98579,926
PSE,2025,3,98530,75
Avista,2024,6,99171,32
CNG,2022,9,98232,9
CNG,2023,6,98908,573
CNG,2024,1,98550,114
PSE,2023,11,98332,287
CNG,2025,4,98284,398
PSE,2021,1,98579,634
Avista,2024,7,99128,15
PSE,2022,1,98465,76
PSE,2022,11,98168,1032
Avista,2023,9,99146,3
PAC,2022,1,98938,149
Avista,2022,9,99107,0
PSE,2025,3,98232,173
PAC,2022,7,98948,1038
Avista,2022,6,99110,41
Avista,2021,2,98648,32
CNG,2023,4,98625,26
PSE,2021,7,98403,259
PSE,2022,3,98133,858
PSE,2024,3,98077,201
CNG,2024,8,98220,6
Avista,2021,4,99202,1017
Avista,2024,1,99173,143
Avista,2023,8,99144,0
PSE,2023,3,98092,4505
PSE,2022,4,98272,856
PSE,2021,12,98101,43
CNG,2024,1,98951,54
NWN,2024,2,98665,600
PSE,2022,4,98232,160
Avista,2021,7,99006,292
PAC,2022,1,99347,121
NWN,2024,12,97301,0
PSE,2022,11,98372,1973
CNG,2023,4,98248,575
Avista,2023,8,99217,896
PSE,2022,9,98253,69
PSE,2022,6,98052,3272
PAC,2025,6,98933,100
PSE,2021,11,98238,3
PSE,2021,2,98370,1656
CNG,2022,3,98257,32
PSE,2021,1,98248,1971
Avista,2024,1,99170,39
PSE,2024,10,98252,242
PAC,2025,6,98942,1870
PSE,2024,10,98274,1037
Avista,2021,8,99103,19
Avista,2022,4,99202,1145
Avista,2022,6,99113,7
PSE,2022,5,98102,659
PSE,2025,6,98375,21
PSE,2023,12,98270,2380
NWN,2023,3,98686,593
CNG,2024,11,98257,39
NWN,2022,1,98617,0
PSE,2025,1,98277,3063
CNG,2023,3,98314,1
PSE,2021,5,98941,169
NWN,2024,11,98307,0
Avista,2023,1,99174,5
CNG,2025,4,98848,7
PSE,2023,5,98027,1557
Avista,2024,2,99032,34
PSE,2022,11,98224,38
PSE,2022,7,98353,2
PSE,2024,8,98943,62
PSE,2022,12,98057,1587
PSE,2023,10,98232,165
CNG,2024,2,98226,396
PSE,2023,1,98271,517
Avista,2023,12,99103,17
PSE,2023,2,98402,48
PSE,2022,8,98580,383
PSE,2022,10,98284,1671
CNG,2022,5,99350,73
CNG,2022,6,98247,109
PSE,2021,1,98404,976
Avista,2025,8,99134,25
CNG,2023,3,98257,31
CNG,2022,4,98345,9
Avista,2022,8,99260,0
PAC,2025,5,98921,90
PSE,2023,9,98346,670
PSE,2025,5,98236,387
PSE,2023,3,98027,1458
Avista,2022,2,99025,100
NWN,2024,11,98674,0
CNG,2024,1,98524,7
CNG,2023,11,98948,178
Avista,2022,3,98620,91
PSE,2023,5,98134,18
PSE,2025,5,98323,48
PSE,2023,2,98418,550
PSE,2024,9,98262,48
CNG,2022,4,98948,182
NWN,2024,2,98685,356
PSE,2022,1,98597,2189
Avista,2024,12,99185,54
PSE,2021,2,98388,120
Avista,2021,4,99143,10
PSE,2021,5,98366,2420
Avista,2022,9,99020,3
PSE,2023,4,98102,693
PSE,2021,12,98251,40
Avista,2024,11,99001,208
Avista,2022,9,99174,4
PSE,2024,2,98198,3834
PSE,2024,4,98037,596
PSE,2024,2,98087,849
Avista,2021,4,99022,210
PSE,2022,8,98387,2087
PSE,2024,5,98204,624
PSE,2021,5,98237,448
CNG,2023,9,98247,131
PSE,2021,1,98332,170
Avista,2022,12,99030,29
PSE,2023,4,98359,311
PSE,2024,1,98292,53
PSE,2021,8,98371,1321
Avista,2023,7,99014,2
CNG,2025,3,98848,7
Avista,2023,1,99141,293
PSE,2021,3,98101,40
PSE,2023,7,98422,529
PSE,2024,7,98530,74
PSE,2025,2,98276,118
PSE,2021,11,98119,477
PSE,2022,7,98168,1071
PSE,2022,8,98230,1137
PSE,2021,10,98232,177
PSE,2024,6,98155,660
PSE,2025,1,98072,851
Avista,2024,5,99129,82
CNG,2024,2,98848,3
PSE,2024,7,98934,106
PSE,2021,8,98292,54
PSE,2023,12,98208,1238
PSE,2024,2,98057,1877
PAC,2022,1,98953,554
PSE,2024,10,98029,1497
NWN,2023,11,98642,606
PSE,2024,6,98033,1946
PSE,2025,1,98233,965
PSE,2023,12,98439,569
PSE,2024,8,98580,604
PSE,2023,7,98424,311
PSE,2023,12,98235,19
CNG,2025,2,98557,16
Avista,2025,7,99207,1997
CNG,2025,4,98942,175
Avista,2023,6,99016,708
Avista,2021,5,99134,32
PSE,2021,10,98030,2939
PSE,2023,3,98039,69
Avista,2021,3,99025,112
PSE,2023,1,98940,77
Avista,2025,5,99022,218
PSE,2023,4,98010,556
Avista,2024,1,98620,80
PSE,2023,1,98047,542
PSE,2021,1,98133,600
PSE,2021,3,98237,407
PSE,2023,1,98580,335
PAC,2022,4,98938,193
PSE,2025,3,98276,117
PSE,2023,9,98568,2
PSE,2021,4,98146,506
PSE,2022,9,98311,1875
PSE,2022,1,98101,43
PSE,2023,7,98251,71
PSE,2022,7,98031,2852
CNG,2025,5,98674,91
PSE,2025,3,98007,2147
Avista,2022,8,99164,0
PSE,2022,4,98032,4138
Avista,2023,11,99173,127
Avista,2024,9,99114,428
PSE,2022,4,98072,845
Avista,2023,3,99161,66
PSE,2023,11,98407,648
PSE,2021,8,98230,1067
CNG,2023,4,98584,176
PSE,2023,3,98371,1651
Avista,2021,3,99030,36
CNG,2024,12,98625,21
CNG,2024,10,98264,531
PAC,2024,11,99350,9
CNG,2022,1,98541,29
PSE,2022,2,98055,2098
NWN,2024,5,97031,0
Avista,2022,6,99185,56
CNG,2022,5,98275,1
PSE,2024,9,98248,1931
PSE,2021,4,98052,2060
PSE,2022,6,98402,51
PSE,2022,9,98047,514
PSE,2021,10,98596,19
PSE,2025,6,98040,886
PSE,2021,1,98024,267
PSE,2023,6,98103,1154
NWN,2024,1,98661,559
Avista,2025,5,99143,18
PSE,2023,2,98204,682
Avista,2021,9,99101,74
Avista,2022,10,99018,10
NWN,2023,1,98639,40
PAC,2022,6,98903,1685
PSE,2021,2,98001,1358
PSE,2022,2,98126,683
NWN,2023,1,98682,1977
PSE,2022,6,98589,550
PSE,2021,11,98273,1916
Avista,2022,4,99164,1
Avista,2023,12,99205,2264
NWN,2024,5,98628,23
PAC,2024,9,99329,19
PSE,2024,8,98281,413
Avista,2022,12,99008,16
NWN,2022,1,98660,222
PSE,2025,3,98360,807
Avista,2021,6,99001,224
PSE,2023,3,98057,1771
PSE,2023,7,98444,853
Avista,2023,5,99164,1
Avista,2022,9,99009,86
PSE,2024,10,98532,178
PSE,2022,6,98502,3420
PSE,2024,9,98273,1818
Avista,2025,2,99341,37
PSE,2024,5,98244,297
PSE,2021,9,98055,1814
PSE,2023,11,98418,538
CNG,2024,12,98584,168
PSE,2024,2,98267,50
Avista,2023,7,99228,0
PSE,2021,2,98065,664
CNG,2024,3,98541,32
Avista,2024,5,99128,6
PSE,2023,2,98107,615
CNG,2024,10,98557,15
PSE,2022,10,98281,466
CNG,2024,3,98550,136
PSE,2024,5,98328,62
PSE,2023,6,98075,776
NWN,2024,11,98684,612
PAC,2022,9,98939,30
PSE,2022,4,98155,636
PSE,2021,12,98295,60
Avista,2022,3,99009,86
CNG,2023,1,98273,669
PSE,2024,9,98925,77
Avista,2023,5,98857,2
Avista,2021,7,99025,94
NWN,2023,12,98662,357
CNG,2024,6,98273,532
Avista,2025,6,99005,182
NWN,2025,6,98307,0
Avista,2024,11,99220,0
PSE,2023,6,98295,240
PSE,2021,12,98367,1344
Avista,2022,6,99006,248
Avista,2025,2,99138,103
PSE,2022,1,98370,1757
PSE,2025,4,98568,1
Avista,2021,4,99016,641
NWN,2022,1,98685,265
PSE,2024,11,98055,2212
NWN,2022,3,98674,0
PSE,2021,3,98031,2362
PSE,2022,4,98580,389
PAC,2025,5,99328,427
PSE,2022,9,98407,654
PSE,2022,1,98051,211
PSE,2022,1,98332,248
PSE,2022,9,98383,1329
Avista,2024,7,99032,25
PAC,2025,6,99328,397
PSE,2021,12,98506,2835
CNG,2023,11,99350,57
PSE,2023,10,98002,5161
Avista,2023,10,99217,957
PSE,2022,10,98005,1028
NWN,2024,7,98682,1830
CNG,2022,9,98801,81
Avista,2023,1,99143,12
Avista,2022,11,99033,31
PSE,2023,6,98288,1837
PAC,2025,6,98603,2
PSE,2022,11,98391,2774
PSE,2022,3,98051,202
PSE,2021,6,98038,1584
PSE,2023,2,98531,511
PSE,2023,10,98946,55
PSE,2022,8,98327,478
PSE,2022,7,98102,624
PAC,2022,4,99348,50
PSE,2024,4,98148,718
PSE,2024,1,98396,51
PSE,2021,9,98238,1
PSE,2022,6,98327,482
PSE,2025,1,98178,790
PSE,2021,4,98038,1493
PSE,2022,5,98387,1841
PSE,2022,12,98270,2101
Avista,2022,8,99025,79
PSE,2024,3,98337,939
PSE,2024,8,98039,60
NWN,2022,11,97031,0
PSE,2025,5,98125,636
PSE,2022,10,98058,2703
CNG,2022,5,98311,419
PSE,2023,9,98119,555
CNG,2025,3,98944,317
CNG,2022,2,98264,520
Avista,2024,1,99131,7
PSE,2022,11,98512,2088
Avista,2022,7,99181,170
Avista,2024,3,99170,44
Avista,2021,12,99004,137
PSE,2024,9,98284,1679
Avista,2023,6,99335,0
PSE,2021,10,98072,873
PAC,2025,1,98903,1852
NWN,2023,12,98626,0
Avista,2025,5,99176,7
PSE,2021,5,98178,687
PSE,2021,1,98337,726
PSE,2021,8,98125,517
NWN,2022,5,98682,2521
CNG,2023,7,99362,808
PSE,2021,9,98237,374
CNG,2025,6,98528,21
Avista,2023,11,99207,2007
Avista,2023,7,99128,9
PSE,2024,8,98020,322
PSE,2024,11,98421,7
CNG,2022,2,98312,646
Avista,2021,9,99114,569
PSE,2022,10,98354,180
PSE,2024,2,98020,332
PSE,2024,8,98068,68
PSE,2023,10,98050,18
PSE,2023,2,98109,514
PSE,2021,6,98057,1411
PSE,2021,9,98247,491
Avista,2023,5,99158,22
PSE,2021,6,98409,640
PSE,2025,6,98311,2112
Avista,2022,7,99029,61
PSE,2024,11,98102,556
Avista,2023,3,98648,33
NWN,2023,2,98660,341
CNG,2022,6,98223,392
CNG,2023,11,98801,77
Avista,2024,2,99179,15
NWN,2023,5,98682,2631
NWN,2023,4,98762,0
PSE,2022,10,98023,3734
PSE,2025,6,98370,198
CNG,2022,4,98225,715
PSE,2023,10,98338,920
Avista,2023,8,99128,10
Avista,2021,3,99205,2624
Avista,2022,1,99148,134
PSE,2021,12,98276,63
Avista,2024,3,99111,117
PAC,2022,4,98935,245
PSE,2021,7,98406,845
PSE,2023,6,98404,279
PSE,2023,11,98038,1896
Avista,2022,7,99026,97
PSE,2021,2,98072,576
PSE,2024,10,98321,929
CNG,2024,5,98944,327
PSE,2022,3,98020,350
PSE,2022,5,98070,655
PSE,2021,7,98047,892
PSE,2022,4,98223,68
PSE,2025,6,98136,393
PSE,2021,8,98465,307
Avista,2022,4,99117,14
PSE,2023,1,98260,328
PSE,2022,6,98371,1540
PSE,2025,4,98257,422
PSE,2024,8,98327,469
PSE,2021,11,98109,482
PSE,2025,4,98408,99
PSE,2024,8,98070,569
PSE,2021,11,98006,1214
PSE,2023,2,98144,915
NWN,2024,4,98119,0
PSE,2022,10,98340,240
Avista,2024,11,99102,30
PSE,2023,9,98239,491
PSE,2022,4,98288,34
PAC,2022,6,98951,1051
CNG,2024,6,98337,239
PSE,2021,12,98925,53
Avista,2024,6,99206,1495
Avista,2025,3,99109,181
PSE,2024,1,98253,85
Avista,2025,1,99020,2
NWN,2025,3,98671,647
PSE,2024,1,98499,681
PSE,2021,4,98112,679
Avista,2022,1,98648,28
PSE,2022,8,98273,1822
Avista,2021,1,99026,95
PSE,2024,4,98579,927
Avista,2022,10,99006,267
Avista,2023,1,99125,17
PSE,2025,4,98311,2133
PSE,2024,11,98360,733
Avista,2021,11,99111,126
PSE,2024,6,98402,47
NWN,2023,4,98685,836
Avista,2023,12,99040,62
PAC,2025,3,99328,428
PSE,2022,3,98513,2403
Avista,2023,1,99111,81
Avista,2024,9,99021,194
PSE,2023,6,98387,25
CNG,2022,3,99301,679
PSE,2022,12,98444,835
PSE,2021,1,98532,147
Avista,2022,12,99033,29
PSE,2023,12,98236,394
PSE,2022,12,98295,68
PSE,2024,1,98530,86
PSE,2024,4,98531,539
CNG,2024,4,99354,166
PAC,2022,5,98942,1612
PSE,2023,3,98346,666
CNG,2022,11,98226,517
Avista,2022,10,99202,1279
PSE,2022,6,98055,2108
PSE,2023,9,98038,1881
CNG,2025,3,99324,182
PAC,2024,12,99329,15
Avista,2021,5,99326,17
Avista,2024,11,99163,1420
CNG,2022,9,98528,11
CNG,2024,10,98223,404
PSE,2021,7,98043,438
PSE,2024,8,98221,1313
NWN,2023,6,98629,227
PSE,2023,9,98117,947
PSE,2023,3,98075,721
CNG,2025,4,98223,451
Avista,2022,4,99169,68
CNG,2025,5,98226,476
NWN,2022,3,98612,0
PSE,2024,9,98251,53
Avista,2025,5,99111,139
PSE,2021,10,98328,50
PSE,2024,7,98277,3043
PSE,2022,1,98503,3419
CNG,2025,5,98273,697
PSE,2022,8,98125,541
NWN,2023,10,98605,20
PSE,2023,10,98168,1071
PSE,2022,12,98390,873
Avista,2024,8,99005,156
PSE,2024,11,98262,46
Avista,2025,3,99107,0
PSE,2024,4,98109,391
Avista,2025,7,99201,1138
PAC,2024,6,99350,5
PSE,2024,7,98503,3428
Avista,2023,7,99004,169
NWN,2024,1,98666,0
PSE,2022,8,98204,618
Avista,2022,11,99137,24
PSE,2024,12,98220,39
PSE,2024,10,98032,4018
PSE,2023,7,98392,338
PSE,2024,10,98576,454
NWN,2022,1,98607,615
Avista,2021,2,99020,2
PSE,2024,6,98444,801
Avista,2021,10,99212,1236
PSE,2021,3,98371,1081
CNG,2025,1,98223,413
PSE,2021,11,98223,59
PSE,2024,11,98373,1876
PSE,2022,3,98072,781
PSE,2021,12,98390,691
PSE,2021,9,98943,62
PSE,2021,5,98108,977
Avista,2024,2,98620,76
NWN,2023,11,97388,0
CNG,2022,7,99324,176
PSE,2021,12,98388,137
NWN,2025,4,98601,0
PSE,2021,2,98568,1
NWN,2024,12,98664,382
Avista,2023,10,99025,87
NWN,2024,3,98601,0
Avista,2024,10,99174,4
PSE,2023,7,98003,5228
PAC,2025,5,99348,62
Avista,2024,7,99371,12
PSE,2025,2,98109,503
NWN,2023,6,98683,1026
PSE,2025,6,98074,722
PAC,2025,2,99329,25
PSE,2021,11,98177,411
PSE,2024,10,98112,722
CNG,2024,10,98345,4
PSE,2021,7,98125,549
PSE,2025,3,98220,40
PSE,2021,4,98166,639
NWN,2022,9,98642,591
Avista,2022,11,99144,0
CNG,2023,6,98951,73
NWN,2023,9,98671,372
Avista,2022,6,99206,1524
NWN,2022,8,98683,754
Avista,2021,7,99344,481
PSE,2023,2,98371,1653
PSE,2024,12,98237,499
Avista,2022,7,99208,3010
CNG,2024,10,99354,172
NWN,2022,1,98628,35
PSE,2022,11,98371,1475
PSE,2021,9,98263,26
CNG,2023,5,98528,13
CNG,2025,5,98951,70
CNG,2024,2,99344,168
Avista,2022,8,99102,30
CNG,2022,11,99338,78
PAC,2025,3,98939,28
PSE,2023,4,98284,57
PSE,2024,2,98252,246
CNG,2023,2,98953,72
CNG,2022,2,98277,257
PSE,2022,10,98342,105
PSE,2023,9,98283,51
Avista,2022,6,99158,16
PSE,2021,8,98047,896
Avista,2024,4,99212,1367
NWN,2023,7,98026,0
NWN,2023,5,98617,0
PSE,2024,1,98262,113
PSE,2021,5,98424,226
PSE,2024,10,98946,47
CNG,2022,5,98248,466
PSE,2024,7,98404,1026
PSE,2024,4,98155,618
CNG,2024,8,98584,157
PSE,2022,11,98271,531
PSE,2021,10,98233,1644
PSE,2021,7,98102,552
PSE,2022,6,98422,490
PSE,2022,12,98290,531
Avista,2024,3,99212,1394
Avista,2023,9,99130,55
NWN,2022,5,98639,46
PAC,2022,6,98937,398
Avista,2024,12,99020,3
PSE,2022,1,98117,766
Avista,2023,7,99185,47
PSE,2024,6,98116,597
CNG,2023,3,98625,6
CNG,2024,9,98932,53
Avista,2023,3,99205,2599
CNG,2025,6,98948,206
PSE,2024,7,98281,430
Avista,2021,2,99026,91
PSE,2023,12,98106,652
PSE,2025,5,98006,1357
CNG,2022,9,98366,490
CNG,2024,10,98902,998
Avista,2024,4,99125,22
PSE,2024,2,98329,4
PSE,2022,3,98328,60
PSE,2024,9,98077,244
PSE,2022,5,98445,342
Avista,2024,9,99113,7
CNG,2022,1,98221,388
PSE,2021,2,98112,682
PSE,2021,10,98251,104
PSE,2023,9,98010,553
PSE,2021,7,98040,717
Avista,2021,1,99131,5
PSE,2024,9,98568,3
Avista,2022,8,99402,42
NWN,2024,9,98664,428
PSE,2025,6,98409,17
PSE,2024,2,98204,656
CNG,2022,10,98584,156
PSE,2023,4,98263,50
PSE,2025,3,98258,1852
Avista,2022,3,99016,616
Avista,2022,1,99143,14
CNG,2022,4,98802,25
PSE,2021,4,98359,216
Avista,2021,10,98857,2
CNG,2025,2,98220,8
NWN,2024,5,98665,751
CNG,2024,11,99353,48
PSE,2022,6,98037,652
CNG,2024,6,98223,433
PSE,2021,9,98499,1607
PSE,2021,11,98580,285
PSE,2025,2,98058,2993
Avista,2023,8,99001,216
NWN,2023,7,98607,973
PSE,2023,5,98112,757
CNG,2023,11,98908,523
PSE,2024,2,98031,3364
PSE,2022,6,98021,563
PAC,2024,1,98953,638
CNG,2022,1,98311,392
PSE,2021,12,98312,2105
PSE,2022,7,98134,24
PSE,2024,6,98126,726
PSE,2025,6,98229,1614
Avista,2025,2,99031,10
Avista,2023,5,99341,44
PSE,2024,2,98188,2346
PSE,2023,6,98327,72
PSE,2022,7,98232,155
PSE,2023,5,98020,369
PSE,2024,3,98294,389
Avista,2025,6,99109,204
PSE,2023,3,98121,149
CNG,2024,10,98948,175
PSE,2022,8,98024,294
PSE,2024,8,98272,727
PSE,2021,8,98345,43
Avista,2021,10,99033,39
PSE,2022,4,98290,496
PSE,2023,3,98388,133
Avista,2022,9,99173,122
PAC,2024,8,98923,78
PSE,2023,2,98366,2890
PSE,2021,5,98579,707
CNG,2024,3,99301,1997
Avista,2025,9,98648,23
PSE,2023,1,98108,848
PSE,2023,8,98023,4103
PSE,2023,2,98002,3764
PSE,2024,6,98310,2518
PSE,2021,3,98402,42
Avista,2024,5,99122,76
PSE,2021,11,98102,448
Avista,2022,10,99163,1653
PSE,2023,4,98405,1149
NWN,2025,5,98125,0
PSE,2022,2,98199,499
PSE,2024,7,98512,2261
PSE,2025,6,98007,2073
PSE,2021,12,98340,81
PSE,2024,10,98110,1090
PSE,2022,7,98383,1320
CNG,2022,4,98257,37
CNG,2022,10,98942,162
PSE,2025,5,98328,75
Avista,2025,1,99006,267
CNG,2024,10,99301,935
NWN,2022,1,98666,0
PSE,2024,12,98108,813
PSE,2025,6,98023,4158
Avista,2021,6,99102,43
PSE,2022,7,98045,732
PSE,2021,1,98263,23
Avista,2022,5,99009,79
Avista,2021,4,99014,2
Avista,2022,11,99004,156
PSE,2022,2,98433,2
NWN,2022,2,98683,874
Avista,2023,9,99185,59
PAC,2024,11,99329,14
PSE,2024,10,98105,745
PSE,2023,5,98056,3012
PSE,2024,1,98516,2225
PSE,2025,6,98532,175
Avista,2021,3,99185,64
PSE,2021,8,98237,384
Avista,2021,11,99101,74
NWN,2022,4,98666,0
PSE,2021,12,98220,35
CNG,2023,6,99323,18
Avista,2021,6,99117,13
NWN,2023,3,98672,167
PSE,2024,2,98102,506
PAC,2022,7,99328,355
NWN,2024,5,98601,0
Avista,2021,12,99181,132
PSE,2022,7,98112,734
Avista,2022,1,99212,1257
PSE,2022,11,98121,148
NWN,2022,5,98762,0
CNG,2025,1,98942,155
PSE,2025,5,98220,48
Avista,2022,10,99101,76
PSE,2025,1,98249,267
PSE,2022,4,98055,2078
Avista,2022,2,99216,1282
PSE,2021,2,98125,375
PSE,2022,9,98247,573
CNG,2022,9,98292,161
PSE,2025,2,98021,574
PSE,2021,6,98112,654
Avista,2022,10,99159,39
PSE,2024,3,98388,140
CNG,2023,11,98674,87
CNG,2025,5,98271,125
Avista,2021,4,99216,1168
PAC,2024,7,98904,1
PSE,2025,4,98118,1759
NWN,2023,9,98612,0
PSE,2023,3,98031,3185
PSE,2022,3,98922,878
Avista,2022,4,99030,40
CNG,2024,12,98953,76
PSE,2025,3,98409,776
PSE,2022,8,98392,313
PSE,2021,12,98155,610
Avista,2021,2,99185,73
CNG,2022,1,98902,1086
CNG,2024,4,98232,5
PSE,2024,7,98372,2050
PSE,2024,7,98236,384
PAC,2022,7,98938,162
PSE,2023,4,98125,577
PSE,2023,4,98126,788
PSE,2023,12,98001,2098
PSE,2024,12,98295,76
Avista,2025,2,99003,98
NWN,2024,7,98675,0
PSE,2023,8,98058,2771
PSE,2021,2,98235,16
PSE,2021,2,98276,76
PSE,2025,3,98373,1989
PSE,2022,9,98396,49
PSE,2021,8,98262,123
Avista,2021,2,99326,18
Avista,2024,10,99149,14
PSE,2023,8,98273,2477
PSE,2024,11,98926,386
Avista,2023,3,99402,57
PSE,2024,11,98260,320
PSE,2022,8,98532,173
Avista,2023,6,98648,33
PSE,2023,3,98166,850
Avista,2025,7,99149,12
Avista,2023,11,99208,2676
Avista,2025,3,99228,0
PSE,2022,4,98312,2874
PSE,2024,7,98516,2221
Avista,2021,2,99149,8
CNG,2024,12,98264,584
CNG,2024,7,98550,151
PSE,2021,2,98405,1012
PAC,2024,1,98952,88
PSE,2021,6,98008,728
Avista,2023,9,99029,34
PSE,2022,12,98264,1287
PSE,2021,8,98337,805
Avista,2021,5,99218,647
PSE,2021,6,98103,924
Avista,2023,2,99217,949
CNG,2023,7,98611,18
Avista,2025,3,99219,0
PSE,2021,10,98052,3024
PSE,2022,9,98232,159
Avista,2023,3,99130,46
PSE,2022,6,98360,702
PSE,2021,9,98034,2386
Avista,2024,8,99004,188
PSE,2023,4,98037,694
PSE,2025,6,98335,60
Avista,2024,4,99131,5
Avista,2022,4,99019,311
PAC,2025,5,98904,1
PSE,2024,5,98941,188
CNG,2023,8,98370,110
Avista,2024,9,99341,34
CNG,2022,5,99354,177
PSE,2023,2,98221,768
PSE,2024,6,98260,313
Avista,2023,12,99204,649
NWN,2022,7,98660,381
CNG,2023,8,99354,172
PSE,2023,8,98126,760
Avista,2023,4,99122,105
PSE,2023,2,98284,1902
PSE,2024,10,98295,75
PSE,2022,3,98053,555
Avista,2022,4,99156,1
PSE,2023,8,98421,9
PSE,2023,10,98122,1442
PSE,2023,6,98926,397
PSE,2023,10,98596,24
Avista,2021,6,99005,160
Avista,2022,9,99013,124
PAC,2024,9,98942,1205
Avista,2023,4,99164,0
PSE,2021,10,98445,764
PSE,2021,8,98031,2589
CNG,2023,3,98901,322
PSE,2024,4,98229,1721
PSE,2024,10,98146,687
PSE,2022,8,98119,495
PSE,2025,6,98502,256
CNG,2023,5,98902,1509
PSE,2024,1,98055,2317
NWN,2023,12,98672,47
Avista,2023,4,99204,620
PSE,2024,7,98465,111
PAC,2022,9,98901,2222
NWN,2022,2,98629,62
CNG,2024,9,98337,211
PSE,2022,4,98133,900
Avista,2024,6,99181,118
Avista,2023,9,99219,0
Avista,2021,11,99158,20
Avista,2021,9,99026,63
PSE,2023,3,98424,273
PSE,2023,2,98019,325
PSE,2022,4,98321,913
PSE,2022,12,98387,2208
NWN,2023,3,98685,650
PSE,2021,10,98229,2009
Avista,2024,12,99326,18
CNG,2025,6,98674,113
PAC,2024,5,99328,381
Avista,2021,11,99371,15
PSE,2024,8,98036,806
PSE,2024,6,98421,6
Avista,2022,5,99207,2157
PSE,2024,11,98506,1407
PSE,2023,5,98051,248
Avista,2022,12,99131,5
PSE,2022,7,98934,98
PSE,2023,11,98329,2
CNG,2022,2,99338,56
PAC,2025,2,99360,98
PSE,2024,2,98466,574
CNG,2024,9,98295,55
PSE,2021,6,98277,2814
NWN,2024,9,98606,46
PSE,2021,2,98404,1062
Avista,2023,7,99102,42
Avista,2022,3,99137,26
CNG,2024,4,98801,71
Avista,2022,9,99169,75
PSE,2021,12,98117,724
Avista,2022,12,99138,120
PSE,2023,10,98058,2837
Avista,2025,3,99170,37
PSE,2021,3,98267,25
NWN,2023,3,98127,0
PSE,2022,9,98116,575
Avista,2025,2,99146,2
PSE,2023,2,98439,528
NWN,2024,5,98662,1064
PSE,2023,5,98387,26
Avista,2023,5,99144,0
PSE,2021,8,98271,439
PSE,2023,4,98230,1708
Avista,2021,5,99151,9
CNG,2025,1,98366,648
CNG,2022,6,98584,164
CNG,2023,12,98908,536
CNG,2023,1,98345,6
Avista,2023,4,99341,49
PSE,2022,12,98072,793
Avista,2021,1,99403,1108
PSE,2025,4,98020,329
PSE,2024,11,98224,35
PSE,2022,1,98023,3503
CNG,2022,8,98802,20
PSE,2022,10,98371,1526
PSE,2021,10,98444,60
Avista,2024,7,99205,1765
PSE,2022,2,98391,2844
CNG,2023,9,98903,160
PSE,2021,7,98589,437
PSE,2021,12,98103,1055
CNG,2025,2,98625,7
PSE,2022,5,98110,1091
PSE,2024,11,98188,2127
PSE,2024,10,98266,422
PSE,2025,2,98388,149
PSE,2024,11,98235,24
Avista,2022,12,99003,93
PAC,2025,1,98939,18
Avista,2024,9,99344,355
Avista,2022,3,99260,0
PSE,2025,2,98014,227
Avista,2023,11,99403,816
PSE,2021,6,98244,207
PSE,2022,7,98922,835
PSE,2025,1,98031,3215
PSE,2023,3,98229,1611
CNG,2024,10,98310,514
PSE,2021,1,98225,1936
PSE,2022,7,98188,2048
PAC,2022,3,98923,128
Avista,2022,7,99016,863
PSE,2023,6,98225,33
PSE,2021,2,98103,857
PSE,2023,2,98032,4691
Avista,2021,7,99016,673
Avista,2024,12,99217,833
PSE,2023,1,98011,1318
Avista,2024,9,99034,5
PSE,2022,11,98249,264
PSE,2023,8,98031,3209
PSE,2022,10,98126,747
NWN,2024,4,98666,0
Avista,2023,10,99341,40
Avista,2021,2,99003,107
PSE,2024,7,98262,115
PSE,2022,2,98367,1631
PSE,2023,12,98022,2240
CNG,2023,4,98312,696
PSE,2024,10,98405,956
NWN,2022,12,98674,0
PSE,2021,3,98359,214
CNG,2022,5,98337,248
PSE,2023,3,98144,1174
CNG,2024,12,99336,372
PSE,2024,9,98367,1725
PSE,2022,9,98251,115
Avista,2025,4,99160,12
Avista,2022,1,99131,3
Avista,2023,9,99335,0
Avista,2024,11,99021,202
Avista,2023,9,99223,1482
NWN,2022,9,98685,581
Avista,2025,3,99202,1143
PSE,2022,4,98512,2439
PSE,2025,1,98244,273
NWN,2023,11,98685,614
PSE,2024,3,98926,409
Avista,2025,9,99006,310
PSE,2022,7,98126,740
PSE,2021,9,98235,16
CNG,2025,4,98626,34
PSE,2024,12,98296,420
PAC,2025,5,99361,169
PSE,2022,11,98051,202
PSE,2021,12,98237,274
PSE,2021,9,98383,1150
PSE,2025,4,98003,5606
PSE,2022,8,98155,627
PSE,2025,1,98204,654
PSE,2022,2,98257,413
PSE,2021,12,98023,2642
PSE,2023,5,98597,2694
Avista,2023,2,99202,1157
Avista,2023,10,99144,0
PAC,2024,9,98939,23
PSE,2024,1,98010,551
CNG,2023,7,98337,215
PSE,2021,5,98052,2279
PSE,2025,4,98934,137
CNG,2022,5,98314,1
PAC,2022,8,98944,1657
PSE,2021,7,98031,2595
NWN,2025,2,98684,873
Avista,2024,1,99157,44
PAC,2025,6,98939,26
PSE,2024,2,98221,1661
PSE,2022,6,98023,3760
PSE,2024,2,98284,1931
PSE,2025,4,98253,96
PSE,2024,6,98422,510
CNG,2024,6,98367,292
Avista,2022,9,99102,40
PSE,2022,2,98039,86
PSE,2023,3,98058,2885
CNG,2023,8,98284,328
NWN,2022,2,98605,21
PSE,2021,2,98070,571
PSE,2021,10,98038,1687
PSE,2023,7,98220,41
PSE,2025,3,98926,429
PSE,2023,11,98021,608
PSE,2024,9,98002,3496
PSE,2022,12,98121,144
PSE,2022,1,98226,2686
NWN,2023,3,98617,0
PSE,2023,11,98445,728
PSE,2025,1,98199,488
Avista,2022,9,99032,27
PSE,2022,7,98312,2756
Avista,2024,7,99114,423
Avista,2021,11,99117,12
PSE,2023,1,98034,2639
PSE,2021,5,98312,2317
PSE,2024,2,98144,1133
PSE,2021,6,98421,3
PSE,2022,11,98466,593
PSE,2021,10,98558,23
CNG,2023,4,98837,98
PSE,2022,2,98499,660
CNG,2022,12,99344,126
PAC,2025,4,98953,776
NWN,2022,7,98639,45
NWN,2023,10,98127,0
NWN,2023,12,98629,76
PSE,2024,10,98230,1094
PSE,2023,1,98934,126
Avista,2023,11,99022,170
PSE,2022,10,98294,333
Avista,2025,7,99026,62
PSE,2022,12,98252,268
PSE,2021,3,98238,2
Avista,2023,12,99011,0
CNG,2024,11,98383,252
Avista,2025,9,99206,1512
PSE,2021,5,98024,263
PSE,2024,12,98506,1501
NWN,2022,7,98664,630
CNG,2022,6,98944,289
PSE,2022,3,98065,668
PSE,2021,5,98014,503
Avista,2022,8,99185,40
PSE,2022,6,98506,2086
CNG,2023,1,98230,381
CNG,2023,5,98240,14
Avista,2022,5,99125,23
PSE,2023,11,98208,1188
Avista,2021,4,99131,3
PSE,2022,7,98125,585
PSE,2023,6,98059,1968
CNG,2023,11,98271,150
PSE,2021,11,98144,895
Avista,2021,3,99036,5
PSE,2021,1,98591,14
Avista,2025,9,99171,34
PSE,2022,8,98252,240
Avista,2023,3,99207,2265
CNG,2022,6,98275,1
CNG,2024,3,99353,42
Avista,2022,4,99216,1175
PAC,2024,9,98930,668
PSE,2022,6,98107,584
PSE,2023,9,98024,261
PSE,2025,1,98310,2217
Avista,2022,10,99009,87
PSE,2024,11,98008,908
NWN,2022,2,98127,0
PSE,2025,3,98596,27
PSE,2025,6,98134,31
Avista,2023,12,99220,0
PSE,2025,5,98403,39
PSE,2023,7,98353,209
PSE,2022,10,98251,99
PSE,2022,11,98019,316
PSE,2021,2,98040,692
NWN,2022,4,98208,0
Avista,2022,8,99006,238
Avista,2021,10,99027,296
PAC,2024,12,98947,226
PSE,2022,1,98119,492
Avista,2025,5,99130,41
Avista,2021,3,99160,12
PSE,2023,3,98338,933
PSE,2021,9,98346,541
PSE,2023,7,98271,486
Avista,2022,3,99101,66
NWN,2023,8,98665,543
PSE,2024,4,98321,1024
PSE,2024,7,98136,434
PSE,2021,9,98110,1285
PSE,2023,4,98118,1756
PSE,2021,12,98321,732
PSE,2024,10,98077,207
PSE,2023,9,98028,1080
Avista,2023,2,99224,648
PSE,2025,3,98345,33
Avista,2021,6,99125,22
NWN,2024,2,98626,0
NWN,2025,1,98606,50
Avista,2023,1,99008,10
PSE,2022,3,98075,726
CNG,2024,10,98295,42
NWN,2022,12,98671,359
PSE,2021,5,98148,521
PSE,2025,5,98390,104
PSE,2024,2,98059,2109
Avista,2021,7,99009,67
CNG,2022,5,98936,84
PSE,2021,2,98002,3029
PSE,2025,2,98022,1139
CNG,2022,2,99324,130
PSE,2022,5,98248,1911
Avista,2023,8,99219,0
Avista,2024,1,99163,1296
Avista,2024,2,99138,106
PSE,2021,5,98335,302
PSE,2021,11,98105,489
PSE,2022,1,98273,1895
PSE,2024,12,98502,2676
CNG,2023,7,98292,163
Avista,2024,8,99111,100
Avista,2024,4,99003,96
Avista,2023,9,99122,102
PSE,2023,2,98392,175
NWN,2022,3,98026,0
Avista,2023,1,99122,78
Avista,2022,11,99013,106
Avista,2024,12,99039,8
PSE,2021,12,98007,1388
PSE,2024,12,98568,2
PSE,2021,8,98247,491
PSE,2024,8,98023,3461
Avista,2022,8,99012,27
PSE,2022,5,98388,132
PSE,2021,12,98530,1622
PSE,2022,5,98406,671
Avista,2021,11,99012,51
PSE,2024,12,98335,445
PSE,2022,9,98155,626
Avista,2022,8,99114,447
PSE,2021,7,98375,1219
Avista,2025,1,99021,207
PSE,2023,11,98002,3899
PSE,2021,12,98380,173
Avista,2024,7,99016,756
Avista,2022,4,99170,41
Avista,2023,5,99025,95
PSE,2021,10,98247,497
PAC,2022,3,98953,682
CNG,2025,5,98277,353
PSE,2022,8,98270,1984
Avista,2022,8,99027,280
NWN,2024,1,98601,0
Avista,2023,4,99021,272
PSE,2021,2,98092,3474
Avista,2023,3,99012,52
NWN,2022,8,98626,0
CNG,2025,2,98337,227
CNG,2023,6,98520,169
Avista,2024,5,99130,49
PSE,2021,12,98033,1372
Avista,2024,3,99402,63
Avista,2022,3,99176,6
PSE,2021,1,98226,2604
Avista,2021,6,99146,1
PSE,2023,5,98502,2822
PSE,2021,12,98230,1281
Avista,2021,1,99344,538
Avista,2024,8,99040,65
PSE,2024,1,98276,106
PSE,2023,2,98118,1635
NWN,2024,11,98605,14
Avista,2024,9,99016,797
NWN,2024,9,98617,0
PSE,2023,7,98077,253
PSE,2022,11,98926,331
CNG,2022,9,99344,169
PSE,2024,8,98371,1450
Avista,2021,12,99144,0
Avista,2021,6,98648,38
PAC,2024,10,98938,135
NWN,2024,7,98639,36
Avista,2023,3,99149,10
PSE,2022,8,98051,223
Avista,2025,1,99179,15
PSE,2023,4,98233,163
PAC,2025,4,98948,1046
PSE,2022,9,98198,3465
PSE,2023,10,98031,3206
NWN,2022,11,98672,64
Avista,2024,8,99019,397
Avista,2021,5,99185,62
PSE,2024,10,98424,289
PSE,2022,8,98591,15
Avista,2022,1,99171,17
Avista,2021,4,99001,199
PSE,2023,5,98371,1978
NWN,2022,6,98626,0
PSE,2022,10,98424,268
PSE,2024,7,98925,90
PSE,2024,3,98177,458
PSE,2023,4,98121,160
Avista,2023,12,99033,41
PSE,2024,10,98580,366
PSE,2024,9,98155,654
Avista,2023,4,99032,34
Avista,2021,6,99371,16
PSE,2022,3,98036,762
NWN,2023,1,98606,50
Avista,2021,11,99157,50
Avista,2025,6,99008,16
CNG,2023,6,98584,166
PSE,2022,2,98532,181
PSE,2022,8,98116,531
Avista,2022,8,99036,5
CNG,2024,12,98225,663
PSE,2022,9,98364,1
PSE,2022,11,98198,3266
NWN,2023,4,98663,371
PSE,2023,1,98446,370
PSE,2021,11,98387,1776
Avista,2022,6,99138,133
Avista,2023,2,99212,1180
NWN,2022,1,98127,0
CNG,2024,6,98930,298
PSE,2025,2,98116,535
Avista,2023,12,99170,53
NWN,2024,7,98610,45
PSE,2022,3,98168,1028
Avista,2024,11,99149,19
PSE,2025,6,98270,2263
CNG,2022,7,98848,4
NWN,2022,11,98682,1422
PSE,2025,1,98036,773
PAC,2022,9,98942,1445
PSE,2025,2,98158,1
NWN,2023,6,98664,675
Avista,2021,6,99009,55
PSE,2023,3,98290,469
CNG,2023,9,98284,373
Avista,2023,5,99167,33
PSE,2023,4,98036,871
Avista,2024,9,99137,27
PSE,2021,8,98443,541
PSE,2022,10,98338,851
Avista,2022,9,99176,4
PSE,2024,9,98022,1746
PSE,2024,6,98284,1930
PSE,2025,6,98345,87
PSE,2021,7,98029,1444
CNG,2022,12,98292,171
PAC,2024,12,98938,130
PSE,2024,4,98327,525
PSE,2022,5,98345,38
PSE,2022,1,98371,1461
CNG,2024,5,98284,348
CNG,2025,3,98951,67
PSE,2021,7,98166,723
PSE,2021,2,98257,335
PSE,2021,6,98236,308
CNG,2022,12,99324,158
CNG,2022,10,98674,97
PSE,2022,9,98589,488
PSE,2021,9,98077,203
Avista,2024,8,99138,100
PSE,2025,2,98516,2310
PSE,2022,4,98532,19
PSE,2023,5,98043,494
Avista,2021,8,99206,1428
Avista,2024,8,99176,2
PSE,2025,5,98134,33
PSE,2024,11,98101,43
Avista,2021,12,99021,259
PSE,2021,8,98360,621
PAC,2024,6,99324,549
Avista,2021,1,99001,276
PSE,2025,5,98272,784
PSE,2021,9,98258,1608
PSE,2021,10,98383,1165
NWN,2023,8,98762,0
NWN,2023,12,98648,0
Avista,2024,3,99023,10
PSE,2025,3,98498,2030
Avista,2025,2,99157,48
Avista,2023,2,99156,1
Avista,2021,6,99173,135
PSE,2024,4,98446,436
CNG,2024,8,98625,22
PSE,2021,6,98366,2434
NWN,2022,12,98864,0
PSE,2023,5,98277,103
Avista,2022,4,99149,6
PSE,2023,10,98201,968
PSE,2024,6,98270,2322
PSE,2024,7,98024,254
PSE,2025,5,98380,151
Avista,2023,10,99163,1563
PSE,2025,1,98022,1993
NWN,2022,4,98617,0
CNG,2025,1,99336,354
PSE,2021,9,98031,2443
Avista,2023,10,99201,1255
PSE,2021,12,98020,312
Avista,2022,7,99161,92
PSE,2023,9,98294,392
PSE,2021,3,98144,994
PSE,2024,2,98002,5233
Avista,2023,11,99402,54
PSE,2025,6,98168,5
PSE,2021,10,98004,2120
NWN,2023,7,97301,0
Avista,2024,10,99023,7
PSE,2024,9,98249,246
Avista,2021,4,99164,1
NWN,2024,3,98683,910
PSE,2022,3,98034,2498
PSE,2023,3,98340,258
CNG,2024,3,99337,178
PSE,2022,6,98112,721
PSE,2025,1,98014,465
PSE,2023,4,98007,1843
CNG,2022,5,98277,242
PSE,2021,1,98940,180
PSE,2021,1,98284,1343
PAC,2024,9,98933,59
PSE,2023,1,98253,78
CNG,2023,10,98248,500
CNG,2024,7,98524,5
Avista,2021,7,99014,6
Avista,2021,4,99033,27
CNG,2022,8,98550,153
PSE,2022,5,98236,340
PSE,2025,1,98506,1414
PSE,2023,12,98220,49
NWN,2023,5,98660,379
PSE,2021,7,98122,1188
PSE,2024,7,98232,190
PSE,2025,2,98112,785
Avista,2022,7,99040,88
PSE,2022,4,98383,1253
CNG,2023,4,98345,8
CNG,2024,10,98930,155
PSE,2021,11,98039,58
CNG,2023,3,98274,235
PSE,2022,9,98273,1927
PSE,2024,5,98364,1
Avista,2025,1,99131,6
PSE,2021,6,98396,25
PSE,2022,2,98240,265
Avista,2024,3,99171,29
PSE,2025,1,98501,3882
Avista,2022,2,99129,90
Avista,2021,5,99039,7
Avista,2021,1,99125,29
NWN,2023,2,98684,1025
Avista,2021,6,99029,34
Avista,2021,6,99018,7
PSE,2025,1,98006,1269
CNG,2024,10,98848,3
PSE,2024,2,98373,2000
CNG,2025,1,98337,214
CNG,2023,7,98930,238
PSE,2024,7,98532,188
Avista,2021,4,99205,2339
PSE,2022,6,98010,467
PSE,2021,4,98430,1
CNG,2024,3,98345,4
PSE,2023,1,98370,1879
Avista,2025,5,99128,9
CNG,2024,7,98310,563
NWN,2023,8,98664,487
PSE,2021,11,98001,1642
Avista,2025,3,99037,306
PSE,2022,4,98257,353
PSE,2021,6,98148,561
Avista,2022,3,99114,515
PSE,2023,10,98295,98
PSE,2022,3,98178,783
PSE,2024,8,98051,226
PSE,2024,11,98204,682
PSE,2023,7,98374,2962
PSE,2023,10,98260,303
PSE,2023,9,98288,35
PSE,2023,5,98110,1315
Avista,2024,10,99034,5
NWN,2022,7,98663,344
PSE,2023,12,98050,16
CNG,2023,9,98311,512
PSE,2021,5,98251,111
Avista,2024,5,99217,900
PSE,2022,3,98177,460
PSE,2024,7,98340,249
PSE,2023,6,98056,2826
CNG,2025,4,99353,49
CNG,2023,6,98802,15
Avista,2022,5,99164,1
PSE,2024,11,98119,548
PSE,2023,5,98148,744
PSE,2022,6,98158,1
Avista,2024,6,99341,37
PSE,2022,1,98050,26
Avista,2024,11,99020,1
PSE,2022,3,98203,892
Avista,2022,3,99026,70
CNG,2024,3,98366,573
PSE,2022,6,98579,774
PSE,2023,6,98008,838
Avista,2023,6,99224,681
PSE,2023,5,98005,1094
PSE,2023,6,98310,417
CNG,2023,1,99301,1807
NWN,2023,4,98026,0
PSE,2024,6,98446,407
CNG,2023,6,98230,437
Avista,2024,7,99203,470
NWN,2024,9,98684,692
PSE,2024,7,98032,3887
PSE,2022,4,98422,499
Avista,2021,8,99371,14
PSE,2024,12,98925,87
PSE,2021,4,98232,155
CNG,2025,5,98557,13
PSE,2021,1,98045,697
Avista,2024,10,99344,351
PSE,2025,6,98036,838
PSE,2024,5,98106,639
PSE,2024,3,98112,683
Avista,2021,2,99117,20
Avista,2021,1,99137,32
NWN,2023,3,98683,986
PSE,2024,4,98372,2211
PSE,2022,4,98030,3255
CNG,2024,1,98370,85
PSE,2022,10,98039,89
PSE,2024,1,98204,614
Avista,2022,4,99141,294
NWN,2023,9,98208,0
Avista,2023,11,99206,1386
CNG,2024,6,99323,15
PSE,2022,1,98360,642
PSE,2023,6,98204,817
PSE,2023,7,98433,2929
Avista,2023,5,99207,2315
Avista,2023,4,99218,643
PSE,2021,12,98112,761
PSE,2023,8,98513,2469
Avista,2023,7,99001,234
PSE,2021,5,98264,1120
PSE,2022,12,98374,2402
CNG,2025,1,98248,544
PSE,2025,6,98075,713
PSE,2022,6,98008,810
CNG,2022,3,99354,148
NWN,2024,3,98685,573
PSE,2023,1,98237,470
PSE,2023,12,98406,789
PSE,2025,5,98270,2279
CNG,2022,5,98930,224
NWN,2022,10,97031,0
PSE,2024,10,98345,25
PSE,2025,3,98296,412
PSE,2024,9,98244,253
PSE,2022,4,98226,3230
PSE,2024,12,98346,590
PSE,2023,9,98321,1039
CNG,2024,9,98221,486
PSE,2021,1,98266,412
PSE,2024,6,98003,5383
PSE,2023,7,98012,1381
CNG,2024,5,98802,21
PSE,2021,3,98249,171
PSE,2022,3,98010,440
CNG,2024,1,98276,29
CNG,2022,3,98524,4
CNG,2024,10,98942,162
Avista,2025,8,99131,11
PSE,2021,4,98277,2546
NWN,2022,6,98026,0
PSE,2022,3,98596,22
Avista,2024,6,99217,921
Avista,2021,4,99026,73
NWN,2023,1,97388,0
PSE,2023,5,98252,65
PAC,2022,7,99363,18
CNG,2022,7,98942,172
CNG,2024,8,98274,261
PSE,2022,6,98032,4195
Avista,2024,3,99036,5
PSE,2021,8,98101,41
PSE,2024,11,98104,48
Avista,2022,2,99202,1210
PSE,2023,10,98403,278
PAC,2024,12,99363,21
Avista,2021,1,99102,62
CNG,2023,5,98282,33
CNG,2023,9,98936,113
PSE,2021,5,98233,641
PSE,2022,8,98112,722
Avista,2022,1,99018,11
PSE,2021,7,98006,1179
PSE,2023,9,98072,931
Avista,2025,9,99181,126
NWN,2024,9,98666,0
PSE,2022,8,98342,124
PSE,2022,8,98008,801
PSE,2021,4,98220,27
PSE,2021,6,98271,476
PSE,2024,12,98512,2368
NWN,2025,4,98612,0
PAC,2024,11,98933,54
PSE,2021,7,98345,39
Avista,2021,6,99110,33
PSE,2024,12,98042,3347
PSE,2023,9,98116,615
PSE,2021,9,98283,37
Avista,2024,8,99031,16
PSE,2022,1,98439,558
PSE,2022,9,98166,825
PSE,2024,11,98359,277
PSE,2025,5,98465,134
PSE,2021,9,98266,379
Avista,2024,10,99137,27
PSE,2024,8,98940,167
PSE,2022,8,98328,61
NWN,2024,1,98662,813
PAC,2025,4,98904,1
NWN,2023,9,98642,598
NWN,2023,4,98682,2686
Avista,2022,9,99125,18
NWN,2025,5,98607,1076
PSE,2021,10,98275,363
PSE,2024,5,98465,115
PSE,2021,9,98249,186
Avista,2023,1,99019,438
Avista,2022,1,98857,3
Avista,2024,4,99103,17
PSE,2021,12,98934,74
NWN,2025,5,98119,0
PSE,2021,5,98946,43
PAC,2025,6,98901,2865
PSE,2023,2,98053,375
PAC,2022,1,98935,171
Avista,2024,11,99138,137
Avista,2023,8,99146,1
PSE,2023,8,98052,3978
Avista,2022,2,99212,1232
PSE,2022,10,98405,1065
PSE,2024,12,98030,3500
PSE,2025,2,98004,2407
Avista,2024,8,99103,14
Avista,2022,5,99004,152
PAC,2024,9,98951,757
Avista,2021,11,99009,75
Avista,2024,10,99156,1
PSE,2024,5,98031,3233
Avista,2022,10,99103,15
CNG,2022,8,99350,60
Avista,2025,7,99169,75
PSE,2024,9,98422,498
PAC,2024,4,99360,59
PSE,2022,2,98296,398
Avista,2024,2,99207,2163
CNG,2025,1,98944,258
CNG,2025,5,98276,52
Avista,2025,6,99014,4
PSE,2021,2,98373,1409
CNG,2022,3,99353,32
CNG,2024,9,99336,419
NWN,2023,9,98675,0
Avista,2025,7,99016,891
PSE,2024,11,98292,64
PSE,2023,5,98014,281
NWN,2024,11,98635,0
Avista,2022,12,99148,141
Avista,2021,3,99176,4
PSE,2024,4,98221,1703
NWN,2022,12,98610,46
PSE,2021,7,98233,1579
PSE,2024,12,98050,12
PSE,2024,12,98255,37
PSE,2023,5,98380,1663
PSE,2022,9,98051,200
Avista,2021,8,99151,9
PSE,2025,6,98247,620
PSE,2024,9,98109,472
PSE,2021,9,98405,1031
Avista,2022,12,99020,3
Avista,2024,1,99130,55
PSE,2025,6,98059,2089
Avista,2023,4,99027,234
PSE,2021,8,98155,590
PSE,2023,12,98329,4
NWN,2023,10,98665,455
PSE,2022,5,98022,1797
PSE,2022,6,98311,1796
PSE,2023,11,98052,3738
PSE,2022,6,98576,458
PSE,2022,10,98579,782
Avista,2025,3,99217,917
PSE,2025,2,98146,694
PAC,2024,9,99324,414
CNG,2023,7,98902,1458
CNG,2024,6,98312,676
Avista,2023,10,99107,0
PSE,2025,2,98072,1048
PSE,2022,2,98406,554
Avista,2023,8,98620,92
PSE,2021,3,98418,435
Avista,2022,1,99159,32
CNG,2022,12,99350,66
Avista,2022,9,99207,2058
Avista,2023,8,99020,3
PSE,2023,8,98121,174
Avista,2022,5,99212,1270
Avista,2023,4,99011,0
PSE,2021,8,98102,558
PSE,2022,12,98275,389
Avista,2024,10,99008,13
PSE,2022,1,98580,288
Avista,2023,11,98648,21
PSE,2021,9,98221,1426
Avista,2022,2,99144,0
Avista,2024,7,99110,21
PSE,2024,1,98105,766
PSE,2022,4,98353,2
PSE,2022,7,98267,33
Avista,2024,12,99101,69
PSE,2024,8,98390,888
PSE,2025,5,98260,334
Avista,2023,5,99109,152
PAC,2024,4,98921,88
Avista,2023,10,99030,25
CNG,2025,6,98311,471
PSE,2022,6,98148,638
PSE,2025,1,98589,524
PSE,2022,2,98204,649
CNG,2023,8,99352,388
PSE,2021,1,98050,20
PSE,2022,9,98072,835
Avista,2021,6,99326,20
PSE,2023,12,98310,2567
PSE,2021,3,98002,3976
NWN,2025,4,98671,683
PSE,2023,10,98267,47
PSE,2024,4,98295,92
PSE,2023,4,98134,21
PSE,2021,9,98388,132
PSE,2022,3,98373,1763
PSE,2024,7,98247,563
NWN,2023,3,98662,1144
PSE,2024,1,98346,648
PSE,2022,3,98270,2055
NWN,2024,1,98648,0
PSE,2022,9,98345,40
PAC,2025,3,99361,157
PSE,2023,12,98383,1668
CNG,2023,3,99337,131
Avista,2024,6,99170,42
Avista,2023,5,99220,0
PSE,2021,4,98032,3109
PSE,2022,1,98208,1132
Avista,2023,10,99016,864
PSE,2025,4,98422,46
PSE,2025,6,98052,3728
PSE,2023,4,98002,4132
CNG,2024,12,98233,496
PSE,2021,1,98272,753
Avista,2023,6,99218,570
PSE,2024,7,98374,2973
PSE,2024,7,98252,253
CNG,2023,2,98273,412
PSE,2023,4,98178,492
Avista,2024,4,99203,588
PSE,2025,2,98027,1579
CNG,2024,6,99324,184
PAC,2025,6,98947,370
PSE,2024,2,98407,640
PAC,2024,1,98951,1000
NWN,2023,9,98684,697
Avista,2023,1,99138,130
Avista,2023,9,99157,45
PSE,2023,8,98276,92
PSE,2022,2,98047,545
Avista,2023,3,99151,8
NWN,2025,1,98617,0
PSE,2025,5,98168,2
CNG,2024,7,99350,50
PSE,2024,5,98288,48
PSE,2024,8,98292,47
PSE,2021,11,98404,1034
PSE,2022,10,98178,867
Avista,2024,6,99018,13
CNG,2024,8,98276,31
CNG,2022,6,98366,449
CNG,2024,11,98282,39
PSE,2023,6,98248,547
PSE,2022,2,98036,827
PSE,2024,9,98396,49
PSE,2022,10,98236,322
Avista,2022,9,99040,67
CNG,2022,5,98557,12
Avista,2025,7,99151,10
CNG,2023,12,98557,9
PSE,2025,4,98443,73
PSE,2021,9,98271,435
PSE,2023,12,98392,348
CNG,2023,6,99344,161
PSE,2024,4,98092,4506
PSE,2022,1,98178,758
Avista,2022,4,99009,87
Avista,2022,2,99113,9
PSE,2024,4,98499,706
Avista,2021,11,99151,11
NWN,2025,2,98628,25
PSE,2025,5,98022,2095
PSE,2024,12,98125,592
PSE,2023,7,98010,503
PSE,2024,4,98239,503
PSE,2022,6,98125,568
Avista,2021,6,99134,32
PSE,2022,5,98290,500
PAC,2024,10,98930,697
PSE,2021,4,98021,366
PSE,2022,11,98006,1355
PAC,2025,2,99324,543
Avista,2024,1,99161,61
CNG,2024,8,98948,195
CNG,2022,11,98310,556
PSE,2022,4,98465,613
PSE,2022,6,98118,1569
CNG,2022,4,99344,164
PSE,2025,3,98238,2
PSE,2024,10,98109,453
PSE,2021,5,98006,1197
PSE,2022,6,98255,43
PSE,2024,12,98033,1687
CNG,2023,3,98936,82
Avista,2023,12,99371,15
CNG,2022,6,98284,305
PSE,2022,7,98466,610
CNG,2023,10,98520,161
Avista,2022,10,99022,197
PSE,2022,7,98043,473
PSE,2024,7,98266,412
PSE,2022,12,98027,1472
PSE,2023,8,98105,904
PSE,2024,6,98244,276
PSE,2024,6,98122,1316
PSE,2024,8,98109,447
PAC,2022,1,98902,3965
Avista,2022,2,99157,51
PSE,2024,7,98008,921
PSE,2024,4,98329,6
PSE,2025,2,98404,1131
PSE,2024,5,98146,706
PSE,2024,8,98405,1020
PSE,2021,5,98019,350
Avista,2022,12,99144,0
PSE,2023,12,98077,211
PSE,2025,5,98047,604
Avista,2025,8,99019,497
PSE,2021,5,98310,1898
CNG,2023,1,98226,497
PSE,2022,11,98273,2055
PSE,2021,9,98421,6
PSE,2025,5,98276,122
NWN,2022,11,98629,129
Avista,2021,10,99203,633
Avista,2024,5,99101,80
PSE,2023,10,98580,442
PSE,2024,10,98445,903
PSE,2024,6,98367,2010
CNG,2022,4,99338,70
Avista,2021,11,99033,38
PSE,2023,6,98338,877
CNG,2025,5,99344,199
Avista,2023,7,99203,570
Avista,2021,1,98620,79
CNG,2022,10,99352,380
Avista,2021,3,99171,31
PSE,2022,1,98270,2094
PSE,2022,3,98274,981
Avista,2024,2,99103,24
Avista,2021,8,99158,21
PSE,2024,2,98146,667
Avista,2023,5,99179,19
CNG,2023,11,98220,14
PSE,2022,11,98029,1157
Avista,2021,3,99004,164
CNG,2022,7,98282,41
Avista,2022,4,99004,135
PSE,2025,2,98101,46
PSE,2024,7,98506,1442
NWN,2025,1,98671,409
NWN,2023,9,98026,0
PSE,2021,2,98144,1170
PSE,2022,12,98026,708
PSE,2021,4,98011,865
NWN,2023,11,98208,0
PSE,2022,9,98045,753
Avista,2023,6,99125,26
Avista,2023,11,99159,40
Avista,2024,2,99181,126
PSE,2024,1,98405,999
PSE,2023,6,98014,266
PSE,2021,12,98010,424
Avista,2025,1,99174,4
PSE,2021,3,98117,504
CNG,2023,11,99337,136
PSE,2024,8,98136,434
Avista,2021,4,99126,47
CNG,2022,3,98801,74
Avista,2021,3,99001,260
PSE,2022,2,98028,892
PSE,2025,2,98036,857
PSE,2023,2,98370,1917
CNG,2025,6,98271,106
Avista,2024,7,99013,101
CNG,2023,1,98383,216
CNG,2023,3,98273,382
Avista,2024,7,99167,35
PSE,2023,12,98112,761
Avista,2021,9,99161,64
PSE,2023,12,98068,87
CNG,2023,12,98295,40
Avista,2022,6,99163,1505
PSE,2023,10,98004,2503
PSE,2024,9,98580,380
PSE,2024,12,98232,166
PSE,2021,5,98260,289
NWN,2022,5,98661,921
NWN,2022,5,98026,0
PSE,2021,6,98108,1008
PSE,2024,2,98465,109
PSE,2021,2,98328,25
PSE,2024,4,98335,395
Avista,2021,9,99224,720
CNG,2024,1,98626,70
PSE,2021,6,98270,1845
PSE,2022,2,98253,74
PSE,2023,9,98255,56
PSE,2023,1,98288,35
Avista,2022,3,99146,1
PSE,2021,9,98267,32
PSE,2023,10,98310,2391
PSE,2023,4,98501,4074
PSE,2024,6,98012,1360
CNG,2024,5,98240,16
PSE,2022,10,98203,838
PSE,2024,2,98027,1575
Avista,2025,7,99001,244
Avista,2024,9,99013,93
PSE,2021,6,98119,397
Avista,2021,9,99157,50
PSE,2024,2,98092,4516
Avista,2021,12,99326,26
Avista,2023,3,99217,716
PSE,2025,3,98108,908
PSE,2024,1,98439,560
CNG,2022,4,98903,149
Avista,2022,1,99021,271
CNG,2024,2,98233,520
Avista,2025,3,99014,6
NWN,2024,1,98026,0
Avista,2024,10,99114,425
PSE,2023,11,98023,4074
NWN,2022,9,98661,627
CNG,2022,9,98230,416
CNG,2024,12,98948,167
Avista,2022,7,99129,102
PSE,2022,11,98292,55
Avista,2021,5,99117,13
PSE,2024,2,98516,2168
NWN,2022,7,98675,0
PSE,2025,3,98262,56
PSE,2023,4,98288,1892
PSE,2021,2,98499,567
PSE,2021,5,98050,17
CNG,2024,12,98944,243
Avista,2024,11,99125,19
PSE,2024,4,98055,2318
PSE,2022,10,98059,1974
CNG,2024,11,98837,86
PSE,2022,3,98321,955
Avista,2024,8,99022,180
Avista,2021,9,99040,90
NWN,2022,10,98612,0
PSE,2025,5,98467,285
PSE,2022,12,98122,1351
Avista,2022,2,99125,28
Avista,2022,6,99212,1266
CNG,2024,7,99338,110
PSE,2025,3,98388,153
Avista,2021,3,99159,43
PSE,2024,12,98940,83
PSE,2024,4,98338,1008
Avista,2024,1,99137,36
PAC,2024,7,99329,16
PSE,2024,7,98033,1796
PSE,2024,4,98198,3742
Avista,2024,1,99208,2221
Avista,2022,5,99326,26
PSE,2024,5,98568,4
PSE,2025,1,98370,1824
PSE,2022,9,98229,1511
Avista,2025,7,99179,17
CNG,2025,4,98383,257
Avista,2022,1,99217,984
PAC,2022,4,98942,1745
PSE,2022,9,98122,1347
PSE,2023,7,98390,1003
PSE,2024,3,98027,1551
CNG,2022,4,98271,121
Avista,2021,7,99003,98
PSE,2023,11,98327,534
PAC,2022,2,98952,87
PSE,2022,2,98345,46
PSE,2022,9,98372,2014
PSE,2021,5,98392,305
PSE,2023,6,98126,739
Avista,2022,1,99026,62
PSE,2023,10,98220,35
Avista,2024,2,99185,66
NWN,2023,11,98635,0
PSE,2023,4,98467,309
Avista,2022,11,99110,32
CNG,2024,2,98292,199
Avista,2024,3,99137,39
CNG,2024,12,98674,96
PSE,2021,1,98465,104
PAC,2022,3,98903,1829
PAC,2022,1,99350,4
CNG,2024,2,98611,5
PAC,2024,12,99324,435
Avista,2022,11,99161,61
Avista,2025,4,99223,1384
PSE,2021,11,98115,723
PSE,2021,3,98122,1000
CNG,2022,4,98541,31
Avista,2021,5,99027,325
Avista,2022,4,99018,10
PAC,2024,1,98901,2229
CNG,2025,4,98908,632
CNG,2025,2,98837,76
NWN,2024,7,98684,830
Avista,2021,3,99109,200
Avista,2023,5,99216,1372
PSE,2021,3,98421,2
PSE,2025,4,98445,978
PSE,2022,1,98032,3809
Avista,2024,7,99335,0
Avista,2024,6,99009,70
PSE,2021,3,98922,650
Avista,2025,1,98620,86
PSE,2022,5,98502,3568
PSE,2022,7,98224,40
PSE,2021,8,98596,16
PSE,2025,3,98499,736
PSE,2025,6,98390,101
Avista,2021,7,99128,10
PSE,2023,8,98103,1165
PSE,2021,6,98444,768
PSE,2022,3,98008,769
CNG,2023,12,98550,111
NWN,2022,3,98675,0
PSE,2024,10,98270,2239
Avista,2022,5,99040,80
PSE,2024,1,98109,385
PSE,2022,1,98338,803
CNG,2024,8,98284,283
PSE,2024,5,98466,554
CNG,2024,4,98337,222
Avista,2023,1,99223,1328
Avista,2023,10,99208,2709
PSE,2021,8,98056,2387
Avista,2025,4,99176,3
Avista,2022,12,99037,276
Avista,2025,7,99040,87
PSE,2023,7,98249,280
PSE,2023,1,98168,1074
PSE,2021,7,98576,408
PSE,2021,4,98177,277
PSE,2022,2,98237,425
PSE,2025,1,98295,72
Avista,2024,8,99104,0
CNG,2023,6,98953,45
PSE,2023,4,98345,156
PSE,2021,12,98115,741
PSE,2023,9,98087,887
PSE,2021,12,98008,688
Avista,2023,11,99014,1
PSE,2022,4,98251,132
Avista,2021,12,99207,2120
CNG,2024,10,98233,469
PSE,2025,6,98116,559
PAC,2024,5,98603,2
PSE,2022,4,98029,1496
PSE,2021,11,98405,825
CNG,2023,5,98277,267
PSE,2025,3,98430,1
PSE,2025,2,98466,622
PSE,2023,9,98433,148
NWN,2022,9,98620,0
PSE,2024,7,98166,805
PSE,2022,7,98311,1831
PSE,2023,9,98105,1027
PSE,2025,4,98034,3277
Avista,2024,8,99143,8
CNG,2024,11,98310,549
PSE,2022,1,98229,1391
PSE,2022,11,98240,197
PSE,2024,12,98101,43
PSE,2021,11,98396,44
CNG,2022,8,98229,283
PSE,2024,8,98229,2187
PSE,2025,1,98925,76
Avista,2021,2,99113,15
Avista,2022,6,99016,720
PSE,2021,11,98446,623
PSE,2024,4,98391,3241
PSE,2024,2,98925,76
Avista,2024,12,99117,11
Avista,2024,12,99125,13
PSE,2021,11,98101,40
PSE,2022,8,98340,253
PSE,2024,12,98422,522
CNG,2024,6,98370,134
PSE,2025,2,98178,852
PSE,2025,5,98253,94
PSE,2023,2,98404,1086
NWN,2025,2,98675,0
CNG,2023,8,98936,111
Avista,2024,6,99103,15
Avista,2023,12,99174,3
PSE,2022,6,98226,2918
PSE,2023,10,98503,3862
CNG,2022,10,98902,1297
Avista,2023,2,99344,593
PSE,2023,1,98022,1864
PSE,2023,3,98040,915
PSE,2024,9,98101,32
PSE,2024,2,98345,39
PSE,2025,2,98201,1049
PSE,2021,1,98335,255
NWN,2023,9,98648,0
NWN,2024,6,98125,0
PAC,2022,8,98947,314
CNG,2022,2,98625,19
PSE,2021,8,98310,1972
PSE,2021,9,98321,780
PSE,2023,1,98178,846
Avista,2021,8,99143,20
NWN,2024,12,98663,180
Avista,2025,5,99216,1352
PSE,2024,6,98589,645
PSE,2022,2,98373,1807
PSE,2023,10,98499,718
CNG,2024,5,98520,171
PSE,2021,10,98409,660
Avista,2025,4,99131,3
CNG,2022,2,98220,5
Avista,2024,6,99111,120
CNG,2023,3,99324,158
CNG,2025,5,98632,125
PSE,2022,3,98239,391
PAC,2022,6,98939,24
PAC,2022,4,99301,1
CNG,2024,10,98312,599
PSE,2022,7,98208,1188
CNG,2024,7,98948,210
CNG,2022,4,99337,121
PSE,2025,4,98229,1658
PSE,2024,6,98941,99
Avista,2021,7,98857,4
PSE,2022,10,98070,667
PSE,2025,2,98031,3279
Avista,2021,10,99114,557
PSE,2021,1,98031,2541
CNG,2024,8,98901,333
PAC,2022,7,99362,2502
PSE,2021,3,98272,689
PAC,2024,5,99324,586
CNG,2024,8,98563,35
PSE,2022,6,98011,1400
PAC,2022,7,99323,193
CNG,2022,4,98524,5
PSE,2024,9,98295,71
PSE,2023,12,98032,4671
PSE,2023,5,98233,168
PSE,2025,4,98033,1723
PSE,2021,10,98003,4151
PAC,2024,8,98935,150
NWN,2024,3,98661,823
PSE,2024,1,98263,37
PSE,2021,1,98110,1302
PSE,2025,5,98178,333
PSE,2022,5,98934,111
PSE,2023,12,98922,907
PSE,2024,9,98026,737
PSE,2025,3,98033,1661
PSE,2022,4,98310,2166
PSE,2023,11,98105,566
CNG,2024,6,98225,761
PSE,2021,8,98385,19
PSE,2022,10,98204,622
PSE,2022,9,98531,537
PSE,2024,6,98144,1169
NWN,2023,10,98661,540
CNG,2022,2,98930,228
PSE,2023,8,98340,227
PSE,2021,11,98106,594
PSE,2024,10,98155,621
Avista,2025,8,99006,331
PSE,2025,4,98201,1024
PSE,2023,7,98057,1805
CNG,2023,11,98276,25
PSE,2021,3,98340,215
PSE,2023,7,98337,922
PSE,2025,6,98092,3395
CNG,2024,6,98674,108
PSE,2024,11,98465,103
Avista,2025,6,99224,814
CNG,2024,8,98295,45
Avista,2021,6,99004,172
Avista,2022,4,99003,87
PSE,2023,3,98056,2974
PSE,2022,11,98501,3872
Avista,2023,2,99167,29
PSE,2025,2,98503,3803
CNG,2022,12,98528,12
PSE,2023,3,98262,119
PSE,2022,6,98126,720
NWN,2023,8,98674,0
Avista,2021,1,99005,181
PSE,2022,4,98328,59
Avista,2023,1,99031,22
Avista,2022,11,99019,452
PSE,2022,9,98144,1200
Avista,2021,12,99134,33
PSE,2025,4,98050,18
PSE,2023,3,98367,1796
PAC,2024,5,98901,2633
PSE,2021,10,98002,4725
PSE,2021,3,98513,1957
PSE,2022,8,98034,2651
CNG,2025,2,98932,38
Avista,2023,9,99143,17
CNG,2025,5,98953,83
Avista,2023,4,99138,137
PSE,2024,2,98430,1
PSE,2024,10,98512,2146
CNG,2025,4,98264,584
NWN,2025,6,98026,0
PSE,2022,11,98072,785
PSE,2021,12,98012,1275
PSE,2022,4,98943,75
PSE,2021,5,98252,232
PSE,2022,1,98263,28
NWN,2023,7,98125,0
PSE,2021,9,98323,33
PSE,2024,2,98364,3
PSE,2022,11,98177,463
PSE,2021,4,98244,196
CNG,2023,11,98942,147
PSE,2022,3,98532,172
Avista,2022,9,99022,167
PSE,2022,10,98364,1
PSE,2022,9,98121,143
PSE,2021,3,98155,390
CNG,2023,9,98611,14
PSE,2024,2,98024,254
Avista,2022,11,99113,9
PSE,2023,3,98032,4648
PSE,2025,5,98028,1097
PSE,2022,9,98422,500
Avista,2024,3,99403,780
PSE,2021,9,98274,907
NWN,2024,10,98642,589
PSE,2023,12,98276,94
PSE,2022,11,98235,24
NWN,2024,11,98648,0
PSE,2025,2,98408,996
PSE,2025,3,98380,311
CNG,2023,6,98277,271
NWN,2023,1,98629,213
PSE,2021,4,98045,649
NWN,2024,1,98663,192
Avista,2023,6,99174,7
Avista,2021,6,99131,4
Avista,2024,6,99013,139
PSE,2021,6,98934,99
PAC,2024,7,99360,84
CNG,2022,8,98271,107
CNG,2022,6,98936,84
Avista,2023,2,99022,174
PSE,2023,8,98283,51
PSE,2021,1,98232,129
NWN,2023,7,97388,0
CNG,2022,1,98292,128
PSE,2023,8,98119,522
PSE,2025,6,98101,49
Avista,2025,5,99005,160
PSE,2024,12,98387,1920
NWN,2024,7,98668,0
PSE,2023,3,98345,43
PSE,2024,4,98247,582
PSE,2022,4,98371,1604
Avista,2025,1,99126,50
NWN,2023,5,97301,0
PSE,2021,9,98023,3162
PSE,2023,7,98272,870
CNG,2022,8,98277,317
Avista,2021,5,99161,71
CNG,2024,10,98951,64
PSE,2021,10,98208,1092
Avista,2022,7,99201,1405
CNG,2022,4,98908,466
Avista,2022,2,99134,28
PSE,2021,12,98580,251
PSE,2022,8,98354,179
PSE,2022,3,98106,575
PAC,2022,4,98948,1146
PSE,2023,7,98370,1906
PSE,2024,4,98199,472
PSE,2022,8,98257,304
PSE,2023,5,98058,2951
CNG,2022,3,98311,358
Avista,2024,5,99020,1
Avista,2021,12,99012,43
PSE,2022,1,98223,74
CNG,2022,6,98528,10
PSE,2021,12,98065,652
PSE,2022,5,98270,2173
Avista,2022,7,99344,529
PSE,2025,5,98407,28
Avista,2022,7,99149,15
PAC,2024,2,99347,6
PSE,2023,8,98296,493
PSE,2023,5,98057,1853
Avista,2024,9,99023,14
CNG,2025,2,98312,647
Avista,2021,10,99159,44
PSE,2022,1,98029,1520
CNG,2024,9,98802,24
PSE,2023,4,98424,527
PSE,2024,6,98050,15
PSE,2024,12,98146,710
PSE,2022,4,98107,599
PSE,2022,3,98408,943
PSE,2024,6,98501,4074
PSE,2022,10,98177,480
PSE,2022,5,98134,21
Avista,2022,5,99170,41
PSE,2023,7,98047,591
PSE,2025,2,98248,2054
PSE,2025,6,98117,796
CNG,2025,2,98383,248
Avista,2023,9,99001,230
PSE,2022,2,98589,558
PSE,2022,2,98262,53
PSE,2024,10,98408,897
PAC,2024,2,98902,1
PSE,2024,2,98310,2543
PSE,2022,9,98327,538
PSE,2025,1,98263,39
Avista,2022,9,99206,1417
CNG,2024,9,98311,498
Avista,2022,8,99029,23
NWN,2025,6,98601,0
CNG,2023,4,98277,271
PAC,2022,9,98930,888
PSE,2024,9,98119,492
PSE,2022,11,98208,1099
PSE,2024,12,98115,885
PSE,2022,11,98373,1760
NWN,2023,5,98635,1
PSE,2022,8,98312,2731
NWN,2025,1,98762,0
PSE,2021,4,98249,169
PSE,2024,6,98406,657
PSE,2022,8,98366,2610
PSE,2023,1,98380,277
PSE,2022,1,98144,1250
CNG,2024,9,98247,125
PSE,2025,4,98199,579
PSE,2021,9,98047,462
PSE,2024,4,98225,2906
Avista,2025,1,99164,0
PSE,2024,5,98036,827
Avista,2021,9,99146,2
PSE,2024,1,98283,38
PSE,2022,9,98270,1977
PSE,2023,6,98516,2025
NWN,2023,11,98762,0
PSE,2024,9,98110,1164
Avista,2022,2,99341,58
Avista,2024,11,99208,2491
PSE,2021,1,98503,3143
Avista,2023,3,99107,1
PSE,2024,10,98258,1781
Avista,2022,12,99117,18
PSE,2022,8,98498,1798
PSE,2023,9,98310,2313
Avista,2025,2,99001,234
CNG,2022,6,98903,162
PSE,2024,5,98208,1163
PSE,2022,4,98294,341
Avista,2025,5,99125,25
CNG,2023,7,98345,4
Avista,2024,10,99341,33
PSE,2023,6,98380,1614
PSE,2025,2,98499,716
PAC,2022,1,98930,685
CNG,2022,11,98524,3
Avista,2022,3,99003,89
NWN,2023,7,98629,207
CNG,2022,11,98802,21
PSE,2025,6,98178,347
PSE,2025,3,98421,7
PSE,2022,8,98275,351
PSE,2024,12,98020,335
CNG,2025,2,99344,177
PSE,2024,5,98166,792
PSE,2021,9,98373,1582
PAC,2024,7,98947,314
NWN,2023,8,98672,95
Avista,2023,5,99032,32
NWN,2024,2,98610,56
PSE,2023,7,98072,927
PSE,2025,6,98408,77
PSE,2021,8,98052,2732
PSE,2023,12,98387,2343
CNG,2023,12,99344,139
Avista,2022,11,99143,21
PSE,2021,10,98360,615
Avista,2023,6,99126,60
PSE,2023,10,98252,244
CNG,2022,11,98557,14
NWN,2022,8,98642,680
PSE,2024,9,98579,766
PSE,2022,1,98126,674
CNG,2023,5,98226,524
PSE,2022,3,98029,1439
PAC,2022,6,99350,6
PSE,2021,2,98115,550
PSE,2022,2,98014,236
PSE,2024,5,98005,1345
PSE,2024,5,98277,3142
PAC,2022,8,99348,43
PSE,2021,12,98277,2925
Avista,2024,8,99110,18
Avista,2023,2,99138,116
Avista,2024,8,99228,0
PSE,2021,6,98503,3021
PSE,2021,5,98007,1388
Avista,2025,6,99134,27
PSE,2023,7,98199,586
PSE,2022,9,98021,598
PSE,2024,7,98373,1995
CNG,2023,1,98674,107
PSE,2024,8,98946,29
Avista,2022,8,99170,39
Avista,2023,11,99034,5
PSE,2024,11,98439,503
Avista,2022,3,99167,25
Avista,2022,5,99159,37
Avista,2023,5,99217,933
Avista,2024,4,99170,34
PSE,2024,7,98576,471
Avista,2024,5,99341,30
PSE,2021,8,98203,793
PSE,2021,11,98281,241
PSE,2023,1,98065,606
Avista,2022,8,99016,713
PSE,2021,9,98166,744
PSE,2021,12,98039,58
Avista,2021,3,99014,5
PSE,2024,3,98335,389
CNG,2024,12,98367,303
Avista,2023,10,99004,169
CNG,2024,2,98367,254
NWN,2023,9,98665,635
Avista,2024,4,99021,265
PSE,2022,2,98294,178
Avista,2023,10,99011,0
PSE,2021,1,98244,216
PSE,2025,5,98498,90
PSE,2022,7,98068,85
PSE,2022,10,98237,430
Avista,2022,6,99228,0
Avista,2023,12,99335,0
PSE,2024,5,98072,875
PSE,2023,2,98367,1939
NWN,2023,7,98127,0
PSE,2025,5,98329,13
PSE,2024,6,98024,253
PSE,2022,6,98105,675
NWN,2022,10,98683,428
CNG,2022,5,98951,82
PSE,2023,4,98122,1475
Avista,2023,5,99037,310
Avista,2022,8,99228,0
NWN,2024,8,98606,47
PSE,2023,11,98380,305
PSE,2021,5,98002,4006
Avista,2022,1,99134,28
NWN,2022,7,98672,120
PSE,2022,5,98208,1187
Avista,2023,3,99004,197
PSE,2022,12,98075,809
Avista,2022,4,99148,137
PSE,2021,7,98503,2216
PSE,2022,9,98465,130
CNG,2023,1,98240,12
PSE,2024,3,98407,630
PSE,2024,4,98424,288
PSE,2021,8,98258,1532
PSE,2022,9,98037,649
Avista,2022,4,99203,574
PSE,2022,11,98005,1008
PSE,2021,4,98405,955
CNG,2023,2,98557,17
PAC,2024,11,98908,2472
PSE,2025,4,98001,2215
NWN,2022,11,98648,0
Avista,2022,5,99344,473
PAC,2025,3,99324,638
PSE,2023,11,98359,763
CNG,2024,4,98223,400
CNG,2023,5,98311,441
PSE,2021,5,98040,766
PSE,2023,1,98122,1353
PSE,2021,3,98119,385
PSE,2021,2,98038,1837
Avista,2022,11,99103,15
PAC,2024,8,98952,71
PSE,2024,9,98104,46
PSE,2021,12,98104,68
Avista,2025,4,99161,72
NWN,2024,12,98674,0
Avista,2021,12,99019,453
PSE,2021,5,98340,240
Avista,2023,3,99040,77
Avista,2024,12,99030,29
CNG,2024,6,99350,67
PSE,2023,10,98340,261
Avista,2024,2,99173,114
PSE,2025,1,98579,857
PSE,2025,1,98104,56
PSE,2024,7,98106,628
Avista,2024,11,99023,8
Avista,2025,6,99103,18
PSE,2022,2,98408,1050
Avista,2024,10,99163,1283
PSE,2024,6,98057,2044
PSE,2022,9,98020,334
PSE,2021,10,98589,483
PSE,2021,3,98407,554
NWN,2024,4,98026,0
Avista,2022,5,99206,1489
PSE,2022,2,98258,1900
PSE,2021,7,98112,685
NWN,2025,5,98660,410
Avista,2024,4,99031,28
PSE,2022,4,98239,437
PSE,2022,7,98019,380
PSE,2024,7,98122,1226
CNG,2024,1,98264,464
PSE,2022,12,98340,281
PSE,2022,1,98056,2563
Avista,2021,1,99143,8
CNG,2022,3,98295,24
Avista,2021,8,99003,90
NWN,2025,1,98684,714
Avista,2024,2,99220,0
PSE,2024,6,98263,33
PSE,2024,12,98513,2772
PSE,2025,5,98294,419
PSE,2023,5,98404,294
NWN,2024,6,98662,1005
CNG,2022,5,98908,464
CNG,2022,5,98345,13
PSE,2021,6,98446,285
NWN,2022,8,98665,680
PSE,2023,11,98119,501
PAC,2025,1,99361,107
PSE,2022,9,98105,981
PSE,2021,1,98418,465
PSE,2024,5,98312,3069
PSE,2024,6,98233,1009
NWN,2024,8,98683,592
PSE,2022,12,98029,1570
NWN,2023,2,98125,0
PSE,2023,2,98323,63
Avista,2023,2,99161,68
PSE,2024,5,98087,831
PSE,2021,3,98277,2610
Avista,2024,7,99129,55
PSE,2024,11,98021,636
PSE,2022,11,98233,1005
Avista,2025,1,99204,547
NWN,2024,12,98686,360
Avista,2022,4,99212,1242
PSE,2022,12,98105,921
PSE,2023,7,98499,697
PSE,2022,10,98366,2774
PSE,2023,1,98589,499
PSE,2022,2,98032,4141
CNG,2022,1,98953,62
PSE,2022,3,98166,771
PSE,2023,3,98036,812
PSE,2023,9,98257,374
PSE,2023,12,98257,400
NWN,2025,2,98604,451
CNG,2023,8,98557,15
NWN,2025,4,98635,1
PSE,2024,10,98502,2474
PSE,2021,3,98102,476
CNG,2023,6,98240,12
CNG,2024,9,98848,5
PSE,2021,1,98122,1083
PSE,2025,5,98056,3318
CNG,2025,4,98247,143
Avista,2024,12,99158,13
PSE,2023,4,98077,221
CNG,2023,2,99337,130
PSE,2022,12,98249,250
CNG,2025,5,98848,7
NWN,2024,3,98606,64
CNG,2025,6,98295,58
PSE,2021,12,98133,793
PSE,2022,5,98409,726
PSE,2023,7,98335,471
PSE,2024,7,98040,949
PSE,2024,1,98296,384
PSE,2022,7,98531,517
PSE,2021,12,98208,1123
PSE,2023,4,98005,1022
Avista,2025,9,99208,2872
Avista,2023,11,99031,18
PAC,2022,1,98942,1193
PAC,2025,6,98953,695
PSE,2023,12,98074,1017
CNG,2024,7,99353,49
CNG,2023,1,98550,139
Avista,2024,8,99219,0
Avista,2022,1,99335,0
CNG,2024,10,98282,36
NWN,2025,2,97301,0
Avista,2025,2,99030,30
CNG,2025,1,98908,590
PSE,2021,9,98367,1365
Avista,2023,9,99030,34
CNG,2025,1,98276,32
Avista,2024,6,99208,2797
CNG,2022,4,98837,68
PSE,2023,4,98030,3574
PSE,2025,5,98934,138
Avista,2025,1,99149,15
PSE,2022,11,98239,313
PAC,2022,4,98939,26
Avista,2025,2,99206,1571
CNG,2025,3,98271,105
PSE,2022,7,98409,709
PSE,2023,6,98038,1874
PSE,2023,6,98262,332
NWN,2022,11,98610,44
Avista,2024,6,99130,45
Avista,2025,9,99023,6
PSE,2022,1,98506,1460
Avista,2023,9,99023,8
Avista,2025,2,99151,12
CNG,2024,11,99323,16
PSE,2023,11,98321,1032
PSE,2022,10,98273,2012
CNG,2025,4,98274,319
PSE,2021,7,98133,776
NWN,2024,3,98648,0
PSE,2023,10,98239,501
PSE,2023,5,98010,523
NWN,2024,8,98604,718
PSE,2022,7,98023,3769
PSE,2021,5,98337,739
Avista,2024,5,99137,36
PSE,2023,12,98404,1134
Avista,2021,8,99202,1327
PSE,2021,4,98110,1241
Avista,2023,8,99030,24
Avista,2024,8,99039,3
CNG,2023,1,98229,362
PSE,2021,2,98446,226
PSE,2021,8,98023,3201
Avista,2023,9,99036,4
NWN,2022,11,98662,682
Avista,2022,5,99013,134
Avista,2023,7,99220,0
CNG,2025,6,98247,141
Avista,2022,6,99039,4
Avista,2022,5,99169,68
PSE,2025,5,98032,4724
Avista,2024,12,99109,172
Avista,2021,12,99122,91
PSE,2022,6,98516,48
PSE,2025,3,98158,1
PSE,2023,9,98597,2452
Avista,2022,10,99171,31
PSE,2024,12,98034,3172
PAC,2024,4,98923,132
PSE,2024,6,98136,405
PSE,2022,10,98021,596
PSE,2024,12,98443,70
PSE,2024,12,98075,718
PAC,2024,8,98930,658
PSE,2024,4,98439,562
PSE,2023,7,98168,1128
Avista,2024,9,99005,151
CNG,2022,12,98314,1
PSE,2021,10,98257,329
PSE,2021,3,98353,1
PSE,2025,2,98934,146
CNG,2024,10,98528,18
PSE,2022,10,98402,47
PSE,2022,5,98074,963
Avista,2025,6,99126,57
PSE,2025,1,98332,288
PSE,2024,7,98204,646
PSE,2024,4,98226,3656
Avista,2022,11,99228,0
PSE,2023,10,98372,2084
PSE,2021,4,98155,432
NWN,2022,1,98672,98
Avista,2021,11,99032,31
NWN,2023,12,98686,206
PSE,2021,7,98198,2902
PSE,2023,6,98105,715
Avista,2022,2,99171,29
PSE,2024,1,98239,462
Avista,2022,7,99205,2619
PSE,2025,5,98512,2304
CNG,2022,11,98345,7
PSE,2024,5,98290,436
Avista,2025,7,99185,50
PAC,2022,2,99329,25
Avista,2025,2,99102,46
CNG,2025,5,98932,65
PSE,2022,12,98001,1742
Avista,2021,12,99203,569
Avista,2022,12,99034,3
PSE,2024,5,98267,41
PSE,2023,10,98037,671
NWN,2023,6,98661,897
PSE,2024,8,98037,629
PSE,2024,10,98311,2005
Avista,2022,9,99039,6
CNG,2023,1,98625,23
CNG,2023,7,99354,220
PSE,2022,11,98390,887
PSE,2025,6,98122,1376
NWN,2025,6,98674,0
Avista,2023,9,99224,755
CNG,2025,2,98271,117
Avista,2022,4,99157,46
PSE,2022,8,98055,2057
CNG,2025,4,98367,273
CNG,2023,4,98310,608
PSE,2025,2,98057,1939
PSE,2022,12,98042,3096
Avista,2025,2,99006,181
NWN,2022,5,98675,0
PSE,2022,10,98134,28
PSE,2024,12,98531,540
Avista,2024,10,99126,48
NWN,2023,11,98617,0
PSE,2023,10,98125,618
PSE,2021,7,98117,678
CNG,2024,3,98247,124
Avista,2023,7,99143,20
PSE,2025,1,98311,2123
NWN,2024,7,98672,117
Avista,2021,8,99201,1355
CNG,2023,6,98948,220
CNG,2025,3,99344,168
PSE,2024,3,98019,891
PSE,2021,6,98104,45
PSE,2023,1,98946,60
PSE,2023,3,98327,556
PSE,2022,12,98077,183
Avista,2024,4,99156,1
PAC,2025,3,98933,100
CNG,2024,7,98802,21
PSE,2024,12,98345,34
PSE,2021,7,98385,18
Avista,2022,9,99219,0
Avista,2023,1,99206,1408
PSE,2021,9,98275,350
Avista,2025,8,99158,17
Avista,2023,5,99206,1586
CNG,2025,2,98230,439
PSE,2022,1,98340,70
PSE,2024,6,98926,456
NWN,2024,7,98601,0
NWN,2022,10,98604,526
PSE,2022,4,98178,831
PAC,2025,2,98902,4989
PAC,2022,2,98930,875
CNG,2023,4,98274,277
PSE,2024,12,98373,1918
CNG,2024,9,98220,9
PSE,2022,11,98026,724
PSE,2024,8,98421,7
Avista,2023,1,99129,95
PSE,2021,2,98443,58
PSE,2021,2,98283,40
NWN,2022,3,98606,53
PSE,2021,4,98407,571
Avista,2023,7,99031,23
PSE,2025,2,98103,1127
PSE,2023,1,98925,71
PSE,2023,4,98068,88
Avista,2023,2,99034,10
PSE,2024,6,98168,1133
PSE,2024,1,98229,1634
PSE,2023,9,98260,302
PAC,2024,5,98953,637
Avista,2024,12,99036,3
PSE,2022,2,98118,1552
Avista,2024,5,99025,104
PSE,2022,3,98108,982
Avista,2024,10,99013,99
PSE,2022,5,98446,92
PSE,2021,10,98926,346
PSE,2021,3,98112,623
Avista,2021,1,99171,32
PAC,2024,5,98903,1765
PSE,2021,10,98065,616
Avista,2024,3,99003,109
PSE,2022,10,98036,794
PSE,2021,1,98136,277
NWN,2024,1,98668,0
Avista,2023,9,99160,13
PSE,2024,3,98467,279
Avista,2025,3,99117,26
PSE,2024,7,98354,201
Avista,2021,7,99181,166
PSE,2024,1,98270,2154
CNG,2024,7,98908,580
PSE,2023,10,98146,687
PSE,2022,3,98360,687
Avista,2021,4,99173,122
PSE,2023,3,98115,952
NWN,2023,11,98668,0
CNG,2025,5,98801,89
PAC,2025,5,99363,27
Avista,2021,10,99141,303
PSE,2023,3,98270,2190
PSE,2023,12,98105,901
PSE,2024,8,98403,250
NWN,2023,2,98664,612
CNG,2025,5,98233,525
CNG,2024,1,98226,469
PSE,2021,12,98247,434
PSE,2022,5,98255,54
CNG,2022,12,98277,313
PSE,2024,3,98003,5332
Avista,2025,5,99223,1538
Avista,2022,6,99157,46
CNG,2022,7,98292,193
Avista,2023,7,99026,92
CNG,2024,11,98557,14
Avista,2023,11,99109,167
PSE,2022,1,98203,836
PSE,2023,4,98247,291
PSE,2022,6,98074,924
Avista,2022,6,99403,786
Avista,2023,6,99201,1146
PSE,2021,5,98383,1124
CNG,2022,1,98225,573
NWN,2023,2,98642,354
PSE,2022,1,98262,52
NWN,2025,4,98665,818
PSE,2023,2,98223,74
PSE,2025,5,98029,1473
Avista,2021,4,99158,15
PSE,2023,9,98134,21
Avista,2025,8,99018,3
Avista,2024,1,99223,1387
NWN,2023,5,98666,0
PSE,2025,1,98042,3170
PSE,2024,1,98030,3603
PSE,2022,9,98406,794
Avista,2021,11,99126,42
PSE,2024,10,98276,107
Avista,2023,10,99033,42
NWN,2023,1,98675,0
Avista,2024,3,99206,1612
PSE,2023,12,98021,615
Avista,2022,6,99137,44
PSE,2022,10,98409,714
PSE,2021,9,98040,748
PSE,2023,2,98029,1204
PSE,2022,4,98266,462
PSE,2023,5,98115,820
PSE,2022,5,98235,22
PSE,2023,5,98385,1685
Avista,2023,6,99021,228
PSE,2024,2,98296,416
PSE,2023,6,98292,488
PAC,2024,6,98932,534
PAC,2025,5,98933,99
PSE,2021,9,98385,20
PSE,2023,11,98506,1391
PSE,2024,11,98276,110
Avista,2025,3,99212,1380
CNG,2023,2,98232,10
Avista,2023,11,99008,15
Avista,2023,5,99012,41
Avista,2022,8,98857,1
Avista,2021,12,99173,130
Avista,2024,1,99207,2024
NWN,2024,4,98620,0
CNG,2024,3,98244,4
PSE,2022,3,98235,25
PSE,2024,4,98125,552
PSE,2024,3,98284,1935
PSE,2023,11,98007,1977
PSE,2024,6,98029,1623
Avista,2024,6,98857,1
PSE,2025,1,98338,913
Avista,2022,4,99181,114
PSE,2024,3,98372,2169
PSE,2022,7,98405,1076
PSE,2021,10,98418,480
PSE,2025,2,98925,88
PAC,2025,2,99347,124
Avista,2021,2,99125,31
PSE,2025,4,98591,11
Avista,2022,7,99122,104
CNG,2022,10,99354,183
Avista,2023,9,99179,20
NWN,2025,2,98666,0
PSE,2021,2,98353,2
CNG,2023,10,98295,45
PSE,2021,5,98109,412
PSE,2023,9,98366,3099
PSE,2021,5,98558,9
Avista,2021,12,99102,35
Avista,2024,10,99022,160
PSE,2023,4,98579,847
PSE,2021,12,98375,1151
Avista,2021,2,99341,58
PSE,2022,5,98257,372
CNG,2024,11,98345,7
PSE,2022,7,98288,43
CNG,2023,6,98223,365
PSE,2024,5,98248,2349
PSE,2024,2,98240,250
PSE,2024,12,98204,661
PSE,2025,6,98405,22
CNG,2022,12,98901,302
PSE,2024,12,98116,604
Avista,2024,8,99109,216
CNG,2024,2,98220,10
NWN,2022,10,98685,571
PSE,2024,8,98360,739
Avista,2025,7,99205,2001
PSE,2022,2,98119,490
PSE,2022,1,98446,298
CNG,2024,6,98948,215
PSE,2022,9,98446,376
PSE,2022,9,98075,715
Avista,2021,1,99122,85
PAC,2024,2,98944,1340
PSE,2023,2,98934,123
PSE,2021,2,98406,663
Avista,2021,6,99143,12
Avista,2023,3,99326,27
PSE,2023,2,98346,509
PSE,2025,5,98531,583
PSE,2021,6,98168,949
PSE,2022,2,98077,195
Avista,2022,8,99206,1325
Avista,2021,10,99012,48
Avista,2021,4,99185,68
PSE,2021,4,98940,178
NWN,2025,6,98762,0
PSE,2023,10,98108,1100
PSE,2022,3,98390,946
Avista,2022,12,99151,11
CNG,2022,5,98284,304
CNG,2023,1,99362,712
PSE,2021,8,98941,147
Avista,2023,1,99159,48
PSE,2021,7,98422,478
PSE,2021,7,98027,1277
Avista,2021,11,99138,164
PSE,2023,7,98042,3300
PSE,2021,11,98112,708
Avista,2022,11,99122,68
PSE,2021,1,98208,949
PSE,2023,12,98198,3692
PSE,2022,2,98255,40
CNG,2024,1,99353,36
PSE,2023,10,98235,17
PSE,2024,10,98940,77
PSE,2024,7,98168,1079
NWN,2024,11,98682,1398
PSE,2021,3,98499,491
Avista,2024,5,99344,540
CNG,2022,12,98312,645
Avista,2023,9,99034,4
CNG,2024,9,98674,97
PSE,2021,4,98119,378
NWN,2025,4,98628,23
PSE,2021,6,98943,68
PSE,2022,8,98403,261
Avista,2021,6,99031,22
PSE,2021,7,98274,1018
PSE,2021,10,98117,701
PSE,2025,1,98283,44
Avista,2023,5,99149,12
PSE,2023,11,98050,12
PSE,2021,9,98051,181
PSE,2022,12,98267,40
PSE,2022,10,98272,779
PAC,2024,12,99360,74
PSE,2023,9,98926,389
PSE,2022,9,98275,370
PSE,2022,10,98238,8
NWN,2025,4,98662,1199
Avista,2023,9,99006,336
Avista,2022,11,99128,10
PSE,2021,6,98321,820
CNG,2025,3,98383,262
PSE,2021,2,98445,823
PSE,2024,4,98112,704
CNG,2023,10,98221,461
PSE,2025,2,98367,1829
Avista,2023,5,99171,38
Avista,2022,9,99113,10
PSE,2021,1,98290,450
PSE,2025,5,98146,734
PSE,2024,8,98007,1794
NWN,2022,11,98605,21
Avista,2022,11,99201,1195
PSE,2021,6,98188,1896
PSE,2022,4,98354,164
Avista,2023,6,99134,24
PSE,2024,1,98596,22
PSE,2025,2,98028,972
NWN,2022,6,98612,0
PSE,2022,6,98221,1484
CNG,2024,7,98837,78
Avista,2021,11,99148,138
PSE,2023,8,98252,254
PSE,2025,6,98531,526
PSE,2024,8,98385,27
PSE,2022,6,98024,274
PSE,2023,6,98034,2820
PSE,2024,7,98146,737
Avista,2023,5,99013,112
NWN,2025,4,98617,0
Avista,2021,11,99019,393
PSE,2024,2,98383,1546
PSE,2022,10,98201,973
NWN,2022,4,98660,414
PSE,2022,1,98925,62
PSE,2022,3,98110,1340
CNG,2022,2,98276,20
PSE,2023,8,98117,899
PSE,2023,8,98168,1078
PSE,2024,6,98445,983
PSE,2021,9,98396,41
PSE,2022,4,98037,637
CNG,2024,1,98908,516
PSE,2024,9,98407,647
Avista,2024,12,99016,823
PSE,2024,7,98118,1596
CNG,2025,4,98271,110
PAC,2025,2,98923,109
PSE,2024,2,98371,1737
PSE,2023,8,98074,942
PSE,2022,9,98262,121
PSE,2023,6,98390,142
PSE,2022,1,98028,815
CNG,2022,11,99352,383
PSE,2022,10,98321,903
PSE,2021,1,98023,2967
PSE,2023,10,98119,526
PAC,2024,11,99362,2626
NWN,2024,10,98684,601
Avista,2025,4,99023,5
NWN,2025,3,98626,0
CNG,2023,6,98264,590
CNG,2022,7,98828,1
PSE,2021,3,98134,18
PSE,2022,10,98075,718
Avista,2024,7,99144,0
Avista,2023,11,99219,0
PSE,2023,5,98342,117
Avista,2021,4,99111,98
CNG,2023,9,99344,155
PSE,2022,10,98359,259
PSE,2021,10,98220,28
NWN,2024,10,97031,0
PSE,2024,11,98092,3494
CNG,2022,5,98312,648
CNG,2024,11,98337,197
PSE,2022,5,98039,66
Avista,2023,12,99208,2807
PSE,2024,12,98277,3229
NWN,2022,6,98685,779
PSE,2022,6,98022,1821
NWN,2024,5,98661,789
Avista,2021,8,98857,3
PSE,2023,1,98042,3361
PSE,2024,10,98294,284
PSE,2023,12,98531,497
Avista,2023,12,99344,496
Avista,2022,2,99021,258
PSE,2025,5,98249,297
PAC,2022,3,99362,2497
NWN,2022,12,98642,691
PSE,2023,4,98580,384
PSE,2025,5,98418,25
PSE,2023,11,98405,955
PAC,2022,2,98939,26
CNG,2024,7,98345,3
Avista,2025,2,99111,123
PSE,2021,3,98310,1705
Avista,2023,1,99018,10
PSE,2025,1,98057,1850
PSE,2021,6,98052,2594
PSE,2022,6,98108,859
PSE,2023,8,98402,62
NWN,2022,4,98671,709
PSE,2024,3,98498,2044
PSE,2023,8,98198,3509
CNG,2024,1,99338,80
PSE,2022,3,98387,2129
Avista,2021,5,99033,46
PSE,2021,4,98144,1040
PSE,2022,7,98272,797
PSE,2023,4,98255,87
CNG,2022,7,98312,697
PSE,2023,9,98943,83
Avista,2023,7,99158,15
PAC,2022,3,98947,329
PSE,2023,12,98408,1014
PSE,2023,7,98940,84
PSE,2023,2,98466,679
Avista,2024,3,99039,6
PSE,2024,10,98530,62
PSE,2023,2,98037,682
PSE,2023,6,98244,243
PSE,2022,2,98155,648
PSE,2021,6,98014,502
PSE,2022,10,98051,213
Avista,2024,9,99027,248
Avista,2025,2,99185,65
CNG,2024,7,98282,34
Avista,2023,8,99004,176
Avista,2024,7,99020,2
PSE,2024,11,98105,588
NWN,2024,4,98672,145
PSE,2022,5,98371,1591
PSE,2024,7,98335,430
NWN,2024,6,98674,0
PSE,2024,5,98396,53
PSE,2024,1,98224,37
PSE,2025,5,98360,2
PSE,2023,12,98126,791
PSE,2025,2,98134,26
Avista,2021,2,99004,178
Avista,2025,2,99021,231
NWN,2022,3,98864,0
Avista,2023,9,99016,911
PSE,2022,6,98224,33
PSE,2022,4,98370,1829
Avista,2023,7,99176,4
Avista,2023,9,99203,544
Avista,2023,5,99126,62
NWN,2022,11,98617,0
PSE,2021,7,98248,1882
CNG,2025,3,98948,218
NWN,2023,10,98671,332
PSE,2024,8,98364,2
Avista,2021,7,99122,98
PSE,2023,11,98005,1173
PSE,2025,6,98498,97
PSE,2021,12,98263,9
NWN,2022,2,98661,721
CNG,2024,3,98225,722
Avista,2021,8,99014,4
PAC,2022,7,98932,475
PSE,2022,7,98022,2043
Avista,2022,5,99033,31
PSE,2023,9,98388,157
PSE,2025,6,98264,1481
CNG,2023,10,98366,530
PSE,2024,11,98345,31
PSE,2024,2,98058,3013
PSE,2024,3,98296,439
CNG,2025,3,98953,74
Avista,2022,6,99003,95
CNG,2022,12,98383,218
PSE,2022,4,98499,3583
PSE,2021,6,98116,405
Avista,2025,9,99027,292
PSE,2021,3,98288,27
CNG,2024,1,98802,20
PSE,2021,8,98512,1251
NWN,2022,5,97663,0
PSE,2025,2,98252,254
PSE,2024,3,98597,2468
PSE,2022,10,98408,909
Avista,2025,9,99004,195
PSE,2025,5,98580,466
PSE,2022,2,98275,407
Avista,2021,12,99212,1198
CNG,2024,9,99301,1842
Avista,2022,11,99005,139
PSE,2024,12,98421,6
Avista,2022,10,99130,36
PSE,2021,11,98258,852
Avista,2021,3,99206,1544
Avista,2025,3,99158,16
PSE,2022,12,98012,1361
PSE,2022,2,98354,192
Avista,2021,8,99402,64
PAC,2022,6,98936,448
PSE,2025,4,98946,55
Avista,2021,8,99019,450
PSE,2021,1,98596,17
PSE,2025,4,98036,871
NWN,2024,6,98660,391
PSE,2021,11,98596,16
PAC,2022,4,98937,408
Avista,2024,12,99037,275
PSE,2025,5,98223,88
Avista,2024,11,99107,0
PSE,2025,4,98057,1978
PSE,2022,5,98403,296
PSE,2021,10,98255,33
PSE,2025,2,98255,38
Avista,2022,2,99033,33
Avista,2021,7,99224,805
Avista,2023,8,99102,39
PSE,2023,8,98249,295
PSE,2025,5,98244,335
CNG,2023,7,98311,524
PSE,2023,5,98310,437
PSE,2022,7,98338,847
PSE,2023,6,98007,1822
PSE,2024,10,98267,42
PSE,2022,7,98404,1042
PSE,2021,7,98002,4555
PSE,2025,1,98117,810
Avista,2023,6,99402,45
Avista,2024,3,99104,0
Avista,2025,4,99107,0
Avista,2024,11,99170,36
CNG,2025,1,98625,19
Avista,2025,9,99371,24
CNG,2024,7,98528,13
PSE,2024,5,98203,808
PSE,2023,5,98418,768
Avista,2022,2,99013,130
CNG,2025,1,98230,397
PSE,2022,7,98117,803
PSE,2025,2,98418,555
Avista,2025,7,99114,524
NWN,2024,10,98668,0
PSE,2022,12,98372,1889
CNG,2023,3,98226,405
PSE,2023,4,98032,4813
NWN,2022,11,98620,0
CNG,2023,3,98801,82
PSE,2021,7,98430,1
PSE,2023,10,98407,681
PSE,2021,3,98338,636
Avista,2021,6,99033,44
PSE,2024,11,98467,262
Avista,2023,11,99107,0
CNG,2022,2,98271,105
PSE,2024,1,98424,270
PSE,2024,4,98077,216
CNG,2025,2,98951,76
PSE,2021,6,98255,31
PSE,2024,4,98020,325
NWN,2022,4,97663,0
PSE,2023,9,98380,313
PSE,2021,2,98236,347
PSE,2024,7,98201,910
PAC,2024,6,98951,988
NWN,2023,1,98127,0
Avista,2025,5,99014,5
PSE,2021,8,98134,28
PSE,2022,3,98087,790
PSE,2022,4,98177,490
PSE,2024,2,98335,419
PSE,2023,5,98288,1992
CNG,2022,2,98626,49
Avista,2022,4,99176,2
CNG,2022,12,98273,346
CNG,2023,9,98282,45
PSE,2021,1,98255,39
PSE,2024,1,98028,926
PSE,2024,6,98106,614
PSE,2022,7,98247,543
PSE,2021,6,98439,552
Avista,2023,12,99146,3
PSE,2024,3,98374,2980
PSE,2024,10,98101,35
PSE,2021,8,98370,1597
PSE,2021,8,98253,72
PSE,2024,5,98115,983
Avista,2024,9,99167,35
CNG,2024,5,98951,72
PSE,2025,5,98036,847
Avista,2024,11,99137,30
Avista,2023,5,99146,2
PSE,2021,10,98262,119
PSE,2022,1,98579,729
PSE,2025,4,98276,119
Avista,2023,3,99029,48
Avista,2024,8,99018,7
PSE,2022,7,98007,1761
CNG,2022,11,98337,206
PAC,2022,8,98933,72
PSE,2022,6,98233,1004
CNG,2024,6,98902,1618
PSE,2024,3,98087,831
Avista,2021,5,99202,1375
Avista,2023,5,99029,28
PSE,2023,10,98373,1957
PSE,2021,3,98374,1604
PSE,2021,1,98257,330
Avista,2024,8,99159,35
PSE,2023,8,98277,3151
NWN,2022,12,98762,0
PAC,2024,1,99363,8
PSE,2023,10,98117,852
Avista,2024,12,99160,10
Avista,2024,3,99260,0
PSE,2022,2,98019,320
PSE,2021,3,98375,951
PSE,2021,4,98248,1756
NWN,2024,9,98665,628
Avista,2024,1,99220,0
Avista,2024,4,99109,187
PSE,2021,5,98512,1742
PSE,2025,6,98204,645
PSE,2023,12,98327,578
PSE,2021,4,98260,219
PSE,2024,12,98155,652
CNG,2023,12,98223,416
PSE,2023,10,98465,116
CNG,2025,2,98257,43
PSE,2021,1,98047,420
PSE,2024,1,98387,2214
PSE,2021,3,98103,715
NWN,2025,6,98125,0
Avista,2022,12,99012,33
PAC,2024,3,98921,90
CNG,2025,1,98932,67
Avista,2021,9,99170,44
PSE,2021,11,98943,30
PSE,2024,2,98503,3666
Avista,2023,12,99158,21
PSE,2023,11,98275,379
NWN,2023,11,98307,0
PSE,2023,7,98075,773
Avista,2023,2,99137,27
PSE,2024,12,98012,1421
Avista,2023,10,99205,2252
CNG,2025,2,98948,200
PSE,2022,10,98926,348
PSE,2024,4,98288,40
Avista,2024,6,99125,19
Avista,2025,3,99122,83
PAC,2024,9,98904,1
PSE,2023,5,98229,3283
PSE,2021,9,98119,457
PSE,2023,3,98328,50
Avista,2022,2,99102,42
PSE,2023,12,98283,48
NWN,2025,6,98127,0
PSE,2024,4,98122,1224
PSE,2021,4,98102,511
PSE,2023,3,98155,647
PAC,2022,6,98902,4236
PSE,2022,1,98134,16
PSE,2021,5,98039,83
PSE,2022,3,98579,796
PSE,2024,10,98402,58
Avista,2021,3,99138,142
Avista,2023,6,99005,153
NWN,2022,8,97388,0
PSE,2022,9,98070,647
PSE,2021,12,98235,9
Avista,2022,5,99020,3
Avista,2024,11,99402,49
PSE,2024,1,98232,159
Avista,2025,1,99159,42
Avista,2021,6,99223,1272
PSE,2025,1,98402,56
Avista,2025,7,99173,127
NWN,2023,12,98682,913
PSE,2021,10,98115,1306
CNG,2024,10,98625,9
NWN,2023,5,98686,787
PSE,2021,9,98591,18
PSE,2023,10,98576,479
PSE,2024,5,98047,581
PSE,2023,1,98270,2140
PSE,2023,1,98439,514
PSE,2025,6,98940,100
CNG,2024,10,98311,456
PSE,2021,9,98056,2362
PSE,2022,12,98589,510
Avista,2024,4,99206,1556
CNG,2023,5,98276,25
PSE,2022,9,98439,518
PSE,2023,1,98024,272
CNG,2024,6,98383,226
PSE,2023,1,98224,39
Avista,2025,3,99111,126
PSE,2023,12,98385,34
NWN,2022,12,98661,516
PAC,2024,2,98932,217
Avista,2024,9,98648,28
PSE,2022,8,98178,808
PSE,2023,3,98296,367
PSE,2025,4,98010,531
Avista,2023,1,99030,28
PAC,2022,5,98901,2435
CNG,2024,3,98520,135
PSE,2023,4,98117,859
PAC,2024,5,99347,184
PSE,2024,8,98502,2331
Avista,2021,5,99126,61
Avista,2023,7,99018,6
Avista,2023,1,99005,146
Avista,2024,9,99163,1312
CNG,2024,9,98930,252
CNG,2022,2,98563,24
PSE,2024,10,98014,235
PSE,2023,11,98198,3659
PSE,2023,5,98240,404
CNG,2022,9,98310,594
Avista,2021,12,99202,1222
Avista,2024,8,99130,34
PAC,2024,7,98901,2275
PSE,2024,8,98283,38
Avista,2025,3,99032,24
PSE,2025,6,98260,311
PSE,2022,9,98418,497
PSE,2023,1,98596,25
PSE,2024,8,98010,425
PAC,2024,12,99361,67
Avista,2024,2,99122,81
PSE,2021,10,98387,2120
CNG,2024,1,98240,12
Avista,2023,10,98620,77
PSE,2024,6,98038,2009
PSE,2022,6,98002,3591
Avista,2024,9,99160,8
PSE,2024,7,98274,1084
PSE,2022,8,98934,96
NWN,2022,7,98026,0
PSE,2021,7,98249,230
PSE,2024,12,98530,59
PSE,2023,11,98104,55
PSE,2025,6,98277,2875
Avista,2021,5,99019,488
NWN,2025,1,98662,784
Avista,2022,2,99037,336
PSE,2024,12,98208,1233
NWN,2023,5,98604,1097
PSE,2024,2,98346,698
Avista,2022,9,99104,0
NWN,2022,5,98620,0
PSE,2025,6,98003,5364
PSE,2023,8,98002,5445
PSE,2025,2,98224,31
PAC,2025,6,98937,447
PSE,2022,4,98042,3101
PSE,2023,3,98240,252
Avista,2023,6,99167,34
Avista,2024,2,99134,25
CNG,2025,6,98837,89
PSE,2021,7,98941,161
CNG,2022,5,98383,184
NWN,2022,3,98639,47
PSE,2022,8,98248,2032
PSE,2023,8,98387,2333
PSE,2021,1,98943,75
Avista,2023,5,99018,9
CNG,2024,7,98383,230
CNG,2022,2,98273,632
Avista,2022,11,99117,14
NWN,2025,1,98665,527
PSE,2021,8,98110,1287
PSE,2023,1,98233,967
NWN,2023,6,98635,1
PSE,2022,12,98312,2875
Avista,2024,11,99122,80
CNG,2024,6,98232,7
Avista,2025,5,99163,1677
CNG,2023,11,99338,98
PSE,2022,5,98201,1001
PSE,2022,8,98446,372
PSE,2023,8,98589,583
PSE,2024,4,98115,919
NWN,2022,4,98682,2587
Avista,2025,8,99025,88
Avista,2021,11,99169,69
PSE,2024,1,98359,279
CNG,2023,6,98550,138
Avista,2023,6,99104,0
PSE,2022,6,98443,792
PSE,2024,8,98208,1178
PSE,2022,10,98934,110
CNG,2023,8,98563,43
PSE,2022,5,98204,652
CNG,2024,3,99362,879
Avista,2024,5,99006,321
Avista,2025,2,99161,72
PSE,2022,3,98275,367
PSE,2025,4,98430,164
Avista,2024,8,99129,59
PSE,2024,8,98466,545
Avista,2024,9,99012,36
PAC,2022,5,98939,26
PSE,2023,4,98272,546
PSE,2022,11,98229,1612
Avista,2025,8,99109,211
PSE,2021,7,98240,211
PSE,2023,7,98418,551
NWN,2024,6,98127,0
PAC,2024,9,98921,62
CNG,2024,12,98273,667
PSE,2021,7,98075,737
Avista,2022,3,99008,18
PSE,2023,10,98266,541
Avista,2025,5,99009,70
Avista,2023,12,99030,29
PSE,2022,11,98499,642
CNG,2022,7,98625,24
PSE,2022,7,98446,376
Avista,2024,4,99224,787
PSE,2024,6,98591,12
PSE,2025,1,98136,390
PSE,2023,7,98597,2490
Avista,2023,1,99013,82
PSE,2021,2,98012,967
Avista,2022,6,99146,0
PSE,2021,2,98359,252
Avista,2023,3,98857,1
NWN,2024,9,98674,0
PSE,2022,5,98591,15
PSE,2022,2,98558,16
PSE,2023,6,98264,29
PSE,2025,2,98335,367
PSE,2022,1,98002,3212
NWN,2022,2,98664,539
PSE,2021,11,98597,1245
PSE,2023,11,98466,579
PSE,2022,12,98148,614
PSE,2021,4,98239,536
CNG,2025,3,99336,372
NWN,2025,6,98639,40
PSE,2023,6,98055,2279
CNG,2023,11,98563,28
Avista,2023,12,98857,3
PSE,2023,10,98043,451
PSE,2024,8,98503,3014
NWN,2022,5,98626,0
PSE,2023,7,98258,1892
Avista,2025,4,99021,242
NWN,2025,4,98672,126
PSE,2022,6,98065,688
PSE,2023,5,98433,306
Avista,2022,5,99128,15
PSE,2023,11,98226,3303
PSE,2024,9,98513,2533
CNG,2023,5,98274,251
PSE,2024,3,98329,12
PSE,2022,4,98498,715
PSE,2024,6,98576,547
Avista,2024,5,99143,15
Avista,2022,11,99037,271
PSE,2024,12,98024,279
PSE,2023,4,98323,1049
PAC,2024,12,98935,140
NWN,2024,11,98665,605
PSE,2024,2,98277,3213
PSE,2022,10,98122,1329
Avista,2024,2,99129,67
Avista,2022,2,99036,4
CNG,2025,5,98240,17
PSE,2021,4,98273,2100
Avista,2022,5,99126,49
PSE,2023,8,98047,967
PSE,2023,5,98221,45
PSE,2021,8,98055,1843
Avista,2024,3,99223,1582
Avista,2022,9,99036,4
PSE,2024,11,98249,275
Avista,2023,12,99101,71
PSE,2025,1,98253,85
Avista,2023,1,99179,15
NWN,2022,2,98601,0
PSE,2022,12,98116,597
Avista,2025,4,99018,8
PAC,2024,11,99360,67
PSE,2024,2,98010,502
PSE,2025,4,98283,52
PAC,2022,4,98932,551
CNG,2024,6,98276,38
PSE,2024,1,98115,941
CNG,2024,7,98244,3
CNG,2024,11,98220,12
CNG,2022,3,98674,23
PSE,2023,6,98371,1933
PSE,2023,4,98031,3311
PSE,2024,5,98237,540
PSE,2021,10,98340,214
PSE,2024,2,98255,47
Avista,2022,6,99164,1
PSE,2021,3,98392,299
Avista,2021,5,99167,51
PAC,2024,3,99329,25
CNG,2024,11,98936,115
NWN,2024,1,98675,0
PSE,2024,11,98087,857
PSE,2022,3,98407,677
Avista,2024,3,99130,48
Avista,2024,5,99148,150
PSE,2021,3,98409,573
PSE,2022,2,98422,508
PSE,2025,2,98264,1466
PSE,2024,3,98168,1064
PSE,2024,10,98220,38
PSE,2022,5,98338,880
NWN,2022,8,98639,35
Avista,2022,11,99003,79
CNG,2023,8,98930,159
Avista,2024,4,99004,186
PSE,2023,9,98027,1572
PSE,2022,6,98029,1499
CNG,2022,2,98944,259
PSE,2023,11,98117,873
PSE,2024,8,98201,878
NWN,2024,1,98610,43
PSE,2025,2,98359,295
Avista,2025,3,99005,148
CNG,2024,7,98284,334
Avista,2025,6,99141,318
PSE,2024,12,98104,63
PSE,2022,10,98020,338
PSE,2021,6,98513,2034
PSE,2023,5,98074,944
Avista,2024,4,99202,1223
Avista,2023,9,99170,39
Avista,2021,6,99021,248
PSE,2024,8,98101,32
PSE,2022,9,98530,64
CNG,2023,9,98953,77
Avista,2024,5,99371,18
Avista,2024,1,98648,26
Avista,2023,1,99004,160
PSE,2025,4,98284,1949
PSE,2022,8,98238,6
Avista,2024,9,99009,57
NWN,2022,2,98671,665
NWN,2023,1,98208,0
PSE,2023,7,98065,719
PSE,2022,6,98396,31
Avista,2025,1,99134,27
PSE,2022,8,98422,483
Avista,2021,5,99129,91
PSE,2023,4,98312,2197
CNG,2022,1,99324,111
CNG,2023,11,98248,481
Avista,2023,8,99011,0
Avista,2023,12,99117,12
CNG,2024,4,98247,120
PAC,2024,2,99348,106
PSE,2024,2,98321,1046
Avista,2025,2,99176,1
PSE,2021,8,98591,13
NWN,2022,8,98682,1879
PSE,2022,8,98092,4037
PSE,2021,10,98396,30
Avista,2025,2,99344,445
PSE,2023,6,98070,659
Avista,2023,4,99151,10
Avista,2022,7,99005,183
Avista,2025,1,99016,825
Avista,2021,11,99137,28
Avista,2022,4,99371,18
Avista,2022,9,99260,0
PSE,2021,11,98385,16
NWN,2022,10,98762,0
PSE,2022,7,98926,321
PSE,2025,1,98373,1918
PSE,2024,12,98244,231
PSE,2021,5,98236,314
PSE,2024,3,98244,295
CNG,2023,1,98520,154
Avista,2025,4,99167,31
PSE,2022,1,98118,1538
CNG,2024,2,99301,878
CNG,2022,2,98848,3
NWN,2023,8,98125,0
Avista,2021,3,99402,71
NWN,2025,3,98607,1077
CNG,2022,8,98225,621
CNG,2024,5,98557,18
PSE,2023,11,98106,697
NWN,2025,3,98612,0
Avista,2024,4,99001,258
NWN,2022,1,98675,0
PSE,2023,12,98943,89
PSE,2025,6,98292,68
PSE,2023,3,98366,2886
CNG,2024,1,98225,570
Avista,2024,4,99025,87
Avista,2023,9,99167,43
Avista,2023,8,99201,1156
PSE,2023,3,98409,722
CNG,2024,3,99354,190
CNG,2022,8,98584,168
PSE,2022,1,98232,135
NWN,2022,12,98026,0
PAC,2024,7,98603,1
PSE,2023,1,98070,639
CNG,2022,12,98278,5
PSE,2023,6,98039,59
PSE,2025,5,98271,536
NWN,2024,1,98660,258
Avista,2023,6,99103,15
PSE,2021,1,98323,34
Avista,2024,5,99170,38
Avista,2025,4,99025,90
Avista,2022,2,99122,104
PSE,2021,2,98332,193
PSE,2022,2,98283,46
PSE,2022,5,98239,334
Avista,2022,8,99032,30
PSE,2021,7,98374,1992
NWN,2023,6,98684,996
PSE,2021,1,98055,1750
PSE,2024,7,98057,1666
PAC,2025,3,98948,934
Avista,2022,9,99212,1295
Avista,2024,6,99037,325
Avista,2023,7,99173,127
Avista,2024,8,99181,107
Avista,2025,3,99040,66
PSE,2023,6,98258,369
PSE,2021,1,98053,510
Avista,2024,2,99403,687
NWN,2024,6,97031,0
CNG,2023,2,98220,9
PSE,2025,3,98136,402
Avista,2025,2,99103,21
PSE,2022,5,98226,2870
NWN,2025,3,98125,0
PSE,2021,2,98233,688
CNG,2025,5,98944,342
Avista,2023,12,99217,915
PSE,2022,11,98116,545
Avista,2021,7,98620,93
CNG,2024,6,98295,61
PSE,2023,1,98926,343
PSE,2023,8,98329,3
Avista,2022,11,99216,1182
Avista,2025,8,99033,45
NWN,2023,5,98675,0
NWN,2024,1,97388,0
PSE,2022,4,98110,1557
PAC,2024,9,99348,36
PSE,2022,6,98596,21
PSE,2022,5,98148,651
NWN,2023,5,98620,0
CNG,2023,10,98240,15
PSE,2022,10,98418,512
NWN,2024,2,98119,0
CNG,2025,6,98257,49
PSE,2021,12,98284,1190
PSE,2023,1,98208,1137
CNG,2024,11,99324,165
Avista,2024,1,99403,695
PSE,2024,8,98263,25
PSE,2024,6,98112,730
Avista,2024,5,99036,3
PSE,2023,6,98057,1853
PSE,2022,9,98024,282
PSE,2022,5,98029,1472
PSE,2023,5,98409,1006
CNG,2023,12,98528,18
CNG,2022,6,98337,231
PSE,2025,5,98375,30
PSE,2021,3,98146,504
PSE,2023,12,98117,847
PSE,2023,1,98068,89
Avista,2024,1,99025,76
PSE,2022,8,98506,1358
PSE,2023,8,98022,2053
CNG,2025,2,98292,199
PSE,2022,4,98116,509
PSE,2021,10,98354,159
Avista,2024,8,99113,5
PSE,2023,3,98220,45
PSE,2023,11,98238,3
NWN,2024,6,98682,2160
PSE,2022,11,98203,870
CNG,2024,2,98901,321
PSE,2025,2,98579,829
CNG,2022,6,99353,42
NWN,2024,7,97301,0
PSE,2025,2,98271,576
PSE,2024,7,98346,664
PSE,2023,11,98168,1081
CNG,2023,1,98264,519
PSE,2021,5,98133,700
PSE,2023,11,98107,625
PSE,2021,9,98424,239
PSE,2021,3,98244,225
CNG,2022,6,98930,236
PSE,2025,1,98512,2266
PSE,2025,6,98499,448
CNG,2025,5,98247,150
PSE,2022,3,98221,1511
NWN,2023,2,98606,21
PSE,2025,3,98166,825
Avista,2025,9,99003,69
Avista,2024,2,99203,610
Avista,2024,6,99205,2242
CNG,2022,8,98292,180
PSE,2021,4,98503,2791
NWN,2024,12,98606,49
CNG,2022,10,98370,111
PSE,2024,10,98392,254
CNG,2024,3,99352,445
NWN,2023,10,98668,0
PSE,2024,7,98443,72
PSE,2024,4,98501,3988
PSE,2021,2,98223,66
PSE,2024,4,98102,506
PSE,2021,3,98404,954
PSE,2022,9,98019,336
Avista,2024,4,99020,1
PSE,2025,5,98263,36
PSE,2021,6,98466,563
Avista,2023,6,99020,2
PSE,2021,2,98008,780
CNG,2025,5,98282,41
PSE,2022,9,98466,593
PSE,2022,8,98029,1412
PSE,2024,12,98267,42
PSE,2023,11,98591,15
PSE,2024,8,98072,870
PSE,2024,4,98403,258
NWN,2024,8,98307,0
Avista,2021,11,99164,1
PSE,2021,12,98407,648
PSE,2024,3,98050,14
NWN,2024,5,98762,0
PSE,2021,9,98402,50
Avista,2024,3,99220,0
Avista,2023,10,99117,10
PSE,2024,3,98047,943
CNG,2022,4,98936,86
CNG,2023,4,99338,108
CNG,2025,6,98367,243
PSE,2021,8,98391,2481
Avista,2024,4,99148,155
Avista,2025,2,99217,950
PSE,2023,5,98367,3063
Avista,2025,1,99138,134
CNG,2022,1,99344,136
PSE,2023,4,98402,48
NWN,2023,2,98675,0
PAC,2025,1,98921,80
PSE,2021,11,98940,61
PSE,2021,9,98270,1734
PSE,2022,7,98925,72
Avista,2023,5,99039,6
PSE,2023,12,98226,3669
PAC,2024,3,98923,125
PSE,2024,6,98404,1074
Avista,2023,6,99022,178
Avista,2024,6,99163,1735
PSE,2021,5,98027,1205
Avista,2021,4,99212,1262
PSE,2022,12,98239,451
PSE,2021,10,98405,1048
PSE,2021,7,98146,629
Avista,2021,5,99344,536
Avista,2025,9,99109,185
PSE,2021,1,98370,1583
PSE,2024,2,98104,36
PSE,2024,11,98271,541
PSE,2023,6,98558,23
PSE,2021,4,98087,621
CNG,2024,9,98563,40
Avista,2025,4,99151,8
Avista,2023,10,99403,762
CNG,2022,6,99350,54
Avista,2022,4,99207,2157
Avista,2024,6,99026,79
PSE,2023,9,98034,2920
NWN,2022,9,98674,0
PSE,2021,7,98106,574
PSE,2024,6,98271,530
Avista,2024,4,99036,3
Avista,2025,1,99146,1
Avista,2022,6,99371,15
PSE,2024,8,98925,115
CNG,2023,9,99301,1822
Avista,2023,2,99006,235
PAC,2025,4,98903,2122
PSE,2025,5,98104,65
Avista,2023,3,99025,90
Avista,2023,10,99159,41
PSE,2022,10,98288,49
PSE,2024,6,98258,1896
PSE,2021,11,98166,778
PSE,2023,5,98029,1577
PSE,2023,7,98579,824
PSE,2022,5,98516,64
NWN,2024,7,98626,0
PSE,2023,2,98226,3250
PSE,2024,3,98271,492
PSE,2023,7,98125,630
PSE,2022,6,98230,1193
PSE,2022,1,98433,1
CNG,2022,12,99337,117
PSE,2023,9,98404,1052
PSE,2022,10,98034,2773
PSE,2023,1,98036,817
PSE,2022,11,98144,911
Avista,2024,4,99023,8
CNG,2022,1,98345,6
PSE,2025,6,98327,572
PSE,2024,5,98065,695
PSE,2021,1,98199,386
NWN,2023,5,98601,0
CNG,2023,2,98903,160
PSE,2021,8,98226,2659
Avista,2023,11,99040,72
PSE,2023,1,98103,1094
PSE,2021,9,98284,1387
Avista,2024,8,99107,0
Avista,2025,3,99151,14
PSE,2022,9,98338,867
PAC,2022,5,98935,231
PSE,2023,9,98467,291
PAC,2024,7,98935,194
Avista,2022,5,99104,0
PSE,2024,10,98327,505
PSE,2021,3,98385,19
PSE,2024,7,98148,650
PSE,2021,5,98444,749
Avista,2024,4,99128,10
Avista,2021,10,99207,2296
Avista,2024,11,99171,26
Avista,2025,1,99008,17
NWN,2022,8,98629,177
Avista,2025,7,99341,37
PSE,2023,8,98403,272
PSE,2025,2,98926,412
PSE,2024,3,98421,4
PSE,2024,8,98277,2595
CNG,2022,2,98295,31
PAC,2022,4,99360,106
PSE,2024,3,98004,2522
PSE,2024,9,98260,300
CNG,2023,9,98528,18
NWN,2023,10,98684,643
PSE,2021,12,98274,919
PSE,2022,10,98360,706
Avista,2022,12,99344,425
PAC,2024,1,98908,3501
PSE,2022,1,98407,718
PSE,2025,1,98288,32
CNG,2023,10,98674,114
PSE,2023,10,98253,93
PSE,2022,10,98027,1486
Avista,2024,3,99033,29
Avista,2022,5,99031,36
Avista,2022,8,99004,123
PAC,2024,11,98951,701
CNG,2025,4,98550,161
PSE,2021,7,98119,444
PSE,2022,4,98118,1600
PSE,2025,3,98311,2162
PSE,2025,3,98020,323
PSE,2025,4,98294,303
PSE,2022,6,98283,53
PSE,2024,6,98040,901
CNG,2025,6,98230,415
PSE,2024,8,98274,1042
CNG,2022,5,98944,301
PSE,2024,11,98004,2646
CNG,2022,1,98220,4
PSE,2021,7,98177,431
Avista,2021,3,98648,31
PSE,2021,12,98281,202
PSE,2022,6,98059,1905
Avista,2023,4,99224,826
Avista,2021,11,99170,40
PSE,2023,3,98072,879
PSE,2021,6,98074,964
PSE,2022,5,98263,33
Avista,2023,9,99019,503
PSE,2025,5,98055,2367
CNG,2022,11,98632,125
PSE,2025,2,98092,3531
PSE,2023,11,98112,735
Avista,2023,6,99344,427
Avista,2023,10,99001,255
CNG,2024,1,98310,478
PAC,2022,7,98942,1361
PSE,2024,5,98144,1080
PSE,2023,4,98204,965
Avista,2021,5,98857,3
PSE,2023,5,98596,22
Avista,2025,8,99217,935
PSE,2025,2,98506,1484
Avista,2023,9,99021,284
CNG,2023,9,99323,20
CNG,2022,5,98271,123
PSE,2022,8,98036,787
PSE,2025,1,98328,62
Avista,2022,4,99201,1251
NWN,2023,7,98606,56
PSE,2024,1,98247,595
PSE,2024,1,98068,80
PSE,2024,1,98380,312
PSE,2024,12,98001,2011
PSE,2022,8,98589,535
Avista,2025,5,99146,4
Avista,2021,4,99004,173
PSE,2023,7,98340,108
PAC,2024,7,99328,351
PSE,2023,3,98466,636
PSE,2023,1,98121,170
CNG,2023,7,99344,152
PSE,2022,2,98112,789
Avista,2025,8,99026,84
NWN,2023,12,98674,0
PSE,2025,6,98021,614
PSE,2021,3,98405,986
Avista,2024,2,99144,0
Avista,2021,12,99158,19
PSE,2022,7,98020,317
Avista,2025,9,99036,2
PAC,2024,2,98948,92
CNG,2022,6,98837,82
PAC,2025,4,99363,11
PSE,2021,8,98136,390
PSE,2021,7,98409,650
Avista,2024,6,99157,53
PAC,2025,5,99323,262
Avista,2022,10,99128,14
CNG,2023,5,98273,428
PSE,2024,11,98056,2818
PSE,2022,8,98263,25
PSE,2022,1,98383,1307
Avista,2025,1,99218,548
PSE,2021,8,98238,3
PSE,2022,2,98404,1114
PSE,2025,1,98040,853
NWN,2023,11,98674,0
Avista,2022,5,98648,32
Avista,2024,7,99138,107
PSE,2023,5,98011,1471
NWN,2023,7,98682,2074
PSE,2023,9,98576,509
Avista,2021,4,99208,2262
PSE,2024,11,98273,2130
PSE,2023,2,98230,747
PSE,2022,1,98941,69
PSE,2022,6,98409,724
PSE,2022,2,98223,73
PAC,2024,12,98923,75
CNG,2025,6,98276,56
PSE,2025,1,98926,390
PAC,2024,6,99329,28
Avista,2024,7,99151,7
PSE,2023,1,98043,440
PSE,2022,8,98020,319
NWN,2023,1,98635,0
Avista,2024,7,99030,24
PSE,2025,5,98002,5323
Avista,2025,4,99201,1092
PSE,2022,6,98276,78
PSE,2022,10,98513,2386
PSE,2021,8,98531,457
PAC,2024,11,98902,4018
PSE,2021,5,98117,573
Avista,2023,8,99164,1
PSE,2023,10,98032,4548
Avista,2023,11,99122,78
PSE,2021,5,98053,570
PSE,2023,2,98443,60
PSE,2024,10,98106,616
Avista,2024,7,99103,18
PSE,2021,3,98024,222
Avista,2024,2,99137,22
PSE,2023,1,98409,711
PSE,2022,5,98499,3753
Avista,2021,8,99137,36
NWN,2024,10,98682,1418
Avista,2023,4,99023,11
PSE,2023,11,98353,189
PSE,2024,4,98576,536
PSE,2024,1,98294,371
CNG,2023,1,98936,85
PSE,2022,10,98233,912
CNG,2022,8,99353,38
PSE,2024,7,98052,4304
Avista,2022,5,99201,1257
Avista,2024,12,99009,77
Avista,2021,2,99032,38
NWN,2025,3,98635,1
PSE,2021,11,98288,30
PSE,2024,3,98270,2152
Avista,2021,6,99030,33
PSE,2023,2,98247,590
PSE,2024,11,98283,48
PSE,2025,6,98146,667
NWN,2025,2,98607,874
PSE,2023,3,98037,636
Avista,2022,8,99023,7
CNG,2022,11,98225,705
CNG,2024,8,98541,22
NWN,2024,4,98635,1
CNG,2023,7,98953,81
Avista,2023,8,99134,20
Avista,2024,1,99216,1305
PSE,2023,2,98312,3105
CNG,2024,6,98903,173
CNG,2022,11,99324,174
Avista,2025,4,99031,33
PSE,2022,12,98367,1667
PSE,2021,7,98199,476
CNG,2023,1,98528,8
PSE,2024,8,98296,444
Avista,2022,8,99130,45
Avista,2025,2,99179,19
Avista,2021,7,99026,83
Avista,2021,7,99167,46
PAC,2024,8,99324,380
PAC,2022,8,99363,12
PSE,2023,3,98235,28
PSE,2022,7,98375,1473
Avista,2024,10,99134,11
CNG,2024,9,98257,48
PSE,2023,9,98579,869
Avista,2022,10,99039,10
NWN,2023,6,98668,0
CNG,2024,1,98903,153
PSE,2021,5,98029,1429
PSE,2022,12,98439,468
NWN,2023,12,98666,0
CNG,2022,4,99362,687
PSE,2024,4,98311,2103
CNG,2024,7,98226,510
PSE,2024,9,98033,1781
Avista,2024,4,99141,335
Avista,2024,1,99260,0
Avista,2025,9,98620,94
PSE,2022,7,98940,224
CNG,2023,8,98903,139
PSE,2025,4,98007,2219
PSE,2022,10,98106,624
Avista,2022,11,99158,10
PSE,2025,4,98364,186
CNG,2024,7,98625,13
CNG,2024,5,98345,5
PSE,2021,12,98402,48
Avista,2025,7,99004,176
PSE,2022,10,98026,742
Avista,2021,11,99130,39
PSE,2024,11,98134,29
Avista,2022,8,99125,20
Avista,2021,8,99141,297
PSE,2022,2,98051,238
NWN,2022,2,98119,0
PSE,2024,4,98275,382
PSE,2024,6,98001,2178
NWN,2025,4,98620,0
PSE,2025,5,98568,2
PSE,2021,2,98014,194
CNG,2025,3,98584,179
PSE,2024,10,98034,3121
PSE,2023,5,98251,292
PSE,2021,6,98263,14
PSE,2025,4,98072,919
PSE,2022,1,98329,4
CNG,2023,11,98370,109
Avista,2024,11,99228,0
Avista,2021,5,99169,74
PSE,2023,2,98941,111
NWN,2023,10,98762,0
PSE,2021,8,98421,3
Avista,2022,2,99103,27
PSE,2024,8,98233,1662
PSE,2023,3,98323,52
PSE,2023,3,98439,544
PSE,2023,4,98418,759
CNG,2022,9,98932,55
CNG,2024,7,98311,505
PSE,2024,2,98122,1214
Avista,2022,11,99176,5
PSE,2024,2,98402,49
PSE,2021,1,98367,1299
Avista,2022,7,99033,39
PSE,2021,12,98011,1078
PSE,2025,1,98934,127
CNG,2025,1,98370,167
NWN,2024,1,98617,0
PSE,2023,12,98926,396
PSE,2021,2,98375,1111
PSE,2022,4,98342,112
Avista,2025,5,99203,589
PSE,2022,7,98059,1906
CNG,2022,11,98367,232
PSE,2023,4,98266,1473
PSE,2023,12,98375,1590
PSE,2023,3,98065,681
NWN,2024,6,98642,845
PSE,2021,5,98353,2
Avista,2021,6,99218,525
NWN,2025,2,98661,748
PSE,2025,3,98404,1062
CNG,2022,12,98229,347
PSE,2022,6,98121,112
PSE,2024,1,98274,1153
PSE,2021,6,98203,787
PSE,2023,3,98249,237
PSE,2024,2,98224,38
PSE,2022,7,98235,26
PAC,2025,4,99323,268
CNG,2022,7,98584,174
CNG,2024,5,98932,61
Avista,2025,8,99014,5
PSE,2025,3,98072,1041
PSE,2021,10,98118,1495
PSE,2025,6,98252,238
Avista,2025,4,99034,6
PSE,2023,10,98387,2219
PSE,2022,12,98467,294
PSE,2021,7,98926,330
PSE,2023,5,98260,1924
PSE,2021,3,98926,282
PSE,2024,9,98053,626
NWN,2023,3,98639,47
PSE,2023,2,98406,514
PSE,2022,1,98005,901
PSE,2022,6,98925,73
Avista,2021,12,99020,2
Avista,2023,3,99110,38
PSE,2021,2,98465,69
NWN,2024,7,98685,819
Avista,2022,6,99018,12
PSE,2025,3,98558,24
Avista,2023,3,99160,10
PAC,2024,5,98947,368
PSE,2023,10,98502,2687
Avista,2024,8,98857,1
PSE,2023,11,98233,1034
Avista,2021,2,99181,139
PSE,2024,1,98134,24
Avista,2021,9,99126,54
Avista,2021,8,99341,41
PSE,2025,6,98340,6
PSE,2021,12,98223,56
Avista,2023,9,99159,47
Avista,2024,5,99212,12780
Avista,2022,10,99138,121
PAC,2022,8,99362,1992
PSE,2025,6,98112,695
PSE,2024,2,98498,2078
NWN,2024,4,98671,632
CNG,2024,3,98257,51
PSE,2024,9,98444,789
Avista,2021,8,98648,36
CNG,2025,1,98901,305
Avista,2025,8,99212,1297
PSE,2021,9,98126,636
PSE,2025,1,98943,68
PSE,2024,8,98053,581
Avista,2021,10,99113,14
CNG,2022,9,98248,497
PAC,2024,12,98939,16
PSE,2021,2,98312,2616
PSE,2021,8,98208,1017
PSE,2024,12,98327,600
Avista,2023,8,99204,621
PSE,2024,12,98396,35
PSE,2023,11,98404,1013
NWN,2022,9,98864,0
Avista,2023,8,99148,140
PSE,2022,3,98058,2685
PSE,2021,2,98168,940
Avista,2023,9,99220,0
Avista,2025,3,99174,5
PSE,2025,6,98445,783
PSE,2021,8,98288,39
NWN,2024,8,98639,29
PSE,2023,8,98323,71
CNG,2022,5,98223,363
Avista,2024,3,99326,19
NWN,2023,8,98307,0
NWN,2022,6,98864,0
CNG,2023,7,99301,1874
CNG,2024,5,99344,177
CNG,2023,8,98367,249
NWN,2022,4,98605,30
Avista,2025,4,99040,76
Avista,2022,6,99104,0
PSE,2024,6,98235,20
PSE,2024,3,98439,564
NWN,2024,11,98662,679
PSE,2021,10,98402,50
NWN,2023,1,98662,843
PSE,2025,1,98327,520
CNG,2023,9,98524,4
Avista,2023,5,99030,32
PSE,2022,5,98380,309
Avista,2023,9,99218,620
PSE,2023,2,98126,717
Avista,2023,3,99176,4
PSE,2024,11,98233,994
PSE,2021,2,98337,853
Avista,2022,9,99008,12
CNG,2023,10,99324,164
PSE,2023,4,98387,27
PSE,2021,6,98146,575
PSE,2022,3,98294,336
PSE,2024,11,98943,39
PSE,2022,2,98312,2935
PSE,2022,2,98031,2994
PSE,2024,9,98391,3079
PSE,2025,2,98177,437
PSE,2021,11,98230,690
PSE,2022,3,98385,19
Avista,2024,4,99138,141
PSE,2021,5,98021,440
PSE,2024,4,98033,1714
PSE,2021,5,98012,1042
PAC,2024,5,98944,1945
Avista,2025,7,98620,87
CNG,2022,9,98295,42
PSE,2025,4,98155,632
PSE,2022,11,98034,2634
Avista,2025,8,99206,1510
PSE,2021,9,98233,733
PAC,2024,12,98903,1502
CNG,2022,8,98264,540
PAC,2024,10,98921,68
CNG,2023,7,98908,561
Avista,2021,4,99125,15
CNG,2023,11,98311,470
Avista,2023,2,99026,57
CNG,2022,6,98625,19
PSE,2024,1,98337,1032
CNG,2022,5,99301,1756
PSE,2025,3,98445,952
Avista,2022,4,99167,45
PSE,2021,5,98390,736
CNG,2022,6,98310,584
PSE,2023,6,98052,3617
NWN,2023,9,98661,608
PSE,2021,3,98579,631
Avista,2023,12,99031,23
PSE,2023,9,98503,3591
PSE,2021,11,98014,181
PSE,2021,7,98226,2541
Avista,2022,8,99216,1090
PSE,2023,3,98329,3
PSE,2022,10,98385,22
PSE,2021,6,98576,423
CNG,2024,8,98310,516
Avista,2021,7,99109,208
PSE,2021,11,98052,2907
PSE,2021,10,98051,198
PSE,2022,9,98277,3015
PSE,2021,10,98001,1893
PSE,2021,5,98408,920
Avista,2025,8,99402,36
Avista,2022,11,99164,1
NWN,2022,9,98665,615
PSE,2023,12,98056,3007
PSE,2023,3,98576,496
Avista,2024,1,99218,597
CNG,2023,2,98563,32
PAC,2022,4,99347,208
Avista,2023,6,99036,5
PSE,2024,9,98068,94
NWN,2024,5,98635,1
PSE,2024,1,98402,44
Avista,2023,11,99036,6
PSE,2022,11,98597,1425
PSE,2024,3,98391,3155
PAC,2025,3,99348,62
PSE,2025,2,98370,2000
PSE,2021,1,98008,697
PSE,2021,7,98421,4
Avista,2025,7,99160,6
NWN,2024,5,98660,443
PSE,2021,12,98262,59
PSE,2022,2,98236,375
PSE,2022,12,98155,621
PSE,2022,7,98296,384
NWN,2023,4,98127,0
PSE,2023,11,98501,3952
PSE,2021,1,98178,680
Avista,2021,9,99218,617
PSE,2023,1,98109,451
PSE,2025,3,98946,61
Avista,2024,10,99201,916
PSE,2024,6,98188,2376
PSE,2024,11,98050,20
CNG,2024,2,99338,110
PSE,2025,2,98168,1122
PSE,2022,7,98290,494
PSE,2023,4,98038,2051
PSE,2024,1,98230,1291
PSE,2025,1,98020,300
PSE,2023,1,98031,3004
Avista,2025,6,99130,44
PSE,2021,11,98251,45
PSE,2021,2,98392,340
NWN,2024,6,98628,20
NWN,2024,4,98663,304
PSE,2024,11,98340,91
NWN,2024,1,98626,0
PSE,2024,2,98580,466
PSE,2024,9,98597,2430
PSE,2024,11,98503,3589
NWN,2023,3,98605,30
Avista,2021,3,99202,1365
CNG,2022,7,98232,9
CNG,2023,12,98626,83
Avista,2025,6,99217,998
PSE,2022,5,98513,1984
PSE,2022,11,98008,841
PSE,2021,7,98273,2259
CNG,2023,11,98366,518
CNG,2023,3,98626,30
PSE,2024,8,98126,712
PSE,2022,4,98045,819
CNG,2023,2,98611,5
PSE,2022,6,98220,43
CNG,2023,1,98220,8
PSE,2022,4,98020,349
Avista,2025,7,99113,7
NWN,2024,3,98665,765
CNG,2023,8,98292,156
PSE,2023,8,98122,1384
PSE,2024,3,98925,137
PSE,2023,8,98270,2094
Avista,2021,1,99158,15
PSE,2024,3,98022,2110
CNG,2023,8,99323,14
PSE,2023,5,98021,606
CNG,2023,12,98244,3
CNG,2022,11,98674,99
PSE,2023,8,98408,922
Avista,2023,7,99144,0
PSE,2023,3,98337,979
PSE,2021,2,98034,2302
PSE,2023,4,98321,3163
PAC,2024,11,98938,124
Avista,2024,12,99143,19
Avista,2024,12,99003,78
CNG,2023,7,98951,76
PSE,2024,2,98238,5
Avista,2025,1,99326,20
CNG,2024,6,98311,543
CNG,2023,12,98366,492
PSE,2024,1,98052,4041
PSE,2023,11,98267,39
PSE,2023,3,98014,505
PSE,2022,8,98072,830
Avista,2022,10,99341,41
PSE,2021,9,98057,1445
CNG,2023,2,98226,549
PSE,2025,6,98364,161
PSE,2025,3,98237,574
CNG,2022,4,98273,369
Avista,2022,5,99335,0
Avista,2025,8,99205,2136
Avista,2025,3,99039,10
Avista,2025,5,99126,63
Avista,2022,8,99218,510
Avista,2023,12,99019,470
PSE,2024,5,98424,288
PSE,2021,12,98240,236
Avista,2023,3,99013,129
NWN,2025,1,98635,0
CNG,2023,3,98232,5
PSE,2023,12,98029,1606
Avista,2025,6,99326,18
PSE,2025,1,98385,28
CNG,2023,8,99336,384
NWN,2023,7,98610,53
PSE,2024,3,98387,2406
PSE,2023,3,98108,1113
PSE,2025,6,98223,76
Avista,2025,6,99212,1355
Avista,2023,2,99009,96
CNG,2023,2,98366,491
Avista,2021,8,99022,228
CNG,2024,12,98626,63
PAC,2025,2,98901,2499
Avista,2025,5,99122,94
CNG,2024,6,98837,78
NWN,2024,8,98208,0
Avista,2024,10,99217,774
PSE,2025,6,98383,3
PAC,2025,2,98948,1060
Avista,2022,4,99114,516
Avista,2024,4,99161,71
PSE,2023,7,98107,618
Avista,2025,5,99371,17
Avista,2024,8,99164,0
PSE,2025,5,98238,4
PSE,2024,2,98050,15
PSE,2024,7,98199,543
PSE,2021,7,98264,1080
Avista,2024,1,99032,31
CNG,2024,10,98271,113
Avista,2024,9,99029,38
Avista,2023,6,99040,86
PSE,2021,11,98236,340
PSE,2024,10,98057,1656
PSE,2022,11,98039,77
PSE,2022,8,98445,1019
PSE,2023,6,98445,950
Avista,2021,9,99014,5
PSE,2025,2,98941,89
CNG,2024,2,98801,92
PSE,2022,12,98424,255
PSE,2022,7,98115,1068
PSE,2021,6,98011,1076
PSE,2021,6,98530,41
Avista,2021,4,99023,10
NWN,2022,12,98626,0
PSE,2024,7,98244,281
CNG,2022,5,98932,58
PSE,2025,3,98092,3842
NWN,2022,8,98612,0
PSE,2022,2,98058,2692
CNG,2025,4,98229,306
Avista,2023,4,99171,32
PSE,2023,12,98940,214
NWN,2023,12,98620,0
PSE,2025,2,98001,2094
Avista,2022,11,99206,1370
PSE,2023,11,98031,3260
NWN,2022,9,98635,0
CNG,2024,9,98936,120
CNG,2024,3,98220,12
Avista,2025,8,99102,27
PSE,2025,1,98110,1516
PSE,2022,4,98011,1332
Avista,2023,8,99341,44
PAC,2024,5,98933,92
CNG,2024,5,99362,793
PSE,2022,1,98294,246
PSE,2024,10,98229,1600
PSE,2022,8,98383,1298
Avista,2025,4,99137,27
PSE,2023,2,98177,496
Avista,2021,10,99039,7
Avista,2021,3,99223,1446
Avista,2024,8,99012,37
Avista,2024,8,99212,938
NWN,2022,8,98864,0
PSE,2022,1,98275,376
PSE,2021,2,98354,142
PSE,2025,1,98270,2303
PAC,2024,12,98942,1005
Avista,2021,2,99223,1629
PSE,2023,8,98055,2306
Avista,2024,7,99164,0
PSE,2021,8,98925,100
Avista,2022,4,99040,88
NWN,2023,9,98686,401
Avista,2025,1,99161,56
PSE,2021,9,98104,43
Avista,2021,5,99204,703
Avista,2025,1,99031,19
PSE,2025,4,98266,538
PSE,2024,1,98188,2267
Avista,2023,2,99117,17
PSE,2021,12,98272,797
PSE,2025,4,98116,562
CNG,2023,2,98936,94
PSE,2024,11,98030,3392
Avista,2021,3,99163,1195
PSE,2024,11,98052,4589
PSE,2021,9,98105,889
Avista,2024,3,99159,35
Avista,2023,2,98857,3
CNG,2025,6,98942,189
Avista,2023,9,99040,78
PSE,2023,12,98237,472
PSE,2021,10,98043,397
PSE,2025,6,98026,742
CNG,2023,11,99336,356
Avista,2022,6,99019,359
PSE,2022,9,98005,1067
PSE,2021,10,98056,2464
Avista,2024,6,99019,487
Avista,2023,10,99102,34
PAC,2022,9,99363,20
CNG,2025,6,98901,407
PSE,2023,5,98266,1382
PSE,2022,8,98043,457
PSE,2021,11,98148,621
PSE,2024,12,98121,158
CNG,2024,10,98370,161
CNG,2022,3,98230,378
Avista,2024,6,99148,159
Avista,2021,12,99201,1176
Avista,2022,6,99008,22
PSE,2021,8,98396,32
PSE,2021,5,98125,389
PSE,2025,1,98146,705
Avista,2022,2,99104,0
PSE,2022,4,98040,857
Avista,2021,6,99157,49
PSE,2025,1,98168,1054
PSE,2021,2,98430,1
Avista,2022,9,99157,48
CNG,2023,9,98948,187
PSE,2021,9,98101,44
PSE,2021,12,98271,507
PSE,2024,6,98264,1599
CNG,2024,12,98541,27
PSE,2022,8,98021,570
Avista,2022,7,99137,45
PSE,2021,4,98335,239
PSE,2021,11,98335,357
CNG,2024,3,98367,261
PSE,2021,9,98232,141
PSE,2024,7,98012,1353
Avista,2022,4,99174,4
CNG,2025,4,98611,6
PSE,2023,8,98011,1428
PSE,2023,11,98134,16
Avista,2022,1,99151,10
CNG,2024,6,98257,51
PSE,2021,5,98385,19
NWN,2023,2,98683,875
Avista,2021,1,99129,88
Avista,2024,11,99160,10
PAC,2025,4,99328,419
NWN,2024,11,98686,353
PSE,2022,9,98136,465
PSE,2024,10,98385,23
Avista,2024,7,99149,9
NWN,2025,1,98612,0
PAC,2025,1,99323,208
PSE,2023,9,98444,835
PSE,2024,3,98105,864
PSE,2022,1,98380,262
PSE,2024,12,98004,2421
PSE,2023,10,98370,1936
Avista,2023,3,99137,23
PSE,2022,8,98166,791
Avista,2025,8,99160,5
PSE,2023,11,98390,1161
CNG,2022,3,98541,27
NWN,2022,1,98686,398
PSE,2023,12,98188,2382
PSE,2025,3,98057,2013
Avista,2023,5,99170,43
PSE,2024,8,98055,1861
Avista,2022,9,99011,0
CNG,2022,11,98248,489
Avista,2025,3,99102,37
PAC,2022,8,98903,1525
Avista,2025,2,99203,528
Avista,2024,9,99403,702
CNG,2022,3,98944,226
PSE,2024,8,98028,950
PSE,2023,6,98110,1147
NWN,2023,12,98663,91
CNG,2023,8,98295,40
CNG,2022,11,98230,416
PSE,2023,3,98295,74
CNG,2022,7,99301,1834
Avista,2024,8,99011,0
Avista,2022,2,99179,18
PSE,2023,2,98274,1170
Avista,2022,8,99117,10
Avista,2024,12,99161,64
Avista,2023,9,99138,128
CNG,2023,8,98948,192
PSE,2023,10,98354,277
CNG,2023,6,98244,1
PSE,2023,3,98405,1142
Avista,2025,2,99219,0
Avista,2025,1,99403,651
NWN,2022,1,98664,386
CNG,2022,6,98370,90
CNG,2022,10,98232,9
Avista,2025,7,99037,302
Avista,2021,10,99146,2
PSE,2023,2,98075,300
PSE,2023,5,98396,358
NWN,2025,6,98666,0
PSE,2023,8,98292,55
PSE,2023,8,98328,62
PSE,2022,10,98038,1745
PSE,2021,11,98272,334
PSE,2025,6,98006,1291
Avista,2023,1,98620,98
PSE,2025,4,98263,23
PSE,2022,2,98516,2045
Avista,2025,3,99033,46
PSE,2021,5,98225,1832
PAC,2024,4,98932,591
PSE,2025,1,98388,134
CNG,2024,8,98801,63
Avista,2022,2,99223,1463
PSE,2022,9,98404,1023
PSE,2023,3,98385,26
Avista,2024,9,99224,655
PSE,2021,9,98027,1302
Avista,2023,12,99104,0
Avista,2021,12,99023,6
PSE,2022,3,98070,633
PAC,2025,2,99350,3
PSE,2021,8,98204,557
PSE,2024,4,98385,25
PSE,2021,1,98247,480
CNG,2024,4,98240,18
PSE,2023,2,98276,92
PSE,2022,6,98109,449
PSE,2024,1,98235,20
CNG,2025,5,99354,191
PSE,2023,5,98531,551
PSE,2023,7,98104,57
PSE,2022,4,98056,2672
PAC,2025,6,98944,1836
Avista,2025,8,99027,287
CNG,2023,1,98247,122
CNG,2024,8,98311,445
Avista,2023,1,99137,40
PSE,2021,11,98375,1314
PSE,2021,4,98050,18
PSE,2024,9,98108,786
CNG,2024,8,98611,15
CNG,2023,2,98240,19
Avista,2025,6,99003,100
PSE,2025,4,98391,13
PSE,2023,10,98121,165
PSE,2022,7,98576,458
PSE,2023,10,98070,629
PSE,2023,4,98240,379
NWN,2023,12,98762,0
Avista,2023,8,99034,9
PAC,2024,5,98952,86
PSE,2023,7,98512,2316
PSE,2023,2,98198,3590
PSE,2022,12,98055,2049
Avista,2024,1,99029,25
PSE,2024,2,98034,2886
CNG,2024,11,99301,1921
PSE,2023,11,98354,271
PSE,2024,11,98255,46
NWN,2024,10,98671,349
PSE,2024,3,98034,2766
CNG,2023,12,98229,336
Avista,2022,1,99113,10
Avista,2024,1,99335,0
Avista,2023,4,99371,12
PSE,2024,1,98077,225
NWN,2022,3,98648,0
PSE,2025,5,98199,545
PSE,2022,3,98433,2
Avista,2022,3,99174,5
CNG,2022,9,98275,1
PAC,2024,9,99347,101
PSE,2024,10,98371,1470
Avista,2025,6,99012,43
PSE,2023,12,98070,708
PSE,2021,1,98036,622
NWN,2024,3,98664,626
CNG,2022,1,98271,95
Avista,2021,12,99001,238
PSE,2021,9,98199,479
CNG,2024,7,99362,791
Avista,2023,4,99020,3
PSE,2021,11,98055,1947
PAC,2022,4,98947,329
CNG,2022,9,98264,494
PSE,2021,8,98118,1447
PSE,2022,5,98295,86
PSE,2021,12,98926,301
Avista,2023,1,99207,1737
PSE,2024,10,98283,42
PSE,2022,6,98102,653
PSE,2022,4,98235,22
PSE,2023,3,98239,468
PSE,2024,11,98335,425
PSE,2025,5,98119,558
CNG,2022,7,98276,34
PSE,2023,11,98385,30
PSE,2024,7,98221,1560
PSE,2024,7,98270,2199
CNG,2022,6,98264,506
PAC,2024,3,98952,92
CNG,2023,1,98903,152
PSE,2025,6,98233,1111
PSE,2023,3,98068,99
PSE,2021,3,98198,2469
PSE,2025,5,98014,492
PSE,2021,2,98118,1476
PSE,2025,3,98277,3181
CNG,2025,3,98311,538
PSE,2024,12,98258,1930
Avista,2022,2,99040,77
PSE,2024,10,98338,898
PSE,2021,8,98045,687
PSE,2022,5,98024,297
Avista,2024,11,99034,5
NWN,2024,9,98662,754
PSE,2023,11,98925,83
PSE,2022,2,98238,2
PSE,2021,9,98328,55
PSE,2023,1,98075,757
PSE,2023,10,98107,628
Avista,2025,4,99101,75
Avista,2022,7,99111,136
PSE,2024,9,98274,1012
NWN,2024,6,98666,0
CNG,2024,1,98337,195
NWN,2023,4,97388,0
PSE,2021,12,98077,175
NWN,2024,1,98125,0
PSE,2024,7,98059,1997
PSE,2023,6,98589,642
PAC,2022,8,99329,21
PSE,2024,7,98501,3906
PSE,2021,8,98040,721
NWN,2023,5,98668,0
Avista,2025,3,99029,25
PSE,2023,11,98406,541
PAC,2022,3,98938,189
Avista,2024,1,99117,17
CNG,2022,7,98948,191
Avista,2024,1,99013,99
Avista,2022,11,99218,613
PSE,2022,8,98244,279
PSE,2022,4,98146,670
Avista,2021,11,99122,75
CNG,2022,10,98223,379
Avista,2024,12,99151,8
NWN,2022,7,98671,618
Avista,2024,3,99030,35
PSE,2023,11,98288,35
PSE,2021,11,98233,793
NWN,2023,1,98674,0
PSE,2022,8,98236,328
PSE,2021,8,98589,450
PSE,2021,4,98118,1231
CNG,2022,4,98550,134
PSE,2024,9,98264,1308
NWN,2024,9,98672,70
Avista,2023,10,99134,26
PSE,2024,1,98144,1093
Avista,2021,5,99023,9
CNG,2024,3,99324,178
PSE,2022,12,98033,1501
CNG,2022,4,98284,306
Avista,2025,6,99036,5
PSE,2025,4,98338,13
CNG,2022,6,98312,671
Avista,2024,6,99203,553
PSE,2021,11,98203,830
PSE,2023,11,98367,1674
Avista,2022,4,99129,92
PSE,2021,4,98238,2
CNG,2024,5,98930,257
PSE,2023,8,98288,36
PSE,2022,7,98057,1700
CNG,2024,2,98932,34
PSE,2021,7,98396,42
CNG,2025,5,98232,8
CNG,2024,12,98837,70
PSE,2025,4,98404,56
Avista,2021,3,99003,103
PSE,2021,8,98077,212
PSE,2022,1,98011,1251
Avista,2021,4,99403,613
PAC,2022,1,98903,1392
PSE,2022,7,98260,338
PSE,2025,4,98226,3412
NWN,2024,10,98617,0
CNG,2022,8,98311,483
Avista,2022,2,99335,0
PSE,2024,3,98039,60
CNG,2022,8,99362,777
Avista,2021,10,99110,39
PSE,2024,7,98329,9
Avista,2021,5,99016,753
PSE,2024,4,98075,704
Avista,2025,5,99173,142
Avista,2025,5,99218,668
PSE,2022,8,98558,13
PSE,2023,7,98311,2063
PSE,2024,8,98022,1740
PSE,2022,7,98002,4756
PSE,2023,5,98516,2109
Avista,2021,6,99101,76
PSE,2021,6,98110,1424
Avista,2023,11,99128,11
PSE,2023,3,98199,484
Avista,2022,8,99217,764
Avista,2021,2,99212,1364
PSE,2024,12,98273,2220
PSE,2021,8,98144,1139
CNG,2022,10,98225,704
Avista,2024,2,99174,3
PAC,2024,6,98923,127
CNG,2022,6,98932,57
CNG,2023,11,98225,671
PSE,2023,8,98110,1439
PSE,2024,2,98327,529
PSE,2021,12,98346,452
PSE,2021,7,98321,852
Avista,2025,5,99113,14
CNG,2025,2,99352,408
PSE,2021,5,98370,1610
PSE,2024,5,98251,117
Avista,2021,11,99128,10
PSE,2021,10,98408,910
PSE,2023,11,98408,988
PSE,2022,12,98513,2526
Avista,2022,1,99034,8
NWN,2023,10,98607,515
Avista,2021,11,99134,25
PSE,2023,6,98072,884
Avista,2021,8,99036,6
PSE,2024,10,98148,652
PSE,2025,3,98199,508
CNG,2024,9,98240,14
Avista,2025,7,99159,34
PSE,2025,3,98591,10
PSE,2023,8,98275,363
PSE,2024,4,98346,741
PSE,2024,6,98014,303
Avista,2021,9,99371,18
Avista,2021,2,99009,105
CNG,2022,8,98948,194
Avista,2021,7,99159,47
Avista,2022,2,99006,221
CNG,2022,11,98264,495
PSE,2023,6,98136,423
PSE,2023,1,98360,732
PSE,2022,1,98201,944
PSE,2023,10,98204,687
PSE,2021,11,98004,2029
PAC,2022,8,98951,1036
PSE,2023,1,98274,1134
NWN,2022,4,98629,246
NWN,2025,3,98684,1033
Avista,2024,6,99158,24
PSE,2022,9,98926,328
PSE,2024,10,98409,670
Avista,2024,9,99169,50
PSE,2023,2,98387,2083
CNG,2024,1,98274,219
Avista,2024,8,99102,22
PSE,2021,6,98036,734
PSE,2025,1,98444,748
PSE,2022,4,98271,536
CNG,2022,2,98953,69
PSE,2022,9,98281,462
PSE,2022,5,98203,905
PSE,2024,2,98568,2
PSE,2022,10,98503,3467
Avista,2022,5,99160,7
NWN,2022,2,98606,57
PSE,2023,4,98499,732
PSE,2022,1,98237,396
PSE,2024,10,98499,660
PSE,2023,1,98028,882
CNG,2022,12,98311,490
PSE,2022,12,98201,968
Avista,2021,3,99125,30
PSE,2025,1,98220,37
PSE,2024,5,98296,403
PSE,2024,6,98277,3331
PSE,2024,10,98166,769
PSE,2021,7,98360,591
PSE,2021,8,98430,1
PSE,2024,11,98005,1466
PSE,2021,11,98371,1361
PSE,2022,3,98926,373
Avista,2024,2,99341,48
PSE,2024,12,98251,64
NWN,2025,3,98604,1032
PSE,2021,10,98252,260
PAC,2022,1,98920,1
PSE,2024,1,98370,1954
PSE,2024,10,98383,1415
NWN,2023,8,98620,0
PSE,2023,9,98512,2335
PSE,2021,3,98273,1571
PSE,2024,12,98466,556
Avista,2024,12,99034,6
PSE,2022,3,98006,1305
PSE,2022,11,98591,13
PSE,2024,10,98360,764
PSE,2022,9,98014,528
PSE,2021,1,98224,29
PSE,2021,9,98506,2812
PSE,2024,7,98223,72
PSE,2023,4,98396,395
Avista,2022,1,99016,709
PSE,2021,6,98019,317
PSE,2023,7,98117,856
PSE,2024,4,98133,913
PSE,2025,2,98263,28
PSE,2024,10,98002,3695
Avista,2025,6,99125,18
PSE,2023,7,98506,1417
PSE,2021,7,98531,461
PSE,2021,7,98188,1962
PSE,2024,9,98443,70
Avista,2022,11,99022,167
CNG,2024,4,98520,157
PSE,2025,2,98034,3126
PSE,2023,2,98021,610
CNG,2023,2,98370,107
PSE,2023,5,98121,164
Avista,2022,12,99109,155
Avista,2024,10,99122,67
PSE,2021,12,98501,491
PSE,2021,9,98146,619
Avista,2022,1,99022,187
PSE,2021,7,98270,1806
PSE,2021,10,98532,170
Avista,2023,3,99158,15
PSE,2024,7,98030,2914
Avista,2024,5,99008,23
Avista,2022,7,99158,17
PSE,2021,12,98158,1
PSE,2022,12,98375,1380
NWN,2024,4,98307,0
PSE,2023,4,98360,817
PSE,2021,10,98503,2331
PSE,2025,6,98406,13
PSE,2022,8,98267,44
PSE,2022,5,98273,1867
PSE,2022,5,98375,1445
Avista,2021,6,99344,451
PSE,2022,4,98502,3497
Avista,2024,2,99208,2326
CNG,2025,5,98248,534
CNG,2023,1,98837,70
PSE,2022,9,98558,12
PSE,2023,12,98052,4217
CNG,2024,9,98223,439
PSE,2021,3,98466,481
PSE,2024,11,98579,796
Avista,2022,9,99029,29
NWN,2024,2,98666,0
PSE,2023,7,98026,783
PSE,2025,3,98107,585
PSE,2021,7,98247,480
Avista,2021,1,99205,2693
PSE,2024,6,98240,268
CNG,2023,5,98247,124
PSE,2021,1,98580,332
Avista,2025,4,99204,564
PSE,2023,12,98576,523
PSE,2021,3,98387,1715
Avista,2022,10,98857,2
PSE,2023,6,98512,2275
PSE,2021,11,98042,3001
PSE,2023,2,98007,1798
PSE,2022,7,98396,50
CNG,2024,9,98611,7
NWN,2024,8,98685,790
PSE,2021,2,98946,41
PSE,2022,10,98014,490
Avista,2024,8,99131,2
Avista,2023,7,99003,93
Avista,2024,2,99036,3
PSE,2024,8,98144,1151
PSE,2022,5,98260,325
Avista,2021,10,98648,31
NWN,2024,9,98208,0
PSE,2023,8,98001,2297
PSE,2023,11,98922,478
PSE,2022,6,98267,42
CNG,2022,1,98557,10
NWN,2022,12,98675,0
Avista,2024,4,99201,1319
PSE,2022,2,98249,270
Avista,2021,8,99217,987
PSE,2022,11,98199,538
Avista,2022,10,99143,19
PSE,2025,4,98065,733
CNG,2025,1,99301,1875
NWN,2024,1,97031,0
PSE,2025,5,98396,44
Avista,2023,11,99019,477
PSE,2024,11,98499,678
PSE,2022,7,98240,227
PAC,2024,10,98933,59
Avista,2021,2,99122,97
Avista,2023,4,99029,41
Avista,2021,9,99141,284
PSE,2022,12,98223,67
PSE,2022,1,98295,67
Avista,2022,5,99102,38
CNG,2022,1,98370,63
PSE,2021,6,98499,606
PSE,2024,3,98338,995
Avista,2023,8,99216,1269
PSE,2023,4,98112,766
PSE,2021,6,98034,2103
NWN,2022,7,98683,937
PSE,2024,8,98359,236
PSE,2022,10,98101,40
PSE,2023,2,98235,21
PSE,2023,1,98396,55
PSE,2021,1,98158,2
CNG,2022,3,99350,59
Avista,2022,9,99161,55
Avista,2025,5,99217,1056
Avista,2021,2,99403,1019
CNG,2023,5,99354,171
Avista,2025,6,99107,1
PSE,2025,2,98204,699
PSE,2023,9,98051,224
Avista,2022,6,99025,97
Avista,2024,2,99101,72
PSE,2021,9,98106,562
Avista,2025,4,99003,106
PSE,2021,7,98232,193
PSE,2023,3,98359,287
PAC,2024,6,99363,23
PSE,2023,5,98323,1089
PSE,2023,11,98502,2612
PSE,2023,12,98597,2747
PAC,2022,4,99363,20
PSE,2021,5,98345,39
CNG,2023,1,98295,44
PSE,2022,1,98391,2669
PAC,2025,5,99329,29
PSE,2023,6,98367,2955
CNG,2022,12,98611,7
PSE,2023,1,98092,3866
PSE,2024,11,98925,90
Avista,2022,5,99161,68
PSE,2022,9,98366,2748
PSE,2024,9,98232,163
PAC,2022,8,98938,164
PSE,2024,2,98260,335
PSE,2023,5,98006,1400
PSE,2021,11,98077,183
PSE,2022,11,98110,576
Avista,2024,3,99174,3
NWN,2023,7,98617,0
Avista,2025,7,99403,586
CNG,2022,11,98276,25
PSE,2022,12,98445,1078
CNG,2022,9,99354,188
Avista,2024,6,99169,78
PSE,2021,1,98101,26
Avista,2023,1,99037,293
PSE,2025,1,98074,879
PSE,2024,11,98221,1175
PSE,2023,2,98110,632
PSE,2023,12,98374,2864
CNG,2022,1,98848,1
PSE,2024,4,98011,1483
NWN,2023,3,98663,305
NWN,2022,2,98612,0
Avista,2021,2,99040,87
PSE,2021,2,98074,1031
CNG,2024,3,98524,4
Avista,2023,1,99103,21
PSE,2024,6,98388,139
Avista,2022,8,99157,44
Avista,2023,6,99129,77
CNG,2022,10,98801,80
CNG,2023,5,98229,397
NWN,2022,8,98663,276
PSE,2021,8,98092,3755
PSE,2021,6,98022,1886
PSE,2023,9,98074,1035
NWN,2023,6,98648,0
PSE,2024,10,98263,31
Avista,2021,9,99039,7
NWN,2023,8,98628,21
PSE,2021,5,98338,673
PSE,2023,10,98055,2325
PSE,2025,1,98177,429
Avista,2021,5,99207,2432
PSE,2023,3,98238,4
CNG,2022,10,98936,94
PSE,2021,8,98021,531
CNG,2023,4,98370,122
PSE,2021,11,98383,1241
Avista,2025,3,99027,248
PSE,2022,5,98277,2925
NWN,2022,9,98663,233
Avista,2021,2,99130,57
CNG,2023,6,98528,7
PSE,2025,1,98922,806
PSE,2022,2,98144,1173
PSE,2021,4,98922,664
PSE,2024,3,98007,1973
NWN,2022,11,98675,0
CNG,2022,9,98226,544
PSE,2025,4,98026,796
PSE,2021,11,98030,3099
CNG,2024,2,98632,99
PSE,2024,8,98155,625
PSE,2022,9,98498,1887
Avista,2024,3,99103,23
NWN,2022,3,98119,0
CNG,2022,3,98942,136
NWN,2024,2,97388,0
PSE,2022,6,98405,1034
Avista,2023,10,99114,546
Avista,2021,4,99201,1101
PSE,2024,5,98252,235
PAC,2022,2,98936,447
CNG,2022,3,98951,60
Avista,2024,6,99156,1
PSE,2022,7,98122,1370
NWN,2024,2,98662,958
Avista,2023,11,99009,62
CNG,2024,3,98282,42
Avista,2024,5,98648,26
PSE,2024,11,98203,881
PSE,2024,4,98204,620
Avista,2021,11,99402,61
Avista,2023,12,99014,3
Avista,2023,6,99176,3
PSE,2022,7,98039,69
CNG,2022,1,98233,456
PSE,2023,6,98408,731
PSE,2021,6,98007,1382
PSE,2023,5,98023,4252
PSE,2022,2,98926,374
PSE,2022,8,98946,35
PSE,2022,11,98408,893
CNG,2025,3,98903,140
PSE,2022,4,98134,35
Avista,2022,4,99102,37
PSE,2024,11,98019,409
PSE,2024,2,98264,1416
NWN,2024,12,98635,0
Avista,2025,9,99143,22
PSE,2022,12,98345,41
CNG,2024,12,98848,6
PSE,2022,1,98112,740
Avista,2024,9,99102,27
Avista,2025,6,99174,3
PSE,2022,12,98238,4
PSE,2024,11,98296,414
PSE,2022,2,98277,2690
PSE,2025,3,98408,994
PAC,2024,8,99363,11
PSE,2023,6,98328,556
PSE,2024,1,98374,2905
PSE,2024,6,98020,353
PSE,2022,8,98037,629
PSE,2022,8,98467,262
PSE,2022,2,98321,936
PSE,2022,10,98532,180
CNG,2023,10,98226,542
Avista,2021,3,99117,11
Avista,2022,7,99001,261
PSE,2022,3,98050,21
PSE,2023,7,98053,600
PSE,2022,7,98406,802
PSE,2023,8,98465,193
PSE,2024,3,98121,142
PSE,2024,9,98008,915
PSE,2022,11,98188,2115
PSE,2023,12,98030,3748
PSE,2023,1,98328,26
PSE,2023,2,98373,1858
CNG,2024,11,98367,293
Avista,2023,8,99403,656
PAC,2025,5,98603,1
PSE,2022,5,98354,184
PSE,2024,1,98006,1319
PSE,2022,6,98136,423
CNG,2023,6,99350,38
Avista,2024,8,98648,32
CNG,2023,7,98310,554
PSE,2021,1,98065,606
Avista,2023,8,99335,0
PSE,2023,2,98240,243
PSE,2021,6,98133,771
PSE,2025,3,98403,265
PSE,2021,4,98136,257
PSE,2024,11,98342,124
Avista,2022,12,99013,87
CNG,2022,10,98310,556
PSE,2025,5,98946,52
PSE,2024,9,98283,38
NWN,2023,7,98668,0
Avista,2023,8,99170,38
PSE,2025,1,98290,443
PSE,2021,11,98576,237
Avista,2024,11,99207,1862
PSE,2022,7,98072,852
PSE,2024,5,98371,1667
Avista,2023,2,99021,237
CNG,2024,8,98528,11
Avista,2024,6,99185,56
PSE,2023,10,98221,1670
PSE,2024,11,98136,434
PSE,2021,1,98075,718
Avista,2022,2,99011,0
PSE,2022,1,98225,2326
PSE,2021,7,98110,1314
Avista,2023,12,99171,37
CNG,2022,2,98223,384
PSE,2022,2,98338,887
PSE,2025,3,98070,674
PSE,2022,1,98530,61
Avista,2024,6,99159,41
PSE,2023,4,98310,414
PSE,2023,7,98262,51
PSE,2024,7,98045,770
PSE,2022,4,98233,946
PSE,2025,3,98050,13
PSE,2021,10,98392,305
NWN,2024,4,98208,0
Avista,2024,6,99040,86
CNG,2025,3,98902,1501
PSE,2023,3,98513,2629
PAC,2022,6,98935,245
PSE,2024,4,98030,3615
Avista,2021,9,99201,1274
PSE,2021,3,98252,222
PSE,2021,4,98501,3006
PSE,2023,12,98144,1239
CNG,2023,9,98625,20
PSE,2021,3,98220,29
PSE,2021,1,98112,675
PSE,2024,8,98596,27
Avista,2023,7,99030,18
PSE,2021,8,98383,1102
PSE,2024,11,98367,1800
Avista,2025,1,99039,7
PSE,2024,7,98390,936
PSE,2024,3,98404,1031
CNG,2024,3,99344,167
PSE,2023,10,98335,414
Avista,2024,12,99134,30
NWN,2025,5,98307,0
PSE,2021,6,98342,119
PSE,2024,4,98117,770
PSE,2022,3,98332,254
Avista,2025,5,99169,85
Avista,2021,7,99223,1413
Avista,2023,4,99137,36
PSE,2022,4,98012,1405
PSE,2021,4,98409,612
PSE,2022,1,98284,1526
PSE,2025,3,98005,1254
PSE,2025,6,98296,377
NWN,2022,4,98683,1109
CNG,2023,2,98625,22
PSE,2024,2,98443,58
PSE,2022,10,98506,1349
Avista,2022,12,99027,260
PSE,2023,5,98292,496
PSE,2024,11,98042,3409
PSE,2021,1,98926,305
Avista,2025,6,99102,37
PAC,2024,6,98908,3304
Avista,2022,3,99371,16
CNG,2023,7,98903,171
PSE,2023,5,98444,897
NWN,2022,7,98601,0
Avista,2024,12,99207,1867
PSE,2022,9,98506,1362
PAC,2025,6,98938,181
Avista,2021,3,99203,647
PSE,2025,1,98029,1495
PSE,2021,9,98290,451
Avista,2022,6,99032,37
Avista,2024,10,99141,231
PSE,2025,1,98392,314
PSE,2022,6,98006,1278
CNG,2025,6,98274,331
PSE,2024,7,98288,38
Avista,2024,8,99403,650
PSE,2022,5,98353,2
PSE,2024,1,98371,1647
PSE,2022,2,98943,36
PSE,2024,2,98117,819
Avista,2022,6,99344,478
PSE,2024,10,98075,664
Avista,2021,12,99114,499
PSE,2022,3,98059,1915
PSE,2024,9,98032,3899
PAC,2022,8,99347,164
PSE,2022,2,98327,498
Avista,2021,8,99039,7
NWN,2024,8,98666,0
Avista,2023,9,99206,1513
PSE,2024,6,98424,295
Avista,2024,2,99117,16
NWN,2022,7,98605,27
PSE,2023,6,98053,572
PSE,2022,4,98396,33
PSE,2022,4,98409,710
PSE,2021,7,98118,1431
PSE,2022,2,98591,9
PSE,2024,10,98328,42
PSE,2021,7,98383,1127
Avista,2025,4,99148,151
PSE,2023,11,98295,81
CNG,2022,8,98284,309
Avista,2024,1,99156,1
PSE,2022,12,98408,941
PSE,2021,8,98274,983
Avista,2024,8,99170,37
Avista,2023,10,99179,21
PSE,2022,5,98385,19
PSE,2022,7,98597,2209
Avista,2023,6,99179,18
PSE,2021,12,98373,1415
PSE,2024,11,98295,73
CNG,2022,5,98310,548
PSE,2021,5,98201,850
CNG,2022,12,98337,221
PSE,2025,5,98019,412
PSE,2023,7,98380,328
PSE,2025,3,98925,76
PSE,2023,1,98290,468
Avista,2024,5,99013,117
CNG,2022,10,98901,321
PSE,2023,12,98340,289
Avista,2021,12,99113,8
PSE,2023,7,98021,612
Avista,2021,1,99025,101
CNG,2023,4,98221,479
PSE,2022,6,98262,55
PSE,2025,1,98121,164
PSE,2023,7,98221,1590
PSE,2022,11,98296,391
CNG,2024,1,98271,123
CNG,2024,8,99362,777
Avista,2025,2,99014,9
CNG,2023,11,98932,45
CNG,2024,8,98232,7
PSE,2021,8,98263,26
PSE,2022,9,98512,2058
PSE,2024,2,98258,1743
NWN,2024,11,98639,20
CNG,2024,9,98276,34
CNG,2024,1,98257,39
PSE,2021,3,98258,1480
PAC,2024,8,98937,308
PSE,2022,1,98353,1
Avista,2021,9,99207,2273
PSE,2022,4,98008,850
PSE,2025,6,98024,260
PSE,2024,6,98247,618
PSE,2022,5,98579,802
Avista,2023,11,99134,32
PSE,2022,3,98251,118
Avista,2024,9,99003,78
Avista,2022,7,99032,38
PSE,2023,11,98109,486
PSE,2024,3,98220,54
PSE,2023,11,98010,524
CNG,2023,11,98383,227
NWN,2024,5,98612,0
Avista,2025,4,99026,66
PSE,2024,12,98065,719
PSE,2023,3,98047,546
PSE,2025,5,98059,2111
Avista,2023,2,99207,2290
Avista,2021,5,99125,22
PSE,2021,5,98220,31
PSE,2023,9,98026,777
Avista,2023,4,99019,356
NWN,2025,1,98639,36
PSE,2021,11,98388,128
NWN,2022,12,97388,0
PSE,2022,10,98155,637
Avista,2023,5,99134,31
CNG,2024,7,98229,365
CNG,2023,7,98942,181
PSE,2023,10,98155,626
CNG,2023,9,98310,565
PSE,2022,2,98332,264
PSE,2023,7,98373,1964
PSE,2022,4,98148,672
PAC,2022,2,98942,1543
PSE,2025,3,98068,84
PSE,2023,8,98367,1707
Avista,2025,3,99218,635
PSE,2021,2,98158,2
Avista,2023,7,99029,51
CNG,2024,11,98524,3
PSE,2021,2,98240,234
PSE,2025,3,98267,28
CNG,2022,4,98337,251
Avista,2024,1,99034,4
Avista,2022,1,99023,7
Avista,2024,12,99141,256
Avista,2023,9,99207,2141
PSE,2021,12,98110,1135
PSE,2025,1,98037,650
PSE,2021,5,98122,1132
CNG,2022,10,98903,171
PSE,2024,8,98052,4047
PSE,2021,10,98136,385
Avista,2025,4,99036,7
PSE,2025,3,98155,611
PSE,2024,4,98110,1581
PSE,2023,8,98155,621
Avista,2024,9,99207,1558
Avista,2025,6,99037,286
PSE,2023,8,98148,692
PAC,2024,5,98904,1
PSE,2022,12,98003,3960
PSE,2022,11,98122,1313
PSE,2021,12,98204,560
PSE,2025,4,98290,482
PSE,2023,10,98288,41
PSE,2023,10,98466,596
PSE,2025,1,98516,2299
PSE,2024,9,98106,633
Avista,2021,10,99020,1
PSE,2024,8,98465,170
PSE,2021,3,98253,43
PSE,2024,3,98367,1870
CNG,2024,9,98264,556
Avista,2025,6,99163,1766
CNG,2023,11,98277,300
CNG,2022,1,98232,7
PSE,2022,4,98530,502
NWN,2024,5,98606,55
PSE,2023,12,98371,1713
NWN,2022,7,98635,1
PSE,2021,12,98597,2164
PSE,2023,10,98311,2036
Avista,2021,1,99014,6
Avista,2025,8,99171,33
PSE,2024,6,98433,1658
PSE,2025,3,98116,567
PSE,2022,4,98101,44
CNG,2023,12,99362,717
PSE,2024,10,98233,962
PSE,2023,2,98023,4007
Avista,2025,8,98648,25
PSE,2025,2,98327,580
Avista,2024,5,99160,13
PSE,2022,9,98101,44
Avista,2021,3,99146,1
Avista,2021,12,99031,25
PSE,2024,9,98223,74
PSE,2022,9,98252,242
PSE,2025,6,98332,14
PSE,2024,12,98056,2931
PSE,2024,3,98392,326
PSE,2025,1,98055,2305
PAC,2025,5,98936,580
PAC,2024,5,99348,53
PSE,2022,11,98106,635
CNG,2025,5,99338,144
PSE,2022,11,98338,832
PAC,2024,4,99324,631
PSE,2022,12,98294,370
Avista,2021,2,99012,55
Avista,2025,5,99110,31
Avista,2021,1,99173,138
PSE,2021,4,98010,386
PSE,2021,4,98253,52
PSE,2021,9,98596,16
CNG,2022,1,98520,121
PSE,2023,10,98248,2378
PSE,2024,10,98568,3
Avista,2021,3,99031,21
Avista,2021,8,99117,9
NWN,2024,7,98119,0
PSE,2023,11,98201,942
PSE,2024,9,98446,383
Avista,2025,4,99228,0
CNG,2023,12,98902,1336
CNG,2022,2,98948,158
Avista,2023,5,99130,45
PAC,2025,5,98937,482
Avista,2025,7,99111,132
PSE,2021,6,98033,1283
CNG,2025,2,98226,412
PSE,2025,1,98224,28
PSE,2022,2,98136,396
Avista,2022,8,99344,373
PSE,2021,11,98421,7
PSE,2021,7,98335,327
CNG,2024,8,98370,147
Avista,2024,12,99107,0
Avista,2022,1,99403,777
PSE,2023,7,98022,1856
CNG,2025,4,98311,534
PSE,2023,1,98146,659
PSE,2021,2,98506,1297
PSE,2023,10,98236,349
PSE,2024,2,98029,1574
PSE,2022,3,98283,40
Avista,2022,10,99141,297
Avista,2025,4,99138,152
Avista,2025,6,99169,71
PSE,2024,1,98366,2973
PSE,2023,10,98337,946
PSE,2023,9,98327,547
CNG,2023,4,98901,389
PSE,2021,7,98038,1591
PSE,2024,2,98006,1245
NWN,2022,12,98119,0
NWN,2022,9,98612,0
PSE,2022,8,98058,2580
NWN,2023,12,98628,8
PSE,2021,3,98038,1480
PSE,2024,8,98235,20
PSE,2023,3,98223,73
PSE,2025,3,98288,40
PSE,2021,1,98288,30
Avista,2024,6,99102,44
PSE,2023,8,98019,885
Avista,2021,11,99207,2171
Avista,2022,3,99141,282
Avista,2025,9,99025,96
NWN,2022,2,98626,0
PSE,2024,6,98360,816
Avista,2024,2,99128,6
PSE,2025,1,98221,1551
PSE,2024,4,98106,590
PSE,2022,1,98007,1556
NWN,2025,1,98620,0
Avista,2024,3,99143,18
PSE,2022,2,98941,82
Avista,2021,10,99001,254
PSE,2023,6,98155,666
PSE,2022,10,98367,1588
CNG,2023,8,99350,35
PAC,2025,6,99361,168
CNG,2022,10,98908,501
NWN,2023,2,98666,0
PSE,2024,1,98422,486
PSE,2021,12,98188,1325
PSE,2025,4,98271,515
CNG,2022,3,98233,495
PSE,2023,6,98107,598
NWN,2024,12,97388,0
PSE,2024,7,98155,655
Avista,2024,8,99224,634
PSE,2021,6,98284,1470
Avista,2022,7,99216,1388
NWN,2023,4,97301,0
Avista,2024,4,99114,567
Avista,2021,6,99032,33
PSE,2022,4,98031,2972
CNG,2024,2,98366,551
PSE,2022,7,98292,49
PSE,2022,10,98118,1625
PSE,2024,6,98105,696
Avista,2024,12,99202,957
PSE,2021,1,98028,708
Avista,2025,7,99204,610
PSE,2024,4,98283,55
PAC,2025,2,98944,1898
PSE,2022,9,98058,2694
PSE,2022,1,98374,2214
PSE,2021,7,98003,4043
Avista,2024,3,99218,673
PSE,2023,6,98028,1024
Avista,2023,5,99335,0
PSE,2025,2,98260,298
PAC,2022,3,99350,7
PSE,2023,11,98026,787
PSE,2023,7,98385,29
Avista,2021,12,99341,39
Avista,2021,8,99102,51
CNG,2022,11,98801,91
Avista,2021,10,99176,4
PSE,2021,8,98201,851
Avista,2023,2,99174,3
PSE,2024,8,98040,884
PSE,2023,9,98037,619
PSE,2025,2,98277,2841
PSE,2021,10,98380,208
Avista,2025,5,98620,109
PSE,2023,11,98530,74
PSE,2024,12,98288,36
PAC,2025,5,99324,626
PSE,2024,2,98272,782
PSE,2021,4,98235,17
PSE,2024,3,98943,85
Avista,2025,3,99143,20
PSE,2023,2,98008,880
Avista,2025,8,99113,7
Avista,2021,9,99202,1254
Avista,2025,3,99204,568
PSE,2025,6,98244,287
PSE,2021,4,98589,434
PSE,2024,5,98108,1015
PSE,2023,5,98155,691
PSE,2021,1,98589,383
PSE,2022,2,98146,653
PSE,2025,3,98375,1684
NWN,2023,7,98208,0
Avista,2022,3,99143,12
PSE,2021,1,98597,2126
PSE,2023,9,98408,978
PSE,2023,3,98374,2831
PSE,2024,5,98070,639
Avista,2025,3,99201,1192
Avista,2025,5,99181,138
CNG,2023,12,98247,100
NWN,2023,9,98620,0
PSE,2021,6,98121,118
Avista,2024,3,99032,24
PSE,2024,4,98070,674
CNG,2025,6,98550,156
PSE,2022,1,98043,447
Avista,2023,7,99103,20
CNG,2023,12,98936,82
NWN,2025,5,98664,673
Avista,2021,6,99185,64
PSE,2023,1,98273,2131
Avista,2021,5,99163,1543
CNG,2024,7,98611,15
PSE,2022,9,98056,2716
CNG,2022,3,98953,72
CNG,2023,4,99301,1997
PSE,2022,9,98371,1534
PSE,2023,6,98272,513
PSE,2022,11,98109,490
Avista,2021,10,99167,45
Avista,2021,8,99134,28
PSE,2022,8,98077,167
PSE,2025,1,98198,3671
PSE,2023,12,98134,23
Avista,2023,2,99040,77
PSE,2025,6,98039,57
PSE,2024,3,98224,43
PSE,2024,5,98342,119
PSE,2024,2,98270,2158
CNG,2023,9,98557,11
NWN,2023,2,98628,28
CNG,2023,7,98366,531
PSE,2022,4,98372,1988
PSE,2022,8,98530,46
PSE,2021,7,98045,705
PSE,2024,10,98119,486
PSE,2023,9,98273,2153
CNG,2025,4,98278,1
Avista,2023,10,99220,0
PSE,2022,3,98125,570
Avista,2024,11,99027,272
PSE,2023,1,98051,219
PSE,2023,1,98597,2380
CNG,2024,3,98901,361
PAC,2024,6,99348,40
NWN,2024,1,98685,323
PSE,2024,8,98290,457
CNG,2023,12,99324,149
PSE,2022,1,98516,2000
CNG,2023,4,98930,256
CNG,2023,12,98312,655
PSE,2024,3,98221,1637
PSE,2023,11,98116,631
PSE,2025,3,98283,42
PSE,2021,7,98467,569
PSE,2022,10,98422,514
PSE,2021,3,98058,2158
PSE,2022,3,98198,3160
PSE,2023,12,98409,743
Avista,2024,10,99169,68
PSE,2023,7,98252,248
PSE,2024,8,98026,736
Avista,2023,10,99040,69
Avista,2021,9,99008,17
PSE,2023,3,98253,89
Avista,2024,5,99173,129
PSE,2021,10,98292,44
PSE,2024,5,98272,758
CNG,2022,10,98944,293
PSE,2022,7,98388,136
PSE,2023,11,98597,1638
Avista,2023,8,99228,0
PSE,2021,11,98270,2020
Avista,2022,7,99179,18
CNG,2025,5,98257,49
PSE,2023,2,98136,412
PSE,2023,12,98530,63
PSE,2024,11,98375,1540
CNG,2023,3,98953,64
PAC,2024,11,99347,81
PSE,2023,3,98005,1039
PSE,2023,7,98596,25
PSE,2023,5,98338,917
PSE,2021,6,98392,320
Avista,2023,4,99149,12
Avista,2021,5,99122,86
PSE,2022,12,98283,48
CNG,2023,2,98942,175
PSE,2024,9,98255,45
CNG,2025,4,98244,4
Avista,2021,8,99031,24
PSE,2024,10,98323,65
PSE,2021,11,98034,2498
PSE,2025,4,98119,581
Avista,2025,6,99208,2958
PSE,2022,9,98001,1943
PSE,2023,8,98390,1012
Avista,2021,9,99129,81
PSE,2023,12,98008,942
PSE,2022,6,98335,394
PSE,2021,10,98597,2042
Avista,2021,2,99216,1362
PSE,2023,10,98021,608
PSE,2024,12,98103,1107
Avista,2021,5,99008,32
NWN,2022,8,97031,0
PSE,2023,8,98506,1445
PSE,2023,5,98275,1171
NWN,2023,4,98648,0
CNG,2023,12,98284,256
PSE,2024,11,98036,843
Avista,2021,1,99103,14
Avista,2021,11,99013,127
CNG,2022,4,98233,466
PSE,2023,6,98074,972
PSE,2024,2,98274,1138
CNG,2022,3,98837,70
PSE,2021,4,98262,106
CNG,2024,9,98901,369
PSE,2024,3,98267,37
PSE,2024,11,98402,59
CNG,2024,4,98563,47
PSE,2021,2,98068,80
Avista,2025,1,99019,424
PSE,2022,4,98922,899
PSE,2024,12,98144,1261
PAC,2024,6,98935,219
PSE,2023,9,98498,1992
PSE,2023,8,98388,152
PSE,2025,1,98108,974
Avista,2024,2,99170,12
PSE,2023,3,98168,1100
CNG,2025,3,98802,29
PSE,2023,10,98263,30
Avista,2021,9,99206,1450
PSE,2023,5,98267,524
CNG,2024,3,98674,113
NWN,2023,8,97301,0
PAC,2022,1,99348,36
NWN,2023,9,98762,0
Avista,2023,8,99260,0
Avista,2021,10,99148,138
CNG,2023,4,98557,11
PSE,2023,8,98247,586
PSE,2022,11,98237,442
CNG,2022,3,98284,240
PSE,2022,1,98345,39
CNG,2024,8,98953,84
NWN,2024,5,98648,0
PAC,2024,8,98933,51
Avista,2022,9,99005,172
Avista,2025,3,99173,148
Avista,2023,8,99013,118
PSE,2023,12,98388,149
PSE,2023,9,98039,77
PSE,2024,12,98290,549
PSE,2024,6,98056,2979
PSE,2022,2,98328,43
PSE,2023,1,98295,77
PSE,2023,2,98031,3220
PSE,2023,1,98383,1486
PAC,2024,9,98948,917
PSE,2021,5,98033,1134
Avista,2021,10,99170,45
PSE,2022,3,98136,399
PSE,2021,1,98443,64
PSE,2023,10,98941,146
Avista,2025,1,99157,47
PSE,2022,6,98294,247
Avista,2023,1,99170,44
PSE,2024,11,98007,1992
PSE,2021,7,98332,247
CNG,2023,9,98901,324
PSE,2022,7,98052,3512
PSE,2021,8,98408,923
PSE,2023,12,98012,1333
PSE,2021,6,98338,724
PSE,2024,8,98252,218
Avista,2021,9,99185,60
CNG,2023,9,98232,7
Avista,2024,8,99207,1459
Avista,2022,1,99176,6
PSE,2022,12,98031,2711
Avista,2024,3,99128,9
PSE,2022,4,98052,3431
PSE,2021,11,98126,663
CNG,2025,4,98220,10
PSE,2021,6,98240,207
NWN,2022,12,98666,0
PSE,2024,4,98105,816
PSE,2022,2,98444,642
Avista,2023,2,99171,35
PSE,2024,7,98237,463
Avista,2022,5,99228,0
PSE,2021,11,98027,1473
Avista,2021,7,99158,14
PSE,2022,9,98444,795
NWN,2024,4,98612,0
NWN,2022,9,98684,699
CNG,2024,9,98292,188
Avista,2022,5,99181,148
NWN,2024,9,98612,0
PSE,2025,4,98023,4299
PSE,2022,3,98359,286
CNG,2023,5,98312,678
NWN,2025,2,98606,69
PSE,2023,11,98388,143
PSE,2023,2,98597,1506
NWN,2022,7,98674,0
CNG,2024,10,98247,106
CNG,2023,6,98901,382
NWN,2023,5,98674,0
PSE,2023,4,98065,765
CNG,2025,1,99352,394
PAC,2024,5,98937,409
Avista,2022,6,99151,14
NWN,2023,9,98307,0
PSE,2021,1,98260,240
PSE,2024,3,98166,818
PSE,2024,7,98392,279
Avista,2024,6,99001,229
Avista,2023,2,99013,129
CNG,2024,6,99301,1929
CNG,2022,12,98524,4
Avista,2023,11,99326,21
PSE,2022,11,98221,726
Avista,2025,6,99159,51
Avista,2023,8,99009,76
PSE,2023,6,98232,1231
PSE,2021,10,98225,3864
PSE,2024,8,98337,816
CNG,2025,2,99362,816
Avista,2022,11,99107,0
Avista,2023,8,99371,17
Avista,2021,4,99179,24
Avista,2024,9,99176,7
NWN,2024,5,98127,0
Avista,2025,4,99104,1
NWN,2024,9,98601,0
CNG,2022,8,98563,43
PSE,2021,8,98513,1757
PSE,2022,4,98166,812
CNG,2024,1,98837,59
PSE,2025,1,98284,1833
NWN,2023,10,98617,0
CNG,2023,1,98232,3
Avista,2025,8,99223,1435
PAC,2024,3,99361,146
Avista,2024,7,99031,16
PSE,2021,7,98402,59
PSE,2021,3,98558,6
PSE,2023,12,98499,730
PSE,2024,4,98223,81
PSE,2023,7,98284,1858
CNG,2025,5,98223,456
NWN,2022,3,97031,0
PSE,2024,1,98047,572
Avista,2025,1,99151,10
PSE,2021,9,98204,539
PSE,2025,6,98058,2839
PSE,2024,8,98239,615
CNG,2023,11,98802,18
PSE,2022,5,98405,1049
PSE,2021,8,98576,400
PSE,2023,12,98274,1210
Avista,2022,5,99008,18
PSE,2024,11,98226,3132
CNG,2022,12,98930,220
Avista,2022,5,99001,245
Avista,2025,3,99344,511
CNG,2022,11,98625,18
PSE,2024,11,98040,894
NWN,2023,5,98606,55
CNG,2024,6,98244,3
PSE,2025,6,98253,80
CNG,2023,10,98264,546
PSE,2024,6,98026,777
PSE,2021,10,98388,145
PSE,2022,2,98116,514
PSE,2022,10,98030,3237
CNG,2023,4,98932,65
CNG,2023,3,98951,84
PSE,2024,6,98110,1366
NWN,2024,5,98307,0
NWN,2023,1,98617,0
PAC,2024,3,99348,45
PSE,2022,7,98390,928
NWN,2023,7,98672,123
Avista,2024,1,99167,29
CNG,2024,5,98244,2
CNG,2023,8,98674,34
PSE,2025,3,98597,2618
PSE,2024,10,98439,485
CNG,2023,12,98225,680
PSE,2021,2,98424,231
PSE,2025,1,98235,22
CNG,2025,3,98801,95
PSE,2025,6,98045,749
Avista,2025,2,99125,18
PSE,2021,10,98008,802
PSE,2022,10,98103,1141
PSE,2021,4,98390,719
PSE,2022,10,98010,466
Avista,2023,1,99033,24
Avista,2023,10,99005,171
PSE,2024,4,98597,2547
CNG,2022,5,98541,32
PSE,2023,1,98027,1544
Avista,2022,2,99403,796
PSE,2022,4,98106,581
PSE,2022,2,98104,57
Avista,2023,2,99004,183
CNG,2025,5,98292,204
PSE,2023,11,98059,1992
PSE,2024,11,98941,69
CNG,2022,11,98528,9
PSE,2022,8,98107,568
PSE,2021,3,98408,858
PSE,2024,1,98506,1433
PSE,2024,9,98403,257
PSE,2023,12,98233,1049
Avista,2023,9,99107,0
PSE,2021,8,98003,3958
CNG,2024,3,98932,54
Avista,2023,1,99148,148
PSE,2024,10,98922,725
Avista,2023,3,98620,92
CNG,2023,5,98284,350
PSE,2022,2,98360,715
PSE,2023,12,98108,1084
PSE,2021,5,98198,2638
PSE,2023,3,98020,319
Avista,2022,6,99179,15
NWN,2023,8,98686,437
PSE,2021,6,98004,1776
PSE,2023,7,98345,36
CNG,2024,7,98930,239
PSE,2022,5,98010,500
PSE,2023,9,98409,734
NWN,2022,1,98864,0
PSE,2023,6,98373,2125
PSE,2023,8,98072,893
PSE,2025,1,98047,551
PSE,2024,8,98027,1372
PSE,2023,11,98264,1427
CNG,2022,6,98611,20
Avista,2023,7,99202,1157
NWN,2023,3,98684,1089
PSE,2021,10,98941,166
PAC,2022,7,98952,85
Avista,2023,1,99134,20
PSE,2023,10,98092,4382
Avista,2023,3,99103,27
Avista,2023,8,99206,1440
PSE,2024,8,98597,2205
NWN,2024,9,98119,0
Avista,2023,2,99208,2429
PSE,2023,11,98034,2817
Avista,2021,11,99212,1182
PSE,2022,10,98115,965
PSE,2022,4,98238,3
PSE,2025,4,98101,42
PSE,2024,7,98021,641
Avista,2024,3,99101,72
PSE,2022,4,98284,1581
Avista,2021,10,99185,58
PAC,2024,1,98903,1544
Avista,2024,1,99019,273
Avista,2024,1,99126,45
PSE,2022,11,98340,101
PSE,2025,6,98199,475
NWN,2022,6,98664,670
CNG,2024,6,98229,402
Avista,2021,1,99402,68
PSE,2023,6,98383,276
Avista,2021,6,99109,187
PSE,2024,9,98321,983
PSE,2022,8,98443,49
PSE,2024,5,98374,3132
CNG,2023,4,98528,8
PSE,2023,9,98328,58
PSE,2024,6,98328,40
PSE,2022,5,98087,846
PSE,2023,1,98506,1371
PSE,2022,12,98051,231
PSE,2022,3,98031,2940
Avista,2021,4,99039,8
NWN,2022,2,98684,1048
PSE,2023,3,98110,1507
PSE,2024,11,98257,439
PSE,2021,12,98028,760
PSE,2022,11,98070,620
CNG,2022,2,98541,23
CNG,2023,11,98226,511
PSE,2022,8,98226,3161
PSE,2023,5,98122,1367
PSE,2022,11,98439,516
CNG,2024,2,98284,320
Avista,2021,10,99009,70
Avista,2021,11,99179,20
PSE,2021,11,98292,38
PSE,2023,8,98225,4478
PSE,2023,10,98075,857
Avista,2022,11,99130,36
NWN,2022,2,98307,0
CNG,2022,8,98226,429
Avista,2024,12,99176,4
Avista,2023,12,99216,1336
PSE,2022,11,98020,315
PSE,2021,5,98038,1683
Avista,2021,1,99341,55
CNG,2023,10,98848,1
PSE,2023,1,98188,2100
PSE,2023,5,98101,40
Avista,2022,9,99012,38
CNG,2023,10,98632,108
CNG,2023,3,98528,13
CNG,2024,4,98221,487
CNG,2024,2,98520,143
NWN,2024,3,97388,0
PAC,2025,6,98952,65
PSE,2022,7,98033,1599
PSE,2024,3,98075,713
PSE,2023,10,98052,4222
Avista,2022,2,99138,136
PSE,2024,12,98276,129
PSE,2023,6,98002,3937
Avista,2021,3,99169,87
PSE,2021,6,98235,18
PAC,2024,3,99362,2465
PSE,2025,2,98375,1616
PSE,2025,4,98248,2082
PSE,2022,12,98021,565
PSE,2023,2,98409,745
Avista,2023,6,99185,47
PSE,2024,1,98220,45
PSE,2024,9,98467,282
Avista,2024,1,99203,479
CNG,2022,12,98942,127
NWN,2024,9,97031,0
PSE,2022,7,98166,859
PSE,2023,6,98224,78
NWN,2022,9,98639,32
Avista,2022,9,99128,14
Avista,2024,10,99021,211
Avista,2022,10,99158,13
PAC,2022,3,98904,1
Avista,2021,8,99018,7
PSE,2021,9,98012,1272
CNG,2022,7,98626,79
Avista,2025,6,99157,53
PSE,2023,1,98014,234
PSE,2025,1,98433,1
CNG,2024,9,98383,220
Avista,2021,5,99001,258
CNG,2024,7,98233,481
NWN,2024,4,98617,0
Avista,2022,5,99205,2299
PSE,2022,12,98002,4629
PAC,2025,6,99324,616
CNG,2025,5,98942,187
PSE,2023,9,98177,532
PSE,2021,6,98418,475
CNG,2024,5,98908,596
PAC,2024,9,98902,4145
PSE,2022,10,98407,657
Avista,2021,9,99025,99
PSE,2021,11,98323,30
PSE,2025,3,98047,596
PSE,2025,2,98233,1072
PSE,2022,9,98117,812
CNG,2023,5,98223,419
NWN,2025,6,97301,0
PSE,2024,6,98068,71
PSE,2021,7,98266,388
PSE,2023,7,98387,2002
PSE,2023,2,98328,25
Avista,2021,7,99148,155
NWN,2022,9,98607,689
CNG,2025,5,98230,426
Avista,2022,8,99202,961
PSE,2025,3,98390,1081
Avista,2025,7,99020,4
PSE,2023,1,98387,1996
PSE,2025,3,98506,1489
PSE,2021,2,98055,1861
Avista,2024,9,99131,3
CNG,2023,1,99323,13
Avista,2021,12,99205,2299
CNG,2022,2,99362,685
PSE,2024,5,98385,30
PSE,2025,3,98532,179
PSE,2021,4,98323,53
Avista,2024,10,99020,1
Avista,2023,5,99202,1207
PSE,2022,9,98579,763
PSE,2024,3,98257,420
PSE,2021,11,98036,752
CNG,2023,8,98225,586
PAC,2024,2,98936,205
PSE,2022,5,98238,1
Avista,2022,5,99114,529
PSE,2022,3,98042,2942
PSE,2022,12,98010,490
Avista,2023,1,99128,11
PSE,2022,12,98058,2651
PSE,2022,7,98233,870
Avista,2022,7,99169,82
PSE,2024,9,98253,80
PSE,2021,9,98007,1415
PSE,2025,6,98366,156
PSE,2022,3,98354,182
Avista,2022,2,99218,569
CNG,2025,5,98936,140
PSE,2024,10,98466,543
PSE,2024,4,98404,1043
Avista,2025,5,98648,28
CNG,2023,11,98345,4
PSE,2025,5,98558,24
PSE,2023,4,98372,1720
Avista,2024,10,99014,2
PSE,2025,2,98226,3146
CNG,2024,2,98944,295
PSE,2021,8,98275,339
PSE,2024,5,98029,1507
NWN,2023,8,98127,0
PSE,2024,5,98224,37
CNG,2024,10,98626,36
PSE,2022,8,98057,1684
CNG,2022,7,98264,582
Avista,2022,2,98857,2
PSE,2021,7,98579,716
PSE,2022,7,98008,801
NWN,2022,8,98635,1
NWN,2023,3,98671,647
PSE,2025,2,98042,3399
CNG,2024,8,98257,46
PSE,2025,4,98940,102
Avista,2022,10,99146,1
PSE,2022,8,98276,85
PSE,2021,2,98934,110
PSE,2022,8,98148,660
PSE,2023,9,98220,39
PSE,2021,12,98058,2163
PSE,2025,2,98110,625
Avista,2024,11,99039,3
PSE,2025,6,98249,259
PSE,2021,10,98925,119
Avista,2024,8,99158,15
PSE,2022,3,98233,916
PSE,2024,5,98260,310
Avista,2024,12,99004,182
Avista,2021,10,99008,22
PSE,2024,9,98258,1804
NWN,2024,4,98664,663
PSE,2022,5,98321,919
PSE,2023,12,98020,350
PSE,2022,6,98296,393
PSE,2024,2,98003,5368
PSE,2022,6,98028,875
PAC,2022,1,98951,872
PSE,2022,2,98402,55
NWN,2023,11,98127,0
PSE,2023,2,98422,489
PSE,2022,9,98403,298
Avista,2023,4,99110,27
NWN,2025,3,98668,0
NWN,2022,12,98639,31
Avista,2025,1,99217,899
Avista,2022,3,99004,139
PSE,2023,8,98262,113
Avista,2024,1,99402,54
PSE,2022,6,98346,536
PSE,2025,2,98006,1340
PSE,2023,8,98281,392
PSE,2022,1,98006,1220
PSE,2022,7,98004,2337
PSE,2024,3,98235,24
CNG,2023,2,99350,70
Avista,2025,3,99101,89
CNG,2024,11,98229,398
NWN,2025,5,97031,0
PSE,2021,1,98240,223
Avista,2021,8,99009,73
PSE,2024,8,98266,381
PSE,2024,6,98251,64
CNG,2023,10,98229,387
PSE,2024,12,98198,3564
PSE,2022,5,98034,2554
PAC,2024,7,99363,21
Avista,2025,8,99163,1691
Avista,2021,6,99151,9
Avista,2023,11,99026,67
CNG,2024,5,98948,224
Avista,2021,11,99034,7
CNG,2022,2,98310,584
PSE,2021,8,98012,1218
PSE,2023,8,98029,1485
PSE,2023,8,98445,1030
PSE,2022,7,98943,71
PSE,2021,9,98033,1354
Avista,2024,11,99371,13
CNG,2025,3,98312,641
PSE,2024,4,98262,126
PSE,2024,12,98238,6
NWN,2025,5,98662,1194
Avista,2023,5,99137,38
PSE,2023,3,98360,761
PSE,2025,1,98087,787
CNG,2025,4,98295,54
PAC,2024,2,98953,274
Avista,2022,7,99223,1627
PSE,2023,3,98004,2261
PSE,2021,3,98498,1457
NWN,2023,6,98682,2299
PSE,2025,5,98103,1193
Avista,2021,7,99129,84
PSE,2023,4,98042,3565
PSE,2023,2,98024,264
CNG,2024,12,99350,49
NWN,2022,9,98762,0
Avista,2023,12,99218,637
Avista,2025,1,99107,0
PSE,2025,2,98328,38
PSE,2023,3,98237,499
Avista,2021,9,99018,9
CNG,2024,12,98366,658
Avista,2022,6,99171,34
Avista,2024,4,99344,555
Avista,2024,5,99012,38
PSE,2022,3,98338,833
CNG,2023,8,98383,229
PSE,2025,5,98004,2551
CNG,2025,5,98383,258
PSE,2023,5,98346,35
Avista,2025,2,99126,60
Avista,2021,8,99224,796
PSE,2021,8,98332,245
PSE,2023,5,98335,291
PSE,2021,7,98502,3224
PSE,2023,5,98327,53
Avista,2025,3,99019,327
Avista,2024,2,99130,51
PSE,2023,5,98247,318
PSE,2021,5,98281,531
Avista,2025,7,99005,139
PSE,2022,1,98233,814
PSE,2022,9,98433,362
PSE,2021,7,98026,684
PAC,2024,9,98936,366
NWN,2025,3,98601,0
CNG,2025,3,98901,351
PSE,2021,5,98051,198
PSE,2022,6,98249,237
PSE,2024,9,98332,284
Avista,2022,12,99146,2
PSE,2023,6,98506,1418
Avista,2023,4,99179,17
Avista,2022,10,99201,1338
PSE,2022,11,98467,252
Avista,2022,7,99006,310
Avista,2022,5,99173,128
Avista,2023,1,99204,563
CNG,2024,12,98901,316
PSE,2022,6,98295,80
Avista,2021,4,99003,94
PSE,2025,5,98198,3897
Avista,2023,10,99111,95
NWN,2022,2,98639,48
Avista,2024,10,98648,22
CNG,2025,1,98801,86
PSE,2021,9,98121,118
PSE,2025,2,98596,23
PSE,2022,11,98252,283
CNG,2022,7,98225,807
PSE,2024,6,98568,4
PSE,2023,11,98512,2183
PSE,2023,9,98208,1216
PSE,2023,12,98051,250
CNG,2024,11,98274,312
CNG,2025,2,98311,529
Avista,2023,5,99111,113
PSE,2024,1,98388,138
NWN,2024,9,97388,0
PSE,2022,3,98244,283
PSE,2022,7,98516,1856
Avista,2025,4,99335,0
PSE,2024,9,98512,2194
NWN,2022,10,98119,0
PSE,2023,2,98503,3822
PSE,2021,3,98051,180
PSE,2022,2,98273,2072
PSE,2024,4,98591,17
PSE,2021,12,98050,20
PSE,2021,5,98406,729
PSE,2024,6,98380,290
PSE,2024,1,98372,2137
Avista,2025,2,98648,23
Avista,2022,10,99223,1395
CNG,2023,11,98244,1
CNG,2025,1,99344,158
Avista,2022,1,99185,47
PSE,2021,8,98072,632
PSE,2024,8,98121,148
Avista,2022,8,99026,63
Avista,2024,4,99009,100
PAC,2022,7,98923,114
Avista,2024,12,99173,124
PSE,2021,1,98946,44
PSE,2024,6,98043,465
Avista,2024,10,99107,0
PSE,2025,6,98027,1572
PAC,2025,6,99360,99
CNG,2024,11,98584,175
NWN,2022,12,98628,19
PSE,2024,7,98283,38
NWN,2022,6,97031,0
CNG,2022,3,99344,119
PSE,2023,9,98122,1363
CNG,2024,8,99338,97
CNG,2023,4,99323,16
Avista,2023,4,99201,1344
PSE,2024,1,98110,1435
CNG,2023,3,98802,20
PSE,2022,1,98109,463
NWN,2022,6,98307,0
Avista,2025,2,99032,23
Avista,2022,10,99218,619
NWN,2024,2,98127,0
PSE,2021,5,98403,262
PAC,2024,1,99350,4
CNG,2022,4,98953,65
PSE,2023,9,98244,304
Avista,2024,5,99001,224
Avista,2022,2,99158,18
Avista,2024,10,99146,1
PSE,2023,8,98144,1181
PSE,2024,9,98007,1904
Avista,2025,4,99029,34
PSE,2021,9,98074,948
NWN,2022,10,98601,0
PSE,2021,8,98424,242
PSE,2023,2,98262,56
PSE,2021,8,98276,90
PSE,2023,5,98040,920
PSE,2023,11,98051,221
Avista,2022,12,99019,441
PSE,2021,6,98232,151
PSE,2025,5,98267,38
PSE,2025,2,98405,1002
Avista,2024,12,99023,12
Avista,2024,4,99160,10
Avista,2023,6,98857,0
PSE,2022,3,98366,2710
NWN,2024,11,98661,597
CNG,2023,9,98550,139
PSE,2024,4,98045,787
PSE,2023,9,98290,488
CNG,2023,12,98953,85
Avista,2024,12,99344,393
PSE,2022,3,98444,755
Avista,2023,7,99025,91
PSE,2023,9,98012,1415
PSE,2024,7,98039,57
PSE,2022,6,98558,1
PSE,2023,10,98014,548
CNG,2023,4,98264,603
PSE,2022,8,98292,50
PSE,2024,5,98367,1893
PSE,2021,4,98311,1400
Avista,2021,8,99169,94
Avista,2021,11,99131,7
Avista,2024,6,99004,166
PSE,2022,1,98122,1293
PSE,2024,10,98225,2941
PSE,2023,6,98267,495
PSE,2023,5,98106,719
CNG,2022,7,98284,335
Avista,2021,11,99159,36
CNG,2022,1,98244,1
CNG,2024,5,98221,447
PSE,2021,11,98038,1753
Avista,2021,2,99018,14
PSE,2021,2,98501,3641
PAC,2024,7,99347,143
Avista,2021,1,99218,676
PSE,2023,10,98391,3111
PSE,2021,2,98059,1744
Avista,2025,6,99034,9
PSE,2023,9,98155,650
PSE,2024,7,98310,2247
CNG,2024,1,98901,273
PSE,2023,12,98146,684
PSE,2025,3,98270,2318
PSE,2024,12,98168,1095
PSE,2023,7,98244,312
CNG,2023,5,98953,82
CNG,2024,1,98273,351
PSE,2025,2,98019,365
PSE,2021,2,98407,679
NWN,2022,11,98642,530
PSE,2023,8,98264,1338
CNG,2025,3,98232,11
PSE,2021,6,98445,972
Avista,2023,4,99114,595
PSE,2024,3,98136,396
PSE,2021,8,98117,725
Avista,2021,4,99110,31
PSE,2023,4,98053,656
PSE,2024,6,98371,1715
Avista,2024,3,99026,83
Avista,2025,8,99111,132
PSE,2024,3,98074,956
Avista,2022,2,99174,2
NWN,2025,2,98642,357
PSE,2024,9,98281,181
PSE,2023,6,98943,84
Avista,2021,4,99103,18
CNG,2023,4,98232,8
PAC,2025,4,98951,1290
Avista,2022,3,99128,15
Avista,2022,1,99102,35
Avista,2021,6,99402,52
PSE,2024,12,98558,23
PSE,2022,3,98068,92
Avista,2023,9,99173,143
PSE,2021,5,98074,983
PSE,2023,8,98294,358
Avista,2023,10,99021,270
Avista,2025,5,99403,674
CNG,2022,6,98520,161
PSE,2023,1,98310,2252
PSE,2023,3,98109,486
Avista,2024,11,99101,71
Avista,2022,9,99137,28
PAC,2024,4,99328,405
PSE,2024,8,98340,229
PSE,2024,10,98236,356
PSE,2024,6,98405,1003
Avista,2021,11,99025,83
PSE,2025,4,98249,309
Avista,2022,4,99012,54
Avista,2024,2,99003,96
PSE,2024,10,98248,1928
Avista,2022,7,99170,56
PAC,2022,3,99301,1
CNG,2025,6,98801,80
NWN,2025,6,98685,657
Avista,2023,1,99171,26
CNG,2025,3,99354,205
PSE,2021,11,98026,711
PSE,2022,5,98225,2608
CNG,2022,8,98557,12
PSE,2024,7,98029,1498
PSE,2021,6,98252,222
PSE,2022,1,98267,23
NWN,2022,11,98639,23
PSE,2022,11,98021,572
PAC,2024,10,98935,163
PSE,2022,6,98934,108
PSE,2023,12,98238,6
PSE,2023,10,98057,1846
Avista,2025,8,99149,12
PSE,2024,8,98513,2314
CNG,2022,9,98524,6
NWN,2023,8,98119,0
Avista,2021,2,99169,95
PSE,2023,8,98208,1174
PSE,2021,8,98380,219
PSE,2024,3,98513,2630
CNG,2022,11,98292,192
PSE,2025,1,98375,1588
PSE,2024,11,98516,2284
CNG,2022,1,98930,200
Avista,2024,1,99158,21
PSE,2024,6,98055,2390
CNG,2022,12,98848,9
PSE,2024,10,98329,1
PSE,2021,12,98122,1236
PSE,2022,4,98026,779
PSE,2024,11,98332,296
PSE,2024,5,98274,1116
Avista,2025,1,99228,0
Avista,2024,1,99134,32
PSE,2021,5,98239,373
PSE,2021,3,98045,649
PSE,2022,4,98403,282
PSE,2025,2,98366,2966
PSE,2022,2,98065,786
PSE,2022,9,98292,47
Avista,2025,8,99173,125
PSE,2025,2,98068,67
PSE,2025,2,98125,591
Avista,2025,6,99161,68
PAC,2022,9,99329,24
PSE,2022,7,98223,63
PSE,2021,12,98252,246
PSE,2022,9,98934,110
Avista,2022,12,99126,46
CNG,2023,9,98277,334
CNG,2023,12,98903,174
PSE,2024,11,98014,224
PSE,2025,5,98106,745
PSE,2023,5,98204,904
PSE,2022,6,98337,861
PSE,2021,9,98503,2134
Avista,2022,3,99102,39
PSE,2024,1,98024,259
CNG,2022,4,98632,89
Avista,2022,3,99012,49
Avista,2025,9,99131,5
PSE,2022,1,98053,550
PSE,2023,5,98922,749
PSE,2024,2,98208,1183
PSE,2023,7,98204,712
PSE,2025,2,98223,88
PSE,2023,2,98121,163
Avista,2022,6,99029,29
Avista,2021,5,99036,2
PSE,2022,6,98941,78
PSE,2023,11,98276,108
CNG,2024,12,98520,136
NWN,2025,3,98208,0
Avista,2025,3,99012,42
PSE,2025,1,98371,1530
PSE,2025,1,98109,448
Avista,2024,3,99164,0
PSE,2023,3,98446,433
PSE,2021,4,98158,1
PSE,2025,4,98075,736
Avista,2023,8,99137,35
CNG,2022,5,98240,15
Avista,2022,1,99039,6
PSE,2023,8,98353,203
PSE,2022,1,98271,544
NWN,2022,3,98628,32
PSE,2024,4,98244,271
CNG,2025,2,98908,562
PSE,2025,2,98235,21
PSE,2021,11,98072,873
PSE,2023,6,98370,1696
Avista,2025,1,99032,18
Avista,2021,7,99161,61
CNG,2023,7,99336,406
PSE,2022,6,98144,1163
PSE,2022,6,98007,1740
Avista,2022,5,99208,2653
PSE,2021,4,98267,33
PSE,2022,3,98077,221
PSE,2024,10,98372,2011
PSE,2024,3,98040,865
CNG,2025,3,98674,101
PSE,2023,7,98332,295
CNG,2023,11,98295,43
CNG,2024,2,98244,2
PSE,2024,1,98168,1024
PSE,2021,9,98133,814
PSE,2022,4,98003,4671
Avista,2023,8,99110,37
PSE,2024,5,98589,585
PSE,2022,8,98266,436
PSE,2024,11,98033,1669
PSE,2024,8,98332,285
PSE,2024,4,98340,236
PSE,2022,4,98275,364
Avista,2023,3,99126,45
PAC,2022,9,98947,314
NWN,2024,5,98668,0
PSE,2023,8,98224,41
PSE,2022,12,98260,307
NWN,2023,5,98626,0
CNG,2025,5,99362,905
PSE,2021,5,98057,1449
PSE,2023,5,98232,1296
CNG,2024,8,98271,107
PSE,2022,9,98391,2888
PSE,2022,6,98466,263
CNG,2022,1,98366,353
PSE,2023,3,98059,2014
PSE,2023,3,98230,1225
PSE,2022,6,98444,894
Avista,2021,7,99203,634
PSE,2022,2,98596,18
PSE,2021,10,98105,920
NWN,2023,12,98612,0
Avista,2021,9,99034,8
NWN,2022,8,98686,480
PSE,2022,3,98118,1556
PSE,2021,6,98204,570
PSE,2021,3,98166,645
PSE,2021,11,98021,563
PSE,2025,3,98338,974
CNG,2023,12,98848,1
Avista,2022,10,99151,15
CNG,2025,5,98310,592
PSE,2024,7,98272,753
PSE,2021,8,98033,1348
PSE,2022,2,98284,1680
NWN,2025,5,98762,0
CNG,2022,2,98244,1
PSE,2025,6,98512,2319
NWN,2023,4,98610,71
Avista,2023,1,99341,38
PSE,2023,2,98596,24
Avista,2022,2,99205,2564
CNG,2025,4,98345,3
Avista,2025,7,99003,96
PSE,2021,3,98925,55
Avista,2024,10,99208,2286
PSE,2021,2,98026,679
Avista,2022,7,99103,23
PSE,2025,6,98031,3113
CNG,2024,12,98276,32
NWN,2025,3,98648,0
Avista,2025,3,99160,8
Avista,2023,2,99109,178
Avista,2025,1,99113,9
PSE,2025,6,98312,3108
PSE,2022,1,98033,1454
PSE,2022,3,98530,62
Avista,2022,6,99102,48
PAC,2025,2,98952,88
Avista,2023,12,99016,916
PSE,2025,4,98943,87
PSE,2021,12,98014,190
PSE,2024,5,98359,289
PSE,2022,1,98422,475
PSE,2022,6,98380,246
NWN,2024,2,98601,0
CNG,2024,1,98557,8
PSE,2021,6,98311,1577
CNG,2024,11,98944,267
PSE,2024,8,98238,5
PSE,2022,3,98327,510
PSE,2024,1,98404,1009
PSE,2022,10,98224,35
Avista,2021,9,99403,867
Avista,2024,12,99006,263
Avista,2022,1,99161,62
NWN,2023,7,97031,0
Avista,2023,7,99217,936
Avista,2024,4,99167,46
PSE,2022,8,98240,226
PSE,2024,4,98052,3903
PSE,2024,1,98014,510
PSE,2021,4,98030,2667
PSE,2023,11,98101,40
NWN,2023,6,98660,370
PSE,2025,5,98038,1941
NWN,2024,7,98026,0
PSE,2024,12,98112,763
PSE,2022,11,98430,1
Avista,2025,1,99173,135
PAC,2022,6,99328,402
PSE,2022,4,98005,945
Avista,2023,7,99174,9
PAC,2024,2,98951,709
PSE,2025,3,98119,529
NWN,2024,8,98642,670
PSE,2022,10,98087,833
CNG,2024,8,98277,296
PSE,2024,2,98418,540
PSE,2022,9,98125,593
Avista,2021,4,99134,28
PSE,2024,7,98444,792
PSE,2024,8,98003,4207
Avista,2023,4,99148,165
Avista,2025,6,99117,14
Avista,2022,10,99125,21
CNG,2024,8,98225,633
PSE,2023,8,98311,1943
CNG,2024,1,98563,33
PSE,2023,11,98125,612
PSE,2022,11,98031,2958
PSE,2023,1,98226,3218
PSE,2024,1,98001,2136
Avista,2021,9,99110,41
PSE,2024,1,98466,574
Avista,2024,2,99004,150
PSE,2025,2,98422,491
PAC,2022,4,98953,687
NWN,2022,8,98666,0
Avista,2022,12,99141,267
PSE,2022,2,98221,1077
PSE,2022,1,98258,1866
Avista,2024,4,99157,41
NWN,2024,3,98607,1061
PAC,2024,11,98904,1
PSE,2025,6,98263,25
PSE,2022,9,98029,1572
PSE,2025,1,98266,455
PSE,2021,6,98239,399
CNG,2025,5,98837,81
CNG,2025,4,99337,183
Avista,2024,6,99173,137
PSE,2024,9,98039,64
Avista,2024,2,99260,0
Avista,2021,11,99040,88
PSE,2023,2,98028,1015
Avista,2023,4,99216,1405
NWN,2024,1,98639,35
Avista,2021,6,99169,75
PSE,2025,6,98342,1
Avista,2025,9,99163,1672
NWN,2024,12,98607,543
Avista,2022,7,99023,10
Avista,2023,3,99117,21
CNG,2024,2,99354,182
PSE,2021,3,98047,401
PSE,2024,5,98370,1900
NWN,2023,11,98666,0
PSE,2024,11,98288,35
PSE,2024,12,98323,65
Avista,2023,11,99020,2
PSE,2021,2,98220,33
PSE,2025,5,98053,650
PSE,2024,10,98052,4425
Avista,2024,2,99005,157
CNG,2022,3,98930,214
CNG,2024,8,98524,4
CNG,2022,7,98345,10
PSE,2023,1,98941,73
PSE,2024,11,98392,285
PSE,2024,9,98926,404
NWN,2022,4,98664,676
Avista,2021,6,99130,43
CNG,2025,4,98802,29
PSE,2022,10,98512,2083
NWN,2024,9,98629,147
CNG,2022,5,99352,308
Avista,2024,6,99371,15
Avista,2022,8,99179,18
PAC,2022,3,98933,86
PSE,2024,8,98240,214
Avista,2021,12,99036,5
CNG,2025,3,98233,498
PSE,2024,3,98345,33
CNG,2025,1,98345,4
CNG,2022,9,98611,10
NWN,2025,2,98307,0
CNG,2024,6,99336,393
Avista,2022,8,99008,12
PSE,2023,1,98391,2943
PSE,2021,8,98406,920
PSE,2025,2,98273,2321
NWN,2024,2,98661,691
Avista,2021,2,99208,2736
PSE,2024,9,98117,878
PSE,2021,2,98252,239
PSE,2021,5,98266,395
CNG,2022,10,98383,207
CNG,2022,7,98221,514
PSE,2024,3,98503,3668
PSE,2021,3,98390,698
Avista,2024,7,99159,39
CNG,2024,3,98277,354
CNG,2024,4,98948,226
PSE,2021,3,98148,491
PSE,2023,8,98036,845
NWN,2024,1,98208,0
Avista,2021,10,99030,43
NWN,2022,8,98127,0
CNG,2022,4,98366,418
Avista,2025,9,99113,8
PAC,2024,4,99323,263
PAC,2022,7,99324,506
CNG,2023,9,98292,195
Avista,2024,7,99228,0
Avista,2023,7,99138,151
Avista,2023,3,99032,30
CNG,2024,6,98541,35
CNG,2024,11,98264,609
Avista,2022,4,99171,29
PSE,2021,9,98422,453
NWN,2023,4,98620,0
PSE,2022,4,98596,24
PSE,2022,6,98036,773
PSE,2025,4,98252,259
Avista,2023,8,99032,29
PSE,2025,1,98223,73
Avista,2021,9,99031,28
CNG,2024,11,99337,180
CNG,2023,7,98232,6
Avista,2023,8,99160,11
PSE,2023,2,98199,525
Avista,2022,12,99114,476
CNG,2022,12,98626,54
PAC,2022,1,98933,63
PSE,2021,11,98328,27
CNG,2024,12,98632,108
Avista,2024,10,99179,17
Avista,2025,4,99129,103
PSE,2022,4,98050,18
Avista,2025,5,99012,46
CNG,2022,5,99353,48
Avista,2024,12,99027,273
PSE,2022,1,98499,631
PSE,2025,5,98516,2342
Avista,2025,5,99161,68
PSE,2021,9,98239,355
CNG,2022,6,98848,6
Avista,2024,7,99169,65
CNG,2024,9,98233,483
PSE,2021,11,98057,1574
PSE,2021,12,98283,42
Avista,2023,11,99012,41
Avista,2024,12,99174,2
Avista,2022,12,99159,32
PSE,2023,10,98926,408
CNG,2025,1,98264,522
PSE,2021,7,98204,585
PSE,2023,12,98465,141
PSE,2024,3,98288,32
PSE,2022,5,98404,1048
PSE,2022,5,98498,704
CNG,2024,11,98948,173
CNG,2023,11,98557,12
Avista,2024,2,99013,105
PSE,2024,9,98531,523
Avista,2023,5,99403,779
Avista,2023,4,99181,123
PSE,2021,4,98596,17
PSE,2023,9,98263,39
PSE,2023,9,98338,889
PSE,2021,10,98329,4
PSE,2022,3,98946,54
Avista,2025,6,99039,5
PSE,2025,3,98134,22
CNG,2024,8,98264,508
PSE,2023,9,98226,3604
PSE,2024,1,98021,590
NWN,2022,6,98208,0
Avista,2023,10,99022,156
Avista,2022,2,99170,35
PSE,2021,11,98122,1233
NWN,2024,2,98682,2196
PSE,2021,3,98422,339
PSE,2021,4,98406,892
PSE,2022,4,98260,319
NWN,2024,9,98620,0
Avista,2022,9,99181,128
Avista,2024,10,99143,13
CNG,2024,3,98528,17
Avista,2021,9,99006,288
NWN,2022,10,97388,0
PSE,2022,3,98011,1283
PSE,2021,4,98506,1139
PSE,2022,1,98292,48
PAC,2024,12,98921,73
NWN,2023,8,98648,0
PSE,2021,12,98005,809
PSE,2021,11,98037,584
PSE,2022,1,98102,637
PSE,2025,6,98576,524
Avista,2022,5,99129,89
PSE,2021,11,98402,56
PSE,2022,1,98008,816
Avista,2025,6,99137,45
PSE,2025,3,98466,608
PAC,2022,8,99360,44
CNG,2022,3,98282,24
PSE,2024,10,98055,2113
PSE,2023,8,98267,48
NWN,2024,12,98628,18
PSE,2022,5,98106,629
PSE,2023,11,98102,578
Avista,2024,5,99167,47
PSE,2025,6,98105,481
Avista,2024,1,99160,9
Avista,2024,6,99204,653
PAC,2022,4,99362,2463
PAC,2025,4,98908,4385
Avista,2021,10,99122,95
PSE,2025,3,98019,329
NWN,2023,10,98675,0
PSE,2021,9,98075,737
PSE,2025,4,98051,264
Avista,2023,9,99148,161
PSE,2025,4,98925,89
PSE,2021,9,98053,503
PSE,2021,2,98922,650
PSE,2023,1,98332,269
Avista,2022,8,99219,0
PSE,2024,10,98596,25
PSE,2024,4,98101,33
PSE,2024,12,98122,1392
Avista,2022,12,99156,1
PSE,2022,10,98925,71
PSE,2021,5,98375,1069
Avista,2021,8,99005,198
NWN,2024,9,98635,0
PSE,2025,2,98262,55
Avista,2022,3,99022,179
PSE,2021,3,98010,358
CNG,2022,7,98837,89
PSE,2024,5,98101,27
CNG,2022,6,98311,421
Avista,2023,7,99212,1244
Avista,2022,5,98620,86
Avista,2025,2,99018,8
PSE,2021,10,98267,36
Avista,2022,1,99208,2756
Avista,2022,7,99117,20
PSE,2022,1,98367,1562
PSE,2022,7,98251,120
PSE,2021,12,98946,44
CNG,2025,5,99324,190
Avista,2025,5,99141,352
PSE,2025,5,98034,3148
PSE,2023,12,98221,1925
PSE,2024,12,98275,394
CNG,2022,10,98275,1
Avista,2025,3,99179,22
PSE,2023,5,98136,422
PSE,2022,11,98059,1968
CNG,2025,2,98550,147
PSE,2023,6,98446,384
NWN,2023,1,98610,46
PSE,2024,4,98107,529
Avista,2024,1,99030,23
NWN,2022,1,98606,42
NWN,2024,9,98026,0
CNG,2024,7,98257,36
PSE,2024,6,98403,278
PSE,2021,3,98283,27
PSE,2023,6,98396,343
CNG,2025,1,98310,548
PSE,2023,1,98133,885
Avista,2025,8,99159,41
CNG,2022,3,98848,4
PSE,2022,11,98276,83
Avista,2023,10,99212,1254
PSE,2022,3,98443,60
Avista,2025,9,99146,3
CNG,2022,8,98248,481
Avista,2022,3,99161,66
PSE,2025,3,98328,37
NWN,2024,2,98648,0
PSE,2022,6,98329,5
PSE,2025,1,98166,791
PSE,2024,3,98104,31
NWN,2023,7,98119,0
PSE,2023,2,98201,1092
Avista,2021,12,99117,11
Avista,2021,11,99022,219
PSE,2023,2,98239,339
PSE,2023,10,98023,4010
PSE,2021,6,98247,475
CNG,2023,2,98314,1
NWN,2024,2,98026,0
PSE,2023,7,98148,717
PSE,2022,1,98290,502
PSE,2025,5,98240,256
Avista,2021,4,99146,1
Avista,2023,4,99111,106
NWN,2024,3,98612,0
PSE,2022,10,98292,51
PSE,2023,8,98239,653
NWN,2024,12,98617,0
Avista,2023,11,99126,54
Avista,2023,1,99022,153
NWN,2023,11,98664,367
PSE,2021,1,98155,438
PSE,2021,2,98188,1889
PSE,2022,5,98424,261
PSE,2023,2,98119,553
PSE,2022,6,98075,747
PSE,2025,6,98119,482
NWN,2024,9,98642,628
Avista,2023,9,99103,22
CNG,2022,3,98936,65
PSE,2022,6,98110,978
PSE,2022,7,98104,59
PSE,2022,7,98360,693
Avista,2023,8,99181,131
PSE,2024,9,98020,315
Avista,2023,10,99034,4
CNG,2023,7,99350,65
Avista,2021,3,99151,8
PSE,2022,9,98236,336
PSE,2022,7,98275,356
CNG,2023,8,98277,318
Avista,2024,9,99006,252
PSE,2022,1,98272,770
NWN,2022,10,98606,34
PSE,2021,2,98225,1983
PSE,2023,12,98047,587
PSE,2021,6,98502,2138
PSE,2021,1,98236,280
CNG,2023,8,98902,1141
Avista,2025,7,99129,71
PSE,2023,3,98941,203
PSE,2022,8,98531,516
PSE,2024,8,98031,2602
CNG,2022,6,98801,81
PSE,2022,7,98225,2690
Avista,2023,7,99109,199
PSE,2025,3,98031,3290
PSE,2022,3,98323,44
Avista,2022,3,99130,47
NWN,2023,6,98617,0
Avista,2025,1,99160,9
PSE,2021,8,98232,179
PSE,2024,4,98328,71
PSE,2025,4,98467,314
Avista,2024,12,99219,0
Avista,2024,5,99176,4
NWN,2023,4,98683,1151
PSE,2023,6,98323,1026
PSE,2024,12,98311,2146
PSE,2021,3,98345,31
PSE,2022,10,98380,250
PSE,2023,10,98251,138
CNG,2024,7,98936,116
PSE,2021,6,98531,442
PSE,2024,9,98329,3
PSE,2021,6,98288,35
CNG,2023,7,98312,651
PSE,2023,3,98390,1012
PSE,2024,5,98126,752
Avista,2022,12,99011,0
PAC,2022,7,99348,49
CNG,2022,9,98221,472
PSE,2022,7,98946,41
PSE,2023,4,98021,613
PSE,2024,12,98499,698
PSE,2021,7,98444,66
PSE,2024,9,98596,26
Avista,2023,5,99148,166
PSE,2022,8,98011,1300
PSE,2024,10,98047,545
Avista,2021,11,99204,634
PSE,2022,8,98188,2046
PSE,2023,5,98271,2249
PSE,2025,5,98387,151
PSE,2022,2,98421,5
PSE,2022,10,98404,1013
PSE,2024,8,98004,2499
CNG,2025,2,98244,2
PSE,2023,8,98940,195
PSE,2021,7,98501,613
Avista,2021,7,99022,236
PSE,2021,5,98296,329
PSE,2021,9,98430,1
CNG,2022,12,99336,315
PSE,2023,6,98465,108
CNG,2023,7,99324,160
PSE,2021,11,98512,1386
PSE,2023,8,98321,1024
Avista,2021,5,99157,52
NWN,2024,9,98675,0
PSE,2021,6,98249,195
PSE,2024,7,98257,398
Avista,2024,2,99011,0
PSE,2023,5,98038,1912
CNG,2023,4,98948,234
PSE,2024,11,98077,199
CNG,2025,1,98902,1253
PSE,2021,4,98374,1551
Avista,2024,10,99016,750
PSE,2025,1,98354,216
PSE,2025,3,98371,1674
CNG,2024,1,99354,160
CNG,2025,6,98632,104
NWN,2025,1,98686,359
Avista,2021,3,99006,247
PSE,2025,6,98166,69
PSE,2021,2,98201,1019
Avista,2021,5,99223,1540
PSE,2025,5,98446,461
PSE,2022,2,98390,974
Avista,2024,4,99218,666
CNG,2025,1,98292,216
CNG,2023,6,98311,472
PSE,2022,7,98337,1000
PSE,2025,6,98388,169
CNG,2023,4,98229,384
PSE,2023,5,98283,248
PSE,2024,4,98366,3039
PSE,2021,6,98512,1692
PSE,2024,8,98532,171
NWN,2023,2,98635,1
NWN,2025,2,98674,0
Avista,2025,6,99216,1307
PSE,2024,7,98388,155
Avista,2021,3,99009,82
PSE,2023,10,98421,9
PAC,2022,4,98908,3781
PSE,2022,11,98444,487
PSE,2025,5,98262,117
NWN,2024,12,98125,0
CNG,2023,7,98277,303
PSE,2021,2,98503,3270
CNG,2023,3,98848,2
PSE,2022,7,98012,1380
Avista,2021,3,99167,31
PSE,2021,1,98166,662
PSE,2024,12,98284,1832
PSE,2023,10,98003,5210
PSE,2025,6,98501,195
Avista,2022,5,99138,129
Avista,2021,1,99006,314
PSE,2023,10,98034,2847
PSE,2023,7,98503,3813
CNG,2024,10,98232,6
Avista,2021,9,99020,2
PAC,2022,4,99329,28
Avista,2024,12,99402,49
PSE,2025,6,98037,621
NWN,2023,7,98674,0
PSE,2021,10,98198,2905
PAC,2024,1,98937,363
Avista,2024,7,99019,415
PSE,2024,2,98446,400
Avista,2022,4,99205,2300
NWN,2022,9,98307,0
NWN,2023,10,98629,120
PSE,2024,10,98036,751
PSE,2021,11,98329,4
Avista,2022,11,99167,32
Avista,2023,12,99013,118
Avista,2021,5,99205,2578
PSE,2023,12,98502,2865
PSE,2021,6,98345,38
PSE,2023,5,98374,2031
PSE,2022,1,98392,331
PSE,2021,12,98116,513
PSE,2023,12,98353,223
Avista,2025,6,99179,22
PSE,2021,9,98353,4
PSE,2023,5,98360,838
Avista,2024,7,99039,10
PSE,2023,11,98028,968
PSE,2024,2,98922,845
PSE,2024,5,98275,365
Avista,2024,7,99021,186
PSE,2022,1,98001,1745
NWN,2024,8,98672,100
PSE,2024,9,98116,604
PSE,2024,5,98925,86
PSE,2023,11,98310,2276
CNG,2025,3,99323,19
PSE,2022,4,98002,4783
Avista,2021,11,99160,11
PSE,2021,8,98940,161
PAC,2024,10,98947,255
PSE,2024,6,98294,285
Avista,2023,4,99006,272
Avista,2021,5,99170,48
CNG,2025,6,98908,601
Avista,2024,10,99218,516
PSE,2021,4,98014,455
CNG,2022,9,99362,778
PSE,2024,1,98004,2343
CNG,2022,7,98367,224
PSE,2025,1,98396,48
PSE,2021,2,98267,41
Avista,2025,8,99029,52
PAC,2024,8,99348,27
Avista,2024,5,99159,51
PSE,2021,1,98168,856
CNG,2025,5,98278,1
PSE,2024,4,98387,2232
PAC,2022,8,98942,1324
CNG,2025,2,98229,249
PSE,2023,11,98498,1962
PAC,2025,3,98932,581
Avista,2024,10,99160,8
PSE,2022,4,98311,1818
PAC,2022,3,98921,92
PSE,2022,5,98118,1593
Avista,2023,1,99040,56
PSE,2022,12,98943,75
CNG,2025,3,99350,63
Avista,2023,12,99149,16
Avista,2024,6,99008,22
PSE,2024,4,98253,93
CNG,2024,5,98626,75
Avista,2021,3,99224,681
PSE,2022,5,98043,484
NWN,2023,2,97031,0
PAC,2024,8,98948,621
NWN,2022,7,98642,785
PSE,2024,2,98106,610
PSE,2022,12,98503,3483
PSE,2024,11,98403,293
CNG,2022,6,98274,235
CNG,2022,11,98932,42
PSE,2024,11,98252,267
CNG,2024,7,98953,81
PSE,2021,9,98010,350
PSE,2021,4,98512,1577
PSE,2024,1,98335,410
Avista,2024,12,99138,130
PSE,2023,1,98335,391
Avista,2022,12,99157,44
PSE,2022,9,98199,523
PSE,2023,3,98122,1328
PSE,2024,5,98407,640
PSE,2022,8,98038,1739
Avista,2025,6,99204,685
PSE,2025,6,98225,2941
PSE,2021,5,98072,514
PSE,2021,4,98043,319
CNG,2024,10,98220,11
NWN,2024,3,98626,0
PSE,2023,4,98940,90
CNG,2023,5,98233,453
Avista,2021,5,99029,63
PAC,2022,4,99323,252
PSE,2021,11,98252,257
PSE,2023,5,98220,1273
Avista,2021,8,99176,6
PAC,2025,6,98936,558
PSE,2021,9,98024,242
PSE,2023,4,98444,891
Avista,2022,9,99003,95
PSE,2023,7,98922,760
NWN,2024,11,98660,392
Avista,2022,7,99126,72
Avista,2022,8,99009,69
PSE,2025,5,98133,1002
PSE,2023,6,98934,105
NWN,2025,6,98612,0
CNG,2024,11,98277,337
PSE,2025,3,98043,449
Avista,2025,7,99009,76
Avista,2023,3,99122,94
PSE,2021,3,98467,224
Avista,2021,4,99163,1240
Avista,2025,1,99220,0
PSE,2022,7,98407,689
PSE,2021,5,98253,68
Avista,2024,1,99101,68
Avista,2025,8,99003,85
PSE,2024,9,98312,2711
PSE,2025,4,98407,19
NWN,2023,1,98671,416
PAC,2025,4,98923,139
Avista,2023,6,99018,9
PSE,2023,3,98321,1002
NWN,2023,2,98686,504
PSE,2023,4,98403,53
Avista,2021,3,99130,54
CNG,2025,3,98524,3
PSE,2025,4,98115,814
PSE,2023,3,98597,2412
PSE,2022,5,98373,1773
NWN,2025,3,97388,0
Avista,2022,9,99185,56
PSE,2022,8,98940,200
CNG,2023,8,98528,10
PSE,2023,8,98271,497
Avista,2024,2,99148,121
PSE,2021,1,98531,386
PSE,2021,10,98258,1619
CNG,2023,7,98528,12
PSE,2022,1,98591,11
CNG,2022,9,99336,375
PSE,2024,9,98203,855
Avista,2021,4,99157,48
Avista,2023,3,99224,463
PSE,2023,7,98240,234
CNG,2023,12,98948,171
PSE,2024,11,98422,487
PSE,2025,5,98122,1488
PSE,2024,7,98284,1824
PAC,2022,3,98901,2542
PSE,2021,5,98037,542
CNG,2025,5,98244,4
PSE,2025,4,98374,58
PSE,2024,7,98391,3273
Avista,2025,4,99117,23
Avista,2022,11,99260,0
PSE,2023,11,98335,441
Avista,2024,2,99023,9
Avista,2022,10,99161,76
Avista,2024,9,99156,1
NWN,2024,8,98661,646
Avista,2022,3,99033,39
Avista,2024,10,99004,178
Avista,2025,9,99148,140
PSE,2022,11,98024,252
PSE,2024,3,98106,602
PSE,2023,7,98383,1558
Avista,2023,6,99164,0
PSE,2023,1,98390,968
NWN,2024,7,98662,909
PSE,2025,6,98275,375
PSE,2022,8,98102,595
PSE,2022,2,98024,314
PSE,2024,3,98223,64
Avista,2024,9,99146,2
CNG,2022,8,98902,1191
Avista,2023,1,99173,114
PSE,2021,6,98294,312
PSE,2024,10,98943,73
PSE,2023,10,98208,1168
PSE,2023,2,98074,412
Avista,2023,7,98648,25
PSE,2021,12,98408,891
CNG,2023,2,98932,57
PSE,2021,4,98366,2156
PSE,2025,2,98030,3717
PSE,2022,11,98077,184
PSE,2021,1,98498,1567
Avista,2024,8,99216,1013
PSE,2021,10,98028,803
PSE,2025,6,98271,510
CNG,2022,6,98295,43
PSE,2021,10,98031,2716
PSE,2025,6,98295,79
PSE,2024,3,98248,2403
PSE,2021,9,98466,102
Avista,2021,10,99101,93
PSE,2024,2,98926,423
PAC,2025,1,98951,1013
PSE,2024,11,98354,204
PSE,2023,8,98327,543
Avista,2023,11,99167,37
PSE,2023,3,98012,1294
PSE,2021,3,98271,415
PSE,2025,5,98392,5
PSE,2024,3,98277,3223
PSE,2022,7,98236,336
PSE,2022,6,98499,3653
PSE,2021,1,98270,1858
PSE,2021,8,98387,2031
Avista,2023,11,99111,104
PSE,2022,3,98371,1469
PSE,2022,2,98168,1058
CNG,2022,11,99344,139
PSE,2022,11,98294,210
PSE,2025,4,98329,3
PSE,2024,8,98443,58
CNG,2025,3,98284,377
PSE,2023,6,98033,1656
Avista,2024,8,99025,76
PSE,2023,12,98407,699
PSE,2021,7,98115,1290
NWN,2025,2,98762,0
NWN,2023,3,98661,846
NWN,2023,10,98648,0
PSE,2023,11,98337,950
PSE,2022,12,98006,1325
PSE,2023,11,98516,2020
PSE,2025,5,98057,1977
PSE,2023,2,98579,826
PSE,2021,11,98075,289
PSE,2021,10,98338,846
PSE,2021,8,98225,3625
PSE,2022,8,98370,1777
PSE,2022,7,98332,271
Avista,2025,4,99158,23
PSE,2021,4,98342,101
PSE,2022,1,98249,238
Avista,2021,5,99173,137
PSE,2022,5,98367,1559
Avista,2021,9,99122,99
PSE,2023,4,98058,3008
PSE,2022,8,98003,4615
PSE,2023,2,98056,2859
Avista,2025,6,99019,486
CNG,2024,8,98383,229
Avista,2023,12,99006,300
PAC,2022,9,98923,112
PSE,2022,3,98346,639
CNG,2023,4,98632,105
Avista,2025,3,99126,56
Avista,2023,11,99217,913
Avista,2021,8,99034,9
PAC,2024,5,98932,571
Avista,2021,4,99156,1
PSE,2023,10,98934,122
PAC,2022,1,99329,20
PSE,2021,11,98342,46
PSE,2021,9,98946,42
PSE,2025,3,98329,4
PAC,2025,2,98920,1
PSE,2022,11,98943,41
PSE,2025,3,98011,1594
PSE,2024,6,98236,392
PSE,2025,4,98203,909
PAC,2024,10,99323,195
PSE,2021,12,98047,385
PSE,2021,3,98276,50
Avista,2024,12,99129,65
Avista,2021,12,99160,13
PSE,2024,11,98112,769
PSE,2022,6,98155,665
Avista,2023,10,99160,11
PSE,2021,10,98332,262
Avista,2021,8,99181,147
NWN,2022,8,98606,48
PSE,2021,11,98403,293
PSE,2023,2,98310,2317
PSE,2024,11,98051,267
NWN,2025,3,98762,0
CNG,2023,11,98233,420
CNG,2022,5,98282,39
PSE,2025,6,98444,650
PSE,2022,11,98236,327
Avista,2022,4,99160,9
Avista,2023,6,99014,2
PSE,2022,3,98925,63
PSE,2023,3,98203,935
PSE,2025,2,98445,761
PSE,2021,12,98136,390
CNG,2025,5,98229,299
PSE,2021,3,98201,737
CNG,2022,9,98284,316
PSE,2021,6,98424,235
Avista,2022,6,98857,2
Avista,2023,12,99110,32
Avista,2022,12,99016,771
PSE,2022,5,98116,523
PSE,2021,11,98353,1
Avista,2021,7,99151,11
PSE,2022,11,98045,791
PSE,2022,2,98288,38
PSE,2021,6,98056,2245
PSE,2023,1,98503,3735
CNG,2023,7,98625,23
Avista,2022,9,99144,0
PSE,2025,1,98335,379
Avista,2025,6,99026,64
Avista,2022,4,99027,235
PSE,2022,1,98576,467
PAC,2025,4,98935,274
PSE,2021,12,98106,528
PSE,2024,6,98337,961
CNG,2023,7,98240,16
Avista,2023,6,99326,28
PSE,2021,1,98373,1322
PSE,2022,3,98033,1439
PSE,2021,7,98116,426
PSE,2024,2,98225,3052
NWN,2022,2,98648,0
NWN,2022,6,98661,868
Avista,2024,9,99205,1793
Avista,2021,7,99185,64
PSE,2023,2,98405,857
PSE,2021,4,98034,1697
Avista,2023,11,99117,17
Avista,2021,12,99148,123
Avista,2022,11,99030,31
PSE,2022,10,98043,427
NWN,2025,1,98601,0
Avista,2023,2,99203,587
PSE,2021,3,98106,420
PSE,2022,6,98119,501
Avista,2022,10,99203,608
PSE,2022,6,98019,324
PSE,2025,2,98188,2642
PSE,2021,6,98323,59
CNG,2022,3,98550,105
NWN,2024,5,98119,0
PSE,2024,7,98022,2040
CNG,2024,11,98563,37
PSE,2021,6,98385,19
Avista,2022,8,99037,225
PSE,2025,2,98043,468
Avista,2021,11,99020,1
Avista,2025,8,99204,660
CNG,2023,12,98632,84
PSE,2024,4,98040,830
CNG,2023,11,98528,22
CNG,2025,6,98932,61
PSE,2024,5,98512,2343
Avista,2023,5,99019,358
PSE,2023,11,98166,866
PSE,2024,12,98052,4896
NWN,2023,6,98762,0
PSE,2021,11,98295,65
PAC,2024,6,98942,1492
PSE,2021,7,98408,916
Avista,2024,7,99212,993
Avista,2025,4,98620,88
PSE,2023,12,98443,67
PSE,2025,4,98418,24
PSE,2022,2,98337,898
PSE,2021,6,98408,925
CNG,2023,8,98233,505
CNG,2023,1,99352,308
PSE,2022,12,98225,2636
Avista,2025,2,99113,11
CNG,2025,6,98541,30
CNG,2022,2,98311,467
PSE,2024,4,98272,813
PSE,2023,9,98272,850
NWN,2024,7,98762,0
Avista,2025,3,99023,12
Avista,2024,12,99223,1285
PSE,2024,6,98249,306
PSE,2021,2,98247,495
Avista,2024,1,99109,154
PSE,2024,2,98239,481
Avista,2023,5,99160,12
Avista,2022,4,98648,31
NWN,2022,1,98119,0
PSE,2022,5,98418,510
Avista,2021,12,99149,10
PSE,2021,5,98288,33
PSE,2021,9,98366,2488
NWN,2023,4,98617,0
PSE,2021,3,98001,1415
PSE,2022,6,98274,1001
Avista,2023,11,99171,30
PSE,2023,1,98248,1959
PSE,2021,12,98290,534
PSE,2023,2,98374,2730
PSE,2021,1,98310,1938
NWN,2023,10,98660,237
NWN,2025,1,98672,88
NWN,2022,6,98675,0
PAC,2022,6,98933,85
PAC,2022,9,98933,85
PSE,2023,8,98005,1034
Avista,2023,10,99013,116
NWN,2023,6,97388,0
PAC,2024,8,98921,58
PSE,2022,12,98188,1841
CNG,2022,3,98264,397
PSE,2024,2,98074,884
PSE,2022,1,98027,1474
PSE,2025,1,98267,34
PSE,2022,6,98247,512
PSE,2021,8,98148,554
PSE,2021,6,98001,1470
NWN,2022,5,98684,1143
Avista,2025,4,99146,4
CNG,2025,4,98902,1329
PSE,2022,11,98155,634
PSE,2023,1,98118,1578
CNG,2024,4,98284,329
PSE,2022,10,98387,2024
Avista,2023,12,99212,1295
Avista,2022,4,99021,257
CNG,2022,5,98837,77
Avista,2023,6,99025,95
PSE,2025,4,98264,1457
NWN,2025,2,98620,0
PSE,2021,6,98372,1607
Avista,2023,10,99020,1
PSE,2025,5,98008,909
PSE,2023,6,98230,1641
Avista,2021,6,99111,97
PSE,2023,4,98238,497
Avista,2021,6,99201,1120
PSE,2024,6,98321,1047
Avista,2024,11,99157,35
PSE,2024,3,98122,1170
PAC,2025,2,99363,26
PSE,2021,3,98444,651
PSE,2023,12,98248,2523
Avista,2021,1,99217,1068
CNG,2024,11,98311,530
PSE,2021,10,98576,446
Avista,2024,7,99001,171
CNG,2023,7,98541,33
PSE,2023,4,98532,191
Avista,2021,9,99128,8
CNG,2022,2,98951,79
PSE,2024,1,98310,2485
NWN,2024,5,98617,0
PSE,2024,2,98943,76
PSE,2024,9,98122,1350
PSE,2025,4,98373,109
Avista,2022,3,99110,33
CNG,2023,7,98674,83
PSE,2022,11,98328,25
CNG,2024,5,98541,32
PSE,2024,12,98329,2
NWN,2022,12,98682,1678
NWN,2022,12,98668,0
NWN,2024,1,98635,0
PSE,2023,9,98266,501
Avista,2021,12,99217,993
PAC,2025,3,98923,122
PSE,2025,3,98040,842
PSE,2021,11,98125,549
Avista,2021,5,99006,328
CNG,2022,12,99353,45
PSE,2025,5,98042,3373
Avista,2023,2,99402,52
PSE,2023,2,98273,2174
CNG,2023,2,98632,112
PSE,2021,3,98294,266
Avista,2022,10,99014,1
PSE,2024,7,98396,59
PSE,2021,6,98335,329
CNG,2023,12,98221,487
CNG,2023,10,98828,1
Avista,2022,11,99219,0
CNG,2023,1,98901,310
PSE,2022,6,98391,2879
PSE,2023,1,98296,364
PSE,2024,4,98332,291
Avista,2022,6,99205,2338
PSE,2022,7,98238,2
CNG,2023,8,98908,524
Avista,2021,12,99014,5
Avista,2021,6,99034,7
CNG,2023,10,98837,69
CNG,2025,6,98240,17
Avista,2021,3,99216,1127
Avista,2021,11,99030,33
PSE,2022,4,98262,130
PSE,2021,2,98109,381
PSE,2022,2,98037,655
Avista,2022,10,99110,27
PSE,2024,1,98065,639
Avista,2021,2,98857,3
PSE,2024,7,98119,460
Avista,2025,3,99207,2152
PSE,2023,11,98249,287
Avista,2021,3,99005,166
PSE,2022,5,98281,228
NWN,2023,9,98127,0
Avista,2022,3,99179,13
PSE,2022,7,98277,2951
PSE,2024,4,98042,3402
Avista,2021,9,99205,2405
PSE,2021,11,98028,829
PSE,2021,7,98030,2758
PSE,2024,1,98003,5243
PSE,2022,5,98032,4115
PSE,2021,1,98402,40
PAC,2025,1,98901,2164
PSE,2023,3,98126,743
PSE,2023,8,98092,4204
CNG,2023,5,98903,156
Avista,2023,6,99219,0
Avista,2025,5,99402,46
PSE,2024,10,98370,1703
CNG,2024,6,98221,505
Avista,2022,9,99335,0
Avista,2021,3,99032,29
PSE,2024,3,98036,767
PSE,2022,11,98266,448
PSE,2021,9,98925,48
Avista,2021,9,99023,9
PSE,2023,11,98270,2265
Avista,2021,2,99146,1
PSE,2022,1,98026,731
PSE,2021,3,98203,680
PSE,2025,2,98045,804
NWN,2024,9,98127,0
NWN,2022,4,98662,1238
PSE,2022,1,98402,56
Avista,2025,2,99134,26
Avista,2025,8,99179,17
CNG,2022,9,98563,47
Avista,2024,10,99228,0
PSE,2024,11,98498,1870
CNG,2022,6,98563,40
PSE,2022,5,98108,841
CNG,2022,4,99354,174
NWN,2024,2,98642,316
Avista,2022,9,99402,48
PSE,2021,7,98253,76
NWN,2023,6,98628,20
PSE,2023,8,98383,1581
NWN,2024,1,98604,756
PSE,2025,2,98373,1924
Avista,2021,1,99138,155
PSE,2025,1,98503,3483
NWN,2025,6,98208,0
PSE,2021,12,98075,824
PSE,2023,9,98580,433
Avista,2024,2,99169,59
Avista,2024,8,99169,55
PSE,2022,1,98010,479
CNG,2023,8,99337,146
CNG,2022,12,98902,1277
NWN,2025,2,98660,334
PSE,2021,1,98108,905
CNG,2022,3,98312,587
PSE,2024,9,98941,94
CNG,2023,9,98274,285
PSE,2022,12,98596,26
CNG,2022,1,98908,365
NWN,2023,7,98661,789
Avista,2024,8,99344,317
PSE,2025,6,98235,20
CNG,2024,4,98524,5
Avista,2021,8,99040,94
Avista,2024,5,99171,27
PAC,2022,5,98948,990
CNG,2024,12,99353,59
PSE,2023,1,98235,23
CNG,2024,12,98563,32
CNG,2025,3,98273,708
PSE,2024,9,98056,2622
PSE,2023,12,98267,49
Avista,2022,1,99104,0
PSE,2021,10,98466,196
Avista,2023,3,99021,291
PSE,2025,3,98244,315
Avista,2022,3,99204,579
CNG,2024,5,99323,14
CNG,2022,11,98311,437
CNG,2023,6,98226,455
PSE,2023,5,98926,422
Avista,2021,10,99018,6
PSE,2021,4,98934,89
PSE,2024,9,98354,219
Avista,2023,9,99128,12
PSE,2021,7,98021,547
PSE,2024,7,98070,659
NWN,2022,3,98682,2498
PAC,2025,2,98942,1560
PSE,2022,11,98258,962
PSE,2023,5,98053,624
PSE,2024,6,98146,701
PAC,2025,3,99323,273
Avista,2024,2,99335,0
NWN,2025,6,98642,750
PSE,2025,5,98327,548
PSE,2024,1,98038,1866
Avista,2023,11,99185,68
PSE,2024,2,98248,2368
Avista,2023,7,98620,89
CNG,2025,2,99353,49
PSE,2023,4,98335,295
NWN,2024,2,98686,405
Avista,2022,3,98648,28
PSE,2021,12,98002,2327
CNG,2023,5,99324,166
Avista,2024,10,99040,61
PSE,2023,6,98406,1063
PSE,2024,7,98075,736
PSE,2023,11,98223,82
PSE,2022,6,98512,2324
NWN,2024,3,98686,687
CNG,2023,2,98311,522
PSE,2022,6,98027,1427
PSE,2025,5,98109,533
CNG,2024,2,98930,166
PSE,2025,2,98033,1675
PAC,2024,11,99363,16
Avista,2025,5,99101,97
PSE,2024,1,98070,609
Avista,2022,1,99114,531
Avista,2025,6,99223,1483
NWN,2022,4,98601,0
Avista,2021,6,99216,1099
CNG,2024,11,98942,164
PSE,2025,1,98051,238
PSE,2023,1,98424,261
CNG,2024,6,98801,90
PAC,2022,5,99329,25
PSE,2024,6,98272,821
NWN,2025,6,98605,32
PSE,2021,1,98396,42
Avista,2021,1,99134,32
PAC,2024,4,98930,1067
PSE,2022,4,98006,1363
PSE,2021,8,98597,1997
PSE,2022,3,98277,2919
Avista,2022,7,99018,10
PSE,2024,10,98188,1905
Avista,2023,11,99032,32
Avista,2021,2,99173,137
PSE,2025,1,98118,1544
CNG,2024,2,99336,356
PSE,2025,5,98050,16
PSE,2021,4,98003,3610
PSE,2025,5,98354,55
PSE,2021,5,98158,2
PSE,2024,1,98203,785
CNG,2022,3,98611,5
NWN,2024,5,98683,926
PSE,2021,9,98568,2
Avista,2023,2,99131,5
Avista,2025,5,99033,48
CNG,2022,10,98271,128
PSE,2025,5,98258,1770
PSE,2021,6,98589,462
PSE,2024,7,98208,1213
NWN,2023,1,98601,0
CNG,2024,11,98284,323
PSE,2024,8,98226,2916
NWN,2023,10,98683,386
PSE,2025,6,98032,4540
CNG,2022,6,98674,97
PSE,2025,3,98056,3391
Avista,2024,6,99033,44
CNG,2022,1,98625,16
PSE,2022,10,98001,1960
PSE,2023,2,98321,981
PSE,2024,12,98264,1453
PSE,2022,4,98380,257
Avista,2024,1,99111,95
Avista,2022,10,99004,165
Avista,2021,1,99034,5
Avista,2024,2,99019,307
PSE,2022,8,98390,928
PSE,2021,5,98257,326
PSE,2022,5,98433,546
PSE,2024,2,98591,12
PSE,2023,6,98403,54
PSE,2025,5,98530,81
PSE,2022,8,98391,2759
CNG,2025,5,98550,159
Avista,2023,2,99371,16
PSE,2023,10,98178,835
PSE,2024,8,98498,1799
PSE,2021,1,98329,4
CNG,2023,4,98942,174
Avista,2023,6,99212,1211
Avista,2025,4,99006,234
NWN,2024,11,98610,36
PSE,2025,2,98439,525
PSE,2025,6,98230,1241
PSE,2021,2,98589,468
CNG,2022,12,98801,85
Avista,2022,12,99161,63
Avista,2021,12,99137,37
PSE,2021,5,98056,2361
PSE,2024,3,98295,82
PSE,2024,6,98408,987
PSE,2025,4,98108,931
Avista,2023,8,99205,2107
NWN,2025,3,98685,598
PSE,2021,2,98005,877
PSE,2022,5,98328,29
CNG,2024,5,98563,38
Avista,2021,2,99224,726
PSE,2024,7,98943,72
PSE,2021,6,98359,230
PSE,2022,11,98087,783
PSE,2021,11,98050,20
PSE,2022,4,98053,595
PSE,2022,10,98421,5
PSE,2025,3,98264,1375
PSE,2024,3,98390,1085
PSE,2021,7,98126,669
PSE,2021,2,98136,277
PAC,2025,5,98939,29
PSE,2023,4,98922,726
PSE,2023,2,98011,1362
PSE,2023,3,98255,52
PSE,2023,12,98558,21
CNG,2023,7,98225,716
PSE,2022,11,98354,177
PSE,2023,10,98101,49
PSE,2024,11,98238,3
Avista,2024,7,99204,516
CNG,2022,3,99352,241
Avista,2022,5,99011,0
PSE,2022,12,98107,653
PSE,2025,1,98532,194
Avista,2022,2,99260,0
Avista,2024,10,99164,1
PSE,2023,2,98946,49
NWN,2024,8,98663,243
PSE,2025,2,98244,263
CNG,2022,5,98230,428
PSE,2022,9,98294,367
CNG,2023,10,98223,403
PSE,2022,9,98040,815
PSE,2021,9,98236,295
Avista,2021,3,99103,15
PSE,2021,9,98224,32
PSE,2024,1,98133,911
Avista,2022,8,99156,1
NWN,2025,3,98682,2349
PSE,2025,2,98236,362
PSE,2024,6,98407,677
PSE,2023,10,98332,297
Avista,2025,2,99128,9
PSE,2022,7,98271,477
PSE,2023,12,98445,1170
CNG,2022,7,98230,417
PSE,2021,11,98530,1881
PSE,2023,5,98276,414
Avista,2025,2,99224,568
NWN,2023,5,98685,844
PSE,2023,10,98166,840
NWN,2024,9,98663,202
PSE,2024,1,98106,607
PSE,2024,3,98249,279
NWN,2025,2,98635,0
PSE,2022,2,98353,2
Avista,2022,5,98857,4
PSE,2021,4,98424,201
PSE,2023,9,98383,1618
Avista,2024,12,99029,26
Avista,2021,8,99125,22
Avista,2025,4,99341,44
PSE,2021,2,98028,731
PSE,2021,2,98021,416
NWN,2023,7,98762,0
NWN,2025,2,98665,628
Avista,2023,2,98648,30
PSE,2024,11,98266,442
Avista,2022,3,99113,9
PSE,2024,11,98408,952
PSE,2023,3,98373,1915
NWN,2022,3,98672,143
Avista,2023,1,99021,224
CNG,2024,8,98626,60
Avista,2021,8,99012,51
CNG,2023,11,98367,236
NWN,2023,10,98125,0
PSE,2024,8,98116,609
PSE,2024,1,98108,1013
CNG,2023,8,98584,162
NWN,2022,6,98762,0
Avista,2023,7,99341,483
Avista,2024,10,99037,272
PAC,2022,1,99323,195
Avista,2024,9,99126,48
PSE,2025,2,98040,827
Avista,2024,2,99107,1
PSE,2023,10,98438,88
Avista,2024,2,99149,7
PSE,2023,9,98506,1475
PSE,2022,12,98403,269
PSE,2024,3,98023,4174
NWN,2022,10,98671,350
PSE,2021,10,98940,194
PSE,2024,5,98052,4299
PSE,2021,3,98247,453
PSE,2025,4,98327,553
PSE,2024,1,98271,487
PSE,2024,5,98033,1813
CNG,2025,4,98370,168
PSE,2022,5,98597,2258
Avista,2024,12,99104,0
PSE,2022,6,98271,506
Avista,2023,6,99026,91
Avista,2024,12,99341,34
PSE,2023,7,98276,95
CNG,2023,7,98284,365
PSE,2025,3,98002,4111
PSE,2022,5,98360,693
PAC,2024,4,99348,52
PSE,2025,6,98284,1928
NWN,2023,5,97031,0
Avista,2024,7,99143,10
CNG,2023,1,98310,555
Avista,2023,2,99176,2
Avista,2023,7,99022,178
PSE,2025,3,98112,730
NWN,2023,1,98685,275
PSE,2023,2,98070,742
PSE,2022,2,98008,822
PSE,2025,5,98155,663
PSE,2021,10,98375,1244
Avista,2022,10,99023,7
PSE,2022,8,98512,2015
PSE,2024,12,98391,3056
PSE,2022,11,98103,1116
PSE,2022,7,98155,658
PSE,2023,7,98568,2
PSE,2025,1,98421,7
PSE,2023,10,98240,250
Avista,2021,6,99103,18
PSE,2023,2,98249,261
Avista,2025,4,99022,203
PSE,2023,3,98406,741
PSE,2022,11,98232,141
CNG,2024,9,98942,163
PSE,2024,12,98077,195
PSE,2021,7,98532,181
PAC,2022,5,99348,54
PSE,2022,11,98332,276
PSE,2023,2,98345,43
PSE,2024,11,98444,667
PSE,2024,5,98418,495
PAC,2022,7,98930,874
Avista,2022,12,99208,2512
PSE,2023,2,98116,563
NWN,2025,2,98639,40
Avista,2025,9,99134,33
Avista,2023,7,99130,37
Avista,2021,3,99137,22
PSE,2024,12,98367,1821
PSE,2024,2,98532,171
NWN,2025,2,98683,764
CNG,2024,3,98311,518
CNG,2023,3,98611,8
PSE,2023,12,98596,26
PSE,2025,3,98439,569
CNG,2022,9,98345,10
PSE,2024,1,98087,821
NWN,2025,4,98307,0
CNG,2023,5,98366,504
PSE,2023,12,98201,960
Avista,2022,8,99134,22
PSE,2024,9,98371,1530
CNG,2024,1,98311,451
Avista,2023,10,99101,79
PSE,2023,4,98020,358
PSE,2024,7,98058,2654
NWN,2023,5,98610,69
PSE,2022,3,98501,3566
CNG,2025,1,98367,257
PSE,2023,5,98042,3491
Avista,2025,4,99102,33
PSE,2025,3,98513,2662
PSE,2023,11,98396,41
PSE,2023,8,98070,638
Avista,2025,2,99107,1
PSE,2023,11,98024,252
CNG,2022,6,99362,753
PSE,2025,1,98271,516
PSE,2021,6,98346,535
PSE,2023,8,98220,46
PSE,2024,2,98311,2115
PSE,2025,6,98337,50
Avista,2024,10,99220,0
PSE,2021,10,98011,1319
CNG,2022,2,98284,273
PSE,2024,6,98332,295
PSE,2021,11,98108,733
PSE,2024,7,98072,912
Avista,2022,2,99009,88
PSE,2025,2,98409,751
NWN,2022,10,98620,0
Avista,2024,3,99018,12
PSE,2023,4,98057,1874
PSE,2022,8,98290,470
PSE,2022,10,98275,361
CNG,2023,1,98248,436
PSE,2024,7,98385,27
PAC,2025,1,99347,112
CNG,2023,12,99337,131
NWN,2023,11,98620,0
PSE,2021,5,98031,2664
NWN,2025,6,98604,947
PSE,2022,8,98264,1268
PSE,2024,4,98375,1698
NWN,2023,6,98610,65
PSE,2021,4,98310,1601
CNG,2025,1,98611,14
CNG,2023,10,98284,316
PAC,2022,8,98948,830
PSE,2023,6,98266,1409
NWN,2024,7,98629,178
NWN,2023,6,98639,40
PSE,2023,6,98235,988
PSE,2023,10,98943,78
Avista,2023,3,99101,80
PSE,2021,4,98580,581
PSE,2023,8,98499,722
Avista,2024,11,99008,20
NWN,2023,12,98635,0
CNG,2022,7,98563,36
CNG,2023,6,99337,148
Avista,2023,4,99040,83
PSE,2023,12,98229,1774
PSE,2025,3,98177,411
PSE,2023,12,98119,511
PSE,2024,5,98327,523
CNG,2023,10,98345,4
PSE,2025,2,98342,116
PSE,2024,1,98580,446
PSE,2023,9,98375,1556
PSE,2022,8,98052,3901
Avista,2022,8,99128,7
PSE,2025,5,98158,54
Avista,2024,1,99036,4
Avista,2024,11,99019,438
PSE,2025,2,98267,40
CNG,2022,5,98901,357
CNG,2024,7,98901,341
CNG,2022,7,98583,1
NWN,2022,11,98664,406
CNG,2023,7,99338,115
PSE,2021,1,98941,187
PSE,2021,5,98372,1501
Avista,2022,1,99344,474
Avista,2022,9,99030,32
PSE,2022,11,98422,479
PSE,2021,7,98338,822
PSE,2024,8,98328,61
PSE,2024,9,98014,249
PAC,2022,9,98921,85
PSE,2022,10,98353,2
PSE,2022,4,98105,930
Avista,2025,1,99018,7
NWN,2023,11,98606,32
PSE,2025,1,98039,47
CNG,2022,7,98611,16
PSE,2021,10,98045,697
PSE,2022,5,98503,1457
PSE,2022,6,98281,206
Avista,2021,5,99040,86
PSE,2021,4,98224,24
PAC,2022,2,99328,399
Avista,2024,8,99137,25
PSE,2024,8,98011,1460
PSE,2022,11,98337,947
Avista,2021,7,99173,145
PSE,2023,8,98579,833
NWN,2023,5,98672,161
PSE,2025,3,98103,1079
Avista,2021,12,99228,0
NWN,2022,4,98604,1090
PSE,2024,3,98005,1025
PSE,2024,10,98056,2649
Avista,2024,6,99036,2
Avista,2025,5,99034,7
CNG,2023,1,98367,251
Avista,2021,2,99217,1137
PSE,2022,4,98387,2210
Avista,2022,5,99371,17
Avista,2021,1,99128,9
Avista,2021,3,99012,47
PSE,2023,4,98370,1920
PSE,2025,5,98359,49
PSE,2023,4,98281,3399
Avista,2021,6,99202,1066
CNG,2022,5,98273,603
PSE,2021,1,98003,3730
Avista,2025,3,99013,115
PSE,2024,10,98070,586
Avista,2023,11,99129,82
PSE,2024,6,98239,416
Avista,2021,8,99212,1245
Avista,2023,5,99023,10
CNG,2023,10,98277,289
CNG,2022,2,98557,11
PSE,2024,12,98271,565
CNG,2025,6,98383,229
PSE,2024,5,98340,233
PSE,2024,4,98059,2124
PSE,2023,2,98108,884
Avista,2024,3,99004,163
Avista,2022,11,99014,2
PSE,2023,1,98498,1923
PSE,2023,8,98177,539
CNG,2024,2,98277,298
PSE,2023,12,98055,2361
CNG,2023,8,98310,536
PSE,2025,4,98092,3862
PSE,2023,9,98406,827
PSE,2022,1,98409,679
PSE,2023,11,98043,439
PSE,2022,4,98579,798
Avista,2021,4,99176,5
PSE,2023,5,98274,2169
Avista,2022,8,99163,1517
Avista,2021,6,99137,33
PSE,2022,10,98031,2881
NWN,2022,11,98208,0
PSE,2024,5,98056,2914
PSE,2022,2,98224,33
Avista,2022,11,99009,71
CNG,2023,2,98277,433
PAC,2025,4,98930,1227
PSE,2021,3,98502,1874
PSE,2022,3,98465,120
CNG,2024,5,98223,400
Avista,2025,6,99201,1204
NWN,2024,8,98612,0
PSE,2025,2,98406,523
PAC,2025,4,98936,605
Avista,2025,4,99171,22
Avista,2022,9,99160,10
PSE,2025,3,98235,29
PSE,2021,6,98117,664
NWN,2023,10,98208,0
Avista,2021,3,99016,612
CNG,2022,10,98557,11
PSE,2025,4,98059,2230
PAC,2024,4,98908,3847
Avista,2024,3,99031,25
CNG,2025,5,98930,295
PSE,2025,4,98405,26
PSE,2022,2,98011,1413
PSE,2024,9,98070,604
Avista,2023,10,99171,30
PSE,2025,1,98237,499
CNG,2025,6,98229,305
Avista,2022,12,99170,45
Avista,2024,3,99114,509
Avista,2022,1,99341,49
PSE,2023,12,98199,545
PSE,2024,10,98344,1
PSE,2023,12,98512,2502
PSE,2024,3,98558,39
CNG,2025,3,98292,211
PSE,2021,12,98596,16
PSE,2021,2,98238,4
Avista,2021,1,99126,53
PSE,2022,11,98204,676
Avista,2024,6,99161,69
PSE,2022,2,98506,1531
PSE,2022,10,98501,3619
PSE,2024,9,98115,899
PSE,2023,2,98087,843
PSE,2023,11,98312,3108
PSE,2022,4,98038,1804
CNG,2024,2,98942,159
PSE,2025,1,98466,598
Avista,2022,4,99134,26
PSE,2021,5,98926,334
Avista,2025,1,99026,59
PSE,2023,6,98284,56
PSE,2025,5,98030,3545
PAC,2024,4,98603,1
PSE,2022,2,98057,1670
Avista,2021,9,99163,1512
NWN,2024,1,98686,418
Avista,2025,2,99117,16
PSE,2022,10,98580,396
PSE,2024,1,98375,1613
PSE,2025,1,98115,927
CNG,2023,12,99352,410
PSE,2024,3,98276,89
PSE,2021,6,98922,660
CNG,2024,1,98345,3
PSE,2022,9,98946,35
Avista,2025,2,99016,759
Avista,2021,5,98620,88
PSE,2025,6,98579,832
Avista,2024,2,99022,163
Avista,2024,7,99025,69
PSE,2025,2,98354,210
PSE,2023,8,98374,2856
Avista,2021,9,99176,6
PSE,2022,9,98342,133
PSE,2024,6,98225,3126
Avista,2021,12,99402,58
Avista,2022,3,99157,46
Avista,2024,11,99164,0
CNG,2023,8,98276,27
PSE,2023,12,98006,1367
Avista,2023,10,99164,1
Avista,2024,8,99032,19
PSE,2022,6,98430,361
NWN,2024,7,98127,0
PSE,2023,2,98263,21
CNG,2024,1,98632,83
PSE,2025,1,98122,1325
PSE,2024,9,98498,1839
PSE,2021,9,98117,688
PSE,2021,4,98530,33
CNG,2025,5,98626,55
Avista,2022,3,99220,0
PSE,2023,8,98926,360
PSE,2021,3,98257,328
PSE,2021,7,98230,1108
PSE,2023,2,98244,269
CNG,2024,2,99350,24
Avista,2021,1,99208,2867
PAC,2022,5,99301,1
PSE,2022,12,98023,3299
PSE,2023,2,98033,1592
Avista,2024,9,99037,297
CNG,2022,2,98903,132
PSE,2025,1,98053,588
CNG,2022,4,98930,228
Avista,2021,1,99101,79
PSE,2023,1,98198,3432
CNG,2024,11,98908,538
Avista,2025,9,99040,76
CNG,2025,3,98837,77
Avista,2022,7,99039,8
PSE,2022,5,98267,37
PSE,2023,10,98292,56
PSE,2023,10,98038,2034
NWN,2025,1,98125,0
PSE,2023,3,98204,657
CNG,2024,8,98930,248
PAC,2022,5,98923,132
PSE,2021,9,98252,199
Avista,2023,12,99004,153
PSE,2021,4,98926,315
PSE,2025,3,98255,52
PSE,2025,2,98118,1599
CNG,2024,1,98942,148
PSE,2022,12,98065,639
PAC,2024,6,98944,1799
Avista,2023,12,99126,58
CNG,2024,6,98230,428
Avista,2024,1,99114,491
CNG,2022,4,99301,1499
CNG,2022,7,99337,128
CNG,2025,2,98233,226
Avista,2022,2,99161,70
PSE,2023,11,98392,326
CNG,2025,4,98528,19
Avista,2021,11,98648,30
Avista,2025,2,99143,17
Avista,2021,4,99160,3
PAC,2024,3,98920,1
PSE,2024,1,98364,1
Avista,2022,1,99111,109
NWN,2023,4,98605,29
PSE,2023,8,98312,3040
Avista,2021,10,99151,10
PSE,2021,7,98439,1
Avista,2025,8,99031,24
NWN,2025,1,98668,0
NWN,2024,2,98683,834
PSE,2021,6,98225,2003
Avista,2025,9,99103,21
CNG,2023,3,98282,25
PAC,2024,2,98901,2034
NWN,2024,7,98604,791
PSE,2025,4,98390,112
CNG,2022,10,99323,12
PSE,2025,3,98012,1320
CNG,2023,7,98226,600
CNG,2022,7,98541,30
Avista,2024,6,99141,295
Avista,2025,3,99146,2
Avista,2022,10,99003,99
PSE,2021,1,98446,264
PSE,2022,12,98168,946
CNG,2022,1,98584,121
CNG,2024,6,98240,14
PSE,2023,1,98057,1741
Avista,2024,9,99202,831
PSE,2023,11,98008,855
Avista,2021,1,99031,24
Avista,2021,6,99138,144
PSE,2022,12,98022,2034
NWN,2025,6,98620,0
PSE,2024,6,98275,358
PSE,2024,12,98028,1027
NWN,2024,7,98307,0
CNG,2025,4,98314,1
PSE,2021,12,98108,703
NWN,2025,2,98208,0
PAC,2025,6,98932,521
Avista,2022,6,99103,22
Avista,2022,6,99022,195
Avista,2021,1,99203,621
NWN,2025,4,98119,0
PSE,2023,1,98275,387
Avista,2023,8,99326,19
PSE,2024,9,98166,820
PSE,2023,2,98385,31
PSE,2022,5,98033,1533
CNG,2025,6,98225,618
PSE,2022,4,98503,1410
Avista,2024,9,99001,165
Avista,2024,9,99158,14
Avista,2021,4,99101,74
PSE,2024,6,98290,477
Avista,2025,2,99122,93
PSE,2024,3,98409,657
PSE,2023,3,98408,990
CNG,2024,6,98953,97
Avista,2021,6,99113,10
CNG,2022,12,98220,8
PSE,2022,10,98466,601
PSE,2023,9,98146,746
Avista,2022,5,99218,590
CNG,2022,2,98901,313
CNG,2023,3,98366,446
Avista,2022,4,99032,33
Avista,2021,4,99149,2
Avista,2024,11,99179,17
Avista,2022,2,99151,19
CNG,2023,10,99323,19
CNG,2025,4,98310,576
Avista,2023,3,99018,10
Avista,2023,6,99206,1396
CNG,2023,1,99324,138
Avista,2021,7,98648,41
Avista,2024,6,99030,27
PSE,2025,5,98374,47
PSE,2025,5,98364,198
CNG,2024,10,98908,547
Avista,2022,11,99403,795
PSE,2021,7,98074,930
PAC,2025,5,98930,1134
PSE,2021,10,98371,1347
PSE,2022,9,98940,219
PSE,2023,6,98004,2243
Avista,2023,12,99025,72
Avista,2025,1,99023,7
PSE,2021,7,98310,1885
PSE,2021,2,98329,4
PAC,2022,9,98952,88
Avista,2024,4,99402,57
PAC,2025,3,98902,4704
PSE,2021,4,98022,1790
PSE,2023,6,98940,81
Avista,2021,6,99224,648
PSE,2023,2,98225,2835
PSE,2025,2,98321,985
PSE,2024,10,98513,2423
PSE,2025,1,98238,2
PSE,2024,12,98591,9
PSE,2023,6,98444,834
PSE,2024,2,98014,497
PSE,2022,10,98327,469
PSE,2021,6,98040,678
Avista,2022,2,98620,97
PSE,2022,3,98276,78
Avista,2025,8,99174,4
Avista,2021,4,99037,259
PSE,2022,11,98346,472
CNG,2024,4,98802,24
PSE,2021,6,98407,613
PSE,2021,3,98383,977
CNG,2024,2,98345,4
CNG,2024,1,98220,9
Avista,2021,7,99163,1638
PSE,2022,10,98946,41
PSE,2022,10,98022,1956
PSE,2021,3,98445,893
PSE,2021,5,98323,36
PSE,2024,2,98109,424
PSE,2023,12,98252,298
NWN,2025,3,98674,0
Avista,2024,6,99014,1
CNG,2024,2,98625,11
PSE,2022,6,98421,4
Avista,2022,11,99031,11
PSE,2025,1,98026,759
PSE,2024,7,98103,1091
PSE,2022,9,98003,4756
PSE,2023,9,98403,283
CNG,2022,3,98520,119
PSE,2022,8,98074,898
PSE,2024,7,98342,129
Avista,2021,8,99146,2
PSE,2023,6,98199,3396
Avista,2023,6,99128,14
PSE,2022,5,98466,315
PSE,2022,11,98136,431
PAC,2022,6,98930,972
Avista,2025,6,99122,83
PAC,2025,2,99362,2245
Avista,2023,2,99036,1
Avista,2023,2,99158,15
CNG,2023,5,98625,15
PSE,2021,7,98506,2845
NWN,2023,4,98642,968
NWN,2025,5,98639,44
CNG,2023,3,98247,109
PSE,2025,5,98338,23
Avista,2022,4,99326,24
NWN,2022,1,98683,481
Avista,2021,2,99008,24
Avista,2022,9,99110,26
PSE,2023,3,98248,2243
CNG,2022,9,98223,386
NWN,2024,12,98668,0
NWN,2024,8,98026,0
PSE,2024,1,98340,257
PSE,2025,1,98188,2131
Avista,2021,4,99114,548
CNG,2024,1,98277,266
PAC,2022,3,99328,413
PSE,2022,3,98204,606
PSE,2021,5,98043,409
Avista,2021,11,99006,256
Avista,2024,9,99371,12
Avista,2022,11,99344,453
PSE,2021,7,98103,948
PSE,2021,5,98042,2846
PAC,2024,2,99323,398
PSE,2024,4,98281,463
Avista,2024,4,99326,19
CNG,2022,1,98528,11
PAC,2022,1,99360,41
PSE,2024,7,98370,1930
PSE,2022,9,98028,930
CNG,2022,6,98233,427
Avista,2023,10,99122,85
PSE,2021,1,98445,937
PSE,2023,5,98032,4872
Avista,2023,11,99030,29
Avista,2021,5,99130,48
PSE,2024,4,98007,1909
PAC,2024,8,99360,39
PSE,2023,5,98047,627
PSE,2024,3,98422,482
Avista,2024,8,99173,98
PAC,2022,6,98921,90
PSE,2025,1,98272,751
PSE,2021,5,98275,358
NWN,2022,6,98127,0
PSE,2023,12,98109,455
CNG,2024,12,99338,131
PSE,2023,10,98367,1701
PSE,2021,6,98403,248
Avista,2025,7,99103,18
Avista,2024,7,99102,28
NWN,2025,5,98208,0
PSE,2024,2,98513,2625
PSE,2022,1,98068,92
Avista,2023,10,99216,1321
NWN,2023,3,98665,803
PSE,2021,2,98126,550
PSE,2023,7,98036,859
PSE,2022,5,98031,2880
PSE,2022,1,98199,451
PSE,2024,11,98281,206
PSE,2022,4,98240,222
Avista,2023,9,99009,76
PSE,2025,2,98106,613
Avista,2024,3,99179,18
Avista,2023,10,99126,63
PSE,2021,1,98203,723
Avista,2021,8,99185,68
Avista,2022,5,99037,294
CNG,2025,3,98257,56
PSE,2024,5,98043,436
PSE,2022,5,98512,2448
NWN,2023,12,98685,463
NWN,2023,12,98125,0
PSE,2023,12,98034,2815
PSE,2024,5,98117,826
Avista,2023,2,99146,1
PSE,2021,10,98036,742
PSE,2024,7,98116,565
NWN,2024,5,98663,292
CNG,2022,5,99338,73
PSE,2022,3,98284,1610
CNG,2023,12,99354,171
PSE,2023,6,98101,48
PSE,2024,4,98367,1921
Avista,2022,8,99174,4
Avista,2023,6,99173,123
Avista,2023,5,99344,498
PSE,2022,10,98392,294
CNG,2022,7,99350,57
Avista,2023,5,99163,1485
Avista,2024,8,99144,0
CNG,2023,4,98383,234
PSE,2021,2,98077,166
Avista,2022,1,99103,16
PSE,2022,11,98925,74
Avista,2021,10,99111,113
CNG,2022,3,98625,4
PSE,2024,10,98335,443
CNG,2022,4,98801,85
PSE,2024,6,98036,792
NWN,2024,10,98208,0
CNG,2022,4,98312,622
PSE,2023,6,98092,3766
CNG,2022,7,99354,190
PSE,2022,3,98466,628
NWN,2022,7,98610,61
Avista,2022,5,99026,76
Avista,2023,6,99146,3
PSE,2025,4,98221,1527
PSE,2022,7,98281,520
CNG,2023,11,98520,146
CNG,2022,12,98282,33
Avista,2023,5,99157,45
NWN,2023,8,98026,0
Avista,2022,7,99224,857
NWN,2023,3,98674,0
Avista,2024,11,99341,30
Avista,2023,11,99203,542
PSE,2024,11,98109,476
Avista,2024,11,99013,87
NWN,2024,9,98605,25
PSE,2022,11,98323,49
Avista,2024,7,99009,58
PSE,2023,5,98568,2
Avista,2025,6,99025,100
Avista,2024,4,99034,8
PSE,2022,4,98513,1989
PSE,2021,10,98568,1
PSE,2021,1,98499,507
NWN,2022,8,98662,946
NWN,2024,5,98629,223
NWN,2024,6,98604,952
CNG,2023,4,98292,163
PSE,2024,4,98345,37
NWN,2022,7,98665,873
Avista,2024,6,99160,13
Avista,2022,1,98620,85
PSE,2024,8,98043,443
PSE,2025,4,98045,794
Avista,2021,2,99207,2829
PSE,2024,9,98034,2879
CNG,2023,6,98271,133
CNG,2024,3,98229,391
PSE,2023,10,98383,1533
CNG,2023,5,98951,67
NWN,2022,7,98682,2231
CNG,2023,5,98674,112
Avista,2025,3,99131,4
PSE,2025,2,98008,905
PAC,2022,3,99348,48
CNG,2022,2,98674,96
NWN,2023,2,98610,54
CNG,2025,5,99353,53
Avista,2023,10,99130,49
CNG,2022,1,98550,123
PSE,2024,12,98946,44
PSE,2023,10,98405,1098
PSE,2022,7,98034,2722
CNG,2025,3,98229,356
Avista,2023,1,99216,1242
Avista,2022,5,99101,76
Avista,2023,1,99156,1
Avista,2021,7,99029,42
Avista,2024,4,99027,242
Avista,2022,12,99021,209
CNG,2025,2,98284,323
CNG,2025,2,98232,4
PAC,2024,2,99361,26
PSE,2022,7,98178,815
PSE,2024,3,98501,4121
PSE,2024,12,98003,5433
PSE,2024,6,98276,100
PSE,2021,2,98007,1535
PSE,2023,6,98177,1083
Avista,2022,12,99206,1343
PSE,2023,9,98371,1722
Avista,2023,3,99174,3
PSE,2021,8,98007,1516
PSE,2023,3,98052,3762
PSE,2024,10,98040,912
CNG,2022,8,98257,41
PSE,2022,12,98028,826
PSE,2024,11,98328,41
CNG,2024,12,98282,49
PSE,2022,3,98262,120
PSE,2025,2,98292,68
PSE,2023,3,98926,406
PSE,2022,10,98188,2121
PSE,2025,1,98058,2872
PSE,2023,7,98328,38
Avista,2022,12,99006,243
CNG,2023,3,99350,29
CNG,2023,12,98257,37
PSE,2023,8,98045,746
PAC,2022,4,98930,1025
PSE,2021,4,98101,36
Avista,2022,9,99018,9
PSE,2024,6,98034,3004
PSE,2021,10,98103,981
NWN,2022,10,98642,497
PSE,2021,3,98104,38
Avista,2025,5,99109,211
Avista,2023,2,99102,51
PSE,2025,4,98403,35
PAC,2025,5,99350,13
Avista,2023,5,99027,223
PAC,2025,5,98902,5680
Avista,2023,5,99260,0
CNG,2024,12,98248,527
Avista,2024,1,99006,205
PSE,2025,3,98275,418
PSE,2022,4,98531,186
CNG,2023,10,99301,1543
PSE,2022,9,98255,48
PSE,2021,4,98337,667
PSE,2022,2,98260,325
PSE,2022,10,98220,39
PSE,2022,2,98233,874
PSE,2021,12,98225,1979
Avista,2025,5,99212,1417
PSE,2022,4,98122,1357
PSE,2022,11,98263,31
PSE,2024,10,98042,3109
Avista,2024,5,98620,89
CNG,2024,3,98274,275
PSE,2022,7,98036,840
PSE,2022,7,98028,944
PSE,2023,7,98056,2891
CNG,2023,10,98292,168
CNG,2025,4,99324,189
PSE,2021,1,98388,116
Avista,2023,11,98857,1
PSE,2021,1,98409,608
CNG,2022,7,98229,376
NWN,2024,3,98127,0
CNG,2023,4,98223,437
CNG,2022,1,99350,47
PSE,2024,4,98596,24
Avista,2024,10,99027,240
PSE,2023,7,98235,26
Avista,2025,9,99026,75
PSE,2023,3,98499,682
PSE,2025,4,98267,51
CNG,2023,8,98611,7
PSE,2021,7,98367,1399
Avista,2021,5,99159,48
Avista,2024,12,99403,642
PSE,2025,3,98465,95
PSE,2023,10,98039,72
NWN,2023,4,98675,0
Avista,2022,1,99160,11
Avista,2025,3,99009,75
Avista,2025,7,99027,260
PSE,2023,10,98072,897
CNG,2023,4,98226,590
Avista,2025,8,99151,10
CNG,2024,10,99350,26
CNG,2024,3,98278,1
PSE,2022,4,98405,1132
NWN,2023,1,98612,0
PSE,2021,1,98530,50
CNG,2023,11,98936,89
PSE,2024,6,98117,834
CNG,2024,12,99362,823
NWN,2023,3,98026,0
PSE,2021,8,98248,1855
PSE,2022,11,98028,896
PSE,2022,3,98409,710
PSE,2023,9,98021,629
PSE,2022,11,98380,263
NWN,2023,7,98660,344
PSE,2022,8,98323,62
PSE,2021,11,98092,2996
Avista,2024,6,99128,10
CNG,2024,6,98226,579
Avista,2021,11,99029,55
PSE,2023,9,98042,3337
PAC,2022,5,99323,236
CNG,2022,5,98563,31
PAC,2022,9,99323,230
Avista,2025,9,99019,489
Avista,2022,8,98620,69
NWN,2024,6,98664,620
CNG,2022,4,98232,4
PSE,2023,5,98421,564
PSE,2024,5,98223,74
NWN,2023,9,98674,0
Avista,2022,8,99005,137
PSE,2023,8,98233,1809
CNG,2023,7,98271,124
NWN,2022,1,98661,539
NWN,2024,11,98671,345
PSE,2023,3,98531,524
CNG,2022,8,99338,97
NWN,2025,2,98125,0
PSE,2023,12,98110,1863
Avista,2025,6,99030,32
PSE,2025,2,98024,286
PSE,2021,7,98446,960
PSE,2021,7,98068,92
PSE,2023,8,98332,302
PSE,2023,4,98277,91
PSE,2024,1,98223,82
PSE,2024,2,98178,875
Avista,2025,8,99016,876
Avista,2023,12,99037,295
PSE,2021,8,98340,221
PSE,2022,5,98232,156
Avista,2022,6,99341,50
Avista,2022,8,99030,26
PSE,2024,4,98380,285
PSE,2025,5,98312,3070
PSE,2024,6,98115,880
PSE,2022,11,98125,543
CNG,2023,10,98936,93
NWN,2022,12,98672,83
PSE,2021,12,98323,65
Avista,2025,3,99157,51
PSE,2025,2,98364,1
CNG,2022,3,98220,5
NWN,2024,3,98208,0
PAC,2024,6,99347,160
Avista,2021,1,99161,58
Avista,2025,4,99110,35
CNG,2025,5,99352,427
PSE,2022,8,98296,407
PSE,2024,12,98027,1597
Avista,2025,4,99185,75
Avista,2023,1,99126,50
PSE,2022,12,98248,2276
PSE,2023,2,98233,992
PSE,2023,4,98337,453
CNG,2023,9,99352,423
Avista,2021,2,99016,684
PSE,2021,7,98329,2
PSE,2024,2,98121,138
PSE,2025,6,98050,14
CNG,2023,3,98225,489
PSE,2024,3,98332,279
NWN,2024,3,98307,0
NWN,2024,11,98628,17
NWN,2024,12,98610,29
PSE,2021,12,98421,4
PSE,2023,7,98445,964
Avista,2024,7,99040,56
NWN,2022,7,98620,0
Avista,2024,6,99402,57
PSE,2023,10,98056,2833
PAC,2025,4,98902,5096
PSE,2024,6,98065,731
CNG,2022,5,98520,161
NWN,2022,6,98668,0
CNG,2022,5,98292,148
Avista,2025,5,99204,664
PAC,2025,4,98947,388
CNG,2023,3,99323,12
NWN,2023,10,98686,319
CNG,2023,2,98802,17
Avista,2023,7,99012,38
PAC,2025,6,98948,989
PSE,2022,11,98502,2642
Avista,2023,12,99326,19
NWN,2025,3,98665,749
PSE,2022,7,98144,1169
PSE,2021,6,98087,721
Avista,2021,2,99203,745
Avista,2024,9,99203,493
PSE,2025,1,98281,433
Avista,2022,11,99025,82
PSE,2024,8,98407,627
CNG,2023,6,98337,220
PSE,2021,9,98294,271
PSE,2021,9,98038,1599
PSE,2023,11,98422,497
Avista,2023,9,99101,89
PSE,2022,4,98466,286
PSE,2023,12,98065,756
PSE,2022,10,98332,291
PSE,2023,7,98502,2791
PSE,2024,7,98019,403
Avista,2022,5,99156,1
PSE,2024,2,98380,282
PAC,2024,1,98933,82
NWN,2024,1,98606,39
PSE,2022,10,98053,578
PSE,2024,4,98249,285
CNG,2023,10,98276,28
CNG,2023,4,98225,713
PSE,2023,6,98271,2210
Avista,2021,3,99102,48
Avista,2024,7,99023,6
Avista,2023,7,99036,4
PSE,2021,4,98465,186
Avista,2021,1,99004,171
CNG,2024,1,98223,325
CNG,2025,1,98244,2
PSE,2023,7,98273,2154
PSE,2023,7,98101,43
CNG,2024,9,98524,3
Avista,2024,3,99344,568
PSE,2024,6,98579,897
PAC,2025,1,98942,1328
PSE,2024,11,98028,989
CNG,2022,1,98932,49
Avista,2024,3,99125,24
PSE,2021,2,98345,40
Avista,2022,12,99036,6
Avista,2025,1,99201,1001
PSE,2022,4,98433,553
PSE,2021,3,98251,90
Avista,2022,2,99160,11
PSE,2022,3,98589,478
NWN,2023,5,98026,0
Avista,2024,2,99216,1248
PSE,2023,9,98030,3657
Avista,2023,7,99013,105
PSE,2024,9,98198,3240
PSE,2021,1,98115,744
CNG,2024,2,98383,248
PSE,2023,4,98276,377
Avista,2025,4,99122,102
CNG,2024,11,98366,639
Avista,2024,5,99030,33
PSE,2025,5,98503,1
NWN,2024,9,98660,308
PSE,2021,8,98032,3524
PSE,2025,4,98133,944
Avista,2022,1,99326,23
PSE,2023,8,98033,1860
CNG,2022,3,98366,314
PSE,2021,5,98121,140
CNG,2022,12,98932,56
Avista,2021,9,98620,86
Avista,2025,9,99013,121
PSE,2023,3,98070,656
CNG,2023,7,98220,13
NWN,2024,3,98628,25
CNG,2022,11,99350,53
CNG,2025,1,98312,614
NWN,2024,10,98629,110
PSE,2021,12,98385,15
Avista,2024,4,99205,2314
CNG,2022,9,98626,57
Avista,2022,4,99006,218
PSE,2023,8,98030,3405
CNG,2024,5,98277,339
PSE,2023,5,98359,304
NWN,2022,11,98628,17
PSE,2023,1,98223,68
NWN,2023,5,98665,915
Avista,2025,7,99029,28
PSE,2021,1,98295,50
PSE,2024,2,98359,309
Avista,2025,8,99157,50
NWN,2022,4,98628,29
Avista,2022,8,99143,14
Avista,2021,8,99129,85
PSE,2021,1,98387,1883
PSE,2023,11,98257,384
Avista,2021,1,99163,1411
PSE,2024,4,98238,7
NWN,2025,1,98664,480
PSE,2024,5,98295,89
CNG,2025,1,98232,7
Avista,2022,1,99260,0
Avista,2024,1,99037,300
NWN,2025,4,98674,0
PSE,2024,12,98941,62
PSE,2023,12,98328,70
NWN,2024,4,98682,2333
PSE,2021,7,98105,906
PSE,2024,4,98388,144
PSE,2025,6,98367,279
NWN,2024,11,98208,0
PSE,2021,2,98119,399
PSE,2024,2,98295,91
PSE,2021,2,98105,599
CNG,2022,3,98632,77
PSE,2021,10,98146,587
NWN,2022,10,98607,539
PSE,2022,11,98107,598
PSE,2024,9,98112,727
Avista,2024,7,99036,5
Avista,2022,1,99030,35
NWN,2022,4,98626,0
PSE,2021,12,98439,1
PSE,2023,1,98039,71
PSE,2021,1,98012,930
PSE,2021,9,98220,33
PSE,2022,4,98385,25
Avista,2025,5,99031,30
Avista,2024,12,99204,540
Avista,2021,7,99171,34
CNG,2023,11,98550,123
PSE,2022,12,98281,506
NWN,2023,9,98635,0
PSE,2023,5,98249,2140
CNG,2024,4,98233,435
PSE,2023,5,98052,3735
PSE,2023,3,98177,472
PSE,2022,3,98406,781
PAC,2024,11,98901,2434
PSE,2024,10,98235,17
PSE,2022,8,98106,600
PSE,2025,2,98392,324
PAC,2025,5,99360,102
PSE,2023,2,98115,797
Avista,2024,10,99130,32
PSE,2025,5,98499,440
Avista,2023,6,99034,4
NWN,2024,2,98628,25
PSE,2021,8,98112,674
PSE,2024,3,98125,574
PAC,2022,9,98908,3520
PSE,2021,5,98596,15
PSE,2024,2,98155,593
Avista,2022,6,99141,267
PSE,2022,5,98310,2127
Avista,2025,2,99026,65
PSE,2024,5,98531,522
NWN,2022,2,98672,132
Avista,2024,9,99125,15
PSE,2024,6,98506,1441
PSE,2022,11,98053,374
PSE,2024,5,98177,474
Avista,2024,5,99126,52
NWN,2022,6,98606,61
PSE,2024,6,98329,4
PSE,2022,10,98117,852
Avista,2024,10,99335,0
PSE,2021,4,98092,3704
PSE,2022,4,98925,71
Avista,2022,6,99208,2411
PSE,2022,4,98591,16
Avista,2021,8,99203,665
PSE,2023,2,98001,1996
PSE,2021,11,98506,3321
Avista,2025,7,99161,67
Avista,2025,9,99341,36
PSE,2021,1,98134,16
PSE,2021,6,98106,479
PSE,2023,11,98070,616
PSE,2023,1,98272,804
PAC,2022,3,98951,1059
Avista,2022,2,99219,0
PSE,2022,11,98283,37
PSE,2024,5,98499,695
PAC,2024,2,98942,366
PSE,2021,4,98240,202
Avista,2022,11,99203,550
PSE,2021,5,98208,1023
PSE,2025,5,98023,4343
CNG,2023,5,99353,43
PSE,2022,7,98276,87
PAC,2022,1,98921,71
Avista,2022,12,99202,962
Avista,2024,12,99122,88
Avista,2022,9,99326,17
NWN,2025,2,97031,0
PSE,2023,7,98338,968
Avista,2025,5,99006,336
PSE,2023,2,98022,1126
PSE,2022,2,98117,807
Avista,2022,9,99220,0
PSE,2023,3,98335,402
Avista,2025,1,99030,23
NWN,2024,10,98639,25
PSE,2021,6,98260,261
PSE,2023,6,98203,996
PSE,2022,1,98115,698
PSE,2024,4,98036,775
PSE,2021,1,98392,312
PAC,2024,5,98951,1045
Avista,2023,11,99131,4
PSE,2025,5,98373,86
PSE,2023,3,98292,69
Avista,2022,2,99159,50
NWN,2024,2,98674,0
PSE,2023,7,98238,1
PSE,2023,8,98373,1974
Avista,2023,1,99026,53
CNG,2024,12,98229,362
PSE,2024,12,98032,4416
PSE,2023,11,98499,727
Avista,2023,2,99114,570
CNG,2022,10,98953,72
PSE,2024,10,98354,206
PSE,2024,4,98166,766
PSE,2024,3,98266,513
PSE,2025,5,98024,301
Avista,2025,9,99111,118
Avista,2024,1,99341,47
PSE,2022,10,98050,18
PSE,2021,4,98276,73
PSE,2022,12,98530,34
PSE,2025,1,98056,3107
Avista,2023,8,99006,313
CNG,2025,1,98225,650
Avista,2024,7,99126,50
CNG,2024,4,98311,475
PSE,2023,6,98498,1946
PSE,2024,6,98346,660
PSE,2022,4,98589,538
PSE,2024,5,98039,66
CNG,2022,4,98276,25
CNG,2024,4,98276,29
CNG,2023,11,99301,1722
PAC,2024,9,98938,127
CNG,2022,11,98930,188
CNG,2025,3,98563,39
PSE,2023,12,98294,429
CNG,2023,3,98903,106
Avista,2022,6,99012,39
PSE,2021,10,98249,208
PSE,2024,5,98004,2491
CNG,2024,12,98936,103
PSE,2024,10,98232,177
PSE,2023,11,98036,795
CNG,2022,8,99323,18
PSE,2022,10,98042,2983
Avista,2022,6,99181,136
PSE,2023,6,98503,3681
PSE,2021,8,98579,659
Avista,2021,9,99212,1294
Avista,2024,2,99102,43
PSE,2021,4,98074,867
PSE,2024,11,98057,1809
Avista,2023,6,99009,70
PAC,2022,3,98908,3854
PSE,2021,9,98032,3469
Avista,2022,8,99031,27
PSE,2021,10,98101,38
PSE,2023,3,98221,1550
PSE,2024,12,98385,25
PSE,2022,11,98010,479
PSE,2024,8,98105,894
PSE,2022,6,98345,40
PSE,2024,10,98579,794
PSE,2023,3,98023,3924
Avista,2021,5,98648,35
PSE,2022,1,98065,717
Avista,2021,12,99163,1487
Avista,2024,1,99008,13
PSE,2021,7,98392,284
PSE,2024,10,98346,541
Avista,2023,1,99217,815
PSE,2024,11,98026,785
Avista,2021,9,99037,276
PSE,2021,2,98387,1662
PSE,2025,1,98201,1000
Avista,2025,8,99130,47
PSE,2025,5,98925,86
PSE,2022,3,98512,2040
PSE,2021,4,98338,696
CNG,2023,10,98273,397
PSE,2022,1,98512,1941
PSE,2021,2,98925,50
PSE,2024,10,98407,659
CNG,2022,10,98247,112
PSE,2022,8,98284,1588
CNG,2023,10,99337,145
Avista,2022,7,99163,1963
Avista,2021,5,99113,13
PSE,2021,7,98022,1793
PSE,2024,1,98002,5213
Avista,2023,12,99219,0
CNG,2023,3,98271,123
Avista,2025,9,99031,25
Avista,2022,2,99206,1660
PSE,2023,10,98375,1559
CNG,2023,10,98225,780
PSE,2025,2,98402,60
PSE,2025,3,98201,1013
Avista,2023,7,99223,1397
PSE,2021,4,98133,582
Avista,2025,5,99137,45
PSE,2021,4,98498,1460
PSE,2025,2,98589,591
Avista,2023,3,99008,25
NWN,2023,9,98683,530
PSE,2023,12,98005,1074
CNG,2023,6,98274,235
PSE,2022,12,98321,874
CNG,2024,12,99352,403
PSE,2021,5,98010,401
CNG,2024,6,98520,162
PSE,2024,4,98277,3232
Avista,2022,10,99111,120
Avista,2024,3,99146,4
Avista,2023,4,99220,0
Avista,2023,2,99031,9
PAC,2024,1,98921,89
Avista,2023,10,99402,60
PSE,2023,6,98374,2002
PAC,2024,8,98902,3180
PSE,2024,10,98359,232
PSE,2022,1,98321,839
NWN,2024,2,98675,0
NWN,2025,3,98606,67
PSE,2024,4,98203,839
CNG,2023,6,98942,192
PSE,2022,5,98056,2659
PSE,2022,11,98310,2167
PSE,2021,12,98498,256
NWN,2024,6,98665,751
Avista,2024,10,99167,44
PSE,2021,9,98926,319
Avista,2025,3,99216,1287
PSE,2024,6,98011,1581
Avista,2023,6,99205,2096
PSE,2023,7,98136,452
PSE,2021,4,98375,961
CNG,2024,1,98282,24
Avista,2022,1,99117,16
Avista,2021,12,99146,1
PSE,2023,12,98501,4509
PAC,2024,5,98921,95
PSE,2021,11,98263,26
PSE,2025,2,98387,1905
PSE,2022,8,98070,644
PAC,2024,12,98944,1433
PSE,2021,1,98925,53
PSE,2023,7,98257,360
PSE,2023,8,98065,683
Avista,2022,8,99129,76
PSE,2024,5,98107,535
Avista,2021,10,99014,5
PSE,2024,11,98248,2105
PSE,2023,8,98597,2440
PSE,2025,2,98240,264
PSE,2023,4,98267,528
NWN,2024,11,98683,412
PSE,2021,5,98075,671
PSE,2024,2,98022,2017
PSE,2022,1,98311,1801
Avista,2025,4,99125,21
PSE,2024,9,98047,531
PSE,2022,1,98040,855
PSE,2023,8,98008,884
PSE,2024,11,98068,100
PSE,2022,8,98101,46
PSE,2021,11,98502,3473
Avista,2021,10,99217,950
PSE,2023,10,98443,64
PSE,2021,1,98354,130
PSE,2024,12,98188,2209
PSE,2024,3,98360,805
CNG,2023,9,98295,48
PSE,2021,7,98380,263
PSE,2023,5,98391,1078
Avista,2024,12,99171,24
PSE,2022,7,98257,372
Avista,2022,10,99037,301
PSE,2024,8,98531,506
NWN,2023,6,98666,0
PSE,2021,1,98109,382
Avista,2025,4,99203,616
PSE,2022,2,98230,1384
CNG,2022,10,98626,60
CNG,2025,3,98310,578
CNG,2024,2,98264,565
Avista,2024,11,99335,0
Avista,2021,10,99037,296
Avista,2024,2,99156,1
CNG,2024,1,99324,132
PSE,2021,4,98012,831
Avista,2024,12,99170,41
Avista,2021,9,99143,19
PSE,2024,8,98106,621
PSE,2023,7,98011,1492
CNG,2022,10,99344,139
PAC,2024,4,98953,685
Avista,2023,2,99110,41
PSE,2023,12,98045,819
PSE,2023,1,98087,843
Avista,2024,4,99013,131
PSE,2021,12,98275,378
PSE,2021,7,98327,425
PSE,2022,2,98050,26
PAC,2025,1,98923,106
CNG,2022,3,98277,239
Avista,2021,1,99148,152
PSE,2024,11,98110,660
Avista,2021,3,99101,64
Avista,2022,11,99160,7
PSE,2024,10,98374,2824
Avista,2025,7,99025,76
NWN,2022,11,98663,204
Avista,2024,12,99110,30
PSE,2025,4,98232,178
NWN,2023,11,97031,0
Avista,2023,10,99207,2114
NWN,2024,2,98660,262
NWN,2023,1,98665,542
NWN,2024,11,98664,350
CNG,2023,6,98248,566
Avista,2021,9,99004,181
PSE,2021,7,98284,1525
PSE,2024,3,98056,2922
PSE,2023,3,98236,370
NWN,2024,11,98668,0
Avista,2022,6,99013,137
CNG,2022,9,99338,93
PSE,2025,3,98104,66
CNG,2023,2,98310,614
PSE,2024,11,98253,75
CNG,2025,2,98240,23
PSE,2023,6,98345,119
PSE,2022,7,98371,1538
CNG,2022,2,98932,54
NWN,2024,4,98675,0
PSE,2023,8,98433,3027
CNG,2024,9,98225,728
Avista,2022,6,99033,39
PSE,2024,6,98010,594
Avista,2023,3,99208,2171
CNG,2022,3,98626,24
PSE,2023,9,98003,5247
PSE,2022,7,98005,1027
CNG,2023,4,99336,390
PSE,2022,8,98105,845
NWN,2025,5,97388,0
CNG,2022,1,99353,28
PSE,2023,5,98244,248
Avista,2025,3,98857,1
NWN,2024,10,98604,568
Avista,2021,12,99032,34
PSE,2021,6,98102,515
CNG,2024,2,99362,812
CNG,2022,3,98226,310
PAC,2022,9,98902,4616
PSE,2022,6,98103,1110
PSE,2024,12,98055,2273
PSE,2021,2,98295,57
PSE,2021,9,98136,393
PSE,2024,7,98424,295
PSE,2023,3,98133,918
CNG,2022,8,98233,484
PSE,2021,8,98074,917
PSE,2021,5,98274,936
Avista,2023,3,99181,131
Avista,2022,10,99217,941
PAC,2024,12,99350,5
Avista,2025,6,99022,185
CNG,2024,1,98230,325
PSE,2021,11,98260,300
PSE,2025,4,98383,2
Avista,2024,8,99326,21
Avista,2024,9,99223,1048
Avista,2024,8,99030,16
PSE,2021,4,98237,364
PSE,2024,10,98264,1298
PSE,2021,10,98498,280
PSE,2024,9,98360,821
PSE,2024,5,98263,41
PSE,2024,7,98589,555
PSE,2023,4,98221,40
PSE,2022,8,98168,1061
CNG,2022,11,98902,1180
NWN,2023,9,98666,0
PSE,2024,2,98406,714
CNG,2023,6,99353,45
CNG,2024,10,99353,49
PSE,2023,4,98074,1093
PSE,2022,7,98498,1854
PSE,2022,7,98512,2058
Avista,2022,4,99130,52
Avista,2023,9,98857,4
PSE,2023,11,98260,318
PSE,2025,3,98406,661
PAC,2022,2,99347,173
PSE,2025,5,98345,123
PSE,2025,1,98043,425
PSE,2021,8,98146,592
PSE,2024,11,98387,1845
Avista,2023,5,99036,4
Avista,2023,10,99031,12
PSE,2023,4,98388,2103
PAC,2024,12,98930,659
Avista,2024,10,99216,1076
PSE,2021,3,98235,21
PSE,2022,5,98065,706
PSE,2021,2,98178,747
NWN,2023,1,98642,302
NWN,2025,1,97301,0
PSE,2024,7,98248,2324
PSE,2022,1,98166,745
PSE,2024,8,98230,1045
NWN,2023,4,98660,401
CNG,2024,4,98632,123
PSE,2021,4,98466,514
PSE,2023,3,98226,3450
Avista,2023,1,99151,9
Avista,2021,1,99012,47
CNG,2022,6,98383,161
PSE,2022,11,98443,54
PSE,2022,3,98040,886
PSE,2023,7,98039,74
PSE,2025,5,98371,123
PSE,2021,5,98502,2108
PSE,2025,2,98338,938
PSE,2023,11,98229,1700
NWN,2022,8,98601,0
PSE,2024,10,98589,571
Avista,2023,5,99141,326
PSE,2024,10,98421,7
PSE,2022,8,98056,2614
PSE,2021,9,98257,307
NWN,2022,7,98617,0
Avista,2022,11,99148,124
PSE,2021,1,98328,48
PSE,2023,10,98104,56
PSE,2021,3,98087,600
PSE,2022,6,98503,1401
Avista,2025,7,99102,34
PSE,2021,6,98274,909
PSE,2024,3,98385,29
Avista,2022,11,99185,54
PSE,2021,8,98294,282
Avista,2024,8,99217,639
NWN,2022,5,98686,763
NWN,2024,10,98666,0
PSE,2022,2,98266,451
PSE,2024,11,98327,525
Avista,2022,10,99008,14
PSE,2023,3,98501,3884
PSE,2024,2,98579,900
CNG,2023,6,98257,35
PSE,2021,12,98409,546
PSE,2021,9,98014,447
PSE,2025,3,98272,789
NWN,2024,11,98620,0
Avista,2022,4,99402,47
PSE,2024,1,98031,3212
PAC,2022,8,99361,102
Avista,2022,5,99148,132
PSE,2022,12,98203,878
CNG,2024,9,99323,18
PSE,2021,10,98144,1175
PSE,2022,9,98092,4249
PSE,2022,9,98346,639
PSE,2023,12,98346,678
NWN,2022,6,98666,0
PSE,2023,4,98252,71
PSE,2025,3,98396,55
PSE,2023,3,98116,552
PSE,2021,4,98117,481
PSE,2022,12,98404,1001
PAC,2024,10,98948,677
PSE,2025,2,98922,514
PAC,2022,9,98903,1590
PSE,2023,3,98375,1529
PSE,2022,5,98003,4682
CNG,2025,6,99344,183
Avista,2024,10,99371,15
CNG,2023,6,99362,808
CNG,2024,9,98367,292
PSE,2023,1,98251,50
PSE,2021,2,98042,2952
Avista,2024,1,99202,1073
Avista,2021,1,99009,88
PSE,2023,10,98418,562
PSE,2022,12,98233,809
Avista,2023,12,99005,171
PSE,2021,12,98074,1020
PSE,2021,2,98335,257
CNG,2024,4,99336,397
PSE,2024,11,98263,33
PSE,2023,9,98946,60
Avista,2022,8,99223,1192
PSE,2021,1,98058,2276
PAC,2024,2,99324,22
PSE,2025,3,98010,531
Avista,2025,4,99371,18
PSE,2025,5,98058,2940
PSE,2024,8,98284,1613
CNG,2023,5,98337,220
Avista,2025,6,99341,42
CNG,2023,12,98541,23
PSE,2023,2,98467,290
Avista,2021,12,99170,36
PSE,2024,2,98148,738
CNG,2023,1,98944,288
Avista,2022,2,99020,3
CNG,2023,3,98908,511
Avista,2024,1,99169,61
CNG,2022,4,98226,509
PSE,2022,12,98126,678
PSE,2022,7,98364,2
PSE,2022,4,98028,877
PSE,2025,2,98225,2915
PSE,2024,5,98360,848
Avista,2024,2,99201,1252
NWN,2023,10,98674,0
PSE,2023,2,98591,14
PSE,2023,11,98232,153
PSE,2021,5,98255,43
PSE,2022,1,98075,789
Avista,2023,9,99117,13
Avista,2025,4,99217,980
Avista,2021,1,99167,55
Avista,2023,10,99206,1463
PSE,2021,5,98070,579
PSE,2025,1,98591,8
PSE,2023,3,98922,809
PSE,2024,5,98028,1003
PSE,2021,8,98359,250
PSE,2023,1,98007,1718
PSE,2024,7,98383,1556
PSE,2022,7,98109,450
NWN,2023,4,98307,0
CNG,2023,5,98848,3
PSE,2022,9,98068,96
CNG,2022,10,99336,365
Avista,2024,2,99027,177
PSE,2023,7,98074,1019
PSE,2022,12,98311,2054
PSE,2024,8,98295,72
NWN,2024,10,98685,568
PSE,2024,1,98119,439
CNG,2022,9,98367,224
PSE,2021,10,98276,80
PSE,2024,10,98198,3236
PSE,2023,6,98946,51
Avista,2022,2,99014,2
Avista,2023,2,99134,27
PSE,2024,8,98311,1797
PSE,2021,11,98040,792
NWN,2022,5,98307,0
Avista,2022,3,99023,6
NWN,2023,1,98626,0
PSE,2021,3,98026,539
Avista,2022,7,99008,31
CNG,2023,5,99352,374
PSE,2024,5,98443,63
PSE,2022,5,98188,2144
PAC,2024,2,98904,1
PSE,2021,7,98323,38
PSE,2021,10,98047,918
PSE,2022,5,98230,1227
NWN,2024,1,98762,0
PSE,2021,2,98580,269
PSE,2022,4,98390,963
Avista,2022,11,99204,611
Avista,2024,8,99125,11
PSE,2024,11,98047,539
NWN,2024,1,98642,596
Avista,2024,3,98620,94
Avista,2023,2,99148,126
Avista,2023,7,99141,286
Avista,2021,5,99102,55
Avista,2024,4,99171,30
Avista,2022,9,99205,2320
PAC,2022,6,98953,641
CNG,2025,1,98295,37
Avista,2025,4,99009,71
CNG,2022,7,98310,613
Avista,2025,1,99203,465
PSE,2023,7,98121,164
NWN,2023,10,98604,537
Avista,2024,9,99159,41
PSE,2025,6,98028,980
PSE,2024,11,98591,14
CNG,2022,4,98626,71
CNG,2024,3,98802,28
PSE,2021,7,98443,531
PSE,2022,4,98276,83
PSE,2023,9,98252,246
PAC,2022,2,99324,572
CNG,2023,4,98801,93
NWN,2022,5,97388,0
PSE,2023,10,98345,43
Avista,2022,3,99158,15
NWN,2022,5,98685,829
Avista,2023,1,99181,135
PSE,2025,2,98360,758
Avista,2024,12,99224,664
PSE,2024,5,98446,425
PSE,2022,10,98498,1793
PSE,2023,12,98421,4
Avista,2023,5,99008,23
CNG,2022,9,98930,213
CNG,2024,1,98312,583
CNG,2022,4,98295,39
CNG,2024,6,98951,79
PSE,2021,6,98272,714
PSE,2023,9,98359,761
CNG,2024,2,99352,394
NWN,2023,10,98642,537
CNG,2023,2,98257,39
PSE,2022,6,98133,914
NWN,2024,6,98668,0
PSE,2023,2,98576,294
PSE,2022,9,98335,418
Avista,2023,8,99161,64
NWN,2024,10,98620,0
PSE,2024,12,98589,593
PSE,2022,1,98022,1808
PSE,2022,9,98126,748
PSE,2024,7,98121,144
NWN,2022,12,98648,0
PSE,2022,12,98115,985
Avista,2022,6,99144,0
Avista,2022,2,99004,165
Avista,2025,3,99206,1537
PSE,2021,2,98058,2626
PSE,2023,11,98248,2192
Avista,2025,2,99181,122
NWN,2025,4,98604,1099
PSE,2022,3,98026,716
CNG,2025,6,98284,400
Avista,2023,2,99128,8
Avista,2023,10,99125,18
NWN,2022,4,98119,0
PSE,2024,12,98248,2203
PAC,2025,2,98904,1
Avista,2024,1,99004,149
Avista,2025,1,99137,34
Avista,2021,2,99128,15
PAC,2025,1,99329,19
PSE,2024,11,98922,518
PSE,2021,11,98012,1336
NWN,2022,1,98762,0
PSE,2022,6,98433,532
PAC,2025,2,98937,389
Avista,2024,3,99012,43
PSE,2021,7,98499,1588
Avista,2024,4,99151,14
Avista,2021,12,99107,0
PAC,2022,3,98937,420
Avista,2025,2,99034,10
Avista,2021,3,98857,2
CNG,2022,12,98221,448
CNG,2024,8,98282,32
PSE,2024,8,98050,4
CNG,2022,1,99352,238
PSE,2023,2,98290,228
PSE,2021,5,98249,192
PSE,2022,7,98201,970
PSE,2023,5,98503,3810
PSE,2022,9,98337,878
PAC,2024,6,98603,1
PSE,2021,12,98024,249
PSE,2021,12,98424,234
PAC,2022,5,98903,1715
PSE,2024,5,98034,3003
Avista,2023,6,99158,19
Avista,2025,6,98620,99
PSE,2021,7,98237,433
PSE,2021,1,98039,56
CNG,2022,11,99323,18
Avista,2023,6,99161,58
Avista,2023,10,99104,0
PSE,2022,12,98327,535
NWN,2023,5,98642,1004
PSE,2021,7,98512,1240
Avista,2021,10,99169,78
PSE,2025,2,98121,161
PSE,2024,1,98277,3292
NWN,2022,10,98648,0
PSE,2025,5,98335,49
PSE,2025,4,98220,50
PSE,2023,12,98264,1591
PSE,2023,3,98257,400
PAC,2022,3,99324,609
CNG,2024,5,98232,7
CNG,2023,7,98276,28
PSE,2023,6,98576,509
CNG,2023,2,98801,87
PAC,2024,10,98939,18
Avista,2023,2,99223,1366
NWN,2024,4,98684,1054
Avista,2022,2,99217,1077
PSE,2022,11,98392,191
PSE,2023,6,98119,537
PSE,2025,4,98053,605
PSE,2022,10,98589,550
PSE,2022,2,98335,389
Avista,2022,8,99158,13
PSE,2023,12,98043,442
PSE,2021,9,98030,2619
PSE,2021,8,98108,1012
NWN,2024,3,98682,2362
Avista,2023,9,99131,5
PSE,2025,1,98329,3
Avista,2021,1,99032,35
PSE,2023,7,98014,249
PSE,2024,4,98220,54
PSE,2024,12,98029,1602
NWN,2022,1,98626,0
PSE,2025,3,98257,437
PSE,2022,3,98199,506
Avista,2023,7,99159,38
Avista,2021,6,99203,592
PSE,2021,11,98366,2714
Avista,2022,7,99176,10
PSE,2023,3,98247,618
Avista,2022,3,99206,1485
PSE,2024,8,98251,107
PSE,2021,3,98531,370
PSE,2022,8,98272,742
PSE,2022,3,98119,495
PSE,2024,1,98238,5
PSE,2024,7,98055,1968
Avista,2023,10,99128,9
CNG,2022,1,98632,102
PSE,2023,2,98068,97
CNG,2023,2,98584,146
PSE,2023,2,98391,3119
Avista,2023,11,99223,1415
PSE,2023,12,98230,1325
Avista,2025,2,99159,35
NWN,2022,10,97301,0
PSE,2024,4,98177,442
PSE,2024,1,98042,3368
CNG,2022,9,98337,243
CNG,2022,1,98942,124
CNG,2023,4,98284,363
Avista,2023,8,99207,1969
PSE,2023,2,98039,68
Avista,2022,4,99026,70
PSE,2021,7,98077,222
PSE,2022,10,98019,350
PSE,2021,3,98019,277
PSE,2021,2,98047,459
CNG,2023,9,98223,406
PSE,2022,6,98092,3590
CNG,2022,9,98908,538
CNG,2024,6,98908,598
Avista,2024,6,99039,8
PAC,2022,2,98935,204
PSE,2023,7,98292,53
PSE,2024,10,98271,509
Avista,2021,9,99012,42
PSE,2021,9,98042,2734
Avista,2022,10,99335,0
PSE,2021,6,98136,367
CNG,2023,2,98948,221
NWN,2022,12,98629,172
Avista,2025,1,99207,1883
Avista,2021,6,99114,550
Avista,2023,1,99001,179
PSE,2021,9,98288,30
PSE,2023,7,98002,3948
Avista,2023,7,99019,468
Avista,2025,5,99019,496
PAC,2025,6,98935,220
Avista,2021,2,99131,3
PSE,2021,8,98375,1228
Avista,2024,7,99037,281
Avista,2022,1,99128,14
Avista,2023,1,99104,1
PSE,2021,12,98576,434
Avista,2021,12,99009,78
PSE,2022,11,98260,327
PSE,2022,4,98252,260
Avista,2024,6,99224,727
PSE,2024,6,98092,3993
Avista,2021,8,99033,35
Avista,2023,4,99146,3
NWN,2024,5,98671,614
Avista,2023,8,99111,88
PSE,2021,11,98346,427
PSE,2021,7,98272,697
PSE,2022,8,98220,39
PAC,2024,2,98923,604
NWN,2023,5,98662,1276
PSE,2024,6,98177,452
PAC,2024,2,99328,141
PSE,2024,11,98512,2275
Avista,2022,7,99202,1316
PSE,2021,2,98576,456
Avista,2023,3,99212,988
PSE,2021,10,98058,2340
Avista,2022,6,99217,979
Avista,2021,10,99103,18
CNG,2022,8,98951,65
NWN,2022,6,98648,0
CNG,2022,12,99338,77
PSE,2023,8,98106,683
PSE,2022,11,98506,1371
PSE,2022,4,98039,72
Avista,2023,7,99101,89
PSE,2024,3,98014,525
PSE,2022,12,98034,2530
PSE,2023,10,98258,1781
Avista,2025,1,99027,276
CNG,2022,2,98908,507
PSE,2024,11,98006,1333
Avista,2025,5,99157,57
Avista,2023,2,99151,14
Avista,2025,7,99131,3
CNG,2023,10,98801,77
PSE,2025,6,98014,227
PSE,2025,6,98008,857
PSE,2025,3,98022,1850
PSE,2021,8,98104,44
PSE,2023,10,98281,446
PSE,2021,11,98005,982
NWN,2025,4,98639,47
PSE,2022,6,98199,523
NWN,2025,6,98671,582
PAC,2025,2,98908,3938
PSE,2021,12,98264,1141
PSE,2023,10,98579,826
PSE,2022,7,98342,131
PSE,2024,4,98235,21
PSE,2023,3,98391,3038
PSE,2021,2,98260,288
PSE,2025,6,98430,4040
Avista,2024,7,99156,0
PSE,2024,5,98074,902
Avista,2021,7,99032,32
PSE,2023,1,98144,1189
PSE,2021,3,98008,643
PSE,2024,12,98023,3930
NWN,2024,11,98604,561
NWN,2023,12,98601,0
PSE,2023,1,98257,366
CNG,2023,10,98233,444
PSE,2022,5,98121,129
PSE,2023,10,98198,3568
Avista,2025,6,98857,1
NWN,2024,8,98684,747
Avista,2021,7,99102,44
PSE,2024,1,98925,78
PSE,2025,5,98208,1238
Avista,2023,8,99023,11
CNG,2025,4,98232,8
Avista,2021,12,98648,36
CNG,2022,2,98383,173
PSE,2023,8,98232,193
PAC,2024,1,98935,217
PSE,2022,4,98258,1813
Avista,2024,8,99148,108
CNG,2022,2,98801,83
Avista,2023,9,99205,2251
PSE,2023,10,98277,3218
Avista,2024,8,99163,1305
CNG,2023,11,98584,156
Avista,2024,9,99216,1111
PSE,2021,6,98208,1070
PSE,2021,9,98240,195
PSE,2021,7,98359,249
CNG,2025,4,99323,19
PSE,2021,3,98133,561
Avista,2024,7,98648,28
Avista,2025,5,99023,7
PSE,2023,2,98104,51
PSE,2021,11,98466,80
PSE,2021,4,98396,19
Avista,2024,11,99103,19
NWN,2023,9,98610,39
Avista,2022,4,99138,130
CNG,2024,8,99323,13
Avista,2022,12,99005,155
CNG,2022,9,99352,343
PSE,2021,6,98155,527
PSE,2022,4,98255,42
PAC,2022,3,99360,55
CNG,2022,5,98584,176
CNG,2024,2,98223,457
PSE,2024,6,98045,816
PSE,2024,1,98177,462
Avista,2023,11,99176,4
NWN,2024,4,98127,0
PSE,2024,5,98077,212
Avista,2022,3,99171,24
PSE,2023,4,98512,2472
Avista,2024,11,99104,0
PSE,2025,4,98579,875
PSE,2022,11,98274,1106
PSE,2022,8,98404,1008
PSE,2025,3,98029,1542
CNG,2024,8,98248,490
PSE,2021,7,98288,33
PSE,2022,11,98247,568
NWN,2023,11,98662,664
NWN,2023,2,98612,0
PSE,2022,3,98506,1481
PSE,2024,7,98580,453
PAC,2022,1,98937,312
CNG,2023,1,98524,7
PSE,2022,6,98373,1792
Avista,2023,8,99143,17
Avista,2024,12,99019,427
PAC,2022,3,99347,181
PAC,2022,2,99348,50
PAC,2022,4,98923,145
PSE,2022,9,98360,723
Avista,2024,7,99179,17
PSE,2021,6,98224,26
Avista,2023,5,99026,88
PSE,2022,8,98012,1355
PSE,2022,12,98247,548
PSE,2024,11,98034,3214
PSE,2023,7,98052,3837
PSE,2023,12,98335,421
PSE,2025,5,98118,1708
CNG,2024,10,99338,109
PSE,2024,6,98237,514
PSE,2022,12,98112,786
PSE,2023,2,98532,183
PSE,2023,12,98019,419
PSE,2022,7,98011,1402
NWN,2023,5,98639,53
PSE,2022,5,98391,2848
CNG,2023,5,99337,157
PSE,2021,10,98075,752
PSE,2022,11,98047,535
PSE,2025,5,98040,922
CNG,2022,4,98310,561
PSE,2022,7,98433,589
Avista,2025,9,99126,60
Avista,2024,6,99201,1305
Avista,2024,8,99185,54
PSE,2024,3,98126,716
PAC,2024,3,99323,268
NWN,2025,6,97031,0
NWN,2023,6,98119,0
Avista,2021,12,99171,24
PSE,2022,12,98004,2321
PSE,2021,5,98270,1872
PSE,2023,9,98281,488
PSE,2025,3,98028,1012
PSE,2023,8,98568,1
PSE,2023,3,98946,43
Avista,2024,1,99217,863
CNG,2022,11,98901,311
PSE,2021,6,98591,13
Avista,2024,5,99022,179
NWN,2022,2,98666,0
PSE,2024,4,98370,1990
PSE,2023,5,98272,519
PSE,2022,10,98092,4042
PSE,2025,1,98021,595
Avista,2024,12,99103,20
Avista,2024,7,99220,0
CNG,2023,3,99336,383
Avista,2024,1,99125,16
Avista,2024,1,99206,1457
CNG,2024,4,98257,54
NWN,2022,2,98617,0
PSE,2022,10,98439,510
Avista,2023,10,99167,35
CNG,2024,5,99350,64
Avista,2025,2,99022,152
PSE,2025,4,98008,971
PSE,2024,9,98271,526
Avista,2025,8,99146,3
NWN,2024,7,98620,0
PSE,2024,5,98110,1480
Avista,2022,3,99159,35
PSE,2023,10,98409,705
NWN,2024,12,98675,0
PSE,2024,1,98926,365
PSE,2021,10,98373,1638
PSE,2023,1,98019,309
Avista,2023,8,99203,529
CNG,2024,9,98271,112
CNG,2024,8,99353,33
PSE,2022,7,98101,48
NWN,2024,11,98606,47
Avista,2023,8,99169,69
Avista,2024,10,99260,0
Avista,2021,2,99029,32
CNG,2023,1,98848,10
Avista,2023,5,99022,196
Avista,2024,8,99167,35
PSE,2023,4,98275,1162
PSE,2021,5,98155,501
PSE,2024,3,98255,58
NWN,2023,1,98684,783
PSE,2022,2,98075,820
PSE,2023,9,98591,15
PSE,2023,7,98126,763
PSE,2022,3,98940,209
Avista,2022,5,99019,453
CNG,2025,4,98674,48
Avista,2022,4,99037,282
PSE,2021,4,98070,530
CNG,2023,6,98221,458
PSE,2022,12,98038,1762
PAC,2024,10,98944,1536
PSE,2025,6,98208,1156
NWN,2022,6,98682,2430
NWN,2023,3,98125,0
Avista,2022,1,99174,3
PSE,2023,7,98465,116
PSE,2021,6,98332,227
PSE,2025,5,98188,2
PSE,2021,11,98568,1
PSE,2022,9,98267,41
PSE,2022,2,98026,792
PSE,2025,6,98224,27
Avista,2024,2,98857,3
PSE,2021,6,98248,1891
PSE,2023,5,98208,680
PSE,2022,8,98247,509
CNG,2025,6,98563,39
CNG,2022,1,99354,132
PSE,2021,5,98516,1777
PSE,2025,5,98116,595
CNG,2022,2,98257,39
Avista,2023,3,99371,14
NWN,2025,5,98601,0
Avista,2023,9,99013,119
PSE,2023,6,98236,24
CNG,2025,4,98366,667
PSE,2023,3,98271,500
NWN,2022,4,97388,0
NWN,2023,10,98620,0
PSE,2023,2,98220,50
PSE,2021,3,98168,821
PSE,2024,5,98249,289
PAC,2024,9,99362,1868
CNG,2022,9,98951,79
PSE,2024,11,98580,362
Avista,2022,4,99023,7
Avista,2023,12,99206,1477
Avista,2021,7,99138,153
PAC,2024,4,98937,459
PSE,2022,4,98021,565
PSE,2021,12,98059,1594
PSE,2024,11,98037,705
NWN,2024,1,98605,19
PSE,2022,7,98050,23
PAC,2022,1,98939,20
CNG,2025,5,98903,189
CNG,2024,12,99337,158
PSE,2024,7,98421,5
Avista,2023,9,99402,51
Avista,2022,12,99201,1121
PSE,2025,2,98513,2763
Avista,2025,4,99170,32
PSE,2021,10,98288,31
CNG,2022,8,98273,396
Avista,2021,5,99031,27
PAC,2024,7,98930,828
Avista,2024,4,99033,32
CNG,2025,2,98528,18
PSE,2022,2,98340,88
PSE,2022,6,98328,35
PSE,2024,4,98188,2243
PSE,2021,9,98444,60
PSE,2021,5,98943,69
PSE,2023,5,98255,86
Avista,2025,8,99161,66
PSE,2022,2,98103,1061
PSE,2022,5,98008,861
PSE,2022,1,98087,786
CNG,2025,3,98520,154
Avista,2025,9,99138,136
PSE,2021,8,98296,447
CNG,2024,8,98244,3
Avista,2023,10,99023,16
PSE,2021,7,98024,233
PSE,2022,4,98092,4307
Avista,2021,7,99216,1111
PSE,2024,7,98406,744
Avista,2021,11,99005,166
PSE,2024,6,98052,4218
PSE,2023,4,98371,1984
NWN,2025,2,98682,2213
PSE,2023,5,98337,445
PSE,2023,9,98465,126
PSE,2022,1,98257,382
PAC,2025,1,98930,763
PAC,2022,8,98937,350
CNG,2022,5,98244,1
PSE,2022,7,98252,262
CNG,2023,8,98901,337
PSE,2021,4,98576,389
Avista,2024,2,99171,28
PSE,2025,6,98310,2386
Avista,2023,5,99031,20
Avista,2022,3,99126,57
NWN,2023,11,98026,0
PSE,2021,2,98101,32
Avista,2023,8,99122,83
PSE,2023,12,98941,150
Avista,2024,2,99228,0
Avista,2023,8,99131,5
PSE,2024,1,98039,68
PSE,2023,5,98284,56
PAC,2024,1,98930,897
NWN,2023,9,98601,0
NWN,2025,4,98606,71
PSE,2021,2,98466,590
CNG,2025,1,98524,5
PSE,2022,9,98467,256
NWN,2024,7,97031,0
NWN,2025,3,98639,45
PSE,2022,9,98077,204
NWN,2023,4,98665,929
Avista,2021,10,99134,30
PSE,2023,3,98010,502
Avista,2023,6,99181,111
Avista,2023,12,99224,743
PAC,2022,1,98948,722
PSE,2022,4,98439,66
Avista,2022,4,99101,75
Avista,2023,6,99228,0
Avista,2023,4,99207,2399
Avista,2025,4,98648,27
NWN,2025,6,98665,752
PAC,2024,12,98952,66
PSE,2024,5,98579,891
PSE,2021,9,98223,56
CNG,2022,10,98277,303
Avista,2024,7,98620,93
PSE,2022,5,98105,711
PSE,2023,1,98353,2
PSE,2023,1,98239,299
Avista,2025,1,99102,32
PSE,2022,6,98439,60
CNG,2023,6,98276,25
Avista,2022,10,99228,0
NWN,2022,6,98663,354
CNG,2024,1,99352,308
PAC,2024,12,99348,33
CNG,2023,1,98930,243
PSE,2021,10,98430,1
NWN,2024,3,98639,43
PSE,2024,2,98045,771
PSE,2021,6,98059,1649
CNG,2024,4,99353,39
PSE,2025,6,98371,123
PSE,2021,3,98274,875
PSE,2022,4,98024,294
Avista,2021,7,99218,596
Avista,2024,2,99159,41
Avista,2022,9,99111,90
Avista,2025,2,99039,7
Avista,2025,7,99021,227
CNG,2024,6,98848,12
NWN,2023,11,98601,0
Avista,2022,3,99037,274
NWN,2022,11,98666,0
Avista,2023,4,99208,2590
NWN,2025,6,98661,800
PSE,2023,12,98244,271
Avista,2022,11,99371,12
Avista,2022,4,98620,88
PSE,2022,3,98941,197
PSE,2022,11,98366,2810
PSE,2025,4,98359,46
CNG,2022,11,98284,294
PSE,2024,5,98258,1696
PSE,2025,5,98007,2066
PSE,2022,6,98001,1949
PSE,2021,3,98074,830
Avista,2025,8,99371,18
PSE,2024,10,98117,868
PSE,2024,5,98105,853
PSE,2024,1,98199,472
PSE,2022,7,98264,1197
Avista,2024,4,99037,311
PSE,2022,12,98229,1452
Avista,2023,4,99219,0
PSE,2023,8,98237,466
CNG,2024,6,99353,45
Avista,2022,12,99335,0
PSE,2024,10,98281,183
PSE,2022,9,98941,177
Avista,2021,12,99034,5
Avista,2023,11,99148,145
PSE,2023,12,98292,60
PSE,2022,5,98294,243
PSE,2024,7,98332,293
PSE,2021,12,98109,444
Avista,2025,9,99101,86
CNG,2022,11,98953,61
PSE,2023,8,98512,2218
Avista,2021,11,99223,1398
CNG,2025,3,98345,2
PSE,2023,6,98530,61
PAC,2025,4,99347,218
CNG,2023,4,98230,460
CNG,2024,2,98271,117
PAC,2024,9,98944,1420
CNG,2024,8,98221,413
PSE,2023,1,98374,2633
PSE,2024,11,98022,1242
Avista,2023,8,99224,725
PSE,2024,11,98274,1083
CNG,2022,6,98942,159
CNG,2024,6,99337,169
CNG,2025,3,98248,562
NWN,2022,8,98660,317
PSE,2024,7,98402,43
Avista,2022,6,99201,1243
Avista,2024,4,99134,28
Avista,2022,1,99205,2328
PAC,2025,1,99328,336
PSE,2021,9,98002,4083
Avista,2023,3,99202,1522
NWN,2025,2,98119,0
PSE,2023,6,98005,1047
PSE,2022,9,98276,90
NWN,2022,11,98606,29
PSE,2022,6,98597,2257
PSE,2022,12,98226,3216
Avista,2023,1,99027,277
PSE,2022,12,98443,63
CNG,2022,10,98229,368
CNG,2023,2,99338,89
Avista,2024,1,99110,20
Avista,2022,6,99134,28
PSE,2021,5,98446,266
CNG,2023,5,98220,8
PSE,2021,3,98204,486
Avista,2021,10,99218,610
PSE,2025,1,98010,521
CNG,2022,11,98611,10
PSE,2023,4,98446,384
Avista,2025,2,99104,0
Avista,2023,3,99111,124
PSE,2021,9,98112,686
PSE,2025,2,98023,4150
Avista,2025,8,99137,37
NWN,2022,9,97031,0
Avista,2024,6,99149,17
Avista,2023,3,99167,26
PSE,2024,4,98946,43
Avista,2023,4,99403,759
Avista,2024,2,99141,257
PSE,2021,3,98236,260
PSE,2022,6,98208,1122
PSE,2024,2,98375,1623
Avista,2022,5,99005,153
PSE,2022,2,98021,602
PSE,2023,1,98115,736
PSE,2021,4,98033,1044
Avista,2022,11,99207,1981
Avista,2021,3,99208,2442
NWN,2025,1,98661,576
Avista,2023,1,99208,2713
PSE,2024,4,98408,927
PSE,2025,1,98125,564
Avista,2024,7,99004,170
PSE,2023,5,98925,84
NWN,2023,3,98675,0
Avista,2024,7,99141,262
PSE,2025,6,98102,551
PSE,2024,5,98026,736
PSE,2021,7,98946,32
Avista,2025,6,99009,81
PSE,2023,12,98312,3301
Avista,2023,6,99403,675
CNG,2022,2,98520,140
NWN,2024,8,98601,0
CNG,2022,4,99352,299
Avista,2022,6,99216,1237
PSE,2024,5,98008,898
Avista,2024,5,99031,20
PSE,2023,5,98178,504
Avista,2022,5,99034,6
CNG,2023,6,99354,198
Avista,2024,8,99208,2045
PSE,2023,3,98011,1343
PAC,2022,8,98953,615
PSE,2024,8,98375,1524
NWN,2024,9,98671,353
PSE,2023,6,98342,102
PSE,2023,6,98402,44
Avista,2024,9,99110,24
CNG,2022,12,98310,584
Avista,2021,6,99019,394
PSE,2022,11,98321,850
PSE,2025,1,98003,5508
Avista,2022,10,99012,42
CNG,2024,3,98226,551
PSE,2022,5,98327,453
CNG,2023,3,99354,157
CNG,2025,3,99353,48
Avista,2022,12,99260,0
PSE,2021,10,98294,303
PSE,2021,9,98039,77
Avista,2022,2,99176,2
Avista,2023,4,99036,4
Avista,2024,10,99103,13
PSE,2023,10,98077,225
Avista,2022,6,99223,1410
Avista,2024,10,99402,44
NWN,2022,7,98685,977
PAC,2025,5,98953,759
CNG,2022,5,99323,19
CNG,2023,10,98625,21
CNG,2023,7,98233,458
PSE,2022,1,98055,2003
PSE,2021,5,98238,2
PSE,2024,9,98237,416
PSE,2024,11,98070,663
PSE,2024,12,98235,17
Avista,2023,8,99202,1017
NWN,2023,3,98604,839
PSE,2021,4,98531,369
NWN,2023,3,98607,1125
PSE,2025,6,98104,55
PSE,2024,7,98038,1940
PSE,2023,10,98271,551
PSE,2025,4,98321,1024
PSE,2022,1,98251,45
PSE,2024,7,98198,3281
CNG,2024,9,98229,403
CNG,2024,3,98903,179
CNG,2022,7,98632,135
PSE,2023,3,98267,38
PSE,2023,11,98941,78
PAC,2022,5,98938,187
PSE,2021,10,98042,2675
PSE,2021,4,98057,1353
CNG,2022,9,98312,629
Avista,2021,5,99128,13
Avista,2021,10,99117,19
PSE,2023,3,98026,723
Avista,2025,2,99403,721
NWN,2024,10,98675,0
Avista,2023,9,99027,318
Avista,2025,5,99174,6
CNG,2023,1,98223,339
Avista,2021,8,99173,129
PSE,2025,5,98021,621
PSE,2025,2,98047,568
Avista,2025,3,99011,0
Avista,2024,12,99169,58
NWN,2022,1,97301,0
PSE,2021,7,98058,2420
PSE,2025,5,98203,882
PSE,2023,12,98042,3492
Avista,2025,5,99114,580
PSE,2021,12,98051,198
NWN,2022,1,98662,685
Avista,2022,11,99335,0
PSE,2021,6,98105,858
Avista,2023,5,99185,66
NWN,2022,5,98612,0
CNG,2024,4,99344,167
CNG,2024,5,98801,87
CNG,2024,8,98273,395
PSE,2021,6,98003,3900
PSE,2024,2,98597,2505
PSE,2022,11,98102,488
NWN,2024,5,98026,0
Avista,2023,5,99138,140
PSE,2024,10,98255,28
PSE,2023,10,98531,500
NWN,2025,2,98026,0
PSE,2023,2,98203,935
CNG,2023,1,98311,472
PSE,2025,1,98445,1084
CNG,2024,10,99337,154
PSE,2023,4,98332,3
CNG,2024,7,98292,201
Avista,2023,12,98620,85
PAC,2024,4,98947,373
PSE,2024,3,98055,2322
PSE,2023,3,98272,781
CNG,2022,6,98257,41
PSE,2024,8,98934,98
PSE,2021,9,98406,702
PSE,2023,8,98134,22
PSE,2024,3,98008,855
PSE,2023,7,98260,321
PSE,2025,1,98380,285
Avista,2025,1,99212,1210
PSE,2024,8,98006,1283
CNG,2022,6,99324,166
PSE,2025,2,98372,2142
CNG,2023,7,98948,219
CNG,2022,11,98942,152
CNG,2022,4,98282,33
Avista,2024,7,99402,39
PSE,2025,1,98408,946
PSE,2023,8,98075,701
NWN,2023,5,98648,0
Avista,2023,10,99146,2
PAC,2025,4,98932,592
NWN,2023,2,98119,0
NWN,2024,1,98674,0
PSE,2022,7,98058,2682
PSE,2024,10,98028,986
Avista,2024,9,99022,198
PSE,2021,1,98221,1510
PSE,2021,5,98116,388
PSE,2024,1,98102,507
PSE,2021,3,98011,942
PSE,2024,12,98409,711
CNG,2023,6,98383,204
Avista,2023,4,99217,1004
CNG,2023,3,98220,8
NWN,2022,11,98601,0
CNG,2024,11,98632,109
Avista,2021,11,99171,30
PSE,2022,1,98408,967
PAC,2025,4,98901,3182
PSE,2025,1,98112,674
CNG,2023,8,98520,164
NWN,2023,2,98605,25
Avista,2024,5,99403,800
PSE,2022,7,98284,1678
Avista,2021,10,99201,1283
PSE,2024,2,98233,1057
CNG,2023,6,98903,144
Avista,2021,2,99023,11
Avista,2025,7,99146,4
Avista,2021,4,99141,270
PSE,2021,4,98943,59
PSE,2024,7,98104,42
PSE,2021,1,98407,570
CNG,2022,1,98274,190
Avista,2024,2,99021,242
PAC,2024,11,99348,24
PSE,2025,5,98273,2315
Avista,2023,2,99019,352
PSE,2024,7,98499,693
PSE,2021,12,98166,657
Avista,2022,12,99216,1162
PSE,2023,9,98275,385
Avista,2022,2,98648,29
PSE,2022,11,98558,11
NWN,2025,3,98662,1164
PSE,2021,12,98941,82
PSE,2024,12,98934,129
Avista,2023,8,99173,128
PSE,2023,3,98125,545
PSE,2025,2,98122,1434
PSE,2023,9,98251,122
PSE,2024,12,98201,1040
CNG,2024,4,98244,2
PSE,2022,10,98057,1676
PSE,2025,6,98421,4
Avista,2023,11,99181,128
NWN,2023,8,98663,227
Avista,2023,12,99179,24
CNG,2024,11,98903,164
NWN,2022,3,98662,1095
PSE,2023,7,98229,1688
PSE,2022,9,98188,2206
NWN,2023,6,98026,0
PSE,2024,3,98038,1937
PSE,2023,9,98374,2920
PSE,2021,7,98568,1
CNG,2022,10,99362,801
NWN,2022,1,98307,0
PSE,2021,6,98178,706
PSE,2022,8,98465,114
CNG,2024,8,98632,111
Avista,2021,5,99111,136
PSE,2022,10,98403,292
NWN,2022,10,98663,212
Avista,2023,12,99012,50
PSE,2021,1,98033,1027
PSE,2025,2,98247,602
PSE,2022,12,98020,342
Avista,2023,5,99125,28
PAC,2024,12,99328,250
Avista,2023,8,99040,81
Avista,2022,7,99212,1401
PAC,2022,2,98902,4391
Avista,2021,11,99163,1422
NWN,2022,3,98620,0
PSE,2021,10,98327,452
PSE,2023,2,98375,1525
PSE,2022,12,98354,171
PSE,2021,9,98118,1395
PSE,2024,8,98110,1445
CNG,2024,2,98295,35
PAC,2022,5,99328,425
PSE,2021,3,98388,111
Avista,2023,3,99148,142
PSE,2023,11,98053,373
PSE,2023,10,98922,784
NWN,2025,3,98663,272
CNG,2024,2,98276,26
PSE,2021,12,98370,1720
CNG,2023,8,98274,246
PSE,2021,8,98498,251
CNG,2024,2,98370,113
Avista,2024,9,99206,1273
PSE,2023,11,98926,345
PSE,2023,7,98040,904
PSE,2024,8,98247,480
PSE,2022,7,98591,16
Avista,2022,12,99402,51
PSE,2021,10,98029,1510
PSE,2025,5,98506,1465
PSE,2021,10,98385,17
PSE,2022,1,98940,54
PSE,2022,7,98370,1807
PSE,2022,9,98374,2439
PSE,2025,5,98221,1619
PSE,2024,10,98022,1703
PSE,2023,11,98596,20
PSE,2022,4,98047,522
Avista,2024,9,98620,81
PSE,2022,9,98264,1272
Avista,2024,6,99016,890
CNG,2024,5,98903,140
PAC,2024,9,99328,276
PSE,2023,9,98329,5
PSE,2022,6,98050,17
CNG,2024,12,98902,1335
NWN,2023,2,98648,0
Avista,2025,1,99141,250
PSE,2021,5,98367,1468
PSE,2021,11,98558,12
NWN,2022,2,97301,0
PSE,2025,1,98119,510
PSE,2024,9,98342,105
Avista,2023,9,99202,1103
PAC,2024,3,98930,1051
PSE,2021,1,98276,64
PSE,2024,11,98558,24
NWN,2024,5,98642,900
PSE,2021,6,98237,418
CNG,2023,2,98541,26
PSE,2024,11,98284,1799
Avista,2025,8,99103,23
PSE,2022,2,98371,1543
CNG,2024,5,98274,280
PSE,2024,12,98178,823
PSE,2021,8,98255,35
PSE,2021,4,98028,613
PAC,2024,3,98902,5030
PSE,2023,11,98040,942
CNG,2023,12,98932,58
CNG,2023,11,98247,109
PSE,2023,9,98070,634
Avista,2022,2,99031,26
PSE,2024,9,98338,948
CNG,2022,11,98903,152
CNG,2023,4,98524,6
Avista,2023,5,99181,116
Avista,2025,1,99185,50
PSE,2023,12,98026,783
CNG,2023,11,98230,397
Avista,2024,11,99004,190
PSE,2024,9,98105,770
NWN,2024,7,98660,345
Avista,2023,4,99030,31
PSE,2023,11,98204,666
Avista,2024,5,99218,608
Avista,2023,3,99216,1012
PAC,2022,8,98936,384
PSE,2023,2,98188,2226
Avista,2024,10,98620,79
PAC,2025,5,98903,2505
PSE,2021,10,98934,89
CNG,2024,8,98951,69
CNG,2023,9,98248,512
PSE,2024,11,98530,84
PAC,2024,4,98944,2064
PSE,2024,8,98424,275
NWN,2022,9,98610,45
Avista,2023,7,99171,40
PSE,2025,6,98290,427
Avista,2021,5,99341,48
NWN,2025,2,98664,558
PSE,2021,5,98388,132
PSE,2023,5,98262,366
CNG,2022,9,98257,40
Avista,2023,12,99020,1
PSE,2022,7,98021,620
PSE,2024,6,98252,270
PAC,2024,11,99324,414
PSE,2021,10,98240,230
PSE,2021,8,98037,595
NWN,2022,1,98620,0
PSE,2021,12,98045,787
CNG,2024,7,98276,27
PSE,2023,9,98532,196
PSE,2025,3,98006,1358
CNG,2022,10,98221,471
NWN,2025,4,98642,549
PSE,2021,10,98040,811
PSE,2023,1,98532,166
CNG,2024,9,98310,561
PSE,2025,6,98108,936
PSE,2022,3,98499,678
NWN,2024,9,98682,1637
PSE,2021,8,98053,536
PSE,2023,1,98230,1239
PSE,2024,6,98037,650
Avista,2024,11,99128,7
PSE,2024,8,98367,1628
PSE,2021,7,98168,1003
NWN,2023,6,98675,0
PSE,2024,4,98178,815
CNG,2022,6,98244,2
PSE,2025,4,98024,291
PSE,2021,11,98201,942
PSE,2025,6,98338,11
PSE,2023,9,98033,1800
PSE,2024,12,98045,816
PSE,2023,11,98589,533
PSE,2022,7,98116,558
PSE,2021,3,98262,112
Avista,2024,7,99022,153
CNG,2022,1,99362,565
CNG,2022,12,99362,684
PSE,2023,7,98122,1417
Avista,2023,7,99205,2217
Avista,2023,3,99223,1070
CNG,2022,3,98337,222
CNG,2023,11,98611,15
PSE,2025,1,98367,1760
Avista,2022,5,99134,23
Avista,2024,7,99216,1070
PSE,2021,2,98321,822
NWN,2024,4,98629,240
PSE,2022,3,98272,734
PSE,2021,1,98568,1
PSE,2023,5,98439,548
CNG,2024,12,98932,50
NWN,2023,2,98601,0
Avista,2023,2,99014,2
PSE,2021,12,98236,325
PSE,2024,4,98119,439
PSE,2023,4,98106,678
PSE,2023,5,98024,267
Avista,2023,6,99170,48
CNG,2024,12,98274,277
Avista,2022,12,99137,37
Avista,2024,9,99148,115
Avista,2021,2,99179,25
CNG,2023,10,98908,542
PSE,2022,6,98530,515
Avista,2021,1,99149,12
PSE,2023,6,98058,2765
PSE,2021,11,98391,2626
Avista,2022,4,99005,144
Avista,2022,12,99371,16
PAC,2024,10,98908,2954
PSE,2023,4,98408,712
Avista,2023,6,99138,122
NWN,2022,6,98639,45
NWN,2023,12,98660,102
CNG,2025,3,98274,290
PSE,2021,5,98342,95
PSE,2025,6,98030,3409
Avista,2024,2,99109,167
CNG,2022,3,98248,345
Avista,2022,6,99218,625
PSE,2023,9,98019,440
Avista,2025,5,99185,58
PSE,2021,5,98166,699
NWN,2024,12,98642,648
PSE,2021,3,98077,167
PSE,2021,9,98404,946
PSE,2022,5,98107,560
PSE,2022,1,98103,1010
NWN,2023,10,98601,0
PSE,2023,5,98388,2118
CNG,2023,2,98264,602
PSE,2021,10,98443,535
Avista,2025,1,99040,59
CNG,2025,2,98626,30
NWN,2025,4,98125,0
PSE,2024,10,98237,458
PSE,2023,9,98092,4505
PSE,2023,12,98391,3182
PSE,2022,7,98105,916
PSE,2022,12,98506,1384
PSE,2022,6,98465,625
Avista,2022,8,99144,0
PSE,2023,1,98501,3911
Avista,2022,1,99008,12
PSE,2021,12,98516,2164
Avista,2023,8,99157,47
Avista,2021,2,99022,259
Avista,2023,12,99148,161
PSE,2024,3,98240,261
PSE,2021,2,98263,16
PSE,2024,1,98198,3694
PSE,2022,4,98467,1887
Avista,2023,3,99403,742
CNG,2024,8,98337,204
CNG,2025,1,98584,169
PSE,2023,9,98056,2885
Avista,2025,5,99151,8
NWN,2023,12,98665,224
Avista,2025,3,99006,229
PSE,2024,1,98354,197
PSE,2024,8,98249,259
PSE,2023,12,98024,287
PSE,2023,2,98424,287
PSE,2023,8,98576,486
PSE,2023,6,98407,640
Avista,2025,4,99344,545
PSE,2022,9,98031,2882
PSE,2023,10,98276,109
PSE,2025,6,98422,48
Avista,2022,11,99138,127
PSE,2024,3,98466,588
PSE,2024,4,98390,1054
PSE,2022,5,98941,85
PSE,2022,3,98311,1802
PSE,2023,3,98178,891
PSE,2025,2,98074,725
PSE,2021,4,98037,478
PSE,2022,3,98370,1766
CNG,2025,3,99345,1
PSE,2022,2,98001,1901
PAC,2022,2,98920,1
PSE,2021,8,98103,909
PSE,2023,12,98403,290
PSE,2024,9,98136,445
NWN,2022,5,97031,0
NWN,2024,4,98626,0
NWN,2025,5,98620,0
PSE,2022,3,98030,3220
PSE,2023,12,98122,1308
PSE,2022,2,98166,792
Avista,2022,6,99004,173
PSE,2024,8,98253,84
CNG,2022,4,98584,143
PSE,2023,10,98446,445
PSE,2021,1,98391,2059
PSE,2024,3,98110,1535
PSE,2024,6,98387,2027
Avista,2022,10,99005,170
PSE,2022,2,98244,267
Avista,2022,2,99203,627
PSE,2021,10,98337,796
PSE,2024,5,98591,11
CNG,2025,6,98520,164
PSE,2022,9,98290,476
Avista,2021,6,99205,2133
CNG,2025,4,98541,33
Avista,2025,1,99111,109
PSE,2023,8,98359,755
Avista,2023,12,98648,21
Avista,2023,8,99212,1265
PAC,2024,12,98904,1
PSE,2023,8,98370,1885
PSE,2021,6,98405,1022
CNG,2023,6,98232,3
PSE,2024,1,98051,242
PAC,2024,12,99323,171
CNG,2023,3,98312,575
CNG,2025,4,98953,76
PSE,2024,5,98323,59
PSE,2024,12,98404,1091
PSE,2023,7,98019,360
CNG,2024,7,99352,356
CNG,2022,7,99344,168
NWN,2024,3,98629,245
NWN,2025,2,98668,0
PSE,2024,3,98312,3096
Avista,2022,11,99021,230
PSE,2024,8,98409,708
CNG,2024,5,98550,146
NWN,2024,9,98604,652
NWN,2024,11,98607,511
NWN,2024,8,98605,22
PSE,2022,9,98177,506
PSE,2023,12,98290,550
PSE,2024,3,98102,507
PSE,2022,2,98002,3468
CNG,2022,9,98541,30
NWN,2024,3,98662,1069
PSE,2024,3,98568,4
PSE,2025,5,98232,195
CNG,2025,3,98221,493
PSE,2023,11,98292,49
PSE,2024,1,98329,4
Avista,2021,4,99344,429
PSE,2024,6,98125,599
CNG,2025,6,98226,512
Avista,2025,5,99016,965
PSE,2021,2,98239,281
PSE,2025,1,98275,372
Avista,2021,5,99022,271
Avista,2022,2,99208,2435
Avista,2023,10,99149,13
PSE,2025,2,98038,2046
PSE,2021,6,98404,997
CNG,2024,10,98383,230
Avista,2024,9,99008,22
PSE,2024,6,98032,4772
PSE,2023,9,98274,1121
Avista,2024,6,99005,177
CNG,2023,7,98944,343
PSE,2022,11,98030,3391
PSE,2023,2,98498,2031
CNG,2023,8,98264,537
PAC,2024,11,98939,14
PSE,2025,3,98074,901
CNG,2023,2,99362,812
Avista,2021,2,99202,1523
CNG,2023,12,99338,80
PSE,2023,12,98057,1925
CNG,2025,1,98802,32
Avista,2025,5,99149,18
CNG,2022,7,98226,593
PSE,2023,1,98249,246
PSE,2021,3,98036,602
CNG,2022,12,98802,22
PSE,2023,1,98247,566
NWN,2022,1,98610,45
Avista,2024,4,99019,323
CNG,2025,5,98541,32
NWN,2023,10,98635,0
PSE,2023,11,98133,968
Avista,2021,12,99125,22
PSE,2024,4,98026,720
PSE,2023,5,98026,783
NWN,2023,8,98662,881
PSE,2021,1,98026,618
CNG,2023,9,98220,11
PSE,2023,11,98047,591
PSE,2024,5,98003,5346
PSE,2024,12,98342,134
PSE,2021,7,98065,665
Avista,2024,3,99151,14
CNG,2025,5,98901,422
PSE,2022,1,98221,1490
PSE,2025,6,98283,42
CNG,2023,3,98541,28
Avista,2021,12,99111,108
PSE,2025,1,98499,666
Avista,2024,9,99033,25
CNG,2023,7,99352,425
NWN,2024,9,98607,587
PSE,2021,12,98134,19
PSE,2024,6,98257,415
Avista,2023,7,99208,2694
PSE,2022,12,98266,384
PSE,2025,4,98385,21
PSE,2024,9,98372,1994
PSE,2024,6,98925,88
PSE,2024,8,98406,875
Avista,2024,1,99371,16
PSE,2022,3,98007,1688
PSE,2023,3,98119,533
PSE,2021,5,98404,979
PSE,2025,6,98404,42
Avista,2025,3,99001,238
Avista,2022,9,99129,73
PSE,2025,3,98204,676
NWN,2024,12,98208,0
CNG,2024,2,98626,36
PSE,2024,12,98166,801
CNG,2023,9,98226,590
Avista,2021,8,99160,8
Avista,2024,4,99022,202
Avista,2022,5,99021,255
CNG,2025,5,98366,663
PSE,2023,9,98295,84
PSE,2023,9,98103,1240
PSE,2021,8,98223,54
PSE,2021,5,98418,471
PSE,2021,9,98226,2510
PSE,2025,3,98203,891
PSE,2024,7,98513,2553
PSE,2023,9,98443,68
PSE,2021,7,98342,121
PSE,2024,3,98101,27
PSE,2024,5,98337,912
CNG,2022,12,98247,102
PSE,2022,12,98262,148
PSE,2024,12,98010,527
Avista,2023,11,99218,605
Avista,2024,12,99181,120
PSE,2021,9,98134,28
PSE,2021,12,98345,32
Avista,2021,7,99019,433
Avista,2022,12,99204,574
PSE,2022,5,98037,662
Avista,2024,5,99141,279
Avista,2023,5,99173,152
Avista,2025,4,99208,2494
PSE,2023,10,98024,259
PSE,2022,3,98266,426
CNG,2023,3,98229,249
PSE,2022,3,98934,104
Avista,2021,5,99003,114
CNG,2024,12,98247,119
NWN,2023,8,98660,260
Avista,2025,3,99402,40
PSE,2024,6,98283,65
PSE,2022,8,98922,732
PSE,2024,9,98107,603
Avista,2023,7,99107,0
PAC,2024,6,98938,168
PSE,2022,3,98597,2196
PSE,2024,9,98051,231
Avista,2022,3,99148,152
PSE,2025,3,98059,2111
Avista,2022,1,99029,27
PSE,2024,3,98380,330
PSE,2021,3,98056,2121
Avista,2023,9,99129,86
PSE,2022,3,98021,559
PSE,2025,4,98102,679
Avista,2022,4,99025,89
Avista,2024,11,99344,414
PSE,2023,6,98087,892
PSE,2022,7,98421,7
PSE,2021,8,98236,324
PSE,2021,11,98104,37
PSE,2022,9,98055,2167
PSE,2024,12,98292,64
PSE,2022,11,98409,708
CNG,2025,2,98248,580
Avista,2023,6,99122,85
Avista,2023,3,99113,10
PSE,2023,10,98284,1844
PSE,2025,4,98178,362
PSE,2021,5,98199,454
PSE,2023,11,98235,24
PSE,2024,8,98045,660
PSE,2025,3,98117,810
PSE,2021,9,98327,447
PSE,2023,11,98439,544
Avista,2024,3,99208,2487
PSE,2022,8,98380,250
PSE,2022,6,98943,76
PSE,2022,4,98144,1193
PSE,2025,3,98579,876
PSE,2023,5,98370,1988
NWN,2023,3,98620,0
PAC,2024,3,99328,406
NWN,2022,4,98610,68
Avista,2024,7,99174,3
Avista,2021,11,99203,591
PSE,2022,11,98513,2535
PSE,2021,8,98198,2872
CNG,2022,9,98903,177
CNG,2024,1,99362,659
NWN,2025,6,98635,1
CNG,2025,5,99301,1894
Avista,2021,1,99212,1354
PSE,2023,5,98004,2409
Avista,2023,11,99164,0
PSE,2023,2,98396,35
PSE,2021,9,98392,291
PSE,2021,12,98072,799
PSE,2023,9,98360,1
PSE,2022,6,98225,2563
Avista,2023,9,99151,10
Avista,2023,10,99185,55
CNG,2024,5,98247,115
PSE,2024,5,98597,2525
PSE,2022,1,98110,1046
CNG,2022,9,98902,1381
Avista,2025,7,99012,34
Avista,2024,8,99220,0
PSE,2024,1,98591,11
PSE,2024,12,98247,596
PAC,2022,7,98947,309
PSE,2021,4,98075,706
CNG,2022,8,98275,1
CNG,2025,6,99354,200
PSE,2025,3,98576,493
PSE,2022,11,98281,214
Avista,2024,6,99101,68
Avista,2021,7,99403,919
PSE,2022,6,98273,1865
PSE,2021,1,98576,412
NWN,2025,6,98629,218
PAC,2024,1,99348,45
CNG,2024,9,98273,628
PSE,2023,11,98020,322
PSE,2025,4,98032,4870
NWN,2025,3,98675,0
Avista,2022,2,99016,661
NWN,2024,6,98684,955
Avista,2022,11,99104,0
Avista,2023,11,99016,879
Avista,2022,10,99174,7
PSE,2021,10,98353,2
PSE,2023,2,98238,7
PSE,2023,12,98232,163
PSE,2023,3,98003,4951
Avista,2025,8,99126,72
PSE,2022,12,98014,527
PSE,2023,9,98392,337
PSE,2024,3,98052,3830
PSE,2021,9,98115,865
NWN,2022,10,98605,30
PSE,2023,9,98271,531
Avista,2023,2,99169,84
PSE,2024,12,98249,281
PSE,2021,5,98003,3706
Avista,2022,4,99218,586
PSE,2023,3,98407,698
PSE,2021,1,98375,1013
CNG,2022,3,98244,3
CNG,2022,3,99337,81
Avista,2021,6,99122,78
PSE,2021,10,98335,338
Avista,2025,1,99144,0
Avista,2022,4,99126,58
CNG,2023,9,98944,299
PSE,2022,5,98036,854
PSE,2021,7,98008,786
PSE,2022,3,98005,936
CNG,2023,3,98223,326
Avista,2023,2,99039,6
PSE,2023,6,98122,1329
PSE,2024,1,98281,447
Avista,2022,8,99001,181
PSE,2025,3,98030,3676
NWN,2025,3,98666,0
PSE,2025,6,98360,2
Avista,2023,8,99031,20
PSE,2021,11,98332,250
PSE,2022,6,98260,331
PSE,2025,4,98596,26
Avista,2024,2,99034,4
Avista,2021,11,99114,525
CNG,2025,1,98550,147
CNG,2023,1,99344,152
Avista,2024,11,99016,763
PSE,2024,12,98366,2937
Avista,2024,10,99001,190
PSE,2025,5,98579,886
PSE,2023,11,98281,220
PSE,2022,5,98002,3590
PAC,2022,8,99328,348
Avista,2023,9,99158,19
PSE,2025,3,98310,2327
Avista,2021,7,99208,2675
PSE,2022,8,98022,2048
CNG,2022,12,98226,520
PSE,2022,1,98052,3156
PAC,2024,5,99361,153
CNG,2023,4,98244,1
PSE,2024,11,98058,2824
Avista,2023,12,99039,7
PSE,2024,4,98146,676
Avista,2023,9,99164,1
PSE,2024,3,98006,1357
Avista,2023,11,99224,758
PAC,2024,4,99361,154
Avista,2023,9,99125,25
PSE,2022,5,98075,760
PSE,2023,4,98229,3639
PSE,2022,4,98115,980
PSE,2023,11,98224,42
Avista,2025,1,99216,1161
Avista,2022,7,99030,32
Avista,2023,9,99212,1338
PSE,2022,8,98019,340
PSE,2021,11,98020,332
PSE,2022,4,98408,926
Avista,2024,11,99029,47
PSE,2021,7,98051,186
NWN,2025,2,98127,0
NWN,2025,5,98666,0
PSE,2022,2,98208,1216
PAC,2025,2,98933,80
Avista,2021,4,99137,25
PSE,2024,10,98121,151
PSE,2023,7,98105,771
Avista,2024,3,99138,130
Avista,2024,12,99218,530
Avista,2023,3,99037,295
PSE,2025,3,98118,1641
PSE,2024,2,98047,557
NWN,2023,2,98685,524
PSE,2022,4,98077,218
Avista,2021,3,99033,41
NWN,2023,8,98607,744
CNG,2025,4,98248,529
PSE,2023,12,98402,49
PSE,2023,12,98010,552
PSE,2021,11,98406,476
Avista,2023,11,99110,33
Avista,2024,9,99174,5
PSE,2021,6,98264,1081
CNG,2024,7,99354,199
CNG,2024,4,98273,453
PSE,2021,4,98445,910
PSE,2022,6,98312,2861
CNG,2023,3,98902,1088
PSE,2021,5,98034,2216
CNG,2022,9,98557,11
PSE,2024,8,98275,388
Avista,2025,8,99143,20
PSE,2024,12,98444,853
PSE,2024,6,98221,1657
Avista,2024,10,99025,78
CNG,2025,4,98225,568
PSE,2025,2,98266,490
PSE,2022,10,98465,118
Avista,2022,7,99204,702
Avista,2024,9,99128,16
CNG,2023,1,98942,156
PAC,2022,7,99347,187
PSE,2023,11,98221,1143
PSE,2021,8,98199,456
PSE,2022,2,98033,1459
PSE,2024,4,98506,1476
PSE,2023,9,98270,2214
PSE,2024,9,98004,2705
PSE,2024,10,98531,507
PSE,2022,2,98407,681
Avista,2025,8,99148,145
PSE,2025,2,98029,1586
PSE,2024,5,98238,3
Avista,2022,3,99005,159
PSE,2025,5,98340,11
PSE,2024,5,98240,246
CNG,2022,11,99337,129
PSE,2021,9,98244,237
Avista,2023,11,99033,37
PSE,2024,1,98107,525
PSE,2025,3,98105,681
PSE,2021,3,98030,2700
PSE,2025,4,98109,518
NWN,2025,3,98605,30
Avista,2021,8,99004,191
PSE,2024,3,98354,207
PSE,2022,4,98516,51
PSE,2025,3,98188,2641
CNG,2025,5,99350,62
PSE,2021,9,98070,564
PSE,2021,10,98283,50
PSE,2021,11,98499,1796
Avista,2022,6,99021,240
PSE,2023,11,98568,1
PSE,2022,7,98106,651
PSE,2022,2,98446,298
PSE,2024,7,98134,16
PSE,2021,6,98367,1333
PSE,2023,7,98230,1223
Avista,2023,12,99111,99
PSE,2025,3,98374,3018
NWN,2023,10,97388,0
PSE,2022,8,98274,1006
CNG,2024,10,98230,421
CNG,2022,3,98903,87
PSE,2024,7,98105,906
PSE,2023,5,98188,868
CNG,2023,10,98550,142
Avista,2022,9,99131,6
CNG,2024,5,98837,79
PAC,2024,4,99350,7
CNG,2022,6,98550,143
PSE,2023,4,98220,1247
Avista,2023,6,99004,169
Avista,2025,7,99216,1175
PSE,2025,2,98087,868
PSE,2023,11,98531,503
PSE,2021,12,98446,878
CNG,2024,9,98953,70
PSE,2022,8,98251,109
PSE,2024,7,98276,68
PAC,2024,11,98952,71
NWN,2023,12,98610,25
PSE,2022,3,98295,57
PSE,2022,9,98387,2031
Avista,2022,4,99159,44
PSE,2023,2,98052,3391
Avista,2021,5,99005,189
PSE,2023,5,98498,2096
Avista,2024,12,99208,2635
PSE,2022,6,98392,318
PSE,2024,9,98392,268
CNG,2023,7,98370,110
PSE,2024,10,98257,356
PSE,2023,5,98008,912
PSE,2025,6,98133,876
Avista,2025,6,99160,10
PSE,2024,1,98020,305
Avista,2025,1,99122,88
PSE,2021,7,98530,1687
NWN,2023,7,98665,780
Avista,2022,6,99148,139
PSE,2021,12,98465,239
Avista,2021,12,99157,55
CNG,2025,1,99324,154
PSE,2021,5,98503,3009
Avista,2021,6,99003,81
CNG,2025,2,98276,57
PSE,2023,2,98283,53
Avista,2022,1,99202,1200
Avista,2025,3,99335,0
PSE,2024,3,98133,899
Avista,2022,2,99022,192
PAC,2024,10,98902,3661
PSE,2025,1,98102,620
PSE,2021,9,98003,3795
PSE,2021,5,98177,324
PSE,2022,7,98274,1039
PSE,2022,1,98034,2435
PSE,2024,8,98058,2479
PSE,2024,1,98237,515
Avista,2023,6,99008,18
Avista,2025,9,99008,15
CNG,2023,12,98524,10
PSE,2023,7,98375,1596
PSE,2025,1,98004,2297
PSE,2023,1,98402,47
CNG,2024,11,98801,84
PSE,2024,12,98332,280
Avista,2022,6,99143,15
PSE,2023,1,98040,882
PSE,2021,12,98037,553
PSE,2024,8,98354,214
PSE,2022,7,98074,958
Avista,2023,3,99125,32
PSE,2022,11,98424,274
PSE,2021,12,98239,261
CNG,2024,1,98366,466
PAC,2025,2,98935,193
Avista,2025,1,99167,35
PSE,2024,5,98225,3116
PSE,2023,12,98027,1592
Avista,2023,4,99335,0
PSE,2024,6,98288,47
Avista,2023,7,99011,0
PAC,2024,3,98932,594
PSE,2024,11,98065,736
PSE,2023,12,98373,1991
PSE,2021,5,98110,1439
PSE,2022,9,98408,933
Avista,2024,7,99011,0
NWN,2024,12,98662,677
NWN,2022,9,97388,0
PSE,2024,6,98004,2659
Avista,2024,7,99008,18
Avista,2024,5,99163,1890
Avista,2024,7,99344,342
PSE,2023,7,98421,9
PSE,2021,3,98943,70
PSE,2022,5,98077,209
PSE,2025,5,98247,607
PSE,2023,7,98133,962
PSE,2021,5,98188,1920
PSE,2022,5,98168,1026
Avista,2023,10,99113,8
PSE,2025,5,98087,857
NWN,2023,9,98668,0
NWN,2022,7,97031,0
PSE,2025,4,98288,43
PSE,2025,1,98366,2906
CNG,2023,2,99336,416
PSE,2022,8,98513,2270
PSE,2021,11,98444,60
PSE,2021,8,98516,2077
Avista,2025,9,99204,598
PSE,2021,8,98388,120
PSE,2023,8,98007,1994
PSE,2024,9,98385,23
PSE,2021,2,98107,411
CNG,2022,3,98292,120
PSE,2021,3,98372,1383
PSE,2023,7,98043,454
CNG,2024,7,98232,6
Avista,2021,3,99141,282
PSE,2022,10,98121,143
Avista,2025,4,99012,48
Avista,2022,3,99149,7
PSE,2025,4,98040,944
Avista,2025,1,99205,1912
PSE,2022,5,98104,48
PSE,2021,1,98408,904
Avista,2023,3,99185,71
PSE,2021,11,98360,680
Avista,2022,8,99148,132
CNG,2022,1,98226,425
CNG,2022,8,98383,210
Avista,2022,2,99034,6
CNG,2024,2,98225,497
Avista,2023,4,99128,9
PSE,2021,6,98558,10
NWN,2023,6,98607,1114
PSE,2024,3,98232,214
Avista,2023,5,99161,77
CNG,2022,8,98848,5
PSE,2023,11,98030,3407
PAC,2022,5,98908,3619
PSE,2023,12,98178,863
CNG,2024,4,98229,357
PSE,2022,10,98253,78
PSE,2024,10,98337,811
CNG,2023,7,98837,90
PSE,2022,4,98103,1136
PSE,2023,5,98072,870
PSE,2022,12,98465,123
PSE,2024,10,98422,486
PSE,2023,7,98366,3013
PSE,2022,10,98052,3522
Avista,2024,2,99008,18
PSE,2021,2,98346,448
PAC,2022,4,98903,1966
PSE,2021,11,98247,560
PSE,2022,4,98208,1212
Avista,2021,5,99137,37
PSE,2022,11,98335,428
PSE,2025,4,98580,401
PSE,2023,7,98532,193
NWN,2024,1,98628,18
PSE,2023,4,98012,1348
PSE,2021,10,98092,3917
Avista,2022,8,99220,0
PAC,2022,4,99361,148
Avista,2022,12,99228,0
Avista,2022,6,99131,5
PSE,2021,8,98946,41
CNG,2022,12,98936,85
Avista,2021,4,99371,14
Avista,2024,1,99141,295
PSE,2021,2,98371,1327
Avista,2021,3,99134,31
PSE,2022,8,98407,647
PSE,2022,5,98028,906
PAC,2024,7,98903,1585
PSE,2025,4,98204,721
PSE,2023,1,98058,2827
Avista,2022,7,99125,29
PSE,2021,7,98033,1353
Avista,2022,6,99260,0
PSE,2024,10,98024,256
PSE,2022,3,98092,4077
PSE,2022,10,98433,364
PSE,2021,7,98387,1974
PSE,2021,5,98107,470
PSE,2023,1,98444,845
NWN,2023,6,98127,0
PSE,2021,4,98446,238
CNG,2025,5,98337,201
Avista,2022,6,99011,0
PSE,2021,3,98465,109
NWN,2022,4,98674,0
PSE,2021,3,98290,435
Avista,2024,3,99158,22
PSE,2025,3,98223,82
PSE,2025,3,98230,1200
PSE,2023,8,98346,994
Avista,2025,6,99167,40
Avista,2022,4,99110,33
Avista,2024,8,99157,34
NWN,2023,6,98601,0
CNG,2025,6,98264,583
PSE,2025,2,98390,1079
NWN,2023,4,98628,28
Avista,2023,11,99103,14
PSE,2022,7,98328,64
CNG,2024,7,98312,588
Avista,2025,9,99403,629
NWN,2022,9,98629,140
Avista,2023,3,99114,618
Avista,2025,6,99020,3
PSE,2024,3,98346,1029
Avista,2023,10,99109,165
CNG,2022,10,98541,32
PSE,2025,5,98077,206
Avista,2021,5,99212,1345
PSE,2022,11,98238,3
PSE,2022,3,98229,1430
PSE,2024,12,98126,642
Avista,2021,8,99163,1458
NWN,2022,5,98628,30
PSE,2021,9,98087,722
PSE,2022,5,98283,49
CNG,2024,10,98584,163
PSE,2024,11,98020,327
CNG,2024,10,98674,39
PSE,2024,12,98047,530
Avista,2021,10,99202,1291
PSE,2023,2,98034,2875
PSE,2024,11,98409,670
CNG,2023,4,98257,45
PSE,2024,3,98260,327
Avista,2025,6,99027,312
PSE,2021,12,98019,283
Avista,2025,7,99032,28
CNG,2022,10,99350,57
Avista,2022,10,99036,4
PSE,2022,2,98188,2148
PSE,2022,5,98275,385
Avista,2021,9,99344,524
PSE,2024,11,98223,80
Avista,2024,10,99403,595
Avista,2025,1,99109,151
Avista,2021,5,99012,56
PSE,2025,5,98102,661
PSE,2022,1,98406,651
PSE,2022,5,98332,282
CNG,2023,8,99338,105
Avista,2021,8,99027,312
PSE,2024,10,98251,52
CNG,2023,3,99352,329
NWN,2025,4,98668,0
Avista,2023,9,99003,116
PSE,2021,8,98373,1574
CNG,2024,8,98908,530
PSE,2021,3,98065,610
PSE,2023,8,98925,131
PSE,2022,7,98327,459
Avista,2022,2,99185,73
PSE,2024,6,98166,808
Avista,2021,12,98620,78
Avista,2021,7,99202,1293
Avista,2023,11,99204,653
NWN,2022,8,98675,0
Avista,2021,5,99103,18
PSE,2021,1,98340,220
PSE,2025,3,98026,783
PSE,2025,6,98055,2309
PSE,2021,7,98020,298
Avista,2025,7,99137,31
Avista,2022,6,99001,235
PSE,2021,4,98178,666
PSE,2022,1,98404,1085
PSE,2023,5,98424,536
Avista,2023,11,99023,10
Avista,2025,9,99161,64
PAC,2022,3,99361,137
PSE,2022,8,98288,49
CNG,2022,3,98563,28
PSE,2024,4,98374,3095
Avista,2022,2,99019,353
PSE,2025,6,98258,1765
PSE,2023,6,98311,2311
Avista,2024,10,99161,47
Avista,2024,10,99009,53
PSE,2022,3,98439,543
CNG,2023,7,98584,191
CNG,2022,3,98229,184
Avista,2025,6,99218,655
PSE,2021,1,98439,530
Avista,2022,7,99014,5
NWN,2023,6,98307,0
Avista,2024,8,99027,226
Avista,2024,6,99113,10
Avista,2022,6,99027,245
Avista,2025,9,99344,454
PSE,2024,5,98236,385
CNG,2024,1,98944,239
Avista,2021,7,99371,17
PSE,2022,3,98103,1064
PSE,2025,5,98003,5664
PSE,2022,3,98057,1639
PSE,2021,8,98001,1825
NWN,2023,9,98629,125
Avista,2023,7,99181,147
PSE,2023,6,98568,1
PSE,2021,5,98292,55
NWN,2024,4,98660,440
PSE,2022,8,98372,1974
Avista,2024,4,99403,845
PSE,2021,12,98359,221
Avista,2025,3,99125,21
NWN,2023,4,98674,0
Avista,2024,2,99031,12
PSE,2021,2,98102,557
Avista,2023,9,99169,80
Avista,2022,10,99032,39
PSE,2021,11,98327,551
PSE,2021,5,98272,731
PAC,2025,4,98952,96
PSE,2021,6,98940,198
NWN,2024,11,98127,0
PSE,2023,2,98072,884
PSE,2024,9,98226,2941
PSE,2022,10,98166,774
Avista,2024,11,99223,1220
PSE,2021,8,98558,16
PSE,2023,9,98001,2128
Avista,2022,4,99111,104
PSE,2025,3,98323,40
PSE,2025,4,98342,1
Avista,2023,3,99005,232
CNG,2024,5,98273,478
PSE,2022,4,98934,117
Avista,2025,2,99201,1044
CNG,2022,9,99301,1447
PSE,2021,4,98264,960
CNG,2022,12,98274,193
Avista,2021,9,99036,4
PSE,2025,5,98039,67
Avista,2025,1,99103,17
PSE,2022,11,98112,773
PSE,2024,3,98418,520
Avista,2022,3,99019,315
CNG,2025,4,98801,93
PSE,2023,4,98271,2319
PSE,2021,2,98385,18
Avista,2023,12,99109,178
PSE,2025,2,98105,501
PSE,2023,9,98232,168
PSE,2023,5,98077,255
Avista,2025,9,99169,72
Avista,2022,4,99039,9
Avista,2021,10,99173,119
CNG,2023,6,98524,3
PSE,2021,11,98380,252
Avista,2025,5,99117,18
PSE,2021,6,98328,58
PSE,2025,1,98106,633
PSE,2025,5,98532,182
Avista,2021,8,99148,154
PSE,2025,3,98038,1932
PSE,2023,1,98311,2169
PSE,2021,10,98012,1256
PSE,2022,9,98576,456
PSE,2025,6,98281,201
PSE,2022,7,98047,538
Avista,2021,7,99217,955
CNG,2022,11,98370,102
PSE,2022,9,98421,5
Avista,2024,7,99029,31
Avista,2021,4,99030,42
PSE,2022,12,98045,795
CNG,2024,11,99344,158
PSE,2023,6,98421,550
PSE,2021,9,98255,40
Avista,2025,6,99031,25
PSE,2024,2,98253,94
Avista,2024,6,99403,779
PSE,2025,3,98418,528
NWN,2023,7,98612,0
PSE,2022,1,98036,770
Avista,2021,4,99102,43
CNG,2025,3,98276,45
Avista,2023,10,98648,27
NWN,2023,6,98663,302
PSE,2025,6,98288,43
Avista,2025,5,99167,51
PSE,2023,12,98506,1487
Avista,2022,8,99141,262
PSE,2022,12,98925,66
PSE,2022,1,98403,271
Avista,2021,2,99034,6
Avista,2025,8,99218,673
PSE,2023,9,98276,102
Avista,2021,6,99163,1432
NWN,2023,11,98639,27
PSE,2021,2,98075,855
Avista,2022,10,99402,54
PSE,2021,5,98439,521
PSE,2022,2,98247,565
PSE,2024,7,98367,1909
PSE,2024,8,98002,4215
NWN,2023,4,98666,0
PSE,2023,5,98290,37
PSE,2023,8,98385,28
Avista,2023,4,99001,243
CNG,2024,7,99337,158
PSE,2021,4,98388,97
PSE,2025,3,98109,502
PSE,2022,2,98248,1978
CNG,2022,12,98295,30
PSE,2023,8,98203,828
CNG,2024,12,98232,9
PSE,2021,3,98532,150
PSE,2024,10,98247,548
PSE,2023,3,98022,2030
PSE,2023,8,98038,1887
PSE,2025,6,98262,58
PSE,2021,2,98502,2301
PSE,2021,9,98065,591
PSE,2023,9,98031,3313
CNG,2024,8,98936,115
PSE,2024,1,98312,3256
PSE,2024,2,98576,515
PSE,2021,2,98117,497
Avista,2023,2,99122,96
PAC,2024,5,98942,1621
PSE,2022,2,98310,2253
Avista,2024,3,99013,123
CNG,2023,11,98221,460
CNG,2023,10,98337,197
PSE,2024,5,98391,3288
Avista,2024,4,99126,63
Avista,2023,4,99326,26
Avista,2023,2,99016,737
PSE,2024,2,98119,451
Avista,2025,9,99218,649
Avista,2025,9,99102,40
PSE,2023,9,98188,2318
PSE,2021,9,98332,263
Avista,2025,1,99260,0
CNG,2022,7,99352,380
PSE,2022,11,98068,99
PSE,2021,6,98043,412
PSE,2023,2,98267,51
NWN,2022,12,98604,733
Avista,2021,8,99020,2
Avista,2022,4,99131,7
PSE,2024,6,98418,518
Avista,2024,1,99026,74
PSE,2023,9,98407,694
Avista,2021,9,99125,29
NWN,2025,6,98664,635
PAC,2025,1,98938,166
PSE,2021,6,98220,37
NWN,2023,12,97031,0
PSE,2023,7,98248,2178
PSE,2024,5,98230,1199
Avista,2021,12,99131,6
NWN,2025,1,98610,38
PSE,2021,1,98467,229
PSE,2021,9,98335,343
PSE,2024,4,98530,72
NWN,2025,5,98612,0
PSE,2021,4,98001,1545
PSE,2023,2,98342,62
PAC,2024,9,98935,154
PSE,2022,9,98392,333
PSE,2022,1,98021,549
PSE,2023,4,98925,80
PSE,2023,1,98005,977
PSE,2023,4,98001,2115
PSE,2022,4,98367,1621
PSE,2021,6,98296,333
PSE,2025,3,98248,2093
PSE,2024,12,98360,745
PSE,2023,12,98155,664
NWN,2023,6,98125,0
PSE,2024,1,98501,4156
PSE,2024,12,98344,1
PSE,2024,8,98034,2772
NWN,2022,5,98660,372
Avista,2022,7,99101,82
PSE,2021,1,98177,301
PSE,2024,10,98102,594
PSE,2022,9,98032,4343
Avista,2024,12,99260,0
PSE,2022,3,98424,248
PAC,2025,3,98938,206
PSE,2022,9,98110,1539
PSE,2024,11,98201,965
PAC,2024,6,98948,1126
PSE,2022,8,98203,810
NWN,2024,3,98684,987
PSE,2025,1,98276,118
PAC,2025,3,98953,779
PSE,2021,10,98922,689
PAC,2022,3,98930,998
Avista,2021,3,99113,11
PSE,2023,12,98258,1967
PAC,2024,8,99361,96
Avista,2022,1,99125,18
NWN,2023,2,98026,0
CNG,2025,4,98226,457
Avista,2025,1,99219,0
Avista,2021,3,99029,30
PAC,2024,5,99362,2368
NWN,2023,3,97388,0
Avista,2024,8,99141,235
PSE,2024,9,98558,25
Avista,2025,7,99018,7
Avista,2025,2,99040,59
PSE,2025,1,98262,107
Avista,2025,4,99220,0
PSE,2022,7,98001,1975
PSE,2021,10,98237,395
PSE,2023,10,98230,1224
PSE,2021,10,98122,1242
PSE,2025,5,98026,790
PSE,2024,5,98439,562
PAC,2022,8,98902,3949
PSE,2023,10,98026,765
PSE,2024,5,98102,506
CNG,2022,8,98232,9
PSE,2021,7,98597,2009
PSE,2022,8,98007,1733
CNG,2022,1,98230,299
PSE,2024,7,98926,395
Avista,2024,12,99001,194
Avista,2021,5,99101,65
PSE,2024,10,98262,46
NWN,2024,8,98675,0
Avista,2023,4,99130,54
PSE,2022,3,98421,3
PAC,2025,1,99350,4
PSE,2024,10,98208,1172
PSE,2025,1,98226,3213
PSE,2023,7,98102,711
PSE,2022,2,98597,1437
PSE,2022,9,98373,1881
CNG,2023,12,98276,26
PSE,2023,3,98019,345
Avista,2025,5,99224,800
PSE,2021,9,98580,326
PSE,2024,5,98402,41
PSE,2021,3,98266,376
PAC,2022,7,98908,3088
CNG,2022,4,98264,528
Avista,2021,4,99138,128
NWN,2023,5,98119,0
Avista,2021,4,99130,49
CNG,2025,4,98936,141
PSE,2022,3,98367,1612
PSE,2022,2,98178,843
PSE,2021,1,98068,88
PSE,2024,7,98177,477
PSE,2022,3,98158,1
PSE,2023,1,98338,887
CNG,2024,12,99354,181
CNG,2024,12,98550,144
CNG,2022,8,98314,1
PSE,2024,3,98576,498
PSE,2023,7,98055,2301
NWN,2022,7,98208,0
PSE,2024,5,98273,2123
PAC,2025,5,98935,364
PSE,2021,1,98104,41
NWN,2024,4,98762,0
PSE,2021,6,98229,1158
Avista,2024,2,99001,224
Avista,2022,9,99001,220
PSE,2024,4,98168,1062
PSE,2021,4,98296,314
PSE,2024,1,98125,553
PSE,2022,6,98033,1488
CNG,2023,11,98284,320
Avista,2023,8,99117,13
PSE,2024,9,98058,2686
Avista,2023,2,99130,45
PSE,2021,1,98264,1105
PSE,2024,9,98146,737
Avista,2021,9,99016,666
PSE,2025,2,98050,15
PSE,2024,3,98065,708
PSE,2021,11,98199,502
PSE,2021,6,98226,2521
Avista,2024,4,99173,149
PSE,2024,1,98126,716
Avista,2024,12,99026,55
PSE,2025,3,98168,1159
PAC,2024,6,98952,86
PSE,2024,5,98284,1917
Avista,2022,1,99371,21
PSE,2022,9,98370,1871
PSE,2024,9,98337,811
CNG,2023,7,98282,37
PSE,2024,11,98121,152
NWN,2022,6,98662,1150
PSE,2023,4,98354,192
PSE,2024,1,98941,180
PSE,2021,7,98042,2586
PSE,2022,2,98102,547
CNG,2024,3,98370,123
Avista,2024,9,99020,3
Avista,2024,7,99101,84
CNG,2024,9,98345,2
PSE,2021,8,98087,781
PSE,2022,3,98290,479
PSE,2022,12,98366,2636
PSE,2023,8,98116,575
Avista,2024,7,99219,0
Avista,2024,8,99371,12
Avista,2025,7,99138,134
NWN,2025,4,98666,0
PSE,2022,1,98327,524
PSE,2025,4,98530,57
PSE,2022,10,98239,444
Avista,2025,1,99013,104
PSE,2024,1,98443,60
PSE,2024,4,98360,822
PSE,2023,3,98136,429
Avista,2022,9,99117,14
NWN,2022,1,98663,180
PSE,2024,11,98144,1208
Avista,2023,3,99031,37
PSE,2023,4,98290,43
PAC,2025,3,98944,2094
PSE,2022,6,98229,1509
PSE,2023,8,98042,3061
Avista,2022,7,99134,25
PSE,2023,12,98513,2808
Avista,2021,2,99157,52
PSE,2021,4,98257,309
PSE,2024,10,98284,1694
PSE,2022,9,98027,1502
CNG,2022,10,98273,617
Avista,2024,6,99012,36
PSE,2022,1,98248,1918
PSE,2025,1,98387,2185
PSE,2025,2,98385,26
Avista,2024,5,99208,2728
PSE,2021,2,98530,36
PSE,2023,10,98019,399
PSE,2021,4,98105,776
CNG,2024,10,98541,22
PSE,2022,11,98058,2680
Avista,2023,10,99151,10
Avista,2024,9,99326,21
Avista,2023,9,99141,325
CNG,2024,1,99301,1720
CNG,2022,11,98951,69
PSE,2021,2,98290,530
Avista,2023,6,99141,290
NWN,2023,12,98606,28
CNG,2024,5,98229,375
Avista,2021,2,99204,705
CNG,2025,5,98611,14
PSE,2021,5,98327,396
PSE,2023,2,98580,392
CNG,2022,3,98232,11
PSE,2023,9,98077,229
NWN,2025,5,98683,1001
PSE,2025,5,98251,130
NWN,2025,4,98629,141
PSE,2022,1,98323,42
PSE,2025,2,98275,386
NWN,2023,4,98639,50
PSE,2024,1,98943,69
Avista,2025,4,99212,1240
Avista,2023,3,99022,228
CNG,2025,1,99337,137
Avista,2022,4,99217,903
PSE,2021,8,98446,949
PSE,2022,5,98323,47
PSE,2023,12,98433,1
Avista,2022,2,99039,6
NWN,2023,11,98648,0
PSE,2021,1,98421,3
PSE,2024,5,98057,1923
NWN,2023,10,98672,65
PSE,2022,10,98396,35
CNG,2023,8,98632,106
Avista,2021,12,99011,0
Avista,2024,11,99006,260
CNG,2025,6,99352,393
PSE,2023,12,98247,642
PSE,2021,9,98292,50
PSE,2021,3,98260,251
PSE,2023,12,98321,1052
Avista,2025,6,99013,102
PSE,2021,10,98531,453
Avista,2022,6,99402,52
CNG,2024,2,98908,597
CNG,2023,6,98611,8
CNG,2022,4,98274,245
PSE,2022,11,98272,387
Avista,2022,4,99151,11
PSE,2021,10,98499,1627
Avista,2023,1,99157,38
PSE,2024,12,98074,905
PSE,2022,1,98155,625
NWN,2024,4,98668,0
PSE,2024,8,98576,432
Avista,2024,2,99344,496
CNG,2022,11,98247,104
Avista,2024,7,99113,14
PSE,2024,11,98148,691
PSE,2024,2,98249,296
PSE,2025,4,98258,1863
PSE,2024,5,98040,900
PSE,2021,2,98177,315
PSE,2024,2,98370,1940
Avista,2021,1,99174,8
Avista,2022,7,99131,6
PSE,2021,11,98367,1508
Avista,2021,12,99224,711
PSE,2021,4,98208,990
PSE,2022,8,98311,1867
NWN,2023,12,98604,418
PSE,2022,11,98092,3288
PSE,2025,3,98332,271
PSE,2024,2,98292,56
PAC,2024,5,98902,4801
PSE,2021,2,98224,31
Avista,2024,9,99129,68
Avista,2022,8,99022,137
PSE,2023,8,98516,2026
PSE,2024,12,98516,2412
Avista,2024,9,99039,4
CNG,2023,2,98550,155
CNG,2024,11,98312,598
PSE,2024,9,98028,968
PSE,2025,5,98117,874
CNG,2022,12,98584,136
Avista,2022,1,99167,45
CNG,2022,5,98229,357
Avista,2023,1,99117,12
PSE,2024,7,98403,251
PSE,2024,3,98058,3004
PSE,2021,2,98284,1473
PSE,2024,3,98020,303
Avista,2022,6,99167,35
Avista,2025,8,99023,4
Avista,2022,4,99158,17
PSE,2021,2,98087,752
Avista,2022,11,99026,62
Avista,2021,4,99206,1455
Avista,2022,3,99217,952
CNG,2025,6,99353,54
CNG,2024,8,98550,145
CNG,2024,5,99352,398
PSE,2023,2,98004,2371
NWN,2022,6,98604,984
PSE,2024,5,98007,2010
PSE,2021,11,98121,137
Avista,2025,5,99029,30
CNG,2024,5,98528,14
Avista,2024,9,99181,105
Avista,2025,3,99104,0
Avista,2024,10,99148,126
PSE,2023,9,98109,534
PSE,2024,8,98032,3605
Avista,2021,11,99031,28
PSE,2023,4,98136,429
NWN,2023,5,98629,253
PSE,2021,5,98283,34
PSE,2024,5,98532,169
PSE,2023,7,98112,740
PSE,2022,5,98014,235
PSE,2024,9,98072,897
Avista,2024,10,99223,1087
PSE,2024,2,98405,1031
CNG,2024,8,98802,21
PSE,2022,6,98026,754
PSE,2023,8,98251,129
PSE,2024,1,98121,138
NWN,2022,4,98762,0
PSE,2021,4,98283,36
CNG,2025,5,98524,6
PSE,2022,4,98221,1631
PSE,2024,1,98166,773
CNG,2025,3,99338,136
CNG,2023,2,98271,128
PSE,2022,9,98203,870
CNG,2024,5,99354,190
PSE,2021,10,98422,453
NWN,2022,2,98663,294
Avista,2025,9,98857,1
PAC,2025,3,98903,1953
CNG,2024,8,98902,1323
Avista,2023,5,99040,82
Avista,2021,2,99134,33
NWN,2022,4,98672,142
PSE,2022,4,98249,239
CNG,2025,1,98221,472
PSE,2024,1,98072,855
PAC,2024,6,99328,375
Avista,2022,10,99033,36
PSE,2022,3,98257,339
Avista,2023,4,99131,6
PAC,2022,8,98923,121
PSE,2021,9,98103,977
PSE,2024,8,98387,2185
PSE,2025,1,98134,24
Avista,2022,6,99037,296
Avista,2023,5,99402,54
PSE,2025,3,98148,712
Avista,2022,4,99013,127
PSE,2022,4,98374,2456
Avista,2023,7,99037,299
Avista,2022,8,99014,1
Avista,2021,12,99167,45
CNG,2024,9,99324,178
CNG,2023,7,98936,121
PSE,2024,10,98104,49
PSE,2024,3,98203,861
Avista,2021,3,99212,1181
Avista,2024,9,99201,932
Avista,2024,7,99201,905
PSE,2021,1,98506,1209
PSE,2022,5,98383,1372
PSE,2024,3,98042,3350
NWN,2023,4,98629,274
NWN,2022,1,98635,0
PSE,2023,8,98087,867
Avista,2023,4,99013,118
PSE,2024,9,98340,96
PSE,2023,5,98007,1933
PSE,2024,1,98053,564
PSE,2024,6,98596,25
PSE,2024,10,98019,387
PSE,2022,7,98385,20
NWN,2023,8,98642,683
CNG,2022,11,98948,171
Avista,2021,3,99201,1325
PAC,2024,2,98938,1540
Avista,2025,7,99206,1449
Avista,2021,3,99149,6
CNG,2023,8,98848,2
PSE,2022,11,98119,533
NWN,2022,6,97388,0
Avista,2022,3,99111,101
PSE,2024,5,98266,512
PSE,2023,4,98101,82
PAC,2024,1,98932,547
Avista,2022,9,99371,17
Avista,2023,10,99006,296
Avista,2022,10,99126,50
CNG,2022,2,99323,15
NWN,2024,11,98026,0
Avista,2024,8,99202,782
PSE,2024,6,98199,529
Avista,2025,7,99218,655
PSE,2022,10,98345,38
PSE,2021,10,98253,78
PSE,2024,9,98055,2052
PSE,2024,12,98354,222
Avista,2021,11,99037,278
PSE,2021,5,98092,3947
PSE,2024,6,98439,567
CNG,2023,4,98314,1
PSE,2021,5,98005,812
PSE,2022,3,98112,805
PSE,2021,7,98220,34
CNG,2023,3,98240,16
PSE,2022,10,98144,1134
CNG,2022,7,98901,388
Avista,2022,12,99220,0
NWN,2022,6,98684,1080
Avista,2023,3,99009,90
PSE,2025,1,98236,338
PSE,2025,1,98005,1147
PSE,2021,9,98148,571
CNG,2024,12,98295,45
PSE,2023,6,98012,1351
PAC,2024,10,99350,3
NWN,2024,7,98686,573
CNG,2023,9,99337,168
PSE,2022,5,98284,1637
PSE,2022,11,98014,222
PSE,2024,10,98406,617
NWN,2025,4,98683,1053
PAC,2022,5,98933,82
Avista,2024,4,99163,1537
CNG,2022,5,99324,156
CNG,2023,11,98524,6
NWN,2023,8,98626,0
PSE,2022,6,98403,274
PSE,2023,4,98027,1613
PSE,2021,1,98321,700
PSE,2023,6,98501,3891
Avista,2022,6,98620,101
PSE,2023,1,98155,620
PSE,2024,2,98037,631
PAC,2022,8,98908,3253
PSE,2025,4,98011,1641
PSE,2021,2,98940,66
PSE,2024,11,98258,2022
CNG,2022,7,98557,17
PSE,2025,4,98270,2273
PSE,2025,3,98053,629
Avista,2025,5,99003,102
PSE,2024,10,98277,2874
Avista,2021,10,99026,87
CNG,2024,11,98223,440
CNG,2023,12,98264,550
PSE,2022,7,98092,4224
Avista,2022,11,99208,2642
PSE,2023,1,98408,979
PSE,2021,2,98258,1807
PSE,2025,6,98034,3003
PSE,2024,2,98502,2839
NWN,2025,2,98612,0
Avista,2021,12,99208,2639
PSE,2023,4,98283,236
PAC,2024,11,99361,81
PSE,2023,6,98251,268
PSE,2024,8,98271,464
PSE,2025,6,98941,68
PAC,2022,1,98932,476
PSE,2023,10,98329,4
PSE,2023,11,98366,2918
CNG,2025,2,98901,336
Avista,2025,8,99040,86
PSE,2023,12,98118,1664
PSE,2022,4,98019,349
Avista,2024,2,99111,101
CNG,2025,5,98345,6
PSE,2025,1,98092,4338
PSE,2022,7,98387,2150
CNG,2023,11,98312,601
CNG,2022,7,98233,473
CNG,2024,10,98837,75
PSE,2022,11,98288,41
PSE,2022,12,98068,80
Avista,2023,7,99032,35
PSE,2024,3,98311,2088
PSE,2023,12,98444,869
PSE,2024,5,98596,23
PSE,2023,3,98404,1071
Avista,2025,9,99137,29
Avista,2021,1,99111,136
Avista,2025,8,99185,50
PSE,2022,11,98074,420
Avista,2023,2,99008,18
CNG,2023,12,98370,93
PSE,2021,10,98077,213
PAC,2025,1,98936,375
PSE,2024,4,98024,263
PSE,2023,9,98032,4783
PSE,2023,10,98225,3373
PSE,2021,3,98329,4
PSE,2025,6,98446,377
PSE,2023,5,98329,36
PSE,2022,6,98253,84
PAC,2024,3,98901,2759
PSE,2022,11,98532,171
PSE,2025,4,98019,391
PSE,2024,4,98057,1996
CNG,2024,7,98247,124
Avista,2024,2,99037,306
CNG,2024,11,98953,68
NWN,2022,12,98307,0
Avista,2022,8,99101,66
PSE,2023,9,98370,1950
Avista,2022,4,99223,1435
PSE,2022,11,98133,912
Avista,2022,12,99203,497
PSE,2022,4,98027,1458
Avista,2023,2,99173,117
CNG,2024,5,98674,109
Avista,2024,1,99344,455
CNG,2022,10,98563,44
PSE,2023,10,98255,44
PSE,2021,7,98498,277
NWN,2025,5,98665,845
NWN,2023,7,98648,0
CNG,2024,7,98584,173
Avista,2024,8,99260,0
PSE,2021,5,98311,1613
PSE,2022,5,98068,100
Avista,2023,12,99223,1467
PAC,2025,3,98942,1819
PSE,2024,11,98272,408
PSE,2022,5,98465,604
Avista,2023,3,99026,71
PSE,2023,4,98346,38
CNG,2023,3,98932,32
PAC,2024,12,99347,80
PAC,2022,2,98938,177
Avista,2022,10,99216,1295
PSE,2024,10,98136,418
PSE,2024,1,98033,1806
CNG,2024,7,98240,14
Avista,2024,3,99034,6
PSE,2022,12,98337,925
Avista,2025,2,99114,510
PSE,2023,9,98558,20
CNG,2023,2,98901,365
Avista,2023,2,99159,46
PSE,2024,2,98177,467
PAC,2024,8,98901,1758
PSE,2024,6,98178,859
Avista,2023,9,99260,0
PSE,2021,3,98199,345
PSE,2023,1,98359,292
NWN,2023,8,98604,687
CNG,2022,10,98276,29
PAC,2024,7,98936,366
NWN,2023,2,98674,0
PSE,2024,9,98052,4335
PSE,2022,5,98020,349
PSE,2023,1,98030,3424
PSE,2022,1,98198,3121
NWN,2025,4,98663,312
PSE,2022,10,98133,894
Avista,2024,9,99208,2218
PSE,2022,2,98121,119
Avista,2025,3,99137,40
NWN,2022,11,98665,540
Avista,2025,1,99170,41
PSE,2025,4,98406,10
Avista,2024,11,99161,54
PSE,2023,10,98115,1105
Avista,2022,1,99170,45
Avista,2024,5,99326,15
PSE,2021,10,98502,3391
Avista,2023,9,99181,138
PSE,2024,9,98946,42
PSE,2024,1,98290,482
CNG,2023,9,98837,85
PSE,2022,4,98201,974
PSE,2022,7,98513,2239
PAC,2022,2,98937,380
PSE,2023,9,98466,614
Avista,2024,5,99201,1191
Avista,2025,9,99034,6
Avista,2025,7,99023,7
PSE,2023,9,98236,343
Avista,2023,9,99201,1232
Avista,2025,8,99202,1215
Avista,2022,12,98620,92
PSE,2024,12,98011,1539
Avista,2023,5,99371,16
PSE,2022,5,98370,1800
CNG,2025,5,98563,40
NWN,2024,6,98686,654
CNG,2022,8,98932,48
PSE,2022,12,98422,448
PSE,2022,7,98027,1430
PSE,2023,5,98467,317
PSE,2023,4,98045,827
PSE,2023,4,98380,1619
NWN,2025,3,98610,57
NWN,2024,12,97031,0
PSE,2022,12,98024,247
PSE,2021,1,98043,353
PSE,2025,6,98373,83
PSE,2022,4,98941,168
Avista,2023,12,99144,0
PSE,2022,6,98045,773
PSE,2023,9,98198,3670
PAC,2024,11,98948,758
Avista,2023,1,99163,1494
PSE,2021,12,98027,1256
PSE,2021,1,98233,674
PSE,2021,5,98387,1895
CNG,2022,5,99337,147
CNG,2024,4,99301,1848
PSE,2024,8,98092,3711
PSE,2024,12,98059,2067
PSE,2022,12,98342,129
NWN,2024,4,98639,43
Avista,2023,5,99122,96
PSE,2025,3,98225,2983
Avista,2024,12,99102,34
CNG,2024,6,99338,112
PSE,2023,3,98589,529
PSE,2023,9,98513,2584
PSE,2025,2,98230,1289
PSE,2022,7,98010,457
Avista,2024,2,99163,1188
PSE,2025,5,98443,71
Avista,2023,8,99176,3
PSE,2021,10,98284,1536
Avista,2025,2,99025,78
PSE,2022,2,98092,3421
PSE,2024,12,98005,1390
Avista,2024,5,99040,72
Avista,2022,6,99169,84
NWN,2022,5,98648,0
PSE,2021,1,98345,39
PSE,2025,1,98229,1528
PSE,2022,8,98271,456
Avista,2021,5,99216,1247
NWN,2022,5,98668,0
PSE,2021,1,98103,776
PSE,2024,3,98373,1978
PSE,2023,12,98115,1046
Avista,2021,12,99138,134
Avista,2023,11,99125,22
NWN,2025,6,98626,0
PSE,2023,7,98934,109
PSE,2024,6,98558,26
PSE,2022,4,98329,5
PSE,2021,3,98516,1526
PSE,2022,5,98057,1758
Avista,2022,9,99019,481
PSE,2024,4,98004,2521
Avista,2025,5,99206,1592
PSE,2021,6,98383,1074
NWN,2022,5,98629,262
PSE,2021,2,98591,14
PAC,2022,7,98953,576
Avista,2022,7,99031,25
NWN,2024,4,98606,62
Avista,2022,9,99151,13
PSE,2024,11,98232,169
PSE,2025,6,98019,353
NWN,2023,8,98671,461
PSE,2023,10,98033,1778
Avista,2022,5,99403,737
Avista,2022,4,99128,15
CNG,2023,5,98837,88
NWN,2022,10,98626,0
PSE,2023,6,98596,22
Avista,2023,12,99169,65
PSE,2022,12,98405,1090
PAC,2025,4,99348,67
Avista,2021,12,99033,34
CNG,2024,3,98944,325
PSE,2022,1,98158,2
PSE,2024,11,98010,523
PSE,2021,4,98004,1415
PSE,2025,6,98530,57
Avista,2022,11,99205,2154
PSE,2022,8,98249,235
PSE,2023,1,98023,3808
Avista,2024,8,99206,1153
Avista,2022,3,99109,174
PSE,2024,7,98941,195
PSE,2022,6,98070,617
PSE,2021,8,98499,1640
CNG,2023,9,98233,488
PSE,2025,2,98274,1216
PSE,2023,4,98506,1534
PSE,2023,11,98006,1301
NWN,2023,5,98607,1187
PSE,2022,9,98596,19
PSE,2021,4,98380,194
PSE,2023,11,98503,3596
Avista,2023,1,99203,506
PSE,2022,11,98295,68
NWN,2022,5,98610,69
Avista,2024,9,99157,32
PSE,2024,4,98136,400
PSE,2021,12,98499,1405
NWN,2024,8,98662,806
PSE,2022,11,98580,326
PSE,2021,5,98020,322
CNG,2024,1,99337,120
CNG,2024,7,98277,329
NWN,2025,4,98762,0
Avista,2024,9,99170,32
CNG,2022,3,99323,11
Avista,2025,2,99013,95
PSE,2023,1,98371,1581
PSE,2021,2,98116,345
CNG,2025,4,98944,319
PSE,2021,6,98375,1159
PSE,2023,7,98263,40
PSE,2025,5,98288,44
PAC,2025,6,98923,131
Avista,2022,7,99025,104
PSE,2024,7,98446,450
PSE,2022,4,98010,456
PSE,2024,5,98247,599
PSE,2024,12,98230,1272
PAC,2022,6,99347,199
PSE,2025,1,98248,2304
PSE,2021,6,98257,331
PSE,2023,1,98106,643
Avista,2024,11,99036,2
PSE,2024,11,98117,910
PSE,2025,2,98238,4
PSE,2024,2,98110,1546
Avista,2021,7,99018,7
Avista,2022,2,99146,2
NWN,2023,1,98119,0
PSE,2021,12,98383,1161
PSE,2024,5,98338,1015
PSE,2021,4,98290,441
PSE,2022,2,98267,46
Avista,2022,3,98857,2
Avista,2021,6,99179,17
CNG,2022,6,98277,270
PSE,2024,1,98502,2706
PSE,2023,7,98408,977
Avista,2024,2,99014,2
PSE,2024,6,98208,1239
PSE,2022,12,98263,14
PSE,2021,9,98418,450
Avista,2023,5,99104,0
NWN,2022,7,98628,29
CNG,2023,4,98233,520
CNG,2023,10,98370,95
PSE,2022,6,98020,313
Avista,2024,2,99012,44
Avista,2023,5,99223,1515
PSE,2021,2,98198,2812
PAC,2022,7,98935,297
PSE,2022,9,98501,3661
PSE,2021,8,98177,422
PSE,2023,1,98513,2588
PSE,2022,12,98332,302
PSE,2025,4,98295,84
CNG,2025,2,98370,168
PSE,2022,2,98043,443
Avista,2024,6,99109,191
PSE,2024,9,98059,1844
PSE,2022,5,98103,1106
PSE,2022,9,98026,742
PSE,2023,1,98283,37
Avista,2022,5,99179,19
PSE,2025,2,98512,2388
Avista,2021,5,99131,6
PSE,2024,12,98430,1
CNG,2023,8,99301,1083
PSE,2021,3,98346,452
PSE,2023,8,98178,897
PSE,2021,3,98223,54
PSE,2022,5,98342,130
PSE,2022,1,98057,1600
PSE,2021,6,98251,112
Avista,2024,4,99030,36
PSE,2022,1,98264,1327
PSE,2025,5,98115,1044
Avista,2022,1,99201,1207
PSE,2023,12,98589,599
Avista,2023,2,99179,24
PSE,2023,9,98052,4535
Avista,2024,8,99114,421
PSE,2022,1,98310,2219
Avista,2021,1,98857,4
PSE,2021,3,98022,1744
Avista,2022,7,99164,1
PSE,2021,6,98380,203
PSE,2025,3,98290,484
CNG,2024,3,98584,166
PSE,2023,7,98576,492
CNG,2023,11,98223,393
CNG,2022,1,99336,289
Avista,2025,5,99102,48
PSE,2023,11,98251,64
NWN,2022,10,98026,0
PSE,2023,11,98001,2007
PSE,2023,8,98112,700
PSE,2023,7,98296,441
NWN,2024,6,98617,0
PSE,2021,2,98039,67
PSE,2021,3,98092,3694
NWN,2024,11,98663,285
Avista,2023,6,99030,29
CNG,2023,9,98370,112
NWN,2024,3,98119,0
PSE,2023,6,98233,173
CNG,2024,11,98541,32
PSE,2022,3,98375,1380
PSE,2022,2,98270,2262
PSE,2023,7,98354,292
PSE,2021,8,98445,709
PSE,2022,11,98531,486
PSE,2021,4,98385,23
Avista,2021,3,99114,567
PSE,2024,3,98424,268
CNG,2022,11,98908,461
PSE,2024,7,98290,448
PSE,2024,4,98031,3349
PSE,2021,10,98321,818
PSE,2024,7,98026,775
Avista,2024,11,99156,1
CNG,2022,1,98273,573
PSE,2025,5,98589,594
PSE,2022,5,98026,803
NWN,2023,9,98606,43
Avista,2025,6,99032,30
PSE,2022,7,98418,504
NWN,2025,5,98605,29
NWN,2022,1,98604,768
PSE,2023,10,98106,692
Avista,2023,3,99109,201
PSE,2021,12,98922,634
Avista,2023,4,99107,1
PSE,2023,10,98040,923
Avista,2023,8,99141,281
PAC,2024,7,98953,504
CNG,2024,6,99354,218
PSE,2024,12,98008,902
PSE,2022,10,98406,757
CNG,2022,3,98528,15
PSE,2022,7,98249,250
PSE,2023,8,98021,611
PSE,2023,4,98338,972
PSE,2024,9,98530,73
PSE,2021,7,98039,83
PSE,2021,2,98032,3440
PSE,2021,6,98373,1503
PSE,2021,5,98530,53
Avista,2024,6,99151,8
PAC,2024,5,98930,1033
PSE,2021,11,98008,860
PSE,2024,2,98021,584
PSE,2024,11,98424,297
PSE,2025,1,98116,568
PSE,2024,5,98388,144
PSE,2023,9,98221,1753
PSE,2023,2,98925,73
Avista,2024,8,99122,74
CNG,2023,6,98225,551
Avista,2022,2,99012,51
Avista,2024,4,99016,862
Avista,2023,10,99176,4
PSE,2025,3,98037,648
PSE,2023,11,98014,232
NWN,2024,12,98666,0
CNG,2022,6,98626,66
PSE,2021,8,98402,45
PSE,2021,9,98203,780
PSE,2021,5,98940,218
PSE,2025,4,98021,606
PSE,2024,3,98323,60
Avista,2022,3,99029,32
PSE,2024,10,98467,280
PSE,2023,8,98372,2111
PSE,2023,6,98239,8
PSE,2023,10,98188,2241
PSE,2025,4,98122,1475
PSE,2021,2,98422,382
Avista,2025,1,99005,139
PSE,2021,7,98405,1059
PSE,2022,6,98223,61
Avista,2025,2,99216,1142
Avista,2021,4,99203,617
PSE,2024,10,98558,22
PSE,2022,4,98346,681
PSE,2021,2,98022,1936
NWN,2022,3,98642,402
Avista,2022,8,99109,140
Avista,2023,6,99202,1081
NWN,2024,7,98617,0
Avista,2021,6,99158,21
NWN,2025,6,98682,2148
NWN,2023,11,98605,18
PSE,2025,1,98568,2
PSE,2024,2,98589,618
CNG,2022,10,98220,4
PSE,2023,10,98103,1181
PSE,2022,3,98012,1290
PSE,2023,8,98166,816
Avista,2023,2,99143,15
Avista,2023,12,99023,10
PSE,2021,5,98467,285
Avista,2021,2,99110,43
PSE,2022,3,98043,430
Avista,2022,11,99018,8
PSE,2021,7,98275,344
PSE,2024,1,98225,2996
PSE,2023,8,98133,979
PSE,2023,3,98045,808
PSE,2021,2,98270,2033
NWN,2022,7,98666,0
PSE,2025,1,98258,1800
PSE,2023,4,98329,31
PSE,2025,5,98235,23
PSE,2023,1,98345,37
PSE,2024,12,98312,3100
PSE,2024,7,98240,237
Avista,2023,2,99033,27
CNG,2023,7,98520,152
PSE,2024,10,98053,571
PSE,2022,2,98531,502
PSE,2023,1,98403,304
PSE,2024,12,98102,633
PSE,2025,3,98402,58
PSE,2024,6,98292,61
Avista,2021,11,99326,23
PSE,2023,7,98106,742
Avista,2025,6,99403,652
PSE,2023,10,98020,347
Avista,2021,6,99174,2
CNG,2024,12,98930,234
PSE,2025,1,98359,283
Avista,2021,8,99113,8
PSE,2025,1,98033,1585
NWN,2022,11,98635,0
PSE,2022,11,98353,1
PAC,2024,3,98937,415
Avista,2023,12,99203,526
PSE,2024,9,98036,804
PSE,2024,1,98392,346
CNG,2024,10,98944,266
PSE,2022,9,98178,856
Avista,2022,2,99032,32
PSE,2025,1,98345,33
Avista,2025,2,99005,165
PSE,2023,6,98467,305
PSE,2024,9,98201,900
PSE,2023,10,98568,1
PSE,2021,7,98283,37
NWN,2025,1,98626,0
CNG,2022,3,98310,471
Avista,2025,6,99029,33
Avista,2021,1,99130,50
PSE,2023,5,98109,520
PSE,2023,2,98295,87
PSE,2022,5,98178,834
PSE,2024,12,98580,376
PSE,2022,6,98446,96
PSE,2021,10,98421,4
PSE,2021,9,98340,215
Avista,2021,12,99110,36
NWN,2022,9,98683,565
PSE,2023,7,98237,477
PAC,2022,1,98952,75
CNG,2024,9,98801,87
CNG,2025,5,98908,634
PSE,2024,6,98005,1401
PSE,2021,11,98068,95
PSE,2022,11,98001,1854
PSE,2022,11,98262,57
PSE,2023,4,98026,782
PSE,2021,5,98235,23
Avista,2022,10,99212,1300
PSE,2024,5,98580,455
PSE,2021,12,98043,398
PSE,2021,10,98226,2805
Avista,2025,3,99371,22
PSE,2023,8,98255,44
Avista,2022,11,99212,1160
NWN,2025,6,98684,951
PSE,2023,10,98353,203
CNG,2024,11,98233,532
PSE,2021,6,98198,2843
Avista,2023,1,99113,10
PSE,2023,10,98396,34
Avista,2023,2,99129,82
PSE,2024,8,98591,15
PSE,2021,6,98267,37
NWN,2022,3,98666,0
PSE,2024,9,98404,1034
CNG,2024,2,99353,47
Avista,2024,11,99203,525
PSE,2022,1,98042,3055
Avista,2023,2,99032,33
PSE,2023,6,98021,603
PSE,2024,7,98102,552
PSE,2021,9,98296,360
Avista,2022,11,99111,88
PSE,2024,6,98042,3470
Avista,2024,8,99001,155
PSE,2021,8,98506,2932
CNG,2023,6,98284,321
CNG,2024,4,99350,55
PSE,2021,3,98354,113
PSE,2022,5,98126,715
PSE,2022,7,98354,178
Avista,2021,4,99169,70
PSE,2021,12,98168,820
PSE,2021,2,98558,7
Avista,2025,7,99176,6
PSE,2024,5,98335,423
Avista,2023,6,99151,7
PSE,2023,7,98580,377
PSE,2021,1,98022,1912
Avista,2022,3,99212,1170
PSE,2022,2,98934,116
PSE,2024,2,98385,30
PSE,2024,9,98168,1124
Avista,2024,10,99036,3
NWN,2022,8,98684,856
PSE,2022,12,98037,630
Avista,2022,10,99224,839
PSE,2025,4,98328,41
CNG,2024,3,98948,231
NWN,2023,11,98629,139
PSE,2023,7,98558,26
Avista,2023,10,99181,121
PSE,2022,5,98158,1
PSE,2024,1,98323,47
Avista,2023,5,99224,797
PSE,2024,2,98328,68
PSE,2022,5,98407,684
CNG,2024,1,98902,1287
PSE,2021,12,98403,276
PSE,2022,7,98037,642
PSE,2023,2,98134,17
PSE,2024,11,98107,614
PSE,2021,10,98513,1870
Avista,2024,2,99131,2
Avista,2021,11,99027,278
Avista,2023,5,99004,173
Avista,2025,9,99018,5
PSE,2023,6,98335,322
Avista,2025,6,99170,45
CNG,2023,7,98901,366
PSE,2023,4,98075,829
PSE,2021,10,98223,59
PSE,2023,5,98506,1569
PSE,2023,10,98042,3243
PSE,2023,5,98294,60
Avista,2022,12,99179,16
PSE,2023,9,98112,758
Avista,2024,6,98620,102
PSE,2024,3,98359,318
CNG,2023,10,98367,240
PAC,2025,2,98903,1830
PAC,2024,11,98921,63
PSE,2024,2,98340,223
PSE,2022,7,98051,207
PSE,2024,7,98004,2419
PSE,2022,5,98223,71
CNG,2024,6,98524,6
NWN,2025,6,98686,678
CNG,2025,4,98520,165
Avista,2023,10,99137,42
PSE,2024,11,98024,276
PSE,2025,5,98144,1242
Avista,2022,3,99224,646
PSE,2022,1,98255,44
Avista,2021,8,99013,135
Avista,2024,8,99128,8
NWN,2022,3,98601,0
CNG,2022,8,99336,344
PSE,2025,1,98032,4431
PSE,2022,12,98110,1556
Avista,2024,9,99204,464
Avista,2024,7,99148,127
NWN,2025,1,98666,0
Avista,2023,3,99016,882
PSE,2021,7,98328,57
PSE,2022,7,98226,3151
PSE,2024,9,98148,663
PSE,2022,10,98940,197
PSE,2021,3,98248,1751
PSE,2022,11,98257,381
Avista,2023,12,99151,8
Avista,2022,10,99137,23
CNG,2023,9,98264,553
Avista,2025,6,99158,21
PSE,2024,7,98007,1966
CNG,2023,4,98936,112
CNG,2022,8,99324,193
PSE,2024,12,98036,816
PSE,2021,4,98051,174
Avista,2025,5,99208,3039
PSE,2022,2,98290,461
NWN,2022,4,98612,0
CNG,2024,4,98367,238
PSE,2022,6,98014,214
Avista,2023,5,99102,47
Avista,2021,6,99008,21
PSE,2023,12,98366,3159
Avista,2023,3,99163,1261
PSE,2025,2,98075,740
NWN,2025,4,98686,700
Avista,2025,6,99128,10
Avista,2023,4,99101,84
PSE,2023,9,98421,7
PSE,2022,6,98177,463
Avista,2021,3,99143,15
PSE,2024,1,98026,690
Avista,2022,1,99004,139
PSE,2023,9,98225,3456
NWN,2023,6,97031,0
Avista,2025,9,99117,13
PSE,2021,9,98005,908
Avista,2024,10,99012,35
Avista,2023,6,99013,92
PSE,2024,4,98001,2142
CNG,2022,9,98277,307
Avista,2024,4,99129,89
CNG,2023,4,98240,20
Avista,2024,9,99143,14
Avista,2022,10,99207,2312
PSE,2021,8,98328,56
PAC,2022,4,98921,91
Avista,2025,3,99128,12
PSE,2022,1,98104,53
Avista,2022,3,99138,141
Avista,2021,12,98857,2
Avista,2021,3,99158,19
Avista,2021,6,99161,57
PSE,2021,5,98295,55
PSE,2024,8,98294,388
NWN,2022,2,98682,2355
PSE,2024,8,98108,1011
PSE,2023,7,98406,679
PSE,2025,4,98087,947
Avista,2024,12,99157,36
PSE,2022,11,98403,300
NWN,2023,9,97301,0
CNG,2023,8,98953,36
PSE,2023,2,98042,3477
PSE,2023,6,98332,1
PSE,2021,12,98221,1472
PSE,2021,12,98329,4
PSE,2023,12,98271,601
PSE,2024,9,98029,1509
PSE,2022,12,98133,856
PSE,2023,9,98075,816
NWN,2022,7,98684,1035
PSE,2025,2,98133,896
PSE,2022,11,98166,814
Avista,2024,3,99202,1224
PAC,2022,9,99361,116
NWN,2022,10,98617,0
PSE,2021,8,98224,39
PSE,2023,7,98236,357
NWN,2024,9,98683,467
PSE,2022,6,98106,646
PAC,2022,2,98921,91
PSE,2023,4,98264,29
PSE,2022,10,98335,398
PSE,2024,9,98011,1871
PSE,2021,7,98011,1144
PSE,2025,2,98253,101
Avista,2025,4,99218,573
PSE,2025,6,98198,3854
PSE,2024,5,98058,2838
Avista,2021,8,99026,83
PAC,2022,1,99362,2067
CNG,2022,10,98233,423
PAC,2022,2,99362,2354
CNG,2024,7,98366,641
PSE,2024,1,98101,37
PSE,2024,11,98396,46
Avista,2022,12,99018,7
NWN,2025,2,98629,74
PSE,2023,6,98068,84
PSE,2024,8,98374,2805
Avista,2021,7,99111,126
PSE,2025,6,98118,1575
PAC,2024,3,98939,33
PAC,2024,3,98935,255
CNG,2025,1,99338,107
PSE,2024,8,98321,933
PSE,2021,4,98005,698
PSE,2021,2,98272,817
Avista,2022,10,99013,96
PSE,2023,3,98055,2345
PAC,2024,2,98903,3972
Avista,2021,2,99109,205
Avista,2022,10,99144,0
PSE,2024,5,98148,707
Avista,2021,10,99181,146
PSE,2025,4,98277,3304
PSE,2021,3,98072,659
PSE,2023,5,98340,1004
PSE,2023,11,98274,1100
Avista,2024,3,99134,37
PSE,2024,5,98188,2269
CNG,2024,8,98230,350
PSE,2024,3,98499,652
PSE,2023,2,98258,1078
PSE,2025,6,98042,3470
CNG,2023,11,98282,30
PSE,2024,9,98230,1059
PSE,2023,10,98264,1457
Avista,2023,7,99163,1685
CNG,2025,6,98314,1
NWN,2022,7,98662,1108
Avista,2022,1,99129,89
Avista,2022,10,99021,267
CNG,2025,1,98948,194
PSE,2023,3,98021,555
Avista,2025,9,99157,38
Avista,2025,1,99163,1354
Avista,2025,4,99205,2216
PSE,2023,10,98272,849
PSE,2021,2,98579,711
PSE,2021,10,98359,235
PSE,2024,4,98065,740
CNG,2024,5,98278,1
PSE,2022,9,98109,475
PSE,2024,6,98274,1184
PSE,2021,3,98380,211
Avista,2025,7,99167,33
PAC,2024,10,98951,759
PSE,2023,8,98272,795
PSE,2021,12,98311,1507
PSE,2024,2,98001,2153
PSE,2023,9,98233,1031
PSE,2022,10,98225,2938
NWN,2024,4,98610,50
PSE,2023,12,98360,1
Avista,2024,6,99126,49
PSE,2021,11,98262,47
Avista,2024,11,99159,39
PSE,2022,9,98502,2627
Avista,2021,11,99167,48
CNG,2024,1,98932,52
PSE,2023,6,98118,1653
PSE,2023,1,98375,1510
CNG,2023,1,99354,189
PSE,2023,1,98199,523
PSE,2022,2,98396,33
Avista,2021,10,99223,1422
PSE,2023,1,98117,844
PAC,2025,1,98944,1764
PSE,2023,5,98055,2370
CNG,2024,5,98383,213
Avista,2021,4,99159,42
Avista,2022,2,99156,0
PSE,2023,1,98148,648
Avista,2023,11,99344,492
PSE,2025,3,98249,282
Avista,2021,11,99202,1234
Avista,2023,10,99224,781
Avista,2025,3,99341,46
PSE,2021,2,98122,1172
PAC,2022,6,98938,174
NWN,2024,5,98626,0
Avista,2022,9,99202,1158
CNG,2024,4,98345,5
PSE,2022,5,98092,3452
PSE,2022,11,98405,836
PSE,2024,2,98281,445
Avista,2021,11,99216,1114
PSE,2021,3,98224,34
Avista,2023,9,99228,0
Avista,2024,12,99163,1365
Avista,2024,1,99151,8
Avista,2024,12,99032,20
PSE,2022,2,98056,2704
Avista,2024,11,98648,18
Avista,2021,10,99019,446
PSE,2024,7,98445,1061
PSE,2022,2,98158,2
Avista,2021,8,99001,244
PSE,2024,7,98011,1583
CNG,2023,2,98223,372
PSE,2024,5,98199,512
Avista,2024,4,99018,11
PSE,2021,12,98327,505
PSE,2021,11,98296,354
Avista,2022,12,99104,0
PSE,2022,3,98271,480
PSE,2021,9,98125,538
PSE,2025,3,98444,842
PSE,2025,6,98106,661
NWN,2024,10,98601,0
PSE,2022,3,98223,63
PSE,2024,1,98075,819
Avista,2021,8,99204,661
Avista,2023,12,99260,0
Avista,2022,11,99159,27
PSE,2024,9,98296,428
Avista,2022,9,99223,1366
PSE,2021,3,98158,2
PSE,2022,12,98050,13
PSE,2022,5,98058,2642
NWN,2023,5,98208,0
PSE,2022,5,98288,31
NWN,2023,12,98026,0
Avista,2025,7,99117,19
PSE,2023,4,98327,76
PSE,2021,7,98036,734
Avista,2023,11,99138,127
Avista,2024,11,99181,137
PSE,2022,6,98387,1882
PSE,2024,12,98467,285
PSE,2021,7,98050,17
PSE,2025,2,98108,808
PSE,2022,5,98272,824
PSE,2022,8,98065,679
PSE,2024,6,98134,18
Avista,2022,3,99031,23
PSE,2024,3,98252,238
PSE,2023,3,98294,347
PSE,2023,2,98102,493
Avista,2021,12,99103,19
PSE,2021,11,98407,666
Avista,2023,8,99029,30
PSE,2024,7,98312,2960
CNG,2023,12,98226,564
Avista,2021,9,99102,43
PAC,2024,9,98952,68
Avista,2022,4,99204,564
PSE,2023,7,98388,146
Avista,2023,5,99204,624
PSE,2021,5,98223,55
PSE,2024,8,98499,678
Avista,2021,9,99109,184
CNG,2023,7,98248,489
PSE,2021,2,98051,224
NWN,2023,9,98125,0
CNG,2022,1,98944,198
Avista,2024,4,99176,1
PSE,2023,4,98244,229
CNG,2023,2,98337,222
PSE,2025,6,98433,1
PSE,2021,12,98038,1636
PSE,2022,9,98385,26
PSE,2021,3,98424,186
PSE,2022,5,98262,54
NWN,2022,2,98642,296
Avista,2021,8,99170,45
PSE,2025,4,98068,66
PSE,2024,7,98249,287
Avista,2024,7,99117,15
Avista,2023,2,99029,42
PSE,2022,11,98255,45
PSE,2024,6,98230,1293
PSE,2023,3,98006,1292
CNG,2023,10,98524,5
PSE,2022,11,98329,5
Avista,2024,8,99156,1
Avista,2025,7,99158,17
Avista,2025,7,99181,102
NWN,2023,4,98208,0
PSE,2023,6,98223,1511
PSE,2022,10,98109,483
PSE,2023,11,98373,1896
CNG,2025,3,98936,123
Avista,2025,9,99212,1307
PSE,2025,2,98295,74
Avista,2021,4,99027,213
Avista,2023,1,99131,4
PSE,2024,6,98946,46
PSE,2024,10,98039,63
PSE,2022,5,98051,218
PSE,2024,8,98119,475
Avista,2023,12,99402,57
PSE,2023,8,98532,193
Avista,2024,5,99207,2095
Avista,2023,9,99326,28
CNG,2024,10,98801,82
CNG,2022,4,98230,380
Avista,2021,5,99171,32
PSE,2022,7,98006,1290
PSE,2024,8,98102,547
PSE,2025,1,98576,470
PSE,2024,6,98364,1
Avista,2022,3,99202,1188
PSE,2025,1,98107,567
PSE,2021,7,98276,74
NWN,2024,6,98629,208
Avista,2021,1,99037,260
NWN,2023,1,98307,0
PAC,2024,3,98933,93
Avista,2023,10,99141,301
PSE,2022,10,98148,675
Avista,2022,9,99341,49
PSE,2023,1,98516,2013
PSE,2023,4,98103,1146
Avista,2025,5,99008,20
Avista,2021,10,99161,64
PSE,2024,11,98501,4009
PSE,2022,10,98941,134
PSE,2023,10,98422,505
NWN,2023,9,98626,0
PAC,2022,4,99324,604
Avista,2021,6,99148,134
PSE,2021,8,98532,164
PSE,2021,12,98396,21
PSE,2025,1,98075,683
PSE,2021,1,98117,522
NWN,2024,3,97031,0
Avista,2021,4,99008,18
Avista,2023,10,99169,80
Avista,2025,9,99129,81
PSE,2024,3,98934,122
PSE,2021,11,98074,370
PSE,2025,3,98387,2000
Avista,2022,10,99326,21
CNG,2023,3,98520,146
PSE,2024,8,98439,449
Avista,2021,5,99224,868
CNG,2023,2,98848,2
NWN,2022,3,98127,0
PSE,2021,11,98043,410
CNG,2024,5,98264,512
PSE,2021,6,98021,473
Avista,2024,7,99161,84
PSE,2023,11,98277,2853
Avista,2023,12,99157,42
PSE,2022,2,98501,3918
PSE,2024,6,98312,3187
PSE,2023,4,98105,712
PSE,2024,8,98115,1419
PSE,2025,4,98117,853
PSE,2023,2,98248,1361
CNG,2025,2,99324,158
Avista,2025,9,99149,13
PSE,2023,2,98045,833
CNG,2023,2,98233,434
PAC,2022,6,99362,2203
PSE,2023,9,98201,994
NWN,2024,8,98648,0
PSE,2024,3,98204,633
Avista,2021,7,99004,188
PSE,2024,4,98034,2917
Avista,2022,10,99034,4
Avista,2022,6,99161,68
PSE,2021,3,98328,41
Avista,2024,9,99111,102
PSE,2023,4,98033,1739
PSE,2021,2,98262,64
PSE,2022,7,98040,795
Avista,2025,1,99224,655
PSE,2024,6,98273,2266
PSE,2021,2,98010,412
Avista,2023,12,99107,0
Avista,2022,8,99203,432
NWN,2023,4,98686,834
PSE,2022,11,98516,2002
PSE,2022,10,98276,75
PSE,2022,3,98580,377
PSE,2025,5,98402,23
CNG,2025,6,99323,17
CNG,2023,5,98264,552
PSE,2024,4,98121,143
NWN,2025,5,98686,767
Avista,2021,4,99031,30
CNG,2022,7,98674,104
Avista,2024,11,99009,63
PSE,2023,4,98235,1037
Avista,2022,12,99026,58
PSE,2023,1,98281,217
PSE,2025,6,98558,24
Avista,2024,5,99027,292
PSE,2025,6,98109,468
PSE,2024,2,98263,26
CNG,2024,10,98337,213
PSE,2021,3,98327,326
PSE,2024,4,98252,246
Avista,2022,5,99216,1223
PSE,2025,5,98043,439
PSE,2024,9,98390,956
CNG,2023,7,98264,551
Avista,2022,11,99131,6
CNG,2023,4,98271,143
PAC,2024,4,99362,2544
PSE,2024,1,98155,570
Avista,2023,6,99371,12
CNG,2024,10,98903,107
PSE,2024,7,98371,1603
PSE,2021,2,98249,209
PAC,2024,8,98951,722
PSE,2021,12,98248,1798
Avista,2022,12,99176,4
PSE,2023,8,98501,3942
CNG,2025,2,99354,190
Avista,2025,4,99039,8
PSE,2024,5,98943,80
PSE,2021,11,98422,468
Avista,2021,11,99018,7
PSE,2023,8,98003,5191
PSE,2023,11,98443,67
PSE,2021,12,98006,1107
CNG,2023,4,98247,138
NWN,2023,2,97388,0
CNG,2025,2,98520,150
PSE,2021,10,98188,1954
Avista,2023,4,99033,33
Avista,2021,10,99143,14
PSE,2024,3,98364,2
CNG,2023,5,98520,150
Avista,2025,4,99016,854
CNG,2024,10,98229,305
PSE,2024,12,98133,928
PSE,2024,8,98104,47
PSE,2022,7,98075,715
PSE,2022,1,98252,271
PSE,2022,12,98253,88
PSE,2021,11,98531,448
PSE,2022,11,98359,248
CNG,2023,2,98274,257
PSE,2024,12,98418,515
PSE,2025,2,98383,1526
CNG,2022,11,98295,37
CNG,2024,5,98953,85
PSE,2024,10,98364,1
PAC,2024,5,98908,3589
PSE,2021,12,98125,489
PSE,2021,1,98198,2600
Avista,2023,6,99111,95
Avista,2021,4,98648,39
CNG,2022,8,98524,4
Avista,2021,7,99117,13
PSE,2021,3,98337,700
PSE,2024,10,98292,50
PSE,2022,12,98579,742
Avista,2023,9,99102,40
PSE,2022,11,98148,665
CNG,2023,5,99344,191
PSE,2022,10,98257,344
PSE,2022,10,98102,625
Avista,2021,10,99371,17
PSE,2021,4,98125,349
Avista,2025,8,99138,155
Avista,2022,5,99103,21
NWN,2025,5,98628,25
PSE,2025,5,98108,1127
PSE,2022,12,98926,355
PSE,2023,5,98199,3658
Avista,2021,8,99167,48
Avista,2021,11,99016,685
PSE,2022,6,98058,2626
PSE,2022,7,98119,520
PSE,2022,2,98225,2486
Avista,2022,7,99034,7
PSE,2023,4,98116,557
PAC,2024,9,98937,303
PAC,2022,3,98942,1721
NWN,2024,10,98605,11
PSE,2022,11,98220,42
PSE,2023,10,98012,1381
CNG,2022,10,98625,23
PSE,2023,10,98053,623
Avista,2022,8,99160,8
CNG,2025,6,98282,43
PSE,2022,4,98248,2124
PSE,2023,12,98002,5397
PSE,2025,4,98238,8
PSE,2024,6,98373,2074
CNG,2023,5,98584,167
NWN,2023,5,98125,0
CNG,2023,7,98848,2
PSE,2025,2,98126,678
CNG,2024,8,99337,166
Avista,2024,1,99326,20
PSE,2025,5,98388,167
CNG,2024,2,98541,28
PSE,2021,6,98002,4080
NWN,2022,6,98628,31
Avista,2023,7,99344,19
PAC,2024,5,99363,27
Avista,2024,11,99032,27
PSE,2022,2,98087,859
PSE,2023,7,98226,3318
PSE,2023,12,98424,301
CNG,2025,5,99336,437
PAC,2024,7,98902,4572
CNG,2025,4,99350,57
PSE,2021,12,98589,425
PSE,2023,7,98029,1577
PSE,2021,12,98199,493
Avista,2024,11,99033,28
Avista,2022,4,99224,703
PSE,2021,1,98385,22
PSE,2021,5,98591,9
PSE,2025,1,98001,2024
CNG,2024,1,98247,108
Avista,2024,9,99030,24
PSE,2024,4,98274,1110
Avista,2021,4,99006,227
PSE,2022,8,98402,55
PSE,2021,4,98225,3069
Avista,2022,10,99344,497
PSE,2021,6,98273,1693
CNG,2023,10,99352,371
NWN,2022,5,98864,0
CNG,2023,11,98232,8
Avista,2024,10,99157,40
PSE,2024,4,98337,957
PSE,2024,6,98345,37
PSE,2024,11,98338,933
PSE,2022,12,98258,2060
PSE,2022,8,98225,2704
PAC,2022,9,99350,5
Avista,2021,8,99179,28
PSE,2024,10,98340,88
PSE,2021,8,98239,572
CNG,2023,1,98626,70
CNG,2025,3,98240,17
NWN,2022,10,98660,280
Avista,2022,9,99167,35
PSE,2024,6,98223,76
Avista,2023,4,99173,142
Avista,2023,7,99161,61
NWN,2022,5,98607,1170
CNG,2024,4,99324,156
PSE,2023,12,98568,1
NWN,2025,4,98610,54
CNG,2022,12,98264,542
PSE,2022,5,98055,2086
NWN,2022,4,98864,0
PSE,2024,2,98409,703
PSE,2022,8,98001,1918
PSE,2021,3,98115,689
Avista,2024,11,99218,580
PSE,2022,2,98271,564
NWN,2022,6,97663,0
PSE,2025,5,98332,14
PSE,2024,12,98148,726
PSE,2021,10,98467,589
PSE,2021,5,98925,49
PSE,2021,6,98340,223
PSE,2023,9,98168,1170
PSE,2022,1,98922,648
Avista,2022,10,99219,0
PSE,2024,4,98342,135
CNG,2023,3,98284,297
NWN,2022,5,98663,353
Avista,2021,5,99141,332
PSE,2021,5,98407,615
PSE,2023,9,98940,223
PSE,2024,1,98248,2425
PSE,2025,5,98404,51
PSE,2023,1,98074,918
CNG,2025,6,98936,127
PSE,2024,10,98296,411
PSE,2022,9,98221,1630
PSE,2022,7,98373,1831
Avista,2021,9,99033,36
PSE,2024,6,98204,663
PSE,2024,2,98237,486
PSE,2023,10,98359,800
CNG,2023,2,99344,171
PSE,2023,4,98146,720
PSE,2024,11,98027,1597
PSE,2021,8,98133,786
CNG,2022,4,98942,155
Avista,2021,4,99109,179
Avista,2025,3,99031,27
PSE,2021,5,98134,23
CNG,2022,9,98837,90
PSE,2025,3,98335,396
NWN,2023,4,98664,730
PSE,2021,9,98532,160
PSE,2024,8,98380,260
PSE,2023,8,98498,1963
NWN,2025,4,98664,672
Avista,2022,12,99125,17
PSE,2021,9,98345,35
NWN,2025,6,98672,117
CNG,2022,7,99338,94
PSE,2021,1,98034,2039
Avista,2023,12,99021,239
CNG,2024,7,98230,396
PAC,2022,5,99363,26
Avista,2024,3,99185,61
Avista,2022,5,99223,1403
Avista,2022,12,99149,18
PSE,2024,5,98354,201
PSE,2021,9,98188,1931
Avista,2022,7,99185,69
PSE,2022,2,98922,404
Avista,2022,10,99131,6
PSE,2025,4,98230,1266
PSE,2021,9,98251,91
NWN,2023,7,98620,0
Avista,2024,10,98857,2
Avista,2023,8,99109,182
CNG,2025,6,98310,557
PSE,2024,12,98465,106
Avista,2022,12,99219,0
PSE,2025,2,98239,364
Avista,2025,3,99113,15
PSE,2024,12,98110,1293
PSE,2025,5,98321,988
PSE,2021,3,98027,1082
PSE,2022,8,98208,1082
NWN,2022,5,98601,0
PSE,2021,5,98126,586
CNG,2022,4,98625,18
PSE,2022,8,98014,492
NWN,2023,8,98606,41
PSE,2022,7,98230,1188
Avista,2023,12,99201,1274
PSE,2024,4,98118,1646
Avista,2023,9,99025,92
PSE,2021,4,98275,276
Avista,2021,2,99167,31
PSE,2021,1,98051,195
NWN,2025,5,98635,1
Avista,2022,8,99113,13
PSE,2023,12,98273,2411
PAC,2024,3,99347,183
CNG,2024,10,98240,15
NWN,2024,5,98604,962
Avista,2023,3,99179,18
PSE,2022,1,98235,27
PSE,2021,10,98106,570
PSE,2022,2,98405,1008
Avista,2022,8,99224,616
Avista,2023,9,99174,1
CNG,2023,8,98221,480
PSE,2024,12,98424,278
PSE,2024,7,98126,729
PSE,2023,6,98027,1472
PSE,2024,11,98405,957
PSE,2021,6,98006,1003
Avista,2021,2,99174,5
PSE,2023,11,98346,565
PSE,2022,4,98373,1863
Avista,2023,7,99126,47
NWN,2022,9,98675,0
Avista,2023,10,99014,2
Avista,2023,11,99144,0
PSE,2022,2,98940,76
PSE,2025,5,98284,1993
PSE,2024,10,98011,1875
PSE,2022,1,98418,518
PSE,2024,1,98011,1476
PSE,2021,1,98038,1710
CNG,2022,12,98557,13
PAC,2024,11,98923,63
PSE,2021,12,98418,427
PAC,2022,8,98901,2176
PSE,2023,1,98943,83
PSE,2022,3,98253,75
PSE,2021,4,98058,2123
Avista,2022,9,99130,40
PSE,2024,5,98068,93
PSE,2023,6,98321,2938
PSE,2023,3,98001,2023
CNG,2023,4,98828,1
Avista,2025,6,99138,148
PSE,2022,9,98380,287
PAC,2024,1,99360,40
Avista,2025,8,99167,48
Avista,2024,3,99201,1331
Avista,2022,10,99169,75
CNG,2024,4,98936,125
PSE,2024,1,98201,862
PSE,2023,8,98028,1036
PSE,2021,6,98055,1754
Avista,2021,3,99126,55
CNG,2022,11,98541,30
PSE,2021,2,98512,1803
PSE,2022,2,98148,682
NWN,2024,11,98612,0
NWN,2022,10,98684,625
PSE,2024,8,98134,20
NWN,2023,3,98666,0
NWN,2024,11,98762,0
PSE,2025,2,98296,417
NWN,2024,1,98665,527
PSE,2024,3,98247,596
PSE,2021,8,98116,435
PSE,2022,7,98030,3228
PSE,2025,1,98101,40
Avista,2024,4,99008,19
PSE,2021,12,98068,85
CNG,2023,6,98370,120
CNG,2024,1,98229,321
PSE,2025,4,98281,195
PSE,2024,1,98568,3
PSE,2024,3,98310,2344
PSE,2025,2,98051,271
CNG,2022,12,98230,379
NWN,2023,9,98664,464
PSE,2024,3,98045,796
NWN,2024,8,98607,703
Avista,2023,7,99164,1
PSE,2023,2,98407,695
PSE,2024,5,98050,12
PSE,2024,3,98405,1034
Avista,2025,8,99030,22
PSE,2023,3,98002,5036
PSE,2022,11,98253,83
PSE,2021,7,98148,580
CNG,2024,9,98284,342
PSE,2021,9,98026,675
PSE,2022,8,98133,866
PAC,2024,11,98936,339
Avista,2021,11,99008,23
Avista,2022,6,99202,1166
PSE,2021,11,98467,597
Avista,2021,8,99159,45
CNG,2022,3,98370,63
CNG,2025,2,98221,461
Avista,2025,3,99026,57
Avista,2024,12,99013,104
PSE,2021,9,98531,424
CNG,2023,1,98801,77
Avista,2024,5,99204,668
CNG,2023,9,98951,80
Avista,2024,11,99169,58
PSE,2024,9,98001,1907
PSE,2024,1,98258,1935
PSE,2021,10,98295,61
PSE,2023,11,98934,120
PSE,2025,5,98201,993
PSE,2022,6,98252,269
PSE,2022,10,98597,2161
CNG,2024,11,98273,732
PSE,2025,6,98201,938
Avista,2024,1,98857,3
Avista,2023,1,99032,29
PSE,2024,3,98012,1256
PSE,2025,3,98178,854
PSE,2025,2,98208,1226
PSE,2021,4,98274,965
PSE,2024,12,98294,296
PSE,2025,3,98121,174
Avista,2021,12,99176,6
Avista,2024,8,99149,12
CNG,2025,6,98248,534
PSE,2023,8,98050,10
CNG,2023,1,98932,54
Avista,2024,12,99012,47
PSE,2024,12,98037,689
CNG,2023,10,98312,589
PSE,2021,9,98934,78
PSE,2022,8,98294,355
CNG,2023,5,98563,36
PSE,2023,12,98251,120
Avista,2021,10,99023,6
PAC,2024,12,98948,1066
PSE,2023,3,98101,35
PSE,2023,12,98158,1
PSE,2024,9,98267,32
PSE,2025,5,98264,1399
PSE,2021,7,98407,645
PSE,2022,10,98370,1789
PSE,2023,3,98925,73
PSE,2022,12,98070,632
PSE,2021,8,98252,224
PSE,2022,1,98532,168
PSE,2023,9,98029,1612
PSE,2025,3,98512,2276
Avista,2025,9,99125,23
PSE,2021,8,98311,1617
Avista,2024,3,99027,232
PSE,2025,1,98050,12
PSE,2024,5,98051,252
PSE,2023,8,98108,1154
Avista,2024,11,99030,27
PSE,2022,8,98388,132
Avista,2024,3,99113,10
NWN,2023,9,98685,687
PSE,2024,8,98133,943
CNG,2025,4,98276,45
PAC,2024,12,98953,514
Avista,2022,3,99185,76
Avista,2021,7,99201,1314
PSE,2024,2,98332,293
PSE,2025,5,98230,1236
PSE,2022,1,98092,3598
Avista,2025,9,99012,35
Avista,2021,5,99176,5
PSE,2024,7,98345,27
PSE,2023,3,98383,1436
Avista,2022,9,98857,4
NWN,2024,5,98664,576
PSE,2023,11,98465,95
PSE,2021,2,98253,71
Avista,2021,11,99201,1309
PSE,2024,5,98075,715
PSE,2023,1,98255,56
PSE,2023,4,98023,4144
PAC,2024,12,98908,2968
PSE,2023,9,98118,1699
PAC,2025,4,99361,176
PSE,2022,6,98390,936
CNG,2023,4,98563,43
Avista,2023,6,99207,2010
Avista,2025,7,99110,31
PSE,2022,2,98005,959
PSE,2023,5,98422,7
NWN,2022,11,98660,274
Avista,2021,5,99208,2859
NWN,2024,11,98685,632
CNG,2023,11,99323,13
Avista,2024,6,99003,98
PSE,2024,7,98002,4218
CNG,2022,12,99352,356
CNG,2024,9,98370,154
Avista,2025,5,99171,33
Avista,2022,11,99141,281
CNG,2023,6,98229,293
CNG,2024,9,98948,201
PSE,2022,3,98230,1188
PSE,2021,6,98283,40
Avista,2024,8,99033,32
PSE,2024,7,98359,297
PSE,2021,12,98532,139
CNG,2025,4,98930,289
PSE,2023,2,98513,2724
PSE,2022,4,98267,44
PSE,2023,2,98264,1444
PSE,2023,12,98033,1866
PSE,2025,4,98006,1516
PSE,2022,11,98052,3273
PSE,2021,4,98077,175
PSE,2025,5,98576,458
PSE,2022,6,98104,46
PSE,2021,3,98107,376
PSE,2022,6,98922,759
Avista,2024,6,99110,29
PSE,2023,5,98198,2310
Avista,2022,3,99344,457
Avista,2021,9,99223,1453
PSE,2023,11,98065,711
PSE,2024,9,98310,2018
CNG,2023,3,98944,290
Avista,2021,5,99146,1
PSE,2024,6,98103,1088
PSE,2022,9,98266,459
CNG,2022,6,98951,77
Avista,2022,10,99134,25
PAC,2024,6,98936,416
CNG,2024,4,98951,67
PAC,2022,6,99360,55
NWN,2022,11,98864,0
PSE,2021,10,98010,376
PSE,2022,10,98168,995
Avista,2022,7,99130,45
CNG,2024,12,98311,510
PSE,2024,3,98068,93
PAC,2024,12,98901,1854
PSE,2023,2,98512,2343
Avista,2022,3,99228,0
PSE,2024,4,98392,345
PSE,2025,6,98056,3060
PSE,2021,1,98204,527
PSE,2025,1,98439,534
PSE,2022,4,98360,719
PSE,2021,1,98144,1049
Avista,2023,5,99009,89
Avista,2022,12,99031,22
PSE,2023,3,98580,418
Avista,2024,5,99174,4
CNG,2023,4,98337,246
Avista,2023,5,99159,44
Avista,2022,11,99114,457
PSE,2024,12,98199,536
PSE,2022,9,98115,1046
PSE,2021,9,98403,246
Avista,2021,6,99036,7
PSE,2021,12,98052,2997
CNG,2024,6,98247,139
PSE,2025,4,98367,284
NWN,2022,6,97301,0
PSE,2024,3,98531,520
PAC,2024,3,98903,1893
PSE,2022,11,98406,496
Avista,2021,7,99143,15
PSE,2023,4,98092,4112
PSE,2024,1,98118,1479
CNG,2023,5,98626,76
PSE,2022,6,98201,962
CNG,2024,7,99323,15
PSE,2022,7,98367,1560
NWN,2022,4,98685,849
PSE,2024,2,98101,27
PSE,2023,6,98201,505
PSE,2022,5,98019,323
PAC,2024,11,99323,59
PSE,2023,2,98926,414
PSE,2022,11,98311,1974
NWN,2025,1,98648,0
Avista,2024,9,99185,50
NWN,2024,10,98664,372
PSE,2021,7,98271,437
PSE,2025,6,98125,580
Avista,2021,7,99110,38
PSE,2024,11,98031,3061
PAC,2022,1,98944,1556
NWN,2024,2,98125,0
Avista,2024,8,99008,23
PSE,2024,5,98467,262
PSE,2024,6,98021,631
PAC,2025,6,98903,2024
PSE,2024,11,98106,654
PSE,2024,8,98178,811
PSE,2024,2,98422,499
Avista,2022,10,99156,0
PSE,2022,11,98012,1341
PSE,2022,2,98323,69
Avista,2025,8,99110,26
PSE,2021,3,98005,698
CNG,2024,2,98953,34
CNG,2024,4,98271,109
PSE,2022,5,98109,445
PSE,2023,5,98530,77
PSE,2025,1,98002,5108
Avista,2023,9,99012,40
PSE,2022,4,98274,1049
Avista,2022,9,99126,50
CNG,2025,5,98264,608
Avista,2022,3,99034,5
Avista,2022,4,99033,32
PSE,2022,12,98359,252
PSE,2022,9,98310,2141
PAC,2022,7,98903,1835
PAC,2022,8,99324,471
Avista,2022,1,99009,89
PSE,2021,8,98943,73
NWN,2022,3,98635,1
Avista,2024,2,99040,67
CNG,2023,6,99336,377
PSE,2022,8,98371,1509
CNG,2024,5,98370,101
CNG,2023,12,98220,11
PSE,2023,6,98121,158
PSE,2024,4,98230,1279
PSE,2024,11,98053,432
CNG,2025,4,99352,407
PSE,2021,9,98387,1800
PSE,2022,5,98329,6
Avista,2024,1,99027,218
PSE,2021,3,98188,1811
Avista,2023,1,98648,28
PSE,2024,2,98068,71
PSE,2021,12,98310,1663
NWN,2023,4,98672,155
Avista,2023,6,99148,152
NWN,2024,10,98662,690
PSE,2023,7,98108,948
Avista,2023,8,99138,123
NWN,2024,5,98672,129
PSE,2021,10,98311,1651
PSE,2022,11,98498,1831
PSE,2023,6,98065,692
PSE,2024,4,98568,2
Avista,2024,3,99131,6
NWN,2024,4,98605,23
Avista,2021,4,99036,7
PSE,2023,11,98220,39
PSE,2025,6,98943,47
Avista,2023,8,99005,154
Avista,2024,11,99018,4
NWN,2023,7,98685,893
CNG,2025,1,98229,356
NWN,2024,3,98675,0
CNG,2022,9,98311,454
CNG,2024,4,98226,534
PSE,2023,6,98077,248
Avista,2025,3,99220,0
CNG,2023,1,98948,186
Avista,2021,12,99344,435
PSE,2024,3,98109,403
PSE,2024,5,98023,4129
PSE,2022,2,98281,240
Avista,2024,12,99111,87
PSE,2022,8,98005,1018
PSE,2024,4,98445,1101
CNG,2023,6,98563,39
CNG,2024,9,98902,1421
Avista,2023,2,99126,60
Avista,2021,1,99040,84
Avista,2021,6,99006,256
PSE,2022,11,98387,1857
NWN,2024,4,98628,24
NWN,2024,3,98617,0
Avista,2025,6,99131,5
PSE,2023,12,98102,571
PSE,2023,3,98503,3738
Avista,2021,2,99025,118
PSE,2024,10,98008,857
PSE,2022,1,98388,131
CNG,2022,6,99337,131
PSE,2021,12,98238,3
PSE,2022,8,98925,74
Avista,2024,1,99021,238
Avista,2023,8,99402,50
CNG,2025,4,98584,173
PSE,2021,2,98199,419
PSE,2021,2,98229,1217
CNG,2023,12,98837,63
PSE,2022,11,98275,408
CNG,2024,8,99352,368
CNG,2024,10,98802,24
Avista,2024,2,99020,2
PSE,2024,11,98108,807
PSE,2025,3,98281,199
PSE,2022,7,98329,6
Avista,2021,7,99176,7
PSE,2022,7,98029,1475
Avista,2022,9,99034,3
PSE,2023,9,98224,45
CNG,2022,10,98611,8
Avista,2023,11,99018,8
Avista,2024,1,99164,0
CNG,2022,9,98625,21
CNG,2023,7,98230,440
Avista,2022,11,99008,13
Avista,2023,11,99260,0
CNG,2022,4,98902,1359
PSE,2025,4,98576,498
CNG,2022,7,99323,13
CNG,2022,12,98223,402
PSE,2021,12,98148,478
PSE,2023,11,98240,234
PSE,2024,9,98408,911
PSE,2022,9,98296,415
PSE,2023,5,98117,897
PSE,2023,6,98433,280
PSE,2023,5,98237,378
Avista,2021,4,99167,38
PSE,2024,12,98576,502
Avista,2023,2,99103,22
Avista,2023,6,99216,1231
Avista,2022,12,99039,4
PAC,2025,5,98908,4331
CNG,2022,10,98240,14
NWN,2022,3,98629,118
PSE,2023,9,98345,35
Avista,2023,5,99219,0
PSE,2025,4,98055,2421
PSE,2024,3,98258,1791
PSE,2025,4,98274,1142
CNG,2023,9,99353,57
PSE,2024,2,98342,126
Avista,2025,9,99037,299
PSE,2024,12,98014,239
NWN,2024,6,98626,0
CNG,2024,9,98277,329
CNG,2022,9,98271,121
PSE,2024,10,98403,253
PSE,2024,7,98087,856
PSE,2021,4,98558,12
PSE,2025,1,98294,408
Avista,2025,9,99217,1020
CNG,2023,3,98632,102
PSE,2023,7,98233,1004
PSE,2024,4,98260,320
PSE,2024,8,98237,387
PSE,2023,9,98023,4075
PSE,2024,4,98134,18
Avista,2024,2,99371,14
PSE,2023,2,98038,1984
PSE,2022,11,98002,3528
PSE,2022,7,98321,885
Avista,2022,1,99173,125
Avista,2021,8,99157,47
PSE,2024,7,98225,3021
PSE,2024,9,98133,1003
PSE,2021,9,98372,1663
Avista,2022,4,99113,12
NWN,2022,5,98664,675
PSE,2021,8,98372,1710
PSE,2022,12,98499,586
Avista,2024,4,99032,32
PSE,2025,6,98596,28
PSE,2025,6,98294,231
Avista,2022,4,99109,153
PSE,2024,2,98051,255
NWN,2023,6,98604,974
Avista,2025,7,99170,46
Avista,2023,4,99141,330
Avista,2022,2,99107,0
PSE,2022,3,98329,7
Avista,2022,12,99101,61
Avista,2022,11,99171,20
PSE,2022,7,98424,265
PSE,2024,4,98144,1121
CNG,2022,1,98240,10
Avista,2024,7,99176,5
PSE,2023,6,98257,42
PSE,2023,5,98224,77
PSE,2024,7,98364,1
NWN,2022,10,98127,0
Avista,2024,2,99205,2248
Avista,2023,5,99016,835
NWN,2022,11,98626,0
PSE,2021,9,98512,1212
PSE,2023,2,98122,1368
CNG,2023,8,98625,16
PSE,2022,6,98354,169
PAC,2024,2,98921,877
PSE,2022,3,98188,2086
PSE,2021,4,98008,642
PSE,2021,8,98283,44
Avista,2021,11,99036,6
NWN,2022,11,98607,504
PSE,2023,3,98934,124
PSE,2021,10,98946,31
PSE,2025,3,98321,1002
PAC,2022,2,98948,836
NWN,2024,12,98605,17
PSE,2024,12,98253,101
PSE,2022,10,98229,1567
Avista,2025,4,99202,1175
PSE,2023,4,98367,2991
Avista,2025,3,99171,35
Avista,2022,1,99040,71
Avista,2021,12,99039,7
NWN,2022,5,98666,0
CNG,2023,5,99362,773
PSE,2023,8,98342,121
PSE,2025,1,98077,197
CNG,2024,3,98276,31
PSE,2022,8,98405,1063
CNG,2022,7,98248,517
CNG,2022,2,99354,165
Avista,2024,6,99114,528
PSE,2022,8,98375,1424
PSE,2021,2,98292,96
PSE,2022,2,98439,592
PSE,2024,10,98342,111
PSE,2023,10,98247,597
Avista,2022,12,99171,19
PSE,2024,6,98031,3279
PSE,2021,1,98430,1
PSE,2024,2,98032,4672
PSE,2022,7,98366,2653
PSE,2023,6,98499,705
PSE,2022,3,98019,353
CNG,2022,7,98930,231
PSE,2023,9,98264,1430
PSE,2021,10,98033,1312
PSE,2023,11,98271,528
PSE,2021,11,98579,705
PSE,2024,5,98168,1125
CNG,2024,8,99336,371
PSE,2021,11,98022,988
NWN,2024,3,98668,0
PSE,2024,1,98249,276
CNG,2023,6,98930,131
PSE,2021,11,98503,2443
PSE,2022,12,98146,646
PSE,2023,7,98310,2252
Avista,2021,4,99170,38
NWN,2024,4,98686,723
PSE,2025,4,98312,3016
PSE,2025,5,98037,664
PSE,2023,5,98580,385
PSE,2021,6,98262,106
PSE,2025,4,98070,692
Avista,2025,9,99402,44
Avista,2022,1,99014,2
PSE,2022,2,98946,50
Avista,2025,3,99114,511
NWN,2022,11,98307,0
Avista,2024,11,99205,1946
NWN,2022,12,98606,38
PSE,2023,9,98053,639
Avista,2021,3,99326,14
PSE,2025,3,98146,717
PSE,2023,8,98444,800
PSE,2022,12,98292,51
CNG,2022,6,98901,346
Avista,2022,6,99128,15
PSE,2021,11,98221,667
CNG,2025,2,98277,304
CNG,2024,1,98541,22
Avista,2022,1,99181,139
PSE,2021,12,98244,206
PSE,2022,9,98230,1204
CNG,2024,12,98230,417
PSE,2023,8,98596,23
PSE,2023,1,98105,636
PSE,2021,6,98370,1551
PSE,2024,4,98359,322
NWN,2024,1,98127,0
PSE,2022,9,98359,284
Avista,2025,3,99149,10
PSE,2024,1,98445,1067
Avista,2021,8,99205,2491
Avista,2023,5,99005,183
Avista,2022,5,99018,8
PSE,2024,4,98058,2922
PSE,2025,2,98221,1145
PSE,2021,5,98506,1218
PSE,2023,4,98342,107
PSE,2024,11,98146,765
NWN,2022,6,98610,58
CNG,2024,7,99336,388
PSE,2021,9,98264,1071
PSE,2021,12,98296,390
PSE,2022,9,98263,31
Avista,2024,11,99022,201
PSE,2024,3,98402,48
PSE,2023,11,98011,1477
PSE,2021,1,98444,743
Avista,2021,2,99102,58
PAC,2024,6,98903,1833
Avista,2024,10,99029,33
PSE,2021,10,98037,569
CNG,2024,4,98312,624
Avista,2023,10,99032,35
PSE,2023,11,98075,773
Avista,2023,7,99179,18
PSE,2024,4,98503,3698
PSE,2021,1,98107,410
PSE,2021,5,98248,1906
CNG,2025,1,98903,121
PSE,2024,8,98516,2023
PSE,2024,7,98922,952
PSE,2022,5,98374,2402
PSE,2023,1,98407,715
CNG,2023,9,98541,29
PSE,2025,3,98008,900
PSE,2024,9,98037,670
PSE,2021,8,98922,600
PSE,2022,9,98119,534
PAC,2025,2,99328,391
Avista,2023,12,99130,48
PSE,2021,10,98273,2310
PSE,2021,3,98043,338
PSE,2021,8,98392,297
NWN,2022,5,98665,916
PSE,2021,11,98168,1006
CNG,2024,1,98801,76
PSE,2025,3,98443,72
PSE,2022,4,98407,690
CNG,2022,7,98337,248
PAC,2025,2,99361,110
PSE,2021,2,98208,1021
PSE,2024,1,98418,508
PSE,2022,9,98321,893
PAC,2024,10,98953,534
Avista,2022,8,99107,0
PSE,2021,8,98126,680
Avista,2022,6,99023,8
PSE,2024,5,98530,85
PSE,2024,7,98597,2466
CNG,2024,6,98942,198
PSE,2025,1,98465,115
CNG,2022,3,99338,42
CNG,2023,11,98273,610
CNG,2023,3,98292,148
Avista,2022,7,99022,233
Avista,2025,6,99021,265
NWN,2024,11,98125,0
PAC,2024,12,98951,754
PSE,2021,1,98406,727
PSE,2025,3,98198,3945
Avista,2023,6,99143,18
Avista,2023,4,99159,51
Avista,2021,1,99003,101
CNG,2022,9,98274,255
PAC,2024,6,98921,79
PAC,2025,3,98901,2732
Avista,2024,10,99151,7
PSE,2022,12,98406,825
PSE,2022,7,98558,14
PSE,2023,6,98388,2023
CNG,2024,1,98383,209
PSE,2021,6,98144,1183
PSE,2024,10,98240,232
PSE,2022,5,98125,536
PSE,2024,10,98290,455
Avista,2021,9,98857,3
PSE,2023,3,98244,311
PSE,2021,1,98366,2275
NWN,2022,9,98668,0
Avista,2021,11,99218,602
PSE,2023,3,98274,1094
Avista,2021,10,99149,9
PAC,2022,2,98944,1839
Avista,2022,10,99179,19
CNG,2023,6,98625,8
PSE,2022,10,98943,74
Avista,2021,7,99125,24
PSE,2025,4,98366,168
PSE,2025,1,98580,420
PSE,2022,6,98498,693
PSE,2023,11,98311,1578
Avista,2025,6,99203,596
NWN,2022,7,98604,887
PSE,2023,3,98312,3048
PSE,2024,9,98188,1886
Avista,2023,7,99137,35
CNG,2025,2,98584,150
PSE,2021,1,98010,370
Avista,2021,1,99160,10
Avista,2021,3,99131,2
CNG,2025,2,98848,4
NWN,2025,1,98675,0
NWN,2024,2,98620,0
PSE,2024,1,98503,3651
Avista,2023,8,99174,5
PSE,2021,4,98597,1923
PAC,2024,9,98903,1352
PSE,2024,10,98597,2435
PSE,2021,9,98360,620
PSE,2022,6,98321,862
Avista,2021,3,99157,40
NWN,2024,7,98664,550
PSE,2024,1,98576,528
PSE,2021,8,98290,404
PSE,2021,10,98201,892
NWN,2023,6,98605,31
Avista,2022,7,99203,649
PSE,2022,9,98283,40
Avista,2023,5,99143,21
CNG,2024,11,98932,63
PSE,2024,5,98271,490
NWN,2022,9,97301,0
PSE,2023,2,98112,755
PSE,2024,1,98532,172
CNG,2023,3,98337,214
PSE,2022,6,98005,986
Avista,2025,6,99149,15
PSE,2024,12,98106,650
PSE,2023,8,98115,1363
PSE,2022,1,98107,519
PSE,2021,8,98168,971
Avista,2022,2,99181,144
Avista,2024,12,99144,0
Avista,2021,6,99159,46
Avista,2025,8,99008,25
PSE,2024,7,98203,844
Avista,2024,7,99122,73
PSE,2023,1,98466,638
Avista,2023,10,99260,0
PSE,2024,3,98226,3459
PSE,2021,6,98532,185
Avista,2022,3,99207,2232
PSE,2024,2,98372,2211
PSE,2023,6,98010,516
Avista,2022,9,99143,16
PSE,2024,4,98032,4612
PSE,2025,4,98532,171
NWN,2024,8,98629,149
Avista,2021,10,99163,1463
Avista,2021,9,99181,120
PSE,2021,10,98026,731
NWN,2024,5,98685,1040
PSE,2025,6,98022,1206
CNG,2022,9,98314,1
PSE,2025,2,98251,71
PAC,2024,4,98948,968
PSE,2021,6,98027,1198
CNG,2024,3,98625,28
PSE,2024,11,98166,827
Avista,2021,7,99130,53
PSE,2021,3,98208,885
PSE,2024,2,98007,1967
Avista,2025,9,99029,21
CNG,2025,6,98366,667
PSE,2021,3,98125,346
CNG,2025,1,98271,99
NWN,2023,5,98684,1118
CNG,2024,10,98292,182
CNG,2023,9,98273,633
PSE,2021,11,98024,271
Avista,2023,4,98857,2
Avista,2021,7,99402,57
PSE,2021,8,98042,2620
PSE,2022,8,98396,31
CNG,2024,3,98902,1539
CNG,2022,11,98520,175
PSE,2023,1,98284,1847
PSE,2024,11,98371,1569
Avista,2023,8,99159,36
PSE,2024,3,98408,968
Avista,2024,1,99176,2
CNG,2024,1,98611,11
PSE,2023,2,98275,403
PSE,2024,2,98028,962
PSE,2023,11,98092,3507
PAC,2025,2,98932,530
PSE,2024,2,98053,555
NWN,2024,6,98648,0
PSE,2023,12,98277,3488
PSE,2024,10,98273,1945
Avista,2021,1,99109,192
PSE,2021,4,98226,2421
PSE,2023,5,98146,760
PSE,2024,5,98011,1540
CNG,2023,8,98802,16
PSE,2021,8,98106,570
PSE,2023,1,98252,273
PSE,2022,12,98030,3096
PSE,2025,3,98342,120
PSE,2025,3,98503,3651
Avista,2023,3,99034,7
PSE,2025,4,98158,48
NWN,2025,1,98604,770
CNG,2025,4,98563,42
PSE,2023,10,98366,2979
PSE,2022,12,98104,45
PSE,2024,8,98258,1718
Avista,2025,4,99224,698
Avista,2025,7,99223,1411
PSE,2022,12,98383,1383
PSE,2025,6,98002,4093
Avista,2023,10,99029,35
Avista,2022,7,99110,35
Avista,2022,9,99149,12
PSE,2025,5,98001,2317
PSE,2025,6,98057,1901
PSE,2024,6,98051,263
PSE,2022,5,98925,75
CNG,2025,5,98220,8
PSE,2024,4,98267,44
PSE,2022,3,98208,1108
Avista,2024,5,99203,566
Avista,2024,8,99201,845
NWN,2023,2,98762,0
Avista,2021,9,99134,35
Avista,2025,3,99130,47
PSE,2025,1,98011,1468
PSE,2023,2,98421,6
PSE,2023,10,98045,788
Avista,2021,7,99039,8
PSE,2024,1,98513,2702
PSE,2021,4,98106,406
NWN,2023,4,98125,0
Avista,2021,2,99205,2971
Avista,2024,2,99030,35
Avista,2025,9,99326,24
NWN,2023,6,98208,0
PSE,2021,3,98295,45
PSE,2021,11,98053,337
Avista,2023,6,99169,85
CNG,2023,4,98802,16
PSE,2023,4,98109,521
PSE,2024,9,98247,528
CNG,2023,5,98257,36
PAC,2024,6,99323,221
PSE,2024,7,98226,3188
PAC,2025,2,98921,85
PSE,2023,12,98136,428
PSE,2021,2,98030,3058
Avista,2021,1,99371,12
PSE,2023,11,98579,816
Avista,2022,10,99167,44
PSE,2021,12,98443,338
CNG,2023,2,98902,1438
PSE,2021,12,98260,247
Avista,2025,5,99026,66
PSE,2024,5,98558,26
Avista,2023,3,99170,32
Avista,2025,7,99125,19
PSE,2021,11,98225,2499
PSE,2021,4,98329,5
PSE,2025,4,98235,21
Avista,2024,6,99031,21
PSE,2022,10,98199,511
PSE,2025,6,98396,50
PSE,2024,3,98043,442
CNG,2024,4,98230,395
PAC,2022,7,98902,4461
CNG,2025,2,98632,99
PSE,2024,2,98388,149
CNG,2025,3,98277,308
PSE,2022,9,98065,699
Avista,2021,12,99141,268
NWN,2024,6,98762,0
CNG,2024,12,98257,47
PSE,2022,9,98022,2085
PSE,2023,10,98296,448
PSE,2025,4,98388,159
PSE,2022,1,98396,43
PSE,2023,8,98558,36
CNG,2023,6,98233,206
PSE,2021,8,98251,99
PSE,2021,9,98516,2074
PSE,2022,6,98340,87
Avista,2025,8,99020,4
CNG,2025,6,98292,173
PSE,2025,3,98126,710
CNG,2024,10,98563,33
CNG,2023,5,98611,15
NWN,2025,5,98626,0
PSE,2023,10,98290,472
NWN,2025,4,97031,0
PSE,2022,11,98201,992
NWN,2022,12,98686,361
CNG,2023,12,98230,436
Avista,2025,2,99004,175
Avista,2023,9,99341,36
PSE,2022,8,98068,79
Avista,2024,12,99216,1186
Avista,2024,9,99109,197
PSE,2024,1,98444,749
PAC,2022,3,98936,474
PSE,2024,1,98284,1864
Avista,2023,5,99034,6
PSE,2024,8,98059,1801
NWN,2024,5,98639,36
Avista,2024,8,99134,17
Avista,2022,7,99341,48
Avista,2025,5,99138,156
PSE,2021,7,98158,2
PSE,2023,3,98558,12
PSE,2022,3,98418,514
PSE,2024,3,98506,1532
Avista,2024,8,99013,87
PSE,2023,10,98118,1656
Avista,2022,5,99107,0
CNG,2025,6,98626,66
PSE,2023,11,98338,901
PSE,2021,11,98255,36
NWN,2024,12,98626,0
PSE,2023,9,98045,817
Avista,2022,7,99013,145
Avista,2022,2,99141,317
PSE,2024,9,98125,637
CNG,2024,3,98557,14
NWN,2022,8,98668,0
PSE,2022,12,98136,445
PSE,2023,7,98404,1061
Avista,2024,7,99111,94
NWN,2024,6,97388,0
Avista,2024,7,99260,0
PSE,2022,9,98226,3194
PSE,2024,8,98446,425
Avista,2024,5,99223,1404
Avista,2024,5,99206,1493
CNG,2023,5,98232,5
Avista,2023,4,99004,176
PSE,2021,7,98005,873
PSE,2024,11,98115,914
CNG,2023,5,98524,6
PSE,2021,2,98338,705
NWN,2022,7,98612,0
Avista,2022,6,99030,28
PSE,2023,12,98133,959
PSE,2023,8,98012,1412
PSE,2022,9,98513,2361
PSE,2023,2,98940,92
Avista,2025,3,99004,198
Avista,2022,2,99149,7
PSE,2021,12,98366,2174
CNG,2022,5,98274,243
PSE,2021,9,98262,117
PSE,2023,3,98444,838
PSE,2022,11,98115,780
PSE,2023,5,98239,5
PSE,2025,6,98239,383
CNG,2023,10,98541,24
NWN,2022,5,97301,0
CNG,2022,4,98611,17
Avista,2021,4,99128,11
NWN,2022,6,98617,0
PSE,2023,8,98204,671
PAC,2024,6,98901,2484
PSE,2024,7,98238,1
PSE,2021,4,98121,125
PSE,2025,2,98501,4020
PSE,2024,9,98373,1914
PSE,2024,7,98031,2912
PSE,2024,6,98107,556
CNG,2022,6,99323,11
PSE,2022,3,98943,75
CNG,2025,6,98903,190
PSE,2021,2,98146,531
NWN,2024,5,98686,607
PSE,2025,5,98075,691
PSE,2022,11,98402,53
PSE,2022,5,98444,872
PSE,2021,12,98422,448
Avista,2024,6,99223,1468
CNG,2024,2,98310,563
CNG,2023,2,98282,37
Avista,2024,3,99014,4
NWN,2024,1,97301,0
PAC,2024,9,98901,1899
PSE,2022,9,98039,65
PSE,2023,8,98230,1174
Avista,2023,4,99126,59
PSE,2024,7,98321,1045
PSE,2021,9,98498,239
PSE,2021,5,98077,245
Avista,2024,5,99018,12
PSE,2023,3,98107,571
CNG,2024,1,99344,153
Avista,2024,1,99228,0
PSE,2024,10,98045,724
PSE,2024,5,98294,381
CNG,2022,8,98626,44
PSE,2023,7,98155,692
PSE,2023,11,98039,72
NWN,2024,5,97388,0
PSE,2021,11,98516,2213
CNG,2022,6,98226,501
PSE,2025,5,98255,50
PSE,2022,11,98370,1753
PSE,2024,1,98252,243
CNG,2024,12,98611,16
PSE,2023,6,98252,65
PSE,2021,3,98221,1308
CNG,2022,1,98948,115
CNG,2023,10,98230,389
PSE,2022,6,98072,854
CNG,2025,1,98282,29
PSE,2024,11,98513,2636
PSE,2023,9,98022,2204
PSE,2023,3,98465,136
PSE,2025,1,98251,133
Avista,2025,7,99109,191
PSE,2022,7,98087,833
Avista,2021,9,99005,166
PSE,2023,2,98006,1345
PSE,2023,8,98934,123
CNG,2024,7,98264,497
PSE,2023,8,98039,71
Avista,2023,4,99125,26
Avista,2021,7,99326,23
NWN,2022,10,98639,28
PSE,2022,12,98007,1650
PSE,2025,1,98446,422
PSE,2021,2,98380,192
Avista,2025,1,99001,205
PSE,2022,10,98107,581
PSE,2021,9,98354,168
PSE,2021,5,98422,389
CNG,2024,8,98903,169
PSE,2024,9,98236,335
Avista,2022,1,99109,173
PSE,2023,8,98335,450
PSE,2023,3,98445,1101
PSE,2024,7,98068,95
NWN,2024,4,98648,0
Avista,2022,9,99164,2
NWN,2024,5,98682,2175
PSE,2022,10,98047,504
PSE,2025,2,98229,1547
NWN,2024,8,98686,432
Avista,2024,2,99167,26
PSE,2021,5,98405,1011
PSE,2024,12,98266,500
PSE,2024,7,98295,79
PSE,2023,4,98050,20
PSE,2021,10,98236,318
PSE,2023,8,98531,529
PSE,2023,7,98004,2397
PSE,2024,4,98405,1012
PSE,2023,9,98405,1113
PSE,2025,1,98247,578
PAC,2022,5,98947,330
Avista,2024,4,99122,105
Avista,2023,11,99151,4
PSE,2022,10,98328,56
CNG,2023,1,99353,36
Avista,2021,12,99156,0
PSE,2025,2,98530,60
PSE,2022,10,98329,6
PSE,2022,9,98108,1070
PSE,2024,5,98498,2070
Avista,2024,8,99171,26
PSE,2021,11,98424,236
PSE,2023,3,98418,532
PSE,2022,11,98040,791
PSE,2022,7,98148,648
Avista,2025,8,99403,808
PSE,2024,9,98092,3472
CNG,2025,5,98312,622
PSE,2022,11,98327,480
CNG,2023,7,98383,240
CNG,2024,11,98232,8
PSE,2023,4,98019,350
PAC,2024,7,98921,83
PSE,2024,11,98366,2833
PSE,2025,6,98087,845
Avista,2023,3,99157,42
PSE,2022,4,98443,793
PSE,2024,5,98380,322
PSE,2021,1,98262,141
PSE,2021,7,98373,1549
PSE,2022,6,98445,327
PSE,2022,2,98465,91
PSE,2025,5,98051,246
PSE,2022,7,98445,1020
PSE,2021,4,98266,350
PSE,2022,9,98237,460
PSE,2025,5,98010,509
PSE,2022,3,98247,535
Avista,2023,9,99204,655
PSE,2021,2,98396,23
PSE,2025,4,98396,39
PSE,2021,5,98258,1592
PSE,2024,9,98940,69
PSE,2024,2,98072,889
PSE,2024,11,98576,501
Avista,2021,4,99020,4
PSE,2023,1,98558,12
Avista,2021,6,99206,1383
PSE,2025,5,98204,667
Avista,2021,8,98620,94
CNG,2024,12,98221,492
Avista,2022,8,99326,21
CNG,2024,9,99337,172
PSE,2021,4,98020,252
PSE,2024,5,98233,1019
Avista,2023,6,99157,46
PSE,2023,2,98380,257
PSE,2024,1,98236,346
Avista,2024,2,99161,70
PSE,2024,10,98373,1914
PSE,2022,8,98444,761
PSE,2024,12,98274,1148
NWN,2023,4,97031,0
PSE,2024,3,98208,1174
CNG,2023,2,99324,161
PSE,2022,3,98116,502
Avista,2025,1,99181,107
PSE,2021,11,98134,18
Avista,2022,2,99344,515
CNG,2022,5,98220,9
PSE,2024,10,98380,240
PSE,2022,4,98022,2055
PSE,2021,10,98591,13
PSE,2024,3,98922,897
Avista,2025,1,99037,273
Avista,2024,3,99217,995
PSE,2021,5,98498,1577
Avista,2025,3,99025,84
PSE,2021,2,98513,2380
CNG,2024,8,99301,1803
PSE,2024,12,98445,980
Avista,2025,9,99005,157
PSE,2023,5,98273,863
Avista,2021,4,99013,102
Avista,2024,1,99144,0
PSE,2022,5,98337,853
PSE,2021,2,98439,566
Avista,2022,11,99109,148
Avista,2022,10,99027,305
CNG,2024,11,99350,51
Avista,2021,5,99004,180
PSE,2021,9,98253,69
CNG,2025,3,98264,596
NWN,2024,7,98606,51
Avista,2025,9,99167,37
PSE,2021,6,98941,159
CNG,2022,11,98232,7
PSE,2022,5,98576,449
PSE,2024,3,98274,1254
PSE,2025,2,98312,3116
PSE,2024,9,98118,1617
NWN,2024,4,98685,700
Avista,2023,6,99131,5
NWN,2025,2,98626,0
PSE,2022,5,98220,35
PSE,2023,1,98323,41
PSE,2024,5,98198,3706
PSE,2024,7,98323,56
PAC,2024,11,98932,366
Avista,2023,11,99104,0
PSE,2021,11,98208,1104
PSE,2021,5,98329,5
PSE,2023,6,98037,627
PSE,2024,7,98502,2620
PSE,2021,2,98266,447
PSE,2023,7,98367,1805
Avista,2023,12,99160,13
PSE,2022,10,98235,16
PSE,2025,4,98112,789
NWN,2023,3,98612,0
Avista,2025,5,99013,120
Avista,2024,8,99026,78
PSE,2023,11,98103,1171
Avista,2022,5,99158,11
PSE,2022,5,98346,571
NWN,2022,12,98617,0
PSE,2023,1,98020,322
PSE,2025,6,98051,248
PSE,2022,9,98204,631
PSE,2023,6,98001,2064
PSE,2021,10,98059,1714
PSE,2021,7,98229,1950
PSE,2023,5,98445,1013
PSE,2022,4,98263,22
PSE,2021,11,98465,270
PSE,2024,5,98125,605
CNG,2022,1,98312,565
PSE,2022,8,98421,5
PSE,2024,6,98109,420
CNG,2022,6,98230,386
PSE,2021,5,98359,270
PSE,2024,9,98204,660
PAC,2025,3,99329,32
CNG,2023,8,98282,42
PSE,2021,10,98109,425
CNG,2022,12,98541,24
PSE,2024,5,98022,1998
PAC,2025,2,98939,22
CNG,2022,8,99352,345
Avista,2023,2,99001,243
PSE,2022,8,98087,787
CNG,2023,2,98248,535
NWN,2022,10,98635,0
PSE,2022,2,98074,797
PSE,2024,12,98105,737
PSE,2025,6,98418,29
Avista,2021,8,99161,66
Avista,2023,10,98857,3
Avista,2021,7,99207,2248
PSE,2022,2,98110,522
PSE,2024,1,98288,33
PSE,2025,5,98226,3628
PSE,2023,8,98107,603
PSE,2022,10,98502,2685
PSE,2021,8,98267,42
PSE,2023,6,98591,14
PSE,2021,6,98422,449
PSE,2024,4,98038,2027
Avista,2023,4,99022,182
Avista,2025,6,99207,2176
Avista,2021,5,99020,5
CNG,2025,6,98802,19
CNG,2023,1,98802,19
PSE,2025,1,98230,1178
PSE,2022,4,98168,1045
PSE,2023,1,98001,1934
PSE,2021,2,98390,792
CNG,2023,8,98244,1
CNG,2023,12,98674,95
PSE,2022,10,98119,547
CNG,2024,9,99354,189
PAC,2024,5,99360,101
CNG,2023,1,98611,11
NWN,2023,10,97301,0
Avista,2024,10,99170,33
PSE,2022,2,98252,284
PSE,2025,2,98220,40
PSE,2025,3,98004,2402
PSE,2023,1,98258,1846
Avista,2024,12,99167,35
Avista,2021,2,99014,7
Avista,2025,1,99148,155
PSE,2022,8,98439,509
PSE,2021,8,98502,3148
CNG,2022,3,98584,120
PSE,2022,8,98033,1509
NWN,2024,9,98762,0
PSE,2023,11,98057,1751
PSE,2024,10,98074,836
PSE,2023,5,98012,1419
PSE,2022,11,98388,140
PSE,2022,11,98248,1250
PSE,2025,2,98421,3
PSE,2022,8,98576,418
NWN,2025,5,98642,912
Avista,2023,3,99218,387
PSE,2022,1,98390,897
Avista,2022,9,99014,4
PSE,2023,2,98502,2740
Avista,2024,11,99224,797
PSE,2021,12,98292,43
PSE,2025,5,98277,3310
NWN,2022,8,97301,0
Avista,2022,1,99006,279
Avista,2023,2,99206,1580
Avista,2023,7,99122,90
PSE,2025,6,98328,41
PSE,2021,8,98444,54
PSE,2025,5,98283,45
CNG,2022,8,98312,651
PSE,2022,5,98408,958
PSE,2023,2,98014,222
PSE,2024,6,98030,3610
PSE,2023,3,98232,141
Avista,2022,10,99025,98
Avista,2023,3,99014,8
NWN,2024,2,97301,0
PSE,2023,1,98220,38
NWN,2023,8,98668,0
PSE,2021,5,98112,709
Avista,2023,5,99011,0
Avista,2021,5,99203,694
Avista,2022,12,99224,667
PSE,2021,11,98033,1439
PSE,2022,12,98005,993
PSE,2021,4,98108,933
Avista,2022,5,99167,43
CNG,2023,5,98248,540
PSE,2024,9,98421,7
CNG,2022,8,98244,2
NWN,2022,7,98626,0
CNG,2023,11,99344,140
PSE,2023,12,98023,4096
PSE,2021,2,98237,415
NWN,2024,3,98672,145
NWN,2024,8,97031,0
PSE,2021,8,98273,2123
PSE,2022,10,98105,915
PSE,2021,10,98439,1
Avista,2024,1,99212,1231
PSE,2021,5,98532,162
Avista,2022,11,99202,1144
CNG,2022,7,98902,1485
Avista,2023,9,99403,740
Avista,2023,4,99143,21
Avista,2021,8,99122,104
PSE,2023,11,98203,856
PSE,2024,2,98271,515
PSE,2021,7,98311,1535
PSE,2023,3,98506,1467
Avista,2025,2,98620,91
PSE,2024,8,98057,1617
CNG,2023,5,98944,339
PSE,2023,9,98501,4012
PSE,2024,7,98188,1937
PSE,2022,3,98405,1094
Avista,2021,3,98620,97
PSE,2023,11,98247,575
PSE,2024,4,98056,3030
PAC,2022,8,98920,1
PSE,2022,3,98391,2821
PSE,2021,5,98036,687
Avista,2021,4,99148,142
Avista,2024,1,99018,9
NWN,2022,2,98620,0
CNG,2023,3,99353,46
Avista,2024,4,99208,2559
NWN,2024,12,98620,0
PSE,2024,7,98101,34
PSE,2022,3,98372,1917
PSE,2025,3,98003,5692
PSE,2023,12,98380,281
PSE,2021,6,98115,831
CNG,2022,8,98625,11
Avista,2023,12,99185,55
PSE,2025,5,98372,120
Avista,2021,9,99111,127
CNG,2022,8,98901,353
Avista,2025,4,99181,131
CNG,2022,1,98282,34
Avista,2021,6,99014,4
PSE,2024,12,98321,961
PSE,2022,12,98335,399
Avista,2025,1,99125,15
CNG,2022,1,98295,33
PSE,2023,11,98136,445
PSE,2021,11,98290,220
Avista,2025,9,99151,10
PSE,2022,8,98283,34
PSE,2024,9,98370,1723
Avista,2023,4,99185,68
CNG,2024,7,98278,1
PSE,2025,5,98224,31
CNG,2023,4,99324,183
PAC,2025,4,99324,681
Avista,2025,8,99216,1328
PSE,2024,3,98530,93
PSE,2021,12,98558,12
PSE,2025,3,98266,488
PSE,2025,2,98531,534
CNG,2024,3,98953,92
PSE,2022,7,98295,78
PSE,2024,6,98466,573
CNG,2023,3,98248,565
CNG,2023,8,98240,17
PSE,2025,5,98011,1611
PSE,2022,8,98104,55
Avista,2021,5,99114,610
PSE,2021,10,98346,878
PSE,2025,5,98292,48
Avista,2024,3,99040,51
Avista,2021,4,99018,13
NWN,2024,5,98675,0
PSE,2021,7,98007,1480
PSE,2024,6,98053,641
PAC,2022,1,99328,325
Avista,2024,2,99402,45
PSE,2023,2,98530,47
PAC,2022,6,98932,521
Avista,2023,7,99156,1
PSE,2023,9,98002,5367
PSE,2022,12,98391,2757
NWN,2023,5,98127,0
CNG,2023,6,98557,14
Avista,2025,5,98857,1
CNG,2023,4,98550,139
Avista,2025,7,99402,37
CNG,2022,8,98520,157
PSE,2024,2,98236,382
CNG,2025,4,98557,12
PSE,2022,2,98034,2523
CNG,2024,9,98625,20
PSE,2021,8,98034,2369
Avista,2023,1,99014,1
Avista,2024,1,99138,130
CNG,2024,7,98801,76
PAC,2024,2,98937,26
PSE,2021,4,98360,504
Avista,2022,1,99228,0
PSE,2021,9,98021,531
PAC,2024,1,98942,1456
PSE,2024,3,98053,557
PSE,2024,9,98075,700
PSE,2021,11,98011,1310
PSE,2023,4,98052,3987
PSE,2024,12,98402,54
PSE,2021,10,98022,1913
PSE,2022,6,98235,18
PSE,2023,7,98178,863
Avista,2022,3,99223,1376
PSE,2023,1,98229,1591
NWN,2025,5,98648,0
CNG,2022,5,98674,109
CNG,2022,10,98311,453
PSE,2022,12,98466,614
PSE,2023,3,98074,954
PSE,2022,3,98353,2
PSE,2024,2,98042,3436
NWN,2024,2,98762,0
PSE,2024,9,98233,909
CNG,2025,6,98221,489
PSE,2023,12,98272,914
CNG,2024,7,98337,215
PSE,2025,1,98133,901
NWN,2022,8,98607,809
Avista,2024,12,99005,126
CNG,2024,11,98930,238
PSE,2021,10,98512,1283
PSE,2023,9,98502,2763
PSE,2021,7,98014,474
PSE,2023,9,98178,837
Avista,2025,1,99004,156
CNG,2022,7,98528,11
PSE,2022,5,98155,661
PSE,2023,2,98055,2297
PSE,2023,6,98030,3404
PSE,2022,6,98372,1985
Avista,2022,11,99179,21
PSE,2022,12,98101,40
PSE,2022,4,98402,49
Avista,2024,4,99039,5
Avista,2023,9,99114,572
PSE,2022,8,98409,694
Avista,2021,10,99022,231
PSE,2025,4,98224,27
PSE,2022,12,98043,404
PSE,2021,10,98224,31
PSE,2023,2,98229,1655
PSE,2023,9,98311,2010
PSE,2022,1,98596,17
PSE,2023,2,98255,43
PSE,2022,3,98047,508
Avista,2025,3,99141,316
PSE,2023,12,98223,89
Avista,2021,6,99026,65
PSE,2023,4,98392,3289
PSE,2024,4,98373,2039
Avista,2022,2,99371,24
CNG,2024,9,99352,425
Avista,2022,5,99022,187
CNG,2022,11,98314,1
PSE,2022,3,98255,51
PSE,2021,3,98597,1869
Avista,2023,12,99131,9
NWN,2025,2,98672,120
CNG,2023,4,98902,1591
PAC,2024,1,98938,167
Avista,2024,12,99130,40
Avista,2022,1,99019,426
PSE,2021,7,98208,1109
Avista,2024,12,98620,73
PSE,2024,12,98359,292
PSE,2024,8,98056,2365
Avista,2023,11,99216,1299
PSE,2023,7,98058,2857
Avista,2022,8,99040,59
CNG,2022,8,98930,226
Avista,2023,1,99102,48
CNG,2024,4,99352,397
PSE,2023,8,98502,2662
PSE,2025,6,98354,30
CNG,2023,3,98276,29
PSE,2023,11,98037,617
PSE,2021,3,98020,257
Avista,2021,9,99009,71
PSE,2022,6,98388,137
PSE,2024,3,98051,253
PSE,2022,11,98375,1434
CNG,2023,4,98953,89
PSE,2022,12,98036,754
PSE,2024,5,98229,1710
Avista,2023,12,99181,121
Avista,2023,1,99176,3
Avista,2022,10,99026,81
PSE,2021,4,98236,289
PSE,2021,1,98513,2252
PSE,2024,2,98934,128
Avista,2024,5,99019,478
PSE,2023,12,98418,560
PSE,2024,7,98107,590
Avista,2022,5,99012,45
Avista,2021,11,98857,3
PSE,2023,7,98038,1911
PSE,2021,12,98026,687
Avista,2021,3,99174,5
PSE,2023,8,98248,2222
PSE,2022,4,98283,52
NWN,2024,11,97031,0
PAC,2024,7,99362,2048
Avista,2022,11,99040,53
PSE,2021,4,98404,950
Avista,2021,6,99141,273
PSE,2023,11,98290,488
CNG,2022,12,98837,69
CNG,2023,7,99353,45
PSE,2022,5,98136,427
PSE,2021,9,98248,1935
PSE,2022,4,98198,3266
PSE,2022,8,98385,21
PSE,2025,6,98126,732
PSE,2022,11,98022,1069
CNG,2022,8,98837,92
PSE,2021,12,98001,1428
PSE,2024,6,98409,676
PSE,2022,2,98203,951
CNG,2023,12,98282,38
PSE,2025,3,98274,1157
CNG,2024,12,98226,533
PSE,2024,6,98023,4136
PSE,2024,10,98375,1550
PSE,2021,1,98126,556
Avista,2024,5,99039,9
Avista,2025,8,99201,1292
PSE,2024,8,98077,216
PSE,2024,2,98424,282
Avista,2021,2,99019,369
Avista,2023,6,99101,81
PSE,2022,3,98027,1407
PSE,2022,1,98946,48
Avista,2021,11,99021,255
PSE,2022,11,98027,1538
PSE,2023,1,98119,513
CNG,2022,1,98611,10
Avista,2024,10,99206,1267
PSE,2024,1,98056,2834
PSE,2023,6,98385,1507
PSE,2024,1,98045,755
PSE,2022,12,98118,1493
NWN,2022,9,98606,28
PSE,2022,3,98236,335
PSE,2025,1,98530,75
PSE,2022,2,98579,776
PSE,2021,7,98294,292
PSE,2021,9,98281,452
Avista,2025,6,99006,315
Avista,2023,7,99149,14
PSE,2023,8,98591,13
PSE,2021,2,98221,1535
CNG,2024,12,98942,155
PSE,2021,6,98292,60
PSE,2024,12,98390,1028
Avista,2024,7,99018,9
NWN,2024,7,98635,1
Avista,2025,6,99148,134
NWN,2025,2,98610,53
PSE,2022,7,98270,2112
Avista,2021,9,99113,10
PSE,2022,1,98405,1020
PSE,2023,12,98239,532
Avista,2021,3,99027,219
Avista,2023,9,99031,15
Avista,2021,10,98620,81
PSE,2023,9,98059,2115
Avista,2025,8,99021,234
PSE,2024,9,98375,1555
PSE,2025,3,98001,2212
PSE,2023,4,98006,1377
CNG,2022,11,99362,759
Avista,2021,9,99160,13
PSE,2023,5,98258,373
PSE,2022,2,98387,1963
PSE,2023,12,98028,967
PSE,2021,7,98201,894
Avista,2024,6,99218,631
PSE,2022,7,98596,21
PSE,2021,8,98004,1905
PSE,2023,3,98087,833
PSE,2022,2,98229,1480
CNG,2022,10,98524,4
PSE,2024,11,98337,880
CNG,2025,1,98632,101
PSE,2022,10,98374,2434
PSE,2021,7,98155,571
Avista,2024,3,99019,327
PSE,2023,7,98407,705
CNG,2022,12,98625,24
Avista,2025,5,99103,25
PSE,2022,11,98934,110
NWN,2022,3,98664,626
PSE,2021,9,98158,1
CNG,2025,2,98674,41
PSE,2022,5,98266,452
CNG,2022,6,98282,39
NWN,2023,10,98666,0
PSE,2023,2,98166,894
PSE,2024,3,98057,1940
NWN,2023,12,98208,0
PSE,2024,9,98934,103
PSE,2023,2,98296,430
CNG,2023,5,98221,425
Avista,2025,4,99159,36
CNG,2023,1,98278,7
PSE,2023,3,98310,2286
NWN,2024,1,98620,0
PSE,2023,2,98043,463
PSE,2021,7,98466,202
PSE,2022,8,98059,1861
PSE,2025,3,98023,4334
PSE,2021,11,98370,1571
NWN,2025,3,98664,653
Avista,2021,11,99102,37
PSE,2024,8,98579,729
PSE,2025,1,98405,1029
PSE,2024,3,98946,40
Avista,2021,1,99179,21
PSE,2025,6,98424,2
Avista,2023,12,99164,1
NWN,2025,3,98660,390
PSE,2022,7,98346,639
CNG,2025,4,98312,616
PSE,2023,8,98258,1759
PSE,2025,2,98946,56
CNG,2025,5,98584,188
PSE,2021,1,98042,2701
Avista,2025,5,99021,286
PSE,2022,4,98121,132
PSE,2025,2,98396,34
PSE,2021,7,98203,785
Avista,2023,2,99341,44
PSE,2023,6,98531,515
NWN,2022,6,98683,1048
PSE,2023,8,98109,506
NWN,2023,11,97301,0
PSE,2023,12,98337,1115
PSE,2021,1,98092,4117
PAC,2024,11,98937,260
CNG,2025,6,98902,1615
PSE,2024,2,98075,702
PSE,2021,4,98002,4383
Avista,2023,7,99335,37
PSE,2024,9,98345,33
CNG,2022,12,98908,424
PSE,2022,9,98148,654
NWN,2022,3,98607,1108
PSE,2023,3,98117,825
PSE,2023,9,98005,1120
PSE,2024,11,98390,1004
CNG,2022,5,98264,550
PSE,2025,3,98922,776
PSE,2022,2,98232,164
CNG,2022,6,98240,13
CNG,2022,6,98367,187
CNG,2025,5,98367,232
Avista,2024,8,99218,447
PSE,2025,6,98115,775
PSE,2024,12,98225,2973
PAC,2022,7,98939,25
Avista,2022,7,99004,175
PAC,2025,4,98942,1949
PSE,2021,6,98253,64
PSE,2022,3,98337,868
PSE,2022,6,98383,1305
NWN,2022,1,98671,430
CNG,2022,8,98801,90
PSE,2022,8,98373,1800
PSE,2021,9,98045,668
PSE,2025,4,98292,60
Avista,2025,3,99148,151
PAC,2024,11,98947,206
PSE,2025,4,98233,1177
Avista,2025,7,99171,32
PAC,2024,6,98947,359
PSE,2025,6,98238,9
PSE,2022,1,98375,1330
PSE,2022,1,98387,1859
PSE,2022,5,98580,339
Avista,2025,4,99027,193
Avista,2025,2,99101,72
PSE,2022,5,98252,262
Avista,2023,6,99223,1403
PSE,2023,4,98208,680
PSE,2025,5,98252,253
PSE,2021,8,98158,2
NWN,2024,8,98610,52
PSE,2021,2,98121,134
PSE,2022,5,98421,4
PSE,2023,7,98188,2263
Avista,2022,2,99030,37
PSE,2023,12,98121,156
PSE,2025,1,98430,1
PSE,2021,5,98346,520
PSE,2025,3,98433,1
Avista,2025,5,99207,2280
PSE,2021,5,98430,1
PSE,2023,2,98146,675
PSE,2022,10,98260,332
Avista,2022,9,99403,817
PSE,2023,6,98109,488
Avista,2025,4,99011,0
PSE,2024,6,98499,697
Avista,2022,11,99126,56
PAC,2025,5,98923,134
Avista,2021,9,99137,37
Avista,2022,10,99149,13
Avista,2024,8,99014,6
PSE,2024,4,98270,2173
Avista,2023,11,99156,1
PAC,2025,1,98948,1243
PSE,2021,6,98092,3928
NWN,2024,10,98026,0
Avista,2021,4,99151,6
PSE,2024,4,98273,2165
PSE,2024,11,98116,600
Avista,2021,5,99109,218
CNG,2022,2,98524,3
PSE,2024,6,98532,189
NWN,2024,10,97301,0
PSE,2023,7,98007,1910
CNG,2025,6,98277,332
PSE,2022,4,98264,1320
CNG,2023,9,98244,3
CNG,2022,8,98274,250
PSE,2022,11,98003,4648
PSE,2024,3,98579,890
Avista,2023,6,99033,38
CNG,2024,6,98550,151
PSE,2022,4,98926,392
PSE,2021,4,98591,11
PSE,2021,9,98922,617
Avista,2021,1,99201,1459
Avista,2024,7,99326,21
CNG,2023,3,98524,7
PSE,2022,10,98226,3237
PSE,2023,6,98208,653
CNG,2022,8,98367,236
PSE,2022,11,98033,1558
PSE,2025,1,98409,730
PSE,2021,11,98338,776
PSE,2024,9,98087,876
PSE,2022,8,98597,2130
PSE,2021,7,98034,2383
NWN,2022,6,98665,931
Avista,2022,5,99149,17
PSE,2021,3,98239,368
PSE,2024,4,98383,1551
PSE,2024,3,98264,1413
Avista,2025,1,99169,52
NWN,2022,11,97388,0
PAC,2024,4,98901,2760
PSE,2025,3,98133,910
PSE,2025,5,98405,35
Avista,2025,3,99181,112
PSE,2021,9,98037,524
PSE,2023,3,98051,211
Avista,2024,10,99326,19
PSE,2023,7,98405,1081
NWN,2025,1,98605,23
CNG,2022,8,98632,108
PSE,2021,4,98122,1068
PSE,2025,4,98444,842
PSE,2023,4,98232,1326
NWN,2023,1,98620,0
CNG,2022,3,98932,52
Avista,2021,3,99008,28
PSE,2023,12,98203,893
PSE,2023,9,98106,700
CNG,2023,9,99336,374
PAC,2022,9,98932,503
Avista,2023,1,99023,10
CNG,2024,11,98902,1308
NWN,2025,5,98682,2407
PSE,2021,8,98008,829
PSE,2021,7,98366,2468
PAC,2022,5,99350,6
Avista,2023,1,99036,6
PSE,2021,5,98203,768
NWN,2022,7,98127,0
Avista,2022,9,99204,681
PSE,2023,1,98221,1479
Avista,2025,9,99009,62
CNG,2022,3,98274,153
PSE,2023,10,98109,511
Avista,2021,11,99109,197
PSE,2024,2,98201,884
Avista,2023,8,99103,20
Avista,2021,5,99138,144
NWN,2023,7,98639,39
PSE,2022,3,98117,757
PSE,2024,7,98003,4598
CNG,2023,1,98284,272
PSE,2023,1,98038,1893
NWN,2022,5,98674,0
PSE,2023,9,98391,3177
PSE,2025,4,98031,3288
PSE,2022,12,98134,26
CNG,2025,2,98944,283
PAC,2022,8,98921,85
Avista,2021,10,99031,24
CNG,2024,10,98273,441
PSE,2025,3,98253,96
PSE,2021,7,98940,200
PSE,2025,5,98229,1745
Avista,2023,8,99218,581
PAC,2022,5,98944,1805
CNG,2022,10,98284,313
NWN,2022,9,98664,466
PSE,2024,1,98226,3434
PAC,2022,4,98944,1898
Avista,2021,9,99217,989
PSE,2023,7,98946,49
PSE,2024,3,98070,682
Avista,2021,11,99146,3
PAC,2025,3,98937,458
PSE,2022,12,98532,174
PSE,2022,9,98443,61
PSE,2024,4,98208,1200
PSE,2022,2,98052,3057
Avista,2023,10,99157,40
PSE,2023,9,98148,712
PAC,2024,1,98947,312
NWN,2022,1,98682,1936
PSE,2022,1,98238,1
PAC,2024,10,99360,34
PSE,2025,6,98439,1
PSE,2023,9,98107,683
Avista,2021,7,99008,35
NWN,2022,2,98208,0
PSE,2023,6,98247,280
Avista,2023,11,99205,2211
PSE,2023,9,98014,560
PAC,2022,5,98952,81
Avista,2022,5,99113,10
PSE,2025,6,98466,587
CNG,2024,7,98848,7
CNG,2023,11,98901,279
Avista,2024,7,99033,30
Avista,2023,5,99205,2375
PSE,2024,10,98516,2174
PSE,2025,3,98943,74
Avista,2021,7,99149,14
Avista,2023,11,99212,1260
PSE,2023,5,98033,1685
PSE,2022,9,98118,1551
PSE,2024,5,98409,670
CNG,2024,4,98944,320
PSE,2023,8,98922,853
CNG,2022,5,98848,4
Avista,2021,3,99026,81
NWN,2023,8,98612,0
NWN,2022,3,98671,678
CNG,2023,10,98584,149
NWN,2022,2,98635,1
Avista,2021,9,99027,313
CNG,2022,7,98951,83
Avista,2024,11,99037,273
CNG,2024,12,98271,106
PSE,2022,10,98223,62
NWN,2024,10,98674,0
PSE,2023,3,98029,1545
Avista,2024,5,99125,17
Avista,2023,7,99218,587
Avista,2022,7,99019,520
PSE,2025,3,98271,539
PSE,2025,3,98354,220
CNG,2024,5,99301,1902
PSE,2022,7,98266,445
PSE,2023,6,98125,630
PSE,2023,11,98580,348
PSE,2024,5,98276,102
CNG,2022,7,99362,846
PSE,2024,11,98236,375
PSE,2021,1,98380,224
PSE,2024,10,98941,103
Avista,2023,8,99129,93
PSE,2022,4,98075,752
PSE,2021,5,98360,532
PSE,2022,7,98580,412
CNG,2024,10,98244,1
NWN,2022,11,97301,0
Avista,2024,5,99157,42
PSE,2023,2,98155,664
Avista,2023,5,99001,254
PSE,2024,11,98059,2016
CNG,2024,9,98226,567
PSE,2021,3,98446,242
Avista,2023,8,99101,82
NWN,2022,3,98208,0
PSE,2021,12,98233,658
Avista,2021,7,99204,619
PSE,2022,12,98385,21
PSE,2023,9,98057,1931
Avista,2021,12,99030,35
CNG,2022,11,98626,78
PSE,2024,8,98288,38
PSE,2022,11,98038,1796
PSE,2022,5,98240,238
PSE,2024,3,98001,2393
CNG,2024,6,98345,4
PSE,2022,10,98388,141
PSE,2025,3,98125,565
CNG,2024,10,98611,6
PSE,2021,10,98263,22
PSE,2023,1,98204,661
PSE,2022,3,98056,2640
PSE,2025,2,98337,911
PSE,2021,5,98106,458
PSE,2024,7,98133,964
NWN,2022,3,97301,0
CNG,2024,6,98563,35
PSE,2024,8,98418,482
PAC,2025,6,98930,1033
PSE,2023,5,98372,1727
PSE,2021,9,98408,891
PSE,2023,11,98323,50
Avista,2022,4,99163,1327
CNG,2022,10,98312,658
Avista,2021,8,99111,120
Avista,2023,12,99156,1
PSE,2023,8,98274,1133
PSE,2022,9,98036,778
PSE,2021,9,98198,2818
CNG,2024,11,98240,21
CNG,2025,4,98903,161
PSE,2022,12,98074,984
PSE,2025,6,98380,151
PSE,2024,2,98203,853
PSE,2024,5,98220,45
Avista,2022,7,99143,16
Avista,2022,9,99146,1
CNG,2023,11,98837,66
PSE,2024,4,98284,1892
Avista,2022,3,99203,594
NWN,2024,11,98666,0
PSE,2025,1,98070,623
PSE,2023,8,98032,4650
PSE,2022,5,98006,1333
CNG,2025,5,99323,18
Avista,2025,3,99034,8
PSE,2023,1,98530,68
PSE,2023,6,98042,3329
NWN,2024,4,98662,1116
PSE,2022,12,98119,542
Avista,2025,6,99101,95
Avista,2023,4,99103,26
PSE,2024,1,98057,1828
Avista,2022,5,99171,23
Avista,2024,10,99181,109
PSE,2024,12,98072,863
NWN,2025,5,98671,662
PAC,2025,3,99350,8
CNG,2023,9,98942,176
CNG,2022,11,98584,157
PAC,2022,6,99329,25
CNG,2023,8,99344,149
Avista,2024,2,99217,960
Avista,2024,8,99402,38
PSE,2023,6,98294,53
PSE,2022,6,98272,798
PSE,2021,9,98201,797
PSE,2022,10,98012,1355
Avista,2024,1,99020,2
PSE,2023,10,98177,502
Avista,2023,10,99037,272
Avista,2022,3,99201,1196
CNG,2022,9,99353,45
PSE,2022,5,98146,714
PSE,2023,8,98946,42
PSE,2022,9,98007,1827
PSE,2022,6,98087,823
CNG,2024,4,98908,655
PSE,2021,12,98229,1127
CNG,2022,10,98951,65
PSE,2021,4,98116,301
CNG,2024,10,98524,3
PSE,2022,10,98112,741
Avista,2024,4,99179,24
NWN,2024,5,98607,1050
PSE,2025,4,98516,2338
PSE,2024,4,98940,191
Avista,2022,9,99203,585
PSE,2022,10,98922,701
Avista,2022,5,99109,170
PSE,2025,4,98310,2390
PSE,2022,12,98244,211
PAC,2025,5,98932,541
Avista,2023,7,99216,1325
PSE,2023,10,98439,538
CNG,2024,2,99324,159
PSE,2023,6,98276,361
PSE,2021,1,98087,661
PSE,2025,4,98272,805
PSE,2023,5,98405,1095
CNG,2022,4,98674,94
PSE,2022,7,98422,455
PSE,2023,11,98012,1368
NWN,2025,5,97301,0
PSE,2024,7,98409,701
Avista,2022,10,98620,97
PSE,2025,4,98002,4240
PSE,2025,4,98506,1527
Avista,2025,6,99344,580
PSE,2021,1,98001,1257
Avista,2023,5,98620,108
CNG,2025,1,98274,279
CNG,2024,6,98944,354
PSE,2025,5,98383,4
PSE,2025,4,98260,343
PSE,2024,5,98121,143
Avista,2023,9,99011,0
Avista,2023,7,99134,24
NWN,2023,4,98662,1285
PSE,2022,5,98422,504
Avista,2023,4,99169,78
Avista,2024,7,99104,0
PSE,2022,5,98027,1438
NWN,2022,8,98610,52
PSE,2024,2,98374,2946
Avista,2025,9,99033,44
PSE,2024,10,98072,849
PAC,2022,5,99362,2283
Avista,2021,7,99164,1
PSE,2023,10,98380,269
NWN,2022,3,98307,0
PSE,2022,9,98158,1
PSE,2021,10,98530,1739
Avista,2025,3,99134,27
NWN,2022,11,98119,0
PSE,2024,8,98014,445
PSE,2022,4,98323,67
PAC,2024,12,98920,1
PSE,2024,6,98295,93
Avista,2023,4,99113,10
PSE,2024,8,98047,746
PSE,2021,12,98249,201
PSE,2025,4,98037,674
PSE,2022,8,98115,962
PSE,2021,7,98072,656
PSE,2023,5,98050,16
PSE,2022,9,98312,2790
PSE,2023,12,98370,2100
PSE,2024,8,98177,475
Avista,2025,7,99101,98
PSE,2025,5,98033,1663
PSE,2021,9,98375,1194
CNG,2022,4,98563,38
PSE,2021,12,98430,1
PSE,2021,4,98201,795
PSE,2023,5,98512,2420
Avista,2022,1,99157,51
PSE,2021,11,98337,862
PSE,2023,2,98327,539
PSE,2022,2,98418,544
Avista,2025,5,99148,144
PSE,2024,1,98579,823
PAC,2022,2,99350,7
PSE,2024,10,98366,2758
Avista,2021,12,99101,73
Avista,2022,11,99174,4
PSE,2022,8,98023,3719
PSE,2024,3,98201,899
PSE,2024,2,98941,179
PSE,2023,7,98115,890
Avista,2022,3,99122,93
PSE,2025,5,98295,78
PSE,2023,9,98934,118
PSE,2023,6,98133,930
NWN,2022,9,98617,0
PSE,2023,2,98010,512
PSE,2023,7,98092,3729
PSE,2022,2,98503,3584
CNG,2024,12,98284,279
NWN,2022,8,98661,726
PSE,2022,5,98119,528
PSE,2023,6,98274,2173
Avista,2022,1,99146,1
PSE,2021,4,98946,46
Avista,2024,11,99003,88
PSE,2021,3,98006,925
PSE,2024,7,98311,2074
Avista,2023,10,99009,76
Avista,2024,9,99122,66
NWN,2024,11,98601,0
Avista,2023,8,99179,16
CNG,2024,9,98541,25
PSE,2022,6,98039,70
NWN,2022,6,98629,239
PSE,2025,6,98266,506
Avista,2021,1,99019,466
PSE,2024,5,98392,335
PSE,2024,4,98002,5234
PSE,2022,1,98070,599
PAC,2022,8,98932,509
PSE,2024,2,98056,3008
PSE,2025,3,98236,369
Avista,2024,1,99185,56
Avista,2022,10,99157,51
NWN,2024,8,98671,400
CNG,2022,2,99301,1827
Avista,2021,7,99020,1
PSE,2025,5,98052,4479
NWN,2025,2,98662,974
PSE,2022,5,98229,1538
PSE,2025,6,98946,47
PSE,2023,7,98943,69
PSE,2023,6,98290,34
Avista,2021,9,99003,94
PSE,2023,1,98465,100
Avista,2022,5,99036,5
PSE,2024,5,98045,709
Avista,2024,1,99031,22
PSE,2021,3,98941,149
Avista,2024,1,99159,32
PSE,2023,2,98372,2060
PSE,2023,5,98075,762
Avista,2024,3,99149,8
PSE,2021,1,98037,474
Avista,2023,1,99205,1955
Avista,2024,4,99137,32
Avista,2022,12,99004,161
CNG,2022,8,98366,490
PSE,2022,5,98011,1379
PSE,2025,6,98072,869
CNG,2023,6,98312,567
CNG,2025,3,98908,619
PSE,2024,1,98012,1292
Avista,2022,7,99157,50
CNG,2024,1,98625,21
PSE,2024,7,98051,253
PSE,2024,3,98396,56
CNG,2023,10,98271,154
PSE,2023,1,98026,700
PSE,2025,3,98024,311
PSE,2022,8,98233,874
PSE,2023,2,98178,884
PSE,2022,9,98002,4814
Avista,2024,2,99009,80
PSE,2022,5,98940,83
CNG,2023,9,98271,154
NWN,2022,4,98635,1
CNG,2022,3,98948,143
PSE,2023,4,98568,2
Avista,2021,4,99032,24
Avista,2025,7,99039,5
PSE,2023,9,98108,1153
Avista,2025,1,99341,47
PAC,2025,4,98603,1
PSE,2022,3,98248,2082
CNG,2022,2,98248,489
PSE,2025,2,98003,5475
Avista,2021,2,99138,160
Avista,2022,1,99031,25
PSE,2024,9,98178,851
PSE,2021,5,98380,243
CNG,2022,2,98611,11
PSE,2023,10,98591,14
PSE,2022,2,98239,292
PSE,2024,10,98310,2063
Avista,2024,12,99113,5
CNG,2024,4,98274,267
PSE,2023,4,98946,54
PAC,2024,12,98933,55
NWN,2023,3,98629,109
PSE,2024,11,98346,534
PSE,2023,9,98332,309
PSE,2021,10,98342,112
PSE,2022,3,98267,34
CNG,2025,1,98936,102
PAC,2024,5,98948,1038
PSE,2022,1,98116,480
Avista,2021,12,99185,59
Avista,2023,8,99018,6
CNG,2025,4,98625,11
CNG,2022,7,98520,176
PSE,2022,12,98106,618
PSE,2025,5,98444,836
PSE,2024,9,98516,2259
PSE,2022,9,98030,3307
PSE,2023,5,98332,6
Avista,2024,12,99025,74
PAC,2024,10,98932,410
NWN,2023,9,98617,0
PSE,2024,1,98022,2030
Avista,2022,2,99204,585
PSE,2024,2,98501,4085
Avista,2025,5,99036,5
PSE,2025,1,98155,604
CNG,2024,10,98225,547
PSE,2021,9,98092,3765
PSE,2022,1,98188,1923
PSE,2024,3,98292,60
Avista,2022,12,99143,12
PAC,2024,7,99323,204
CNG,2025,2,98801,77
PSE,2023,11,98272,415
NWN,2024,1,98684,699
PSE,2024,7,98558,26
PSE,2021,11,98070,614
PSE,2024,12,98270,2375
PSE,2021,6,98310,1998
Avista,2022,3,99170,32
NWN,2022,12,98127,0
Avista,2023,1,99110,33
PSE,2022,7,98042,3018
Avista,2023,12,99141,317
CNG,2023,11,99324,152
PSE,2023,4,98022,1987
PSE,2021,9,98409,668
PSE,2022,2,98042,3349
Avista,2024,5,99014,4
Avista,2024,1,99009,75
PSE,2023,6,98281,3169
PSE,2023,3,98372,2121
PSE,2022,12,98198,2899
NWN,2023,11,98628,23
PSE,2024,9,98328,42
PSE,2025,4,98240,252
NWN,2023,1,98125,0
Avista,2024,3,99224,780
PAC,2022,1,99301,1
PAC,2024,10,98920,1
PSE,2021,6,98023,3272
CNG,2022,10,98848,6
Avista,2022,2,99201,1248
Avista,2022,12,99032,27
NWN,2022,12,98605,21
PSE,2023,5,98107,624
PSE,2023,10,98597,2514
PSE,2024,1,98940,201
Avista,2021,4,99181,127
NWN,2023,7,98628,27
PSE,2021,2,98230,1323
PSE,2025,1,98260,282
Avista,2021,3,99039,11
PSE,2022,3,98101,37
PSE,2023,11,98513,2543
CNG,2023,11,98541,16
PSE,2021,2,98941,70
Avista,2021,12,99016,692
PSE,2023,8,98422,510
Avista,2025,6,99402,44
Avista,2022,3,99403,765
Avista,2022,7,99167,59
Avista,2021,11,99205,2376
Avista,2025,2,99027,150
PSE,2021,8,98501,610
Avista,2021,9,99131,7
Avista,2023,2,99149,9
CNG,2025,4,99336,394
PSE,2021,9,98116,447
PSE,2024,5,98178,808
PAC,2022,8,98952,74
PSE,2024,5,98516,2097
CNG,2024,6,98366,618
CNG,2024,3,98271,103
Avista,2025,7,99034,12
PSE,2021,11,98226,2705
Avista,2023,10,99371,20
PSE,2021,7,98010,378
CNG,2022,8,98903,150
PSE,2022,1,98224,37
Avista,2024,5,99161,60
PSE,2022,3,98252,243
PSE,2021,4,98055,1637
CNG,2022,8,98936,87
PSE,2023,3,98311,2054
CNG,2023,1,98257,44
Avista,2023,8,99036,6
Avista,2024,11,99130,39
Avista,2024,7,99107,0
NWN,2023,2,98663,309
PSE,2022,2,98020,352
PSE,2022,12,98166,747
PSE,2024,4,98029,1524
NWN,2024,10,98686,366
PSE,2024,6,98059,2149
PSE,2023,4,98239,5
NWN,2024,3,98605,24
Avista,2024,7,99160,9
Avista,2024,9,99036,5
PSE,2024,6,98513,2817
CNG,2023,10,98310,503
PSE,2023,1,98126,700
PSE,2023,5,98201,555
PSE,2022,7,98199,526
PSE,2023,12,98058,3023
Avista,2024,11,99126,55
PSE,2022,2,98263,22
PSE,2024,9,98270,2314
CNG,2024,4,98541,28
PSE,2025,2,98115,823
CNG,2023,11,99362,738
Avista,2024,3,99203,618
PSE,2023,6,98115,864
PSE,2024,11,98323,49
PSE,2024,11,98155,647
Avista,2022,4,99020,5
PSE,2021,8,98257,309
PSE,2024,1,98257,415
Avista,2022,6,99125,23
PSE,2021,5,98421,2
PSE,2021,11,98059,1833
PSE,2023,11,98340,104
Avista,2023,9,98648,28
Avista,2025,8,99208,2871
PSE,2025,1,98337,867
PSE,2024,6,98385,33
PSE,2025,3,98058,2981
PAC,2025,1,99324,501
CNG,2023,6,98674,54
Avista,2022,6,99224,727
PSE,2022,12,98370,1865
PSE,2022,11,98225,3036
CNG,2024,10,98226,424
Avista,2024,3,99148,170
Avista,2025,2,99037,312
PAC,2025,3,98935,225
PSE,2023,12,98591,14
PSE,2024,3,98591,13
PSE,2023,5,98402,62
PSE,2021,4,98072,487
PSE,2022,8,98943,63
PAC,2022,8,99323,97
PSE,2023,6,98375,2885
PSE,2025,4,98344,4
PSE,2023,6,98296,96
PAC,2024,9,98932,394
Avista,2022,8,99335,0
PSE,2023,7,98466,630
Avista,2024,10,99006,267
NWN,2024,3,98762,0
PSE,2024,5,98014,509
PSE,2025,2,98281,187
PSE,2023,9,98530,74
PSE,2021,10,98053,508
PSE,2021,9,98576,427
Avista,2021,7,99141,286
Avista,2023,2,99037,324
Avista,2022,11,99125,20
Avista,2024,1,99143,15
PSE,2023,11,98383,1475
CNG,2024,7,98271,111
NWN,2023,5,98661,902
PSE,2021,4,98263,17
PSE,2022,4,98126,710
PSE,2023,2,98077,223
PSE,2023,5,98019,384
PSE,2022,6,98266,451
PSE,2021,4,98367,1243
PSE,2022,11,98579,785
NWN,2025,6,98683,898
PSE,2025,4,98105,721
CNG,2025,5,98311,526
PSE,2023,8,98443,65
PSE,2023,10,98244,280
PSE,2024,9,98030,2981
NWN,2024,3,98660,467
PSE,2023,2,98026,803
PSE,2021,2,98053,563
PSE,2023,12,98148,722
PSE,2022,1,98288,46
PSE,2025,1,98424,257
PSE,2024,2,98323,78
PSE,2024,4,98104,35
PSE,2024,7,98439,453
Avista,2021,9,99029,34
PSE,2024,10,98934,113
Avista,2021,1,99113,13
Avista,2023,7,99146,3
CNG,2022,4,98557,12
CNG,2024,4,99323,15
Avista,2024,6,99034,7
PSE,2024,10,98068,72
CNG,2022,9,98229,382
Avista,2023,3,99146,1
PSE,2025,3,98229,1587
Avista,2021,10,99021,255
PSE,2022,6,98012,1300
PSE,2022,12,98047,440
PSE,2024,1,98050,15
PSE,2024,7,98178,834
PSE,2024,10,98031,2900
PAC,2025,6,99329,30
PSE,2025,6,98236,372
PSE,2024,5,98366,3012
Avista,2022,5,99016,755
PSE,2022,4,98404,1046
Avista,2022,1,99203,581
PSE,2025,4,98262,52
PAC,2024,9,98953,506
PSE,2022,10,98247,523
PSE,2024,1,98273,2108
Avista,2024,8,99341,26
PSE,2022,4,98104,49
PSE,2024,2,98392,337
Avista,2024,7,99034,5
PSE,2025,2,98498,2006
PSE,2024,2,98077,221
PSE,2022,7,98158,2
PSE,2022,3,98296,362
PSE,2021,8,98005,885
PSE,2022,5,98366,2684
PSE,2021,5,98294,310
PSE,2024,11,98391,3091
PSE,2022,1,98244,245
PSE,2022,6,98251,59
Avista,2023,11,99161,54
CNG,2023,12,99353,39
CNG,2023,2,98247,114
PSE,2021,12,98003,3025
PSE,2025,4,98402,16
NWN,2024,7,98642,724
PSE,2021,3,98040,585
CNG,2025,1,98563,34
PSE,2022,9,98240,230
Avista,2023,4,99157,54
PSE,2023,1,98002,3616
PSE,2025,4,98136,401
PSE,2023,5,98392,3380
PSE,2022,1,98502,2397
Avista,2022,5,99032,37
CNG,2024,4,98953,90
PSE,2024,4,98248,2379
Avista,2022,3,99163,1192
NWN,2022,3,98610,53
PSE,2022,10,98110,1416
PSE,2021,9,98467,573
Avista,2022,9,99179,19
PSE,2021,10,98108,1026
Avista,2022,1,99012,50
CNG,2024,8,98520,137
PSE,2023,1,98238,2
Avista,2022,11,99170,45
Avista,2021,11,99217,934
PSE,2022,5,98530,533
PAC,2025,3,98936,507
NWN,2022,11,98685,543
PSE,2023,2,98125,518
PSE,2021,12,98053,554
Avista,2024,5,99029,35
PSE,2024,4,98258,1798
Avista,2021,5,99018,14
PAC,2022,4,98920,1
CNG,2023,8,98230,405
PSE,2023,6,98329,40
CNG,2024,11,99338,123
Avista,2023,10,99003,92
PSE,2022,5,98531,177
PSE,2022,12,98922,848
PSE,2024,4,98922,936
NWN,2024,7,98628,23
PSE,2024,6,98047,583
NWN,2025,2,98685,415
PSE,2021,12,98337,636
CNG,2023,8,99362,771
PSE,2021,2,98023,3195
Avista,2023,4,99102,44
PSE,2021,11,98204,608
Avista,2024,11,99012,38
Avista,2024,1,99102,43
NWN,2024,10,98635,0
Avista,2025,1,99003,85
Avista,2021,10,99036,5
PSE,2022,9,98043,437
PSE,2022,9,98201,975
PSE,2022,12,98498,1818
NWN,2024,8,98628,26
PSE,2021,7,98390,836
NWN,2024,12,98660,313
Avista,2021,3,99022,237
PSE,2021,10,98391,2564
PSE,2021,11,98237,430
PSE,2024,12,98057,1879
Avista,2025,9,99201,1190
Avista,2022,12,99022,135
CNG,2024,8,99344,156
PSE,2021,11,98284,1559
PSE,2025,5,98940,228
PSE,2025,5,98430,3726
Avista,2024,1,99039,8
NWN,2023,6,97301,0
Avista,2023,5,99117,18
CNG,2023,1,98292,168
NWN,2022,12,98607,556
CNG,2024,5,99337,154
Avista,2024,2,99025,95
PSE,2023,5,98591,13
PSE,2025,6,98033,1506
CNG,2024,4,98314,1
PSE,2023,1,98392,330
Avista,2024,6,99137,36
Avista,2023,12,99134,35
PSE,2021,4,98056,2160
CNG,2024,7,98626,57
Avista,2024,6,99023,11
PSE,2024,3,98032,4645
Avista,2023,5,99103,23
PSE,2021,1,98466,534
CNG,2023,2,98292,171
PAC,2024,8,98904,1
CNG,2022,1,98383,159
PAC,2024,7,98938,152
PSE,2023,4,98008,855
PSE,2024,6,98253,87
PSE,2024,10,98260,290
PSE,2021,11,98359,268
CNG,2023,5,98367,238
Avista,2025,7,99022,172
PSE,2022,10,98445,1013
PSE,2023,10,98323,66
Avista,2021,5,99371,15
PSE,2025,5,98107,680
PSE,2024,4,98422,474
PSE,2024,10,98367,1695
PSE,2025,2,98272,362
PSE,2022,6,98359,256
PSE,2024,7,98940,205
Avista,2025,4,99216,1293
Avista,2022,7,99012,48
PSE,2022,5,98396,49
PSE,2021,7,98108,1009
Avista,2022,9,99217,931
CNG,2022,9,98220,8
PSE,2024,5,98201,866
PSE,2024,9,98366,2848
PSE,2025,3,98589,556
PSE,2022,5,98045,766
PSE,2022,4,98338,849
Avista,2022,2,99027,204
PSE,2022,4,98253,82
PSE,2021,11,98934,99
CNG,2025,1,98284,319
CNG,2022,2,99352,275
PSE,2025,2,98148,756
Avista,2024,3,99161,74
PSE,2024,12,98053,628
Avista,2023,11,99157,42
PSE,2022,1,98335,405
PSE,2024,9,98374,2908
PSE,2021,8,98244,244
CNG,2024,6,98936,113
PSE,2022,1,98444,798
PSE,2023,4,98148,729
NWN,2023,2,98127,0
PSE,2022,9,98106,662
PSE,2021,3,98230,1033
PSE,2021,9,98050,14
PSE,2025,4,98043,446
CNG,2023,6,98837,86
Avista,2022,8,99159,26
PSE,2022,5,98052,3210
Avista,2023,3,99036,5
PSE,2023,2,98103,1100
PSE,2021,12,98203,778
Avista,2021,4,99224,651
NWN,2022,10,98675,0
CNG,2025,4,99362,938
PSE,2023,2,98337,925
NWN,2022,7,97301,0
PSE,2021,8,98405,1046
PSE,2021,4,98345,33
PSE,2022,1,98354,162
Avista,2021,4,99021,251
Avista,2024,4,99181,133
CNG,2023,2,99354,175
PSE,2022,8,98146,667
NWN,2023,11,98125,0
PSE,2022,5,98943,73
PSE,2025,6,98237,503
PSE,2025,1,98502,2567
PSE,2025,6,98155,640
CNG,2024,3,98611,14
PSE,2023,2,98465,104
PSE,2023,9,98284,1900
PAC,2022,2,98953,692
PSE,2021,3,98323,38
PSE,2024,12,98239,354
CNG,2022,8,99344,156
PSE,2021,11,98117,763
PSE,2024,8,98024,232
Avista,2022,8,99110,20
PSE,2021,1,98002,4174
PAC,2024,10,98937,312
Avista,2022,6,99159,41
PSE,2021,7,98136,391
CNG,2024,3,98230,430
PSE,2023,2,98208,1185
Avista,2022,2,99167,32
CNG,2022,12,98953,76
CNG,2022,11,98936,98
PSE,2023,12,98039,70
PSE,2023,3,98342,120
PSE,2022,3,98335,414
PSE,2025,6,98255,40
Avista,2023,9,99032,31
PSE,2022,7,98244,281
PSE,2024,5,98372,2210
PSE,2025,2,98332,267
NWN,2022,10,98662,745
CNG,2023,10,98557,12
Avista,2022,10,99019,460
PSE,2021,4,98042,2651
Avista,2025,4,99004,202
PSE,2023,2,98059,2095
PSE,2024,6,98370,2020
PSE,2025,2,98465,95
PSE,2022,10,98232,157
PSE,2023,7,98294,251
PSE,2021,8,98178,764
Avista,2022,8,99208,2400
PSE,2022,3,98260,294
PSE,2023,9,98396,40
CNG,2024,10,98953,48
CNG,2022,9,98936,86
PSE,2024,8,98506,1218
CNG,2023,9,98312,623
Avista,2023,6,99341,34
NWN,2025,3,98686,640
PSE,2022,10,98283,50
CNG,2022,1,98626,61
PSE,2021,5,98022,1904
Avista,2022,5,99176,9
Avista,2024,5,99185,67
PSE,2022,8,98221,1590
NWN,2023,3,98635,1
PAC,2022,1,98936,363
Avista,2024,2,99016,786
PSE,2023,4,98294,70
Avista,2025,9,99122,84
PSE,2021,4,98272,665
PSE,2024,2,98005,1077
CNG,2024,11,98271,119
PSE,2022,12,98232,127
PSE,2021,1,98229,1131
PSE,2021,7,98404,995
Avista,2021,12,99218,569
PSE,2021,6,98065,641
PSE,2024,8,98589,564
PSE,2024,9,98074,914
PSE,2021,10,98034,2402
PSE,2021,4,98029,1280
CNG,2022,12,98271,129
NWN,2022,2,98685,498
PSE,2021,1,98252,218
CNG,2024,3,98232,7
Avista,2023,10,99223,1425
Avista,2021,10,99158,13
CNG,2023,3,98345,7
Avista,2021,6,98620,99
Avista,2024,12,99014,4
PSE,2023,8,98467,281
Avista,2022,8,99020,3
PSE,2025,5,98422,40
PSE,2022,3,98134,22
CNG,2022,9,99323,15
Avista,2021,11,99103,18
PSE,2023,4,98201,519
PSE,2023,7,98439,618
PSE,2021,7,98370,1619
PSE,2023,6,98439,487
Avista,2024,4,99110,38
Avista,2025,2,99033,41
NWN,2022,12,98685,297
PSE,2021,3,98591,9
PSE,2024,10,98223,76
NWN,2024,10,98125,0
PSE,2022,5,98023,3806
PSE,2024,12,98310,2299
Avista,2023,4,99202,1287
Avista,2024,2,99143,16
PSE,2022,12,98512,2158
PSE,2023,11,98144,1211
PSE,2023,12,98125,612
PAC,2022,1,98908,3175
PSE,2022,5,98340,84
PSE,2021,7,98445,716
Avista,2024,1,99016,773
PSE,2024,3,98275,392
PSE,2024,2,98026,730
CNG,2022,8,98230,391
PSE,2021,2,98296,316
PSE,2023,11,98033,1667
PAC,2025,1,98952,83
CNG,2025,2,99350,31
Avista,2022,11,99341,43
Avista,2022,12,99212,1122
PSE,2022,10,98136,429
PSE,2024,7,98375,1674
PSE,2023,4,98407,713
PSE,2022,1,98277,3120
Avista,2023,7,99204,600
PSE,2022,4,98421,4
CNG,2025,1,98220,5
CNG,2023,3,98930,171
CNG,2024,8,98848,2
PSE,2021,9,98168,989
PSE,2024,2,98940,198
Avista,2021,8,99109,209
Avista,2021,7,99131,7
Avista,2025,7,99130,35
CNG,2024,7,98273,472
PSE,2022,12,98032,3729
PSE,2021,8,98335,354
PSE,2022,9,98402,46
PSE,2021,10,98005,880
PSE,2023,8,98068,78
PSE,2021,5,98119,449
CNG,2025,2,98295,37
NWN,2025,5,98604,994
Avista,2021,2,99158,17
PSE,2023,5,98296,87
PSE,2022,12,98310,2050
CNG,2024,1,98233,457
CNG,2022,11,98563,38
CNG,2024,3,98563,44
NWN,2023,8,98639,34
Avista,2021,6,99212,1139
PSE,2024,10,98446,396
CNG,2022,11,98220,6
PSE,2024,8,98087,856
PSE,2022,10,98312,2825
PSE,2024,12,98403,266
NWN,2024,6,98675,0
NWN,2022,9,98648,0
PSE,2025,6,98257,405
CNG,2024,12,98223,413
PSE,2022,8,98201,946
Avista,2022,1,99224,686
PSE,2023,6,98146,684
PSE,2023,12,98107,580
PSE,2023,6,98238,475
Avista,2022,8,99149,11
CNG,2024,5,99353,36
PSE,2023,5,98092,4036
CNG,2023,2,98524,5
NWN,2022,4,98686,693
CNG,2023,4,99344,184
Avista,2021,10,99403,999
CNG,2024,7,98274,277
Avista,2023,7,99371,41
Avista,2022,11,99223,1354
PSE,2024,9,98346,531
CNG,2022,4,98370,88
CNG,2022,6,99301,1739
Avista,2024,12,99220,0
PSE,2025,2,98002,3952
CNG,2024,6,98284,364
PSE,2023,12,98104,38
PSE,2022,8,98374,2345
PSE,2022,9,98112,737
PSE,2021,8,98121,129
PSE,2021,12,98226,2241
CNG,2022,7,98244,2
PSE,2022,7,98003,4729
Avista,2022,4,98857,2
PSE,2022,7,98055,2170
Avista,2024,6,99143,13
PSE,2023,2,98332,299
PSE,2022,12,98934,111
PSE,2021,1,98934,107
CNG,2024,5,98936,117
Avista,2024,1,99149,9
Avista,2024,1,99023,9
NWN,2023,6,98665,877
Avista,2022,9,99114,506
PSE,2025,6,98121,182
PSE,2021,2,98273,1943
Avista,2025,7,99006,301
Avista,2022,1,99126,50
PSE,2025,4,98056,3594
PSE,2023,11,98532,185
NWN,2022,11,98671,342
PSE,2022,10,98006,1372
PSE,2022,8,98424,227
PSE,2023,8,98366,3015
Avista,2024,2,99033,37
PSE,2024,7,98233,957
PSE,2022,1,98366,2679
PSE,2025,6,98267,42
PSE,2021,11,98445,458
PSE,2022,7,98263,35
CNG,2023,6,98541,28
Avista,2025,3,99003,103
Avista,2021,1,99013,131
PAC,2025,3,98904,1
PSE,2022,9,98008,843
PSE,2025,1,98346,618
Avista,2024,1,99219,0
CNG,2022,5,98802,17
PSE,2022,6,98385,23
Avista,2023,6,99114,536
Avista,2022,2,99164,0
PAC,2024,7,98944,1682
CNG,2022,2,98528,10
Avista,2023,6,99217,849
PSE,2021,3,98037,496
Avista,2022,7,99218,701
Avista,2024,12,99228,0
NWN,2023,1,98672,118
PSE,2021,11,98498,280
PAC,2022,5,98951,1061
PSE,2023,10,98010,527
PSE,2025,3,98407,613
PSE,2024,8,98372,1940
PSE,2021,11,98107,541
NWN,2023,8,98610,49
PSE,2024,9,98040,974
PSE,2023,1,98467,296
NWN,2022,2,97388,0
NWN,2024,6,98663,299
Avista,2024,11,99014,1
PSE,2021,11,98501,639
NWN,2024,1,98683,536
Avista,2022,9,99171,30
PSE,2024,8,98122,1248
PSE,2021,6,98230,1162
PSE,2024,9,98576,462
PSE,2021,7,98267,29
PSE,2024,5,98390,1050
PSE,2022,8,98503,3316
PSE,2021,12,98253,71
PSE,2024,2,98404,1040
Avista,2021,1,99206,1575
PSE,2024,11,98404,1027
PSE,2022,2,98006,1347
PSE,2021,5,98267,21
CNG,2025,4,98901,413
Avista,2023,7,99104,0
PSE,2022,8,98039,75
PSE,2022,11,98101,36
Avista,2021,7,99157,54
PSE,2025,6,98580,406
PSE,2023,4,98004,2385
PSE,2021,7,98028,823
PSE,2024,1,98029,1608
PSE,2021,8,98030,2832
Avista,2023,3,99169,77
PSE,2022,1,98020,374
Avista,2023,8,99107,0
PSE,2025,2,98077,199
Avista,2022,8,99122,55
NWN,2023,12,98675,0
Avista,2025,2,99170,16
PSE,2021,1,98390,761
NWN,2025,1,98119,0
Avista,2022,6,99014,2
PAC,2022,2,99363,13
PSE,2022,7,98532,193
PSE,2023,4,98059,2113
PSE,2024,4,98580,454
Avista,2022,4,99344,436
Avista,2023,6,99107,0
Avista,2025,3,99022,198
PAC,2022,9,99347,161
PSE,2025,5,98237,567
PSE,2021,2,98943,74
CNG,2022,7,98240,14
PSE,2023,3,98530,69
PSE,2021,5,98146,565
Avista,2023,9,99018,6
PSE,2023,5,98087,821
PSE,2024,1,98467,262
PSE,2022,11,98065,689
PSE,2022,5,98392,338
PSE,2023,9,98166,844
PSE,2023,12,98168,1087
CNG,2023,3,98557,10
PSE,2023,7,98134,22
PSE,2021,3,98032,3184
CNG,2025,5,98314,1
PSE,2024,1,98498,1995
PSE,2024,4,98402,51
Avista,2024,1,99204,511
CNG,2023,5,98292,156
PSE,2024,11,98597,1757
PSE,2021,12,98288,37
Avista,2024,5,99169,69
PSE,2022,10,98295,78
PSE,2023,4,98558,27
PSE,2022,7,98237,463
PSE,2022,8,98359,249
PAC,2022,7,98937,357
PSE,2024,8,98260,301
PSE,2023,9,98068,99
PSE,2024,7,98253,86
PSE,2024,10,98926,370
PSE,2023,9,98047,599
Avista,2024,3,99160,13
PSE,2024,1,98373,1915
Avista,2024,6,98648,28
PSE,2023,10,98224,41
PSE,2024,6,98008,966
PSE,2022,7,98403,277
PSE,2024,9,98006,1312
PSE,2022,9,98284,1745
PSE,2024,12,98328,38
Avista,2021,12,99159,32
PSE,2022,3,98237,444
PAC,2022,6,98952,86
PSE,2023,1,98576,474
PAC,2024,1,98948,925
PSE,2023,10,98273,2147
NWN,2022,1,98605,23
Avista,2021,6,99016,654
Avista,2024,7,99134,27
CNG,2025,3,99301,1917
PSE,2023,7,98589,583
Avista,2021,4,99040,70
Avista,2022,10,99113,8
CNG,2024,8,98345,5
Avista,2022,6,99101,85
PSE,2022,9,98146,669
CNG,2022,8,98541,26
PSE,2022,9,98050,18
Avista,2024,8,99335,0
PSE,2021,2,98360,579
Avista,2022,12,99403,640
PSE,2023,7,98110,1257
PSE,2021,2,98255,30
PSE,2023,11,98424,266
PSE,2022,2,98010,548
PAC,2025,1,98932,482
PSE,2025,2,98433,1
Avista,2023,6,99171,34
PSE,2024,7,98036,804
NWN,2024,2,98307,0
PSE,2024,11,98230,1230
PSE,2025,4,98340,11
CNG,2023,8,99324,149
CNG,2025,6,99301,1847
PSE,2022,9,98010,486
NWN,2024,12,98682,1507
NWN,2024,12,98672,72
PSE,2025,5,98274,1230
NWN,2025,5,98661,889
PSE,2023,1,98125,533
PSE,2021,8,98115,1200
Avista,2022,3,99040,76
NWN,2023,3,98682,2548
PSE,2023,4,98445,993
PSE,2025,6,98110,569
CNG,2024,10,99344,166
PSE,2023,4,98421,570
PAC,2024,5,98938,183
Avista,2025,2,99167,29
PSE,2021,11,98051,198
NWN,2022,3,97388,0
CNG,2023,7,98257,39
Avista,2023,1,99114,495
NWN,2022,4,97301,0
PSE,2023,10,98374,2905
PSE,2021,11,98136,411
PSE,2023,3,98038,1845
PSE,2024,11,98568,4
PSE,2021,9,98380,252
Avista,2023,1,99009,92
PAC,2022,4,98902,5058
PSE,2025,6,98065,702
PSE,2024,7,98498,1974
Avista,2024,5,99003,81
PAC,2024,9,98923,82
PSE,2023,12,98467,291
PSE,2023,1,98056,2793
PSE,2023,5,98270,44
PSE,2023,10,98233,1017
Avista,2025,1,98648,18
Avista,2021,7,99126,60
CNG,2023,6,98626,44
PSE,2022,5,98040,807
CNG,2023,11,98257,38
PSE,2025,2,98288,38
Avista,2021,1,99181,153
PSE,2022,8,98329,6
PSE,2023,2,98236,366
NWN,2024,5,97301,0
NWN,2024,3,98125,0
NWN,2022,11,98686,324
PAC,2025,1,98947,316
PSE,2024,10,98125,620
CNG,2023,11,98632,101
NWN,2023,7,98626,0
PSE,2024,5,98104,37
PSE,2025,1,98024,270
PSE,2024,7,98023,3765
CNG,2025,2,98930,139
PSE,2023,7,98283,48
CNG,2022,5,98370,100
PSE,2023,6,98106,662
Avista,2023,9,99004,178
PSE,2021,5,98244,225
CNG,2022,1,98248,370
CNG,2022,6,98557,14
Avista,2024,4,99117,16
PSE,2021,1,98372,1419
PSE,2023,4,98248,594
PSE,2022,10,98311,1890
PSE,2022,10,98077,193
PSE,2021,3,98292,41
PSE,2022,5,98467,1872
PSE,2022,11,98011,1296
NWN,2022,1,98648,0
Avista,2021,10,99025,84
CNG,2022,1,98801,79
Avista,2021,9,98648,34
CNG,2024,7,98220,7
PSE,2022,2,98359,295
PSE,2021,1,98258,1594
PAC,2022,9,99348,41
PSE,2024,7,98065,688
PSE,2023,12,98116,597
Avista,2023,10,99138,135
PSE,2021,3,98596,18
PAC,2022,8,99350,3
CNG,2024,3,98264,558
PSE,2024,11,98531,522
PSE,2021,11,98155,580
PSE,2025,5,98370,122
Avista,2022,3,99011,0
PSE,2021,10,98244,216
PSE,2023,7,98031,3231
PSE,2025,2,98053,393
PSE,2023,12,98580,435
Avista,2025,1,99129,71
PSE,2024,3,98445,1082
CNG,2023,5,98310,533
PSE,2022,8,98345,41
PSE,2023,5,98126,801
PAC,2025,4,98938,219
Avista,2024,11,99113,11
PSE,2024,1,98040,811
PSE,2023,6,98424,533
PAC,2025,4,99362,2885
PSE,2025,1,98203,870
Avista,2023,6,99019,319
PSE,2022,9,98516,1850
PSE,2023,2,98506,1463
PSE,2024,2,98390,1060
PSE,2022,8,98004,2348
Avista,2025,7,99036,4
PSE,2021,3,98003,3723
PSE,2025,5,98310,2387
PSE,2023,1,98340,86
PSE,2021,6,98029,1316
PSE,2023,5,98501,3869
PSE,2021,10,98372,1761
PSE,2024,1,98240,253
Avista,2023,9,99113,11
Avista,2023,11,99021,244
PSE,2024,7,98263,41
PSE,2024,6,98101,30
CNG,2022,9,99350,68
PSE,2021,11,98311,1685
NWN,2024,1,98664,465
PSE,2024,5,98406,686
CNG,2022,8,98282,47
Avista,2023,12,99001,238
Avista,2022,10,99205,2411
PSE,2024,5,98264,1334
PSE,2025,6,98005,1208
Avista,2023,7,99033,35
PSE,2024,1,98104,39
PSE,2023,6,98925,82
NWN,2024,8,98682,1710
PSE,2025,6,98053,394
PSE,2022,6,98284,1578
CNG,2023,1,98337,211
PSE,2021,7,98134,23
PSE,2024,5,98020,332
CNG,2023,6,98345,4
PSE,2024,8,98926,392
PSE,2024,9,98387,1830
PSE,2025,4,98074,918
Avista,2023,9,99026,76
PSE,2022,12,98941,196
Avista,2021,9,99021,265
PSE,2021,6,98101,35
CNG,2024,9,98584,159
PSE,2024,4,98502,2809
Avista,2022,12,99174,5
PAC,2022,4,99350,7
Avista,2022,8,99151,9
PSE,2023,4,98249,2133
NWN,2023,11,98672,76
Avista,2024,2,99206,1568
NWN,2022,2,98668,0
CNG,2022,2,98337,253
CNG,2022,8,98345,8
CNG,2023,4,98273,703
PSE,2025,2,98283,47
PSE,2024,9,98499,668
PSE,2025,6,98387,141
NWN,2024,9,98125,0
PSE,2022,3,98310,2173
CNG,2023,4,99354,178
PSE,2023,10,98360,1
PSE,2021,1,98146,535
Avista,2023,6,99027,226
PSE,2025,1,98012,1394
PSE,2024,6,98102,537
CNG,2022,8,98221,500
CNG,2022,5,98257,46
PSE,2024,4,98354,213
Avista,2025,2,99164,1
PSE,2024,9,98263,39
Avista,2024,10,99030,29
CNG,2024,11,98244,2
CNG,2022,10,99353,49
NWN,2022,9,98626,0
CNG,2024,6,98277,354
PSE,2021,10,98272,738
CNG,2022,1,99323,14
Avista,2023,7,99206,1394
PSE,2024,3,98236,385
PAC,2024,3,98603,3
Avista,2024,12,99149,18
PSE,2022,9,98580,384
PSE,2023,3,98284,1799
Avista,2022,3,99181,112
Avista,2023,4,99174,6
CNG,2022,1,98563,25
PSE,2024,10,98021,618
CNG,2023,12,98801,74
PSE,2023,11,98444,670
PSE,2023,1,98327,523
Avista,2024,3,99008,18
PSE,2024,2,98530,66
PSE,2023,1,98050,16
CNG,2024,11,98528,21
PSE,2021,10,98230,1179
NWN,2025,3,97031,0
CNG,2024,5,98848,6
NWN,2024,6,98607,959
PSE,2022,4,98230,1227
PSE,2023,12,98003,5272
PSE,2023,1,98337,913
PSE,2022,3,98121,131
Avista,2021,8,99164,1
NWN,2023,6,98626,0
CNG,2023,2,98312,659
PSE,2025,4,98926,446
PSE,2024,1,98221,1651
PSE,2024,1,98023,4133
PSE,2022,5,98198,3292
Avista,2021,1,99022,252
PSE,2025,4,98346,1
PSE,2022,11,98360,704
Avista,2021,10,99326,19
PAC,2024,10,99362,2024
PSE,2023,5,98002,4175
PSE,2025,3,98247,611
PSE,2022,5,98221,1401
PSE,2021,3,98034,1912
PSE,2023,9,98007,2046
PSE,2024,12,98597,2664
PSE,2022,2,98007,1677
Avista,2022,10,99160,12
PSE,2023,9,98531,524
PSE,2021,1,98359,238
Avista,2024,6,99021,277
Avista,2022,9,99216,1206
CNG,2022,11,98944,272
Avista,2021,2,99033,57
CNG,2024,9,98944,307
CNG,2023,4,98944,313
PSE,2022,2,98530,48
PAC,2024,6,99362,2213
CNG,2023,5,99338,80
PSE,2023,4,98941,95
PSE,2022,1,98014,206
Avista,2024,12,99031,22
PAC,2025,3,98930,1004
PSE,2024,9,98589,519
NWN,2024,7,98661,712
PSE,2025,2,98340,87
Avista,2021,11,99403,976
Avista,2022,7,99138,173
Avista,2022,3,99036,3
CNG,2022,1,98951,71
PSE,2023,10,98262,130
Avista,2024,10,99207,1658
Avista,2024,2,99223,1341
PSE,2022,12,98380,223
Avista,2022,5,99029,25
Avista,2022,3,99025,100
PSE,2021,12,98531,344
Avista,2025,9,99185,48
PSE,2023,1,98346,545
PSE,2024,5,98421,4
PSE,2022,1,98077,182
Avista,2021,9,99030,45
CNG,2022,8,98944,309
PSE,2025,6,98272,394
NWN,2022,5,98671,721
NWN,2022,7,98762,0
CNG,2024,8,98226,467
Avista,2022,11,99006,244
CNG,2022,5,98611,12
PSE,2021,6,98501,3243
Avista,2023,7,99009,67
PSE,2025,6,98589,600
PSE,2022,12,98346,646
CNG,2025,5,98221,487
PSE,2021,11,98220,34
CNG,2024,7,98942,170
PSE,2024,4,98008,885
PSE,2023,10,98027,1600
PSE,2024,3,98118,1558
PSE,2025,5,98012,1420
PSE,2023,4,98498,2026
Avista,2024,1,99107,0
PSE,2025,4,98371,122
CNG,2022,6,98541,36
CNG,2023,5,98632,100
PSE,2022,9,98038,1725
PSE,2025,3,98224,38
Avista,2023,9,99020,1
PSE,2021,4,98059,1494
PSE,2024,4,98019,392
PSE,2022,12,98221,1764
PSE,2023,11,98409,705
PAC,2024,8,98936,299
PSE,2023,9,98390,1087
NWN,2024,3,98674,0
Avista,2023,1,99003,88
PSE,2024,3,98059,2147
Avista,2023,11,99025,88
PSE,2022,5,98335,464
Avista,2025,6,99143,19
Avista,2024,3,99144,0
Avista,2021,11,99026,66
Avista,2023,12,99228,0
Avista,2023,4,99018,5
PSE,2022,7,98335,391
PSE,2022,1,98059,1828
PSE,2024,7,98407,638
CNG,2024,4,98942,188
Avista,2025,4,99037,314
NWN,2024,10,98665,553
PSE,2025,1,98940,201
Avista,2023,4,99008,19
NWN,2022,7,97388,0
Avista,2021,9,99402,64
Avista,2024,7,99173,126
PSE,2021,3,98029,1277
CNG,2023,11,98953,71
PSE,2022,7,98530,64
PSE,2021,11,98032,3862
CNG,2023,6,99338,80
CNG,2023,7,98801,95
Avista,2024,8,99126,31
NWN,2022,3,98626,0
NWN,2023,8,98685,712
Avista,2024,7,99130,36
PSE,2024,3,98010,532
Avista,2021,6,99037,274
PSE,2021,4,98006,1027
Avista,2021,3,99034,7
CNG,2024,11,98611,12
PSE,2025,1,98126,658
PSE,2023,7,98024,262
Avista,2024,2,99026,77
CNG,2024,4,98903,175
PSE,2023,12,98311,2204
PSE,2024,3,98263,41
PSE,2023,1,98072,865
Avista,2023,12,99009,79
Avista,2024,7,99163,1457
PSE,2021,1,98281,546
PSE,2022,1,98926,302
CNG,2025,2,98541,32
Avista,2023,2,99181,134
PSE,2024,1,98008,822
PSE,2022,12,98053,571
NWN,2023,6,98671,631
CNG,2023,2,98225,685
PSE,2022,10,98221,1528
PSE,2025,3,98055,2373
PSE,2022,3,98503,3358
NWN,2024,9,98307,0
CNG,2023,6,98366,506
Avista,2023,1,99224,643
Avista,2023,10,99204,665
NWN,2024,4,98674,0
PSE,2021,2,98134,15
PSE,2022,3,98498,1911
Avista,2022,9,99156,0
Avista,2024,9,99040,61
PSE,2024,1,98275,369
Avista,2023,12,99128,11
PSE,2021,5,98028,696
PAC,2022,5,98937,387
PSE,2023,7,98232,158
PSE,2024,5,98038,1829
PSE,2022,7,98506,1332
Avista,2022,7,99027,360
PSE,2024,9,98275,395
CNG,2025,4,98282,43
PSE,2023,5,98039,68
Avista,2022,12,99102,37
PSE,2021,5,98058,2336
Avista,2022,12,99163,1580
CNG,2022,7,98366,498
PSE,2022,11,98530,58
Avista,2022,1,99033,27
PSE,2023,2,98271,526
CNG,2024,9,98550,145
CNG,2022,6,98902,1316
Avista,2023,3,99129,92
PSE,2022,1,98030,3149
CNG,2024,4,98278,1
PSE,2024,3,98512,2400
CNG,2023,5,98230,428
PSE,2023,2,98277,2536
PSE,2024,11,98039,74
PSE,2024,11,98012,1442
CNG,2022,2,98550,130
PSE,2023,6,98391,1008
PSE,2024,4,98240,274
PSE,2025,3,98042,3340
PSE,2021,3,98501,2997
Avista,2024,9,99019,418
NWN,2025,6,98617,0
PSE,2024,12,98375,1537
PSE,2023,1,98418,544
Avista,2021,8,99008,23
PSE,2025,3,98208,1208
PAC,2024,9,99363,15
PSE,2025,2,98258,2009
PSE,2022,10,98516,1867
PSE,2021,4,98467,234
CNG,2024,5,98584,193
PSE,2021,5,98391,2216
PSE,2025,3,98221,1465
PSE,2022,6,98338,863
Avista,2021,5,99110,40
Avista,2021,6,99025,91
Avista,2022,6,99109,178
PSE,2023,6,98532,190
PSE,2024,6,98108,891
CNG,2024,2,98274,282
CNG,2024,8,98312,577
CNG,2023,8,98541,34
PSE,2024,2,98019,398
Avista,2021,7,99113,10
CNG,2025,6,99324,175
PSE,2023,9,98323,55
Avista,2023,5,99021,252
PSE,2021,10,98199,467
PSE,2021,5,98047,409
Avista,2022,4,99161,70
PSE,2024,11,98199,555
PSE,2025,1,98038,1847
PSE,2021,3,98126,520
PSE,2025,1,98406,728
PSE,2021,5,98055,1758
PSE,2025,3,98233,1103
PSE,2022,2,98023,3719
PSE,2021,2,98264,1208
PSE,2024,5,98103,1051
Avista,2022,3,99014,4
PSE,2023,12,98255,42
PSE,2021,6,98005,805
NWN,2024,9,98628,25
PAC,2024,11,98930,643
Avista,2024,3,99173,139
Avista,2021,10,99157,48
PSE,2025,6,98467,263
Avista,2023,2,99005,175
PAC,2024,5,99350,8
Avista,2024,11,99143,17
CNG,2023,9,99350,64
PSE,2021,7,98252,223
PSE,2023,5,98312,2109
Avista,2023,12,99003,92
Avista,2022,2,99402,58
PSE,2024,4,98012,1281
Avista,2021,3,99341,48
NWN,2025,5,98668,0
Avista,2024,10,99101,69
CNG,2025,6,99350,64
CNG,2024,3,98383,215
NWN,2023,1,98762,0
CNG,2023,2,98367,217
PSE,2023,8,98466,599
NWN,2022,6,98601,0
PSE,2021,2,98383,1202
PSE,2023,12,98946,53
PSE,2024,5,98506,1427
CNG,2023,4,98520,151
Avista,2024,4,99207,2276
CNG,2022,7,98295,50
PSE,2022,9,98042,3038
Avista,2024,3,99204,674
CNG,2022,4,98292,155
CNG,2024,7,98944,308
PSE,2021,9,98371,1310
PSE,2023,2,98311,2144
NWN,2024,2,98671,588
PSE,2021,12,98502,3380
PSE,2021,2,98366,2469
PSE,2023,6,98043,467
CNG,2022,1,98674,98
CNG,2022,4,98223,354
CNG,2022,4,99350,66
PSE,2022,6,98531,183
Avista,2025,8,99203,528
PSE,2024,10,98051,244
PSE,2021,10,98290,486
CNG,2023,12,98942,140
PSE,2025,4,98922,758
Avista,2022,1,99037,274
NWN,2023,8,98601,0
PSE,2023,11,98032,4504
PSE,2021,8,98235,20
PSE,2025,6,98038,1882
Avista,2021,1,99157,51
PSE,2022,2,98276,82
PSE,2023,8,98439,616
CNG,2025,6,98584,190
CNG,2024,1,98314,1
PSE,2022,12,98235,17
PSE,2023,9,98011,1519
Avista,2025,8,99005,167
PSE,2022,2,98292,52
Avista,2024,5,99111,119
PSE,2022,4,98125,552
CNG,2025,2,98903,129
PSE,2022,11,98277,3372
PSE,2024,9,98144,1216
Avista,2023,3,99141,271
PSE,2022,9,98405,1095
CNG,2022,9,98244,3
PSE,2023,8,98284,1824
PSE,2024,3,98283,39
Avista,2023,9,99171,35
PSE,2022,4,98074,992
PSE,2021,9,98008,754
NWN,2022,9,98662,794
PSE,2024,10,98026,728
NWN,2022,8,98620,0
Avista,2024,1,99128,11
NWN,2025,1,98628,20
PSE,2021,12,98332,260
Avista,2024,12,99159,42
PSE,2023,4,98258,372
PSE,2025,4,98531,549
NWN,2022,11,98604,530
PSE,2023,10,98385,29
PSE,2024,8,98204,653
PSE,2023,4,98383,278
Avista,2022,9,99037,306
CNG,2022,12,98232,10
Avista,2023,11,99013,115
PSE,2023,12,98284,1879
CNG,2023,11,98944,226
CNG,2023,3,99338,82
PSE,2024,3,98371,1713
PAC,2024,10,98942,1234
PSE,2021,5,98513,2227
Avista,2023,7,99125,31
CNG,2022,8,98611,6
Avista,2024,11,99110,27
NWN,2023,9,98672,84
Avista,2024,11,99040,68
PSE,2022,12,98580,369
PSE,2024,6,98359,298
PSE,2023,9,98373,1999
NWN,2023,3,98642,434
PSE,2021,12,98055,1666
PAC,2022,2,98933,82
PSE,2024,3,98155,594
PSE,2025,6,98158,53
NWN,2023,12,98119,0
PSE,2023,10,98530,65
PSE,2023,12,98224,35
Avista,2022,4,99137,35
PSE,2021,5,98276,67
Avista,2022,6,99174,4
Avista,2022,1,99036,4
NWN,2022,1,98208,0
CNG,2024,9,98632,113
PSE,2021,12,98201,786
CNG,2022,5,98942,141
PAC,2024,8,99329,15
PSE,2021,2,98033,1141
Avista,2024,10,99176,9
Avista,2023,10,99012,35
PSE,2021,1,98502,2069
Avista,2023,9,99176,4
Avista,2021,3,99218,584
PSE,2021,8,98374,2003
PSE,2022,8,98364,1
PSE,2023,12,98396,35
PSE,2022,10,98258,1687
Avista,2024,9,99171,24
Avista,2023,12,99173,132
Avista,2021,12,99151,9
Avista,2024,11,99260,0
Avista,2023,7,99207,2092
NWN,2024,10,98626,0
PSE,2024,6,98203,904
Avista,2022,6,99020,3
Avista,2021,10,99032,38
Avista,2022,4,99179,16
Avista,2021,8,99344,528
PSE,2021,5,98065,660
PAC,2024,7,98948,1027
PSE,2021,8,98058,2296
PSE,2021,10,98446,1047
Avista,2021,10,99130,39
Avista,2021,11,98620,77
CNG,2025,4,99338,129
PSE,2024,4,98292,50
PSE,2024,2,98558,20
PSE,2024,8,98244,228
PSE,2022,2,98059,2044
PSE,2022,1,98045,820
PSE,2023,4,98943,89
PSE,2025,2,98237,506
PSE,2023,3,98264,1334
PSE,2022,6,98056,2618
Avista,2022,5,99146,0
PSE,2022,7,98065,691
PSE,2025,4,98332,24
PSE,2023,10,98203,861
PSE,2023,11,98402,52
PSE,2023,11,98255,50
NWN,2022,2,98628,30
PSE,2025,5,98367,269
PSE,2025,2,98323,61
PSE,2022,3,98022,1906
NWN,2022,12,98620,0
PSE,2022,9,98388,134
Avista,2023,8,99125,23
PSE,2022,3,98055,2040
CNG,2024,2,99337,141
PAC,2022,9,98948,968
PSE,2023,12,98354,305
Avista,2022,2,99029,28
NWN,2022,8,98604,716
Avista,2022,12,99103,13
NWN,2023,11,98683,452
PSE,2021,11,98439,1
PSE,2022,7,98255,54
CNG,2022,3,98902,880
CNG,2024,3,98848,4
CNG,2022,12,98240,15
PSE,2023,6,98221,43
Avista,2025,8,99012,30
NWN,2024,5,98684,936
PSE,2023,3,98251,133
PSE,2023,8,98051,229
PAC,2025,3,98908,4324
Avista,2024,2,99326,19
PSE,2024,9,98502,2435
PSE,2022,10,98271,486
Avista,2023,9,98620,95
PAC,2025,1,99360,87
PSE,2024,4,98290,472
PSE,2024,5,98235,24
PAC,2022,9,98936,426
NWN,2023,5,98628,29
PSE,2024,8,98125,638
PSE,2023,5,98940,90
CNG,2025,1,98528,25
CNG,2022,5,98948,192
PSE,2024,10,98249,256
CNG,2023,8,98337,211
NWN,2025,3,98629,108
PSE,2022,11,98264,1338
NWN,2023,12,98307,0
Avista,2023,5,99128,10
Avista,2023,7,99129,79
CNG,2023,10,98930,223
Avista,2022,8,99104,0
NWN,2024,6,98601,0
PSE,2022,5,98030,3214
PSE,2023,10,98199,588
PSE,2023,4,98047,589
PSE,2024,10,98087,853
PSE,2021,1,98346,436
PSE,2023,2,98281,237
PSE,2022,11,98146,684
PSE,2022,8,98239,438
PSE,2023,9,98941,212
Avista,2022,2,99110,32
PSE,2024,9,98506,1348
CNG,2022,2,99350,68
Avista,2023,2,98620,91
PSE,2021,1,98360,533
Avista,2024,3,99157,53
PAC,2022,3,98948,915
PSE,2024,2,98055,2346
NWN,2025,4,98684,1101
PAC,2022,3,98952,83
PSE,2023,11,98284,1764
Avista,2021,3,99040,84
PAC,2025,4,99350,9
PSE,2022,11,98946,48
PSE,2021,2,98281,247
PSE,2025,6,98144,1127
PSE,2024,6,98224,37
PAC,2025,5,99347,231
PSE,2023,5,98248,598
PSE,2024,4,98028,976
Avista,2024,3,99126,45
PAC,2024,8,99323,193
PSE,2025,6,98221,1109
Avista,2023,4,99212,1382
PSE,2023,9,98248,2510
Avista,2023,8,99104,0
Avista,2024,8,98620,92
Avista,2022,10,99181,150
PSE,2021,6,98072,544
CNG,2022,5,98367,209
PSE,2021,7,98255,43
PSE,2025,4,98125,590
PSE,2021,6,98390,814
CNG,2022,4,98528,10
CNG,2025,4,99354,186
PAC,2024,3,98951,1156
PSE,2021,5,98501,3221
NWN,2023,3,98626,0
PSE,2024,6,98943,82
Avista,2023,6,99011,0
Avista,2024,4,99113,10
PSE,2021,11,98158,2
PSE,2025,6,98513,2688
Avista,2025,8,99207,2148
PSE,2023,11,98072,892
PSE,2025,3,98036,827
PSE,2021,10,98274,1092
CNG,2024,5,98225,716
PSE,2021,5,98102,557
PSE,2025,6,98402,14
Avista,2022,6,99170,34
Avista,2025,4,99030,28
PSE,2021,9,98155,567
PSE,2023,8,98360,1
Avista,2023,7,99016,845
PSE,2022,5,98311,1851
NWN,2023,8,98682,1776
Avista,2023,9,99344,486
Avista,2025,2,99212,1133
PSE,2022,9,98057,1746
PSE,2021,11,98188,1985
PSE,2025,2,98576,505
PSE,2021,9,98036,743
Avista,2024,11,99167,45
PSE,2023,11,98371,1594
PSE,2023,11,98446,411
PSE,2025,4,98146,727
Avista,2021,10,99126,59
PSE,2023,2,98027,1498
PSE,2021,1,98274,980
PSE,2024,3,98516,2348
PSE,2023,9,98296,417
PSE,2022,8,98332,277
PSE,2024,7,98568,3
PSE,2022,12,98257,377
PSE,2025,3,98941,72
PSE,2024,12,98281,262
PSE,2023,10,98257,338
PSE,2024,6,98531,528
PSE,2022,10,98249,261
PSE,2021,9,98230,1062
PSE,2022,7,98467,246
Avista,2024,9,99217,696
PSE,2023,6,98277,93
PSE,2025,5,98239,491
Avista,2025,6,99016,906
PAC,2022,3,98902,4479
PSE,2025,2,98020,350
PSE,2024,3,98026,726
PSE,2021,9,98072,664
PSE,2025,1,98321,910
NWN,2023,10,97031,0
PAC,2022,2,98923,139
PSE,2024,1,98122,1183
PSE,2024,2,98043,462
PSE,2022,4,98388,132
PSE,2024,3,98502,2840
CNG,2022,10,99337,143
Avista,2021,7,99030,41
NWN,2025,6,98610,56
PSE,2023,4,98934,113
PSE,2023,1,98240,237
PSE,2021,3,98366,2090
PSE,2023,8,98026,778
PSE,2021,10,98024,243
Avista,2023,5,99212,1323
PSE,2023,9,98312,3063
PSE,2021,9,98028,802
PSE,2022,10,98240,223
CNG,2024,3,98248,575
PSE,2022,3,98396,48
PSE,2025,2,98446,360
Avista,2023,3,99201,1815
PSE,2021,8,98407,645
NWN,2022,12,98663,197
Avista,2024,11,99217,810
PSE,2023,5,98499,737
CNG,2022,8,98220,9
PSE,2024,3,98580,679
Avista,2025,1,99206,1381
PSE,2023,10,98516,2202
PSE,2021,7,98087,768
PSE,2023,9,98385,30
PSE,2024,3,98117,779
PSE,2022,7,98391,2888
Avista,2024,6,99020,1
NWN,2023,2,98307,0
PSE,2024,8,98512,2109
NWN,2022,3,98684,1080
PSE,2024,2,98168,1093
PSE,2023,10,98134,19
Avista,2021,4,99122,87
Avista,2021,8,99029,50
Avista,2023,10,99019,467
NWN,2023,12,98671,204
CNG,2023,11,98337,197
PSE,2022,3,98220,34
PSE,2024,8,98146,705
CNG,2024,3,98240,11
Avista,2024,9,99026,83
PAC,2024,5,98935,256
Avista,2024,11,99219,0
NWN,2023,2,98662,1049
PSE,2024,3,98238,4
PSE,2025,1,98030,3483
PSE,2022,9,98329,5
PAC,2024,10,98903,1185
PSE,2023,1,98112,734
CNG,2022,10,98226,500
PSE,2023,1,98262,52
Avista,2022,7,99037,370
Avista,2022,3,99169,63
PSE,2021,4,98579,639
PSE,2021,2,98532,151
PSE,2021,8,98122,1195
Avista,2025,1,99223,1310
Avista,2023,5,99156,0
Avista,2022,6,99114,533
PSE,2024,9,98235,20
PSE,2022,9,98012,1442
PSE,2021,2,98057,1465
CNG,2023,8,99353,50
CNG,2023,2,98908,553
CNG,2025,1,98277,306
PSE,2021,10,98027,1285
PSE,2021,7,98337,821
PSE,2021,10,98050,13
PSE,2021,2,98421,4
PSE,2022,2,98375,1448
Avista,2021,4,99171,34
PSE,2023,6,98922,748
PSE,2021,10,98166,710
Avista,2024,1,99148,147
CNG,2022,7,98801,95
Avista,2023,6,99031,17
Avista,2024,8,99117,11
Avista,2022,5,99144,0
PSE,2024,6,98443,60
PSE,2022,4,98220,42
PSE,2021,5,98443,61
Avista,2025,5,99134,26
PAC,2025,6,98921,80
PSE,2024,5,98030,3398
Avista,2021,5,99179,24
Avista,2022,6,98648,45
PSE,2024,10,98020,315
PSE,2021,8,98188,1937
NWN,2024,8,98674,0
PSE,2023,2,98288,44
CNG,2023,1,98951,67
PSE,2022,10,98467,275
PSE,2021,4,98103,741
NWN,2022,3,98665,832
PSE,2023,10,98388,151
Avista,2025,5,99027,329
Avista,2024,9,99134,16
PSE,2024,6,98019,385
PSE,2022,11,98178,843
Avista,2024,9,99117,10
PAC,2024,9,98908,2928
Avista,2025,3,99138,128
PSE,2021,5,98396,46
PSE,2021,2,98374,1763
PSE,2024,3,98321,1070
PSE,2024,10,98498,1824
PSE,2022,7,98248,2203
Avista,2022,2,99326,26
PAC,2025,6,99363,22
PSE,2021,10,98367,1432
PSE,2023,9,98596,24
PSE,2022,1,98283,47
Avista,2024,8,99203,449
PSE,2024,9,98266,396
NWN,2025,6,98662,1042
Avista,2023,1,99029,22
Avista,2024,2,99204,569
CNG,2024,4,98901,381
Avista,2023,4,99037,306
PSE,2024,5,98109,383
NWN,2023,2,98617,0
PSE,2021,5,98373,1397
PSE,2023,2,98388,150
NWN,2024,7,98671,490
PSE,2025,5,98068,85
NWN,2022,1,98684,797
Avista,2023,4,99117,28
PSE,2025,2,98249,281
PAC,2022,7,98933,76
Avista,2025,7,99126,60
Avista,2023,2,99018,9
NWN,2023,8,98683,687
PSE,2025,4,98354,35
PSE,2024,10,98503,3306
PAC,2022,6,98603,1
PSE,2022,2,98372,1955
PSE,2022,8,98117,754
Avista,2025,3,99205,2175
PSE,2021,1,98273,1814
PSE,2022,2,98380,237
PAC,2025,5,98944,1996
PSE,2024,1,98255,60
CNG,2025,6,98625,22
PSE,2023,7,98266,505
PSE,2021,4,98188,1770
NWN,2025,6,98663,283
PSE,2022,1,98934,111
PSE,2022,12,98059,1906
PSE,2022,5,98112,710
Avista,2022,7,99217,1047
PSE,2023,2,98499,679
CNG,2024,1,99336,319
PSE,2023,4,98260,1990
CNG,2022,7,98944,292
PSE,2023,1,98004,2256
PSE,2021,10,98943,66
PSE,2023,9,98203,898
PSE,2023,9,98101,48
Avista,2022,6,99117,15
CNG,2023,10,99354,191
Avista,2024,7,99181,114
Avista,2023,6,99220,0
Avista,2021,5,99143,16
PSE,2024,11,98418,505
PSE,2021,11,98267,32
Avista,2024,3,99122,99
Avista,2022,1,99138,129
Avista,2023,7,99034,7
PSE,2022,2,98070,715
CNG,2022,9,99337,146
PSE,2021,2,98133,657
PSE,2022,11,98404,1035
PAC,2025,5,98951,1175
Avista,2021,3,99161,68
PSE,2025,4,98345,106
PSE,2021,11,98373,1626
CNG,2025,5,98295,51
PSE,2024,10,98038,1845
PSE,2024,1,98946,54
PSE,2023,1,98422,445
PAC,2022,4,98952,80
PAC,2025,3,98952,86
PAC,2022,9,99324,520
CNG,2023,1,98366,490
PSE,2022,6,98946,44
PSE,2024,9,98023,3637
Avista,2024,10,99033,33
PSE,2023,8,98235,20
Avista,2022,1,99011,0
PSE,2024,10,98253,77
PSE,2024,10,98010,497
PSE,2024,10,98133,936
PSE,2024,9,98364,1
CNG,2022,10,99301,1865
Avista,2025,1,99128,9
Avista,2022,9,99134,20
PSE,2024,2,98367,1886
PSE,2024,4,98925,93
PSE,2022,12,98323,60
CNG,2022,3,98908,406
NWN,2022,2,98762,0
PSE,2021,8,98019,820
PSE,2022,8,98408,896
PSE,2021,7,98121,134
CNG,2023,9,98257,36
PSE,2021,12,98270,2077
PSE,2023,5,98065,739
PSE,2022,3,98264,1234
PSE,2024,1,98058,2953
Avista,2025,8,99344,522
CNG,2025,2,98264,665
NWN,2022,10,98666,0
CNG,2023,9,98563,38
PSE,2024,6,98118,1663
Avista,2022,4,99001,243
PSE,2024,9,98359,265
PSE,2021,3,98136,245
PSE,2023,1,98059,1997
CNG,2025,6,98312,666
CNG,2022,3,98221,329
Avista,2022,6,99034,5
PAC,2024,9,99323,196
Avista,2023,9,99126,55
PSE,2022,1,98204,618
CNG,2022,5,98902,1416
Avista,2022,7,99113,9
CNG,2023,9,98221,495
Avista,2025,6,99206,1585
PSE,2021,12,98257,351
CNG,2023,3,98584,138
PSE,2024,4,98512,2453
PSE,2024,1,98266,507
NWN,2022,4,98127,0
CNG,2022,3,98275,1
Avista,2022,4,99146,1
PSE,2021,2,98271,479
NWN,2024,12,98683,432
PSE,2024,5,98136,512
CNG,2024,9,99344,168
NWN,2024,7,98663,271
CNG,2022,6,99338,64
PSE,2022,1,98498,1865
PSE,2023,9,98516,2073
PAC,2022,7,98944,1581
CNG,2024,2,98837,69
NWN,2024,10,97388,0
Avista,2022,12,99169,62
Avista,2022,8,99205,1853
PSE,2022,5,98047,521
PSE,2024,8,98323,70
PSE,2025,3,98273,2349
NWN,2024,12,98629,137
PSE,2024,6,98148,759
PSE,2022,8,98126,729
Avista,2021,8,99101,77
PSE,2025,2,98346,564
PSE,2022,11,98036,801
PSE,2024,7,98239,486
PSE,2024,12,98019,357
Avista,2024,5,99109,186
PSE,2024,12,98240,257
CNG,2023,4,99362,807
PSE,2022,3,98516,1902
PSE,2024,3,98327,510
PSE,2023,7,98028,1022
Avista,2022,12,99326,27
CNG,2025,2,98953,36
PSE,2022,4,98051,221
Avista,2024,1,99022,150
PSE,2021,9,98006,1145
PSE,2025,1,98065,677
CNG,2025,2,98611,7
NWN,2023,1,97031,0
PSE,2021,4,98221,1316
PSE,2024,4,98466,586
CNG,2024,3,98801,93
PSE,2023,3,98498,1942
PSE,2025,5,98020,321
NWN,2022,9,98628,27
PSE,2023,11,98146,711
PSE,2024,3,98446,406
Avista,2022,11,99163,1508
PSE,2023,2,98253,93
CNG,2022,7,98247,107
PSE,2023,12,98422,493
PSE,2024,9,98424,288
NWN,2024,10,98607,506
PSE,2023,9,98008,929
PSE,2024,11,98380,296
PSE,2023,8,98530,67
Avista,2021,2,99103,18
CNG,2024,8,99354,177
PSE,2023,3,98112,721
CNG,2022,2,98902,1345
PSE,2022,8,98198,3180
Avista,2023,6,99113,9
CNG,2023,6,98247,132
PSE,2021,4,98327,355
PSE,2025,2,98311,2130
Avista,2023,6,99117,24
PSE,2022,6,98188,2077
CNG,2022,11,98223,382
PSE,2022,5,98926,372
PSE,2022,8,98144,1153
Avista,2023,11,99341,38
PSE,2023,2,98335,405
CNG,2023,3,99362,770
PSE,2024,12,98392,326
PSE,2021,8,98105,853
PSE,2021,9,98272,708
PSE,2022,12,98255,29
PSE,2023,10,98237,470
PSE,2025,5,98005,1275
Avista,2021,2,99101,72
PSE,2024,8,98019,886
Avista,2021,2,99201,1404
CNG,2023,4,98611,13
Avista,2023,6,99110,37
PSE,2022,5,98296,427
PSE,2023,10,98408,950
Avista,2022,10,99122,72
PSE,2024,8,98404,1038
PSE,2022,11,98037,621
CNG,2023,4,98674,118
NWN,2023,12,98639,13
PSE,2021,6,98579,697
PSE,2024,12,98031,3199
PSE,2023,10,98110,1658
PSE,2022,8,98121,128
PSE,2023,6,98354,211
CNG,2022,7,98953,73
CNG,2024,8,98942,157
Avista,2022,2,99026,85
Avista,2023,3,99039,7
Avista,2021,9,99167,45
PSE,2024,1,98037,607
NWN,2025,6,98668,0
CNG,2022,1,98337,182
PSE,2024,2,98275,384
PSE,2022,8,98499,667
PSE,2024,12,98006,1255
PSE,2023,10,98270,2207
CNG,2022,2,98274,205
PSE,2023,1,98232,146
PSE,2024,11,98329,5
PSE,2023,6,98273,823
CNG,2022,10,98520,166
Avista,2022,2,99207,2325
PSE,2024,8,98257,335
CNG,2023,8,98944,292
PSE,2024,1,98136,402
PSE,2025,5,98502,165
PSE,2024,6,98354,198
PSE,2023,7,98295,76
CNG,2023,8,98345,3
Avista,2024,4,99101,83
CNG,2022,11,98257,35
Avista,2023,1,99218,545
CNG,2023,6,98292,162
Avista,2025,1,99009,77
CNG,2023,5,98801,87
CNG,2023,7,98557,17
CNG,2025,2,98225,505
Avista,2025,6,99001,293
PSE,2025,3,98940,82
NWN,2023,7,98666,0
PAC,2022,2,98932,542
PAC,2024,7,98942,1262
CNG,2023,3,98264,504
PSE,2021,12,98342,132
NWN,2025,1,98660,308
NWN,2023,12,98617,0
Avista,2023,4,99034,8
PSE,2024,3,98108,1026
Avista,2023,10,99326,17
CNG,2025,4,98292,201
PSE,2022,8,98941,162
Avista,2021,11,99181,142
PSE,2023,12,98225,3113
PSE,2021,5,98409,631
PSE,2021,6,98126,657
PSE,2022,11,98465,93
PSE,2024,10,98065,640
PSE,2024,10,98387,1831
Avista,2025,2,99141,255
PAC,2024,10,99329,17
PSE,2023,9,98922,892
PSE,2022,6,98077,201
Avista,2022,2,99220,0
PAC,2022,5,98920,1
Avista,2022,12,99040,43
Avista,2021,11,99141,283
PSE,2022,6,98240,239
PSE,2021,6,98032,3422
NWN,2024,2,98663,213
PSE,2025,4,98104,66
PSE,2025,1,98340,227
PSE,2022,11,98270,2189
CNG,2022,1,98247,65
PSE,2023,7,98255,52
Avista,2023,2,99027,201
PSE,2021,5,98045,699
CNG,2023,10,98902,1322
PAC,2022,5,99361,138
Avista,2023,2,99003,111
Avista,2024,11,99216,1207
Avista,2025,7,99008,15
PSE,2023,10,98022,2074
Avista,2024,6,99022,188
NWN,2023,3,98119,0
Avista,2023,5,99003,104
CNG,2023,12,98292,158
PSE,2023,2,98148,722
PSE,2023,11,98387,1942
PAC,2025,4,98944,2129
CNG,2022,2,98232,4
PSE,2022,4,98102,653
Avista,2021,12,99027,314
PAC,2024,4,98938,188
Avista,2022,3,99103,22
PSE,2025,6,98374,43
NWN,2023,1,98663,197
CNG,2022,3,98225,418
PSE,2024,9,98335,444
Avista,2024,10,99104,0
PSE,2021,4,98340,201
NWN,2023,4,98668,0
Avista,2021,10,99208,2708
PSE,2022,1,98168,1008
Avista,2023,5,99228,0
CNG,2023,7,98563,44
NWN,2022,3,98685,700
Avista,2025,7,99156,2
PSE,2021,2,98467,251
PSE,2023,11,98262,62
NWN,2022,9,98605,25
CNG,2022,12,98520,147
CNG,2022,10,98314,1
PSE,2023,4,98409,1028
PSE,2023,10,98390,1033
PAC,2025,1,98953,642
CNG,2023,8,98801,97
Avista,2023,12,99341,37
PSE,2023,4,98576,543
PSE,2024,5,98027,1555
CNG,2022,11,98233,443
PSE,2023,8,98240,217
Avista,2021,8,99023,9
PSE,2024,4,98053,560
PSE,2023,7,98409,748
Avista,2025,9,99110,27
PSE,2024,11,98247,585
PAC,2022,4,98936,470
PSE,2023,1,98372,1955
PSE,2025,4,98558,20
PSE,2021,1,98253,53
CNG,2024,12,99323,19
PSE,2024,5,98501,3939
PSE,2022,3,98115,949
PSE,2024,11,98310,2126
PSE,2022,11,98596,21
PSE,2025,1,98023,4091
Avista,2024,2,99113,9
CNG,2023,1,98902,1300
PSE,2021,4,98288,24
NWN,2024,9,98639,31
Avista,2025,3,99164,1
Avista,2025,3,99167,30
PSE,2023,8,98102,640
CNG,2023,5,98225,638
CNG,2023,8,98257,35
CNG,2024,2,98257,43
PSE,2023,4,98390,152
Avista,2024,8,99161,70
PSE,2023,1,98037,693
Avista,2022,12,99341,47
PSE,2025,4,98337,58
Avista,2024,10,99011,0
Avista,2025,2,99202,926
PSE,2024,9,98019,378
PSE,2023,7,98264,1405
Avista,2024,11,99141,247
PSE,2021,11,98392,172
PAC,2022,9,98944,1721
PSE,2024,7,98405,1020
Avista,2024,3,99110,34
PAC,2022,9,98935,220
PSE,2024,2,98273,2221
PSE,2023,11,98253,75
Avista,2022,1,99156,0
Avista,2023,12,99161,58
CNG,2022,9,98276,34
Avista,2024,9,99025,87
PSE,2024,10,98199,522
PSE,2024,12,98119,484
PSE,2022,10,98375,1454
PSE,2022,5,98059,1911
PSE,2024,6,98934,115
PSE,2025,6,98359,48
PSE,2025,5,98225,3167
NWN,2024,9,98626,0
Avista,2024,3,98857,2
CNG,2025,5,98528,23
PSE,2024,5,98373,2031
PSE,2023,3,98353,1
PSE,2023,8,98238,5
Avista,2022,3,99134,28
PSE,2023,5,98036,918
PSE,2021,6,98258,1677
PSE,2024,11,98198,3511
CNG,2023,10,99362,739
PSE,2023,5,98375,3002
PSE,2022,1,98146,649
PSE,2022,10,98277,2874
PSE,2023,11,98148,689
PSE,2025,5,98281,416
Avista,2021,8,99025,100
CNG,2024,12,99301,1770
PSE,2021,12,98255,15
PSE,2024,5,98226,3529
Avista,2025,1,99011,0
PSE,2023,8,98345,38
PSE,2023,11,98576,511
NWN,2022,9,98666,0
PSE,2023,8,98188,2245
PSE,2021,1,98558,7
PSE,2023,7,98203,863
CNG,2023,10,98951,66
PSE,2021,10,98119,492
CNG,2024,3,98273,675
PSE,2023,2,98012,1326
PSE,2024,5,98502,2675
Avista,2022,9,98648,39
Avista,2023,1,99167,39
Avista,2023,7,99224,793
CNG,2024,3,98908,655
Avista,2025,1,99022,150
PSE,2024,10,98033,1777
CNG,2025,1,98541,26
PSE,2023,5,98354,205
PSE,2023,4,98311,2404
CNG,2024,4,98837,79
Avista,2025,4,99128,8
PSE,2021,2,98323,53
PSE,2024,5,98019,408
Avista,2024,5,99146,3
PSE,2023,4,98374,1988
CNG,2022,12,98948,160
PSE,2021,2,98106,447
PSE,2022,5,98292,56
PSE,2022,2,98040,883
Avista,2022,2,99111,129
PSE,2021,3,98070,514
CNG,2023,5,98295,43
PSE,2025,4,98360,2
PAC,2025,2,99348,55
PSE,2022,3,98281,498
PSE,2023,8,98263,34
Avista,2023,9,99104,0
CNG,2024,4,98625,24
CNG,2022,3,99336,280
Avista,2024,8,99006,229
PSE,2021,12,98466,75
Avista,2021,5,99148,168
PSE,2021,4,98332,183
Avista,2021,6,99403,784
PSE,2023,12,98934,122
Avista,2025,4,99005,161
Avista,2024,12,99011,0
PSE,2021,6,98031,2607
Avista,2023,11,99003,88
PSE,2024,6,98940,93
PSE,2025,1,98422,495
PSE,2023,5,98466,667
PSE,2024,4,98005,1054
NWN,2025,3,98617,0
PSE,2021,8,98323,53
PSE,2021,3,98264,958
PSE,2025,1,98292,57
PSE,2022,8,98335,408
PSE,2022,12,98199,497
CNG,2023,9,98345,4
PSE,2024,9,98003,4604
PSE,2023,3,98275,381
CNG,2022,2,98936,77
CNG,2024,2,98312,658
CNG,2023,10,98282,39
PSE,2023,9,98342,125
Avista,2022,11,99102,30
PSE,2025,4,98296,438
Avista,2023,5,99174,9
CNG,2022,6,98273,398
PSE,2023,4,98292,556
PSE,2023,1,98443,73
CNG,2024,2,98229,294
CNG,2024,8,98837,82
Avista,2024,5,99103,20
NWN,2024,3,98635,1
PSE,2024,11,98043,426
PSE,2021,10,98266,434
PSE,2024,2,98232,183
PSE,2021,9,98329,5
PSE,2025,4,98502,173
PSE,2024,12,98405,1020
Avista,2021,10,99029,44
Avista,2025,4,99326,22
CNG,2024,10,98936,89
PSE,2023,3,98387,2220
Avista,2021,3,99111,116
PSE,2021,11,98056,2528
PSE,2024,4,98323,74
CNG,2022,7,98274,289
PSE,2025,1,98596,28
Avista,2024,12,99203,466
PSE,2021,11,98275,377
CNG,2025,6,98220,8
CNG,2022,6,99336,341
PSE,2021,1,98312,2369
PSE,2022,6,98043,455
Avista,2022,6,99203,630
CNG,2024,12,98312,632
PSE,2023,11,98230,1255
PSE,2023,4,98056,3049
CNG,2024,1,98367,245
Avista,2021,1,99033,49
PSE,2025,6,98148,689
PSE,2021,2,98531,421
PSE,2023,5,98034,2905
NWN,2024,12,98648,0
Avista,2024,7,99223,1083
PSE,2025,1,98498,1874
PAC,2024,8,98939,17
CNG,2023,12,98951,58
Avista,2025,9,99016,896
PSE,2024,11,98277,2805
Avista,2022,6,99031,26
PSE,2022,5,98532,18
Avista,2025,1,99104,0
CNG,2025,2,99338,104
PSE,2024,7,98596,30
Avista,2021,2,99031,27
Avista,2025,8,99039,8
PSE,2023,9,98353,206
PSE,2025,4,98039,59
Avista,2023,11,99371,15
Avista,2023,3,99027,214
PSE,2023,6,98116,614
PSE,2021,8,98068,74
CNG,2023,12,99323,13
PSE,2024,10,98092,3440
Avista,2021,5,99402,62
PSE,2024,5,98922,930
Avista,2021,7,99160,10
Avista,2024,4,99204,642
Avista,2024,5,99149,14
PSE,2025,2,98199,528
Avista,2022,3,99001,236
PSE,2024,5,98002,5002
PSE,2023,4,98596,27
Avista,2025,3,99021,252
PSE,2022,1,98012,1297
CNG,2025,6,98611,14
PSE,2023,3,98266,522
CNG,2025,6,98557,16
PSE,2024,4,98201,900
PSE,2021,9,98295,56
PSE,2022,4,98366,2756
CNG,2022,10,98632,120
Avista,2023,3,99023,11
NWN,2024,12,98665,474
NWN,2024,3,98671,629
PSE,2023,3,98502,2685
CNG,2024,6,98310,604
Avista,2021,9,99138,142
NWN,2023,9,98604,598
Avista,2025,2,99036,4
NWN,2023,3,98660,349
Avista,2022,12,98857,3
PSE,2023,4,98224,79
PSE,2023,9,98104,61
CNG,2022,6,98953,65
CNG,2024,10,98276,43
PSE,2021,4,98392,295
Avista,2021,11,99344,480
Avista,2022,3,99326,19
PSE,2022,12,98108,1026
PSE,2022,1,98445,907
CNG,2022,3,98383,140
Avista,2024,1,99179,17
PAC,2025,3,99347,190
NWN,2022,8,98208,0
NWN,2022,9,98119,0
PSE,2021,7,98023,3225
PSE,2024,9,98272,767
NWN,2022,7,98686,625
NWN,2025,1,98682,1781
PSE,2024,12,98051,264
PSE,2021,12,98294,254
PAC,2024,10,99328,270
PSE,2024,11,98321,964
PSE,2021,11,98058,2471
PSE,2022,5,98402,50
CNG,2023,11,98903,154
CNG,2023,2,98278,7
Avista,2022,11,98620,107
PSE,2024,11,98589,523
PSE,2024,4,98047,571
PSE,2021,6,98374,1795
PSE,2025,1,98513,2643
Avista,2021,10,99109,205
NWN,2022,6,98605,24
NWN,2022,12,98665,505
Avista,2024,2,99104,0
PSE,2022,4,98418,494
Avista,2025,8,99022,211
PSE,2021,3,98057,1354
PSE,2023,7,98224,39
PSE,2023,10,98059,2015
PSE,2023,11,98087,845
PSE,2021,12,98267,35
PSE,2024,11,98240,259
Avista,2024,5,99205,2189
Avista,2021,9,99032,38
PSE,2025,4,98465,101
PSE,2022,10,98270,1991
PSE,2023,10,98275,413
PSE,2021,10,98323,50
Avista,2025,8,99156,1
PSE,2021,6,98329,4
PSE,2022,12,98144,1246
NWN,2024,12,98127,0
Avista,2024,2,99146,2
PSE,2021,5,98277,2801
PSE,2023,1,98405,1050
NWN,2024,6,98610,54
PSE,2025,3,98372,2192
CNG,2023,3,98942,162
Avista,2021,8,99207,2318
PSE,2021,1,98249,184
PSE,2024,2,98226,3671
Avista,2022,6,99040,89
Avista,2021,9,99117,16
PSE,2022,6,98501,2518
CNG,2024,3,98223,367
CNG,2022,6,98276,25
Avista,2025,9,99156,1
PSE,2024,7,98296,444
PSE,2024,6,98503,3717
NWN,2024,8,97388,0
PSE,2022,4,98004,2240
PSE,2023,4,98203,1109
PSE,2022,6,98204,609
PSE,2021,4,98107,388
PSE,2023,11,98252,265
Avista,2024,6,99167,44
PAC,2024,6,98930,908
NWN,2025,2,98648,0
PSE,2025,5,98337,62
Avista,2024,11,99206,1320
Avista,2023,7,99131,5
PSE,2021,6,98221,1534
PSE,2022,6,98277,2959
PSE,2025,5,98070,708
Avista,2021,12,99025,85
NWN,2024,11,98629,123
Avista,2024,3,99011,0
PSE,2022,4,98337,865
PSE,2023,1,98277,3256
Avista,2023,11,99143,14
PSE,2021,12,98022,1896
Avista,2024,7,99207,1631
PSE,2022,6,98323,74
CNG,2022,12,98366,396
PSE,2025,2,98290,463
PSE,2022,1,98105,680
NWN,2024,10,98683,404
Avista,2025,4,99173,134
PSE,2025,2,98026,799
PSE,2022,6,98203,889
PSE,2021,9,98068,84
PSE,2024,7,98360,803
PAC,2024,6,99361,142
PSE,2024,1,98074,1004
PSE,2023,6,98283,219
Avista,2021,6,99171,31
PSE,2024,2,98199,487
PSE,2024,2,98107,576
Avista,2023,7,99008,26
PSE,2024,12,98340,94
PSE,2022,9,98295,84
PSE,2021,8,98240,217
PSE,2022,2,98101,42
PSE,2024,1,98407,626
PSE,2021,8,98027,1320
PSE,2022,12,98109,459
PSE,2021,5,98580,325
CNG,2022,2,98367,205
PSE,2025,5,98445,1098
Avista,2021,9,99203,671
PSE,2021,7,98346,903
PSE,2023,9,98253,84
PSE,2023,10,98030,3470
PSE,2023,2,98224,40
NWN,2024,1,98629,81
PSE,2023,12,98516,2257
CNG,2022,11,98837,73
PSE,2021,7,98513,1735
NWN,2023,9,98605,17
PSE,2021,3,98373,1226
PSE,2022,3,98249,237
PAC,2025,3,98951,1143
PAC,2025,2,98938,195
PSE,2022,9,98332,308
PSE,2024,3,98328,73
Avista,2024,6,99212,1249
NWN,2024,6,98620,0
Avista,2025,2,99131,5
PSE,2024,8,98148,618
Avista,2022,1,99164,1
CNG,2022,10,98932,45
CNG,2025,3,98226,545
Avista,2022,8,99403,644
PAC,2024,4,98936,499
Avista,2025,4,99014,9
PSE,2024,3,98281,442
Avista,2024,3,99207,2398
PSE,2023,8,98380,286
PAC,2024,4,98920,1
CNG,2024,1,98584,150
PSE,2025,1,98404,1040
CNG,2022,2,98226,530
Avista,2023,3,99006,285
PSE,2022,4,98444,1047
PSE,2022,11,98374,2418
PSE,2021,12,98371,1143
PSE,2021,5,98402,46
PSE,2024,11,98244,268
Avista,2024,7,99146,1
PSE,2023,10,98051,258
PSE,2024,5,98112,632
PSE,2021,11,98023,3441
PSE,2025,4,98208,1261
Avista,2023,6,99039,9
CNG,2024,7,98295,47
Avista,2022,10,99176,5
CNG,2025,3,98626,58
PSE,2024,5,98332,302
PSE,2023,2,98354,181
PSE,2024,1,98116,527
PSE,2023,8,98290,444
PSE,2022,1,98589,418
PSE,2023,6,98366,1
PSE,2021,4,98444,702
PSE,2022,8,98134,44
Avista,2025,2,99163,1176
PSE,2025,4,98244,320
PSE,2021,2,98029,1467
PSE,2023,10,98065,757
NWN,2024,4,98607,1104
CNG,2024,12,98524,5
Avista,2025,2,99171,26
CNG,2022,2,98584,134
Avista,2021,9,99173,129
Avista,2022,1,99216,1208
PSE,2021,1,98922,678
NWN,2022,3,98668,0
Avista,2022,8,99371,15
PSE,2021,4,98053,504
PSE,2022,11,98345,35
PSE,2024,11,98177,512
CNG,2023,8,98366,534
Avista,2025,1,98857,2
Avista,2023,5,99129,78
PSE,2023,10,98029,1639
PSE,2021,2,98011,1075
Avista,2025,8,99341,41
PSE,2024,4,98513,2682
PSE,2023,2,98117,826
PSE,2021,3,98255,31
Avista,2021,7,99205,2394
CNG,2023,9,98367,230
Avista,2025,9,99223,1448
CNG,2023,5,99336,344
PSE,2022,3,98148,629
PSE,2021,1,98267,35
PSE,2025,5,98346,1
PSE,2022,7,98024,279
PSE,2022,4,98424,256
PSE,2021,3,98512,1522
PSE,2025,2,98203,900
CNG,2023,8,98837,79
PSE,2022,12,98052,3413
CNG,2024,2,98528,17
PSE,2021,9,98374,1959
PSE,2025,3,98021,597
Avista,2022,8,99181,104
PSE,2021,7,98251,98
CNG,2022,5,98524,5
PSE,2023,1,98312,2937
PSE,2022,3,98004,2405
PSE,2024,12,98136,413
PSE,2025,2,98107,582
Avista,2023,7,99110,36
Avista,2022,10,99117,13
NWN,2023,10,98664,395
Avista,2023,7,99160,12
Avista,2024,8,99021,172
PSE,2022,6,98239,331
NWN,2025,2,97388,0
PSE,2023,4,98043,475
PSE,2024,4,98465,117
Avista,2024,1,99181,126
PSE,2025,3,98122,1379
PSE,2022,3,98345,38
PSE,2022,12,98501,3760
Avista,2021,1,99021,278
Avista,2024,3,98648,32
PAC,2024,10,98904,1
Avista,2021,1,99176,3
NWN,2023,1,98660,300
NWN,2022,4,97031,0
Avista,2023,7,99113,12
NWN,2024,2,98684,946
PSE,2025,1,98946,59
PSE,2022,6,98257,350
Avista,2025,5,99037,330
NWN,2023,2,98672,127
NWN,2023,4,98606,67
PSE,2022,7,98221,1569
PSE,2021,9,98445,736
PSE,2025,3,98115,749
PSE,2021,7,98372,1640
Avista,2022,9,99025,81
Avista,2022,12,99122,81
PSE,2023,3,98148,682
PSE,2023,11,98940,80
PSE,2021,6,98166,647
CNG,2022,5,98626,68
NWN,2023,2,98629,82
PSE,2023,10,98283,46
PSE,2021,10,98087,751
PSE,2023,11,98188,2235
PSE,2021,7,98558,19
PSE,2023,8,98404,1021
PSE,2024,2,98235,19
Avista,2025,1,99202,980
PSE,2022,11,98922,445
CNG,2024,5,98282,42
PSE,2022,2,98383,1327
PSE,2024,10,98396,35
PSE,2023,10,98028,1013
PAC,2024,8,98932,387
PSE,2024,12,98260,309
CNG,2022,9,98944,320
PSE,2025,6,98043,447
Avista,2024,1,99103,16
CNG,2022,10,98248,487
PAC,2025,5,98948,1261
PSE,2025,4,98247,610
PSE,2023,5,98465,101
PSE,2021,9,98001,1515
Avista,2024,3,99016,902
PSE,2023,2,98106,646
PSE,2024,6,98226,3433
Avista,2024,8,99151,11
Avista,2021,6,99013,124
PSE,2023,6,98032,4473
Avista,2025,2,99204,521
PSE,2021,10,98248,1977
CNG,2025,6,98930,301
PSE,2024,8,98008,859
PSE,2022,1,98121,137
PSE,2025,2,98052,3971
PSE,2022,9,98499,651
PAC,2025,5,98952,93
PSE,2022,10,98263,25
PSE,2022,3,98038,1819
PSE,2022,10,98262,114
CNG,2024,7,98951,64
PSE,2024,10,98116,593
Avista,2021,12,99220,0
PSE,2022,6,98057,1723
Avista,2021,3,99122,91
PSE,2023,3,98008,815
PSE,2024,11,98290,493
Avista,2025,4,99008,17
PSE,2024,2,98070,681
PSE,2024,1,98345,40
Avista,2025,6,99129,88
NWN,2023,6,98662,1176
PSE,2021,4,98198,2516
PSE,2022,11,98940,80
PSE,2021,4,98026,590
CNG,2024,3,99336,403
NWN,2022,6,98119,0
PSE,2021,10,98125,578
PSE,2023,7,98023,4083
CNG,2025,6,99337,160
PSE,2023,5,98144,1241
NWN,2022,5,98662,1191
PSE,2023,4,98406,1147
PSE,2022,2,98068,79
Avista,2025,3,99144,0
PSE,2021,7,98037,587
PSE,2024,4,98443,59
PSE,2021,2,98288,34
Avista,2021,4,99034,6
PAC,2022,3,99323,261
PSE,2022,2,98445,704
Avista,2023,11,99005,159
PSE,2023,3,98288,39
PAC,2024,8,99350,6
PSE,2022,1,98125,532
NWN,2023,4,98119,0
NWN,2024,4,97031,0
CNG,2024,5,99338,108
PSE,2021,6,98010,376
PSE,2024,12,98118,1674
PSE,2023,5,98045,806
PSE,2021,1,98014,495
Avista,2021,6,99040,83
CNG,2024,4,98528,17
NWN,2024,2,98635,1
PAC,2025,6,98904,1
Avista,2023,7,99039,5
PSE,2021,11,98249,222
CNG,2024,6,98264,538
PSE,2021,7,98281,469
Avista,2022,11,99029,26
Avista,2022,1,99141,265
PAC,2025,5,98938,188
PSE,2021,4,98024,212
PSE,2021,7,98144,1147
PSE,2021,10,98068,76
CNG,2022,10,98295,48
PSE,2021,2,98037,538
Avista,2022,10,99403,1004
Avista,2021,12,99335,0
PSE,2024,5,98375,1644
PSE,2024,9,98021,616
PSE,2021,3,98396,37
Avista,2024,2,99039,10
Avista,2023,10,99228,0
Avista,2021,6,99027,271
Avista,2021,10,99160,10
PSE,2025,5,98391,14
PSE,2021,8,98229,1973
CNG,2023,6,98902,1237
Avista,2022,9,99122,63
PSE,2023,10,98126,776
PSE,2025,4,98225,3059
PAC,2022,6,98942,1561
NWN,2022,4,98606,57
PSE,2021,3,98430,1
PSE,2024,3,98596,25
PSE,2021,8,98295,51
PSE,2022,2,98295,64
Avista,2023,5,99201,1286
PSE,2022,12,98240,236
Avista,2025,7,99033,41
PSE,2023,10,98327,557
Avista,2021,6,99341,43
PSE,2024,1,98512,2288
PSE,2021,2,98418,526
PSE,2022,10,98323,69
PSE,2023,7,98342,126
PSE,2022,9,98224,36
PSE,2022,12,98940,221
CNG,2024,3,99323,20
Avista,2025,8,98620,85
PSE,2023,6,98050,9
CNG,2022,10,98230,402
PSE,2022,6,98237,466
Avista,2023,5,99169,78
PSE,2021,4,98270,1737
Avista,2022,9,99004,163
PSE,2022,5,98274,1045
Avista,2023,5,99326,26
CNG,2024,11,98230,443
Avista,2024,1,99104,0
PSE,2023,7,98068,100
Avista,2023,8,99156,1
PSE,2025,6,98203,801
PSE,2022,3,98240,226
PSE,2021,6,98290,442
Avista,2025,7,99122,84
PSE,2021,7,98934,94
PSE,2024,6,98238,7
Avista,2021,7,99170,47
PSE,2022,8,98006,1325
PSE,2021,1,98105,776
PSE,2024,1,98251,127
Avista,2023,3,99019,417
PSE,2023,2,98272,391
PSE,2022,2,98512,2038
PSE,2022,4,98068,76
PSE,2025,1,98225,2819
Avista,2022,8,99201,1017
Avista,2024,2,99018,7
CNG,2024,5,99336,401
PSE,2025,4,98380,148
PSE,2023,4,98353,625
PSE,2024,10,98418,487
Avista,2022,7,99402,55
PSE,2024,11,98264,1486
Avista,2025,9,99014,6
PSE,2022,11,98941,71
PSE,2024,6,98006,1372
CNG,2022,3,98271,95
CNG,2023,3,99344,148
Avista,2021,8,99171,31
CNG,2022,9,98240,17
CNG,2023,12,98625,19
NWN,2023,8,98617,0
PSE,2025,5,98421,3
PSE,2022,1,98108,824
Avista,2022,6,99173,124
PSE,2021,12,98943,83
NWN,2023,12,98668,0
PSE,2022,5,98101,44
CNG,2025,6,98233,559
Avista,2024,8,99146,2
PSE,2021,8,98002,4410
Avista,2023,2,99185,67
Avista,2025,3,99260,0
CNG,2025,3,99362,885
PSE,2024,2,98433,1
PSE,2021,10,98107,552
Avista,2022,10,99173,114
NWN,2022,11,98683,450
CNG,2024,12,98277,308
PSE,2025,2,98344,1
Avista,2022,2,99109,183
Avista,2024,5,99004,168
Avista,2022,12,99128,11
PSE,2022,1,98106,577
CNG,2024,1,98221,443
Avista,2021,6,99160,7
PSE,2022,5,98258,1817
Avista,2022,12,99185,53
PAC,2022,6,98920,1
CNG,2025,3,98295,45
CNG,2024,6,98278,1
PSE,2024,9,98292,51
Avista,2022,11,99402,48
PSE,2025,2,98119,493
NWN,2025,5,98606,82
PSE,2021,2,98004,1595
PSE,2021,3,98312,2133
PSE,2021,5,98105,929
CNG,2023,9,98908,568
Avista,2024,9,99161,58
PSE,2025,6,98344,5
Avista,2021,10,99003,84
PSE,2021,10,98312,2535
NWN,2023,3,97301,0
PSE,2023,5,98103,1152
Avista,2021,10,99171,26
CNG,2025,2,99337,149
PSE,2022,10,98530,47
Avista,2024,7,99158,19
Avista,2022,2,99101,71
Avista,2022,3,99131,8
CNG,2022,9,98948,170
PSE,2023,6,98051,227
Avista,2024,9,99402,46
NWN,2025,2,98601,0
Avista,2024,6,99344,524
NWN,2024,9,98610,36
PSE,2024,6,98229,1716
PSE,2024,12,98370,1967
PSE,2021,12,98032,2687
Avista,2022,1,99158,14
Avista,2022,12,99217,810
PSE,2025,3,98502,2678
PSE,2024,2,98004,2628
PSE,2021,4,98373,1243
CNG,2022,7,98223,452
CNG,2022,10,98282,34
PSE,2024,1,98383,1596
PAC,2022,6,98901,2400
Avista,2021,6,99167,45
CNG,2022,4,98240,12
PSE,2023,5,98223,1506
PSE,2022,1,98240,233
PSE,2024,1,98446,440
NWN,2024,10,98672,69
NWN,2023,9,98639,29
PSE,2024,9,98388,136
Avista,2025,8,99037,310
PSE,2023,3,98263,32
PSE,2021,10,98221,1538
CNG,2023,1,98314,1
PSE,2021,9,98276,75
CNG,2022,5,98366,444
PSE,2023,4,98014,271
PSE,2023,4,98226,2970
Avista,2023,8,99012,41
PSE,2023,8,98223,68
Avista,2025,8,99169,69
PSE,2021,10,98134,25
PSE,2023,6,98026,756
Avista,2025,6,99185,48
PSE,2025,5,98311,2138
Avista,2022,6,99005,156
Avista,2024,8,99223,977
PSE,2024,6,98390,1076
CNG,2024,3,98221,482
PSE,2021,3,98178,624
PSE,2023,3,98940,217
PSE,2023,7,98103,1195
CNG,2024,4,98626,71
PSE,2023,2,98101,38
PSE,2025,6,98029,1499
PSE,2023,7,98530,82
Avista,2022,5,99006,299
PSE,2025,3,98294,296
Avista,2022,7,98620,98
PSE,2024,2,98105,796
PSE,2022,9,98059,1943
Avista,2022,1,99223,1423
PSE,2023,3,98028,935
PSE,2022,4,98033,1465
PSE,2024,5,98118,1533
NWN,2023,11,98610,34
PSE,2024,6,98028,1038
PSE,2022,4,98445,378
CNG,2024,5,98276,34
Avista,2024,7,99341,25
PSE,2023,6,98029,1545
CNG,2023,4,98276,33
Avista,2025,9,99141,300
PSE,2024,8,98223,62
Avista,2023,5,99014,4
Avista,2023,4,99156,1
CNG,2022,3,98276,18
CNG,2024,2,99323,19
PSE,2021,6,98158,1
Avista,2024,11,99204,492
PSE,2024,8,98558,30
CNG,2023,11,98240,13
CNG,2022,2,98370,73
PSE,2021,4,98031,2439
CNG,2022,10,98337,233
PAC,2022,5,99324,568
PSE,2024,12,98203,874
Avista,2022,4,99122,91
CNG,2023,10,98626,66
NWN,2022,3,98604,702
Avista,2025,1,99130,34
PSE,2021,6,98109,410
PSE,2024,10,98221,1373
PSE,2023,4,98166,1
PAC,2022,7,99360,84
PSE,2024,9,98010,491
NWN,2024,3,98666,0
PSE,2024,4,98237,505
Avista,2022,9,99101,75
PSE,2023,4,98072,883
CNG,2024,7,98223,434
Avista,2023,1,99161,64
NWN,2024,7,97388,0
PSE,2023,4,98466,664
PSE,2021,8,98075,688
NWN,2024,12,98762,0
PSE,2024,3,98273,2625
PSE,2021,10,98032,3630
CNG,2025,2,99301,851
PSE,2024,3,98002,5699
PSE,2024,3,98188,2296
CNG,2022,4,98932,54
CNG,2023,1,98225,598
PAC,2025,3,99363,11
PSE,2023,5,98532,211
PSE,2021,10,98102,577
PSE,2024,1,98409,682
NWN,2025,4,98661,892
NWN,2024,4,97301,0
PSE,2024,7,98273,1937
NWN,2022,7,98119,0
Avista,2022,3,99219,0
Avista,2024,9,99031,20
CNG,2024,9,98557,16
PSE,2024,5,98387,2152
NWN,2022,6,98620,0
Avista,2025,8,99170,42
CNG,2024,1,98244,2
PSE,2025,5,98366,222
CNG,2023,12,98802,20
PSE,2022,2,98443,66
NWN,2023,7,98675,0
PSE,2025,2,98011,1506
PSE,2021,1,98102,538
PSE,2024,12,98371,1567
PSE,2024,8,98030,2720
PSE,2022,2,98576,491
CNG,2022,3,98223,277
PSE,2023,6,98275,1056
PSE,2021,3,98580,309
PAC,2024,1,99347,134
Avista,2021,9,99022,221
PSE,2022,6,98263,24
PSE,2024,6,98267,57
NWN,2024,8,98668,0
Avista,2023,9,99161,70
CNG,2023,1,99336,339
Avista,2022,10,99016,779
PSE,2023,7,98166,846
PSE,2024,6,98383,1594
PSE,2021,5,98328,52
CNG,2023,5,98345,6
Avista,2024,2,99212,1172
PSE,2023,5,98943,86
NWN,2022,1,98601,0
PSE,2021,8,98011,1129
CNG,2022,8,98295,37
PSE,2024,10,98118,1592
CNG,2023,4,98848,6
PAC,2022,5,98953,657
CNG,2023,8,98942,165
PSE,2021,6,98045,708
PSE,2023,10,98532,192
NWN,2022,8,98672,128
PSE,2024,2,98011,1476
Avista,2022,11,99032,30
Avista,2022,6,99036,3
Avista,2025,4,99103,22
PSE,2022,5,98443,790
Avista,2025,9,99224,769
NWN,2025,3,98119,0
CNG,2023,12,98311,476
PSE,2022,2,98109,462
CNG,2024,7,98225,673
PAC,2022,5,98902,4651
PSE,2024,9,98229,1608
CNG,2023,12,98277,293
PSE,2022,4,98940,220
PSE,2022,2,98122,1407
PSE,2025,4,98499,412
PSE,2024,12,98380,246
PSE,2024,12,98107,595
PSE,2021,12,98444,74
Avista,2023,1,99344,519
PSE,2021,7,98296,411
CNG,2025,1,98257,39
PSE,2023,5,98022,1981
PSE,2024,5,98053,587
PSE,2023,1,98499,644
Avista,2025,1,99036,4
PSE,2024,9,98031,2799
PSE,2023,11,98345,39
PSE,2023,10,98404,1057
PSE,2023,11,98019,369
PSE,2021,3,98439,496
Avista,2024,5,99117,14
Avista,2022,1,99027,321
Avista,2024,4,99005,166
Avista,2022,2,99001,264
PSE,2022,12,98204,651
NWN,2023,1,98683,561
Avista,2021,1,99159,51
PSE,2023,10,98144,1205
PSE,2025,1,98255,43
NWN,2024,9,98686,360
PSE,2021,9,98225,2439
PSE,2021,8,98070,558
PSE,2024,11,98237,487
PSE,2021,6,98233,657
PSE,2023,6,98237,395
CNG,2024,12,98370,157
PSE,2023,12,98288,39
PSE,2024,10,98272,785
CNG,2022,4,98848,1
PSE,2025,2,98391,3016
PSE,2023,4,98531,529
NWN,2025,5,98674,0
CNG,2024,10,99323,14
PSE,2022,3,98558,18
PSE,2022,1,98177,441
NWN,2022,11,98674,0
PSE,2025,3,98383,1441
PSE,2021,12,98232,145
NWN,2022,8,98648,0
CNG,2023,9,98674,109
PSE,2022,4,98236,351
CNG,2023,9,98801,87
PSE,2023,11,98003,5160
PSE,2023,9,98121,181
CNG,2022,2,98221,469
CNG,2024,7,98903,147
PSE,2022,10,98373,1861
PSE,2021,1,98027,1190
PSE,2023,4,98133,952
PSE,2021,12,98030,2363
Avista,2023,8,99167,36
CNG,2023,2,98345,6
Avista,2023,3,99171,31
PSE,2025,4,98030,3689
PSE,2024,2,98360,788
PSE,2021,12,98328,32
PSE,2022,11,98134,22
PSE,2023,3,98277,3225
PSE,2022,2,98311,1897
PSE,2024,2,98444,759
PSE,2021,12,98258,1841
Avista,2022,2,99005,161
PSE,2021,11,98029,1085
CNG,2025,2,98367,276
CNG,2024,6,98233,556
PSE,2023,8,98056,2858
PSE,2021,8,98050,17
Avista,2021,9,99130,46
PSE,2022,1,98230,1361
PSE,2024,1,98295,81
PSE,2021,8,98284,1516
PSE,2023,12,98275,402
PSE,2024,6,98220,48
PAC,2024,7,99348,39
Avista,2022,10,99129,71
PSE,2023,12,98075,832
CNG,2025,1,99353,47
PSE,2022,8,98047,515
CNG,2022,10,98274,284
Avista,2022,8,99176,7
PSE,2024,12,98263,24
Avista,2023,3,99020,3
PSE,2024,6,98077,221
PSE,2023,4,98198,2289
PSE,2021,3,98275,276
PSE,2021,3,98946,39
Avista,2021,5,99206,1583
PSE,2021,6,98354,143
Avista,2022,10,99114,513
Avista,2025,9,99130,46
NWN,2022,10,98661,591
NWN,2023,2,98607,1075
PAC,2025,4,98937,481
CNG,2023,9,99354,193
CNG,2024,4,98292,182
PSE,2024,7,98264,1361
PSE,2023,5,98068,96
Avista,2025,6,99371,20
PSE,2023,12,98338,954
PSE,2021,12,98374,1753
CNG,2023,6,99301,969
CNG,2024,9,98244,1
PSE,2023,7,98070,653
PSE,2021,8,98346,881
Avista,2022,5,99203,608
Avista,2023,1,99164,1
Avista,2024,2,99006,209
NWN,2024,10,98119,0
PSE,2021,4,98421,2
Avista,2023,1,99101,70
CNG,2023,2,98930,252
NWN,2023,12,98127,0
PSE,2023,8,98392,320
NWN,2022,5,98683,1050
Avista,2023,7,99151,4
CNG,2022,1,98229,289
PSE,2021,11,98443,572
CNG,2023,12,98901,257
PSE,2022,12,98103,1126
Avista,2022,12,99181,107
PSE,2024,12,98372,2081
Avista,2024,4,99006,237
PSE,2023,8,98118,1707
PSE,2023,12,98260,336
PSE,2024,3,98230,1221
CNG,2024,7,98674,83
PSE,2022,1,98337,922
CNG,2025,5,98520,165
Avista,2023,1,99326,25
PSE,2023,8,98229,2285
PSE,2023,3,98034,2767
PSE,2021,9,98260,257
PSE,2021,9,98011,1122
PSE,2021,8,98109,426
CNG,2024,6,98632,118
PSE,2023,9,98136,445
Avista,2023,12,99022,177
Avista,2022,2,99137,23
PSE,2022,1,98253,68
PSE,2021,2,98043,381
PAC,2025,6,99348,58
Avista,2022,12,99009,68
Avista,2023,4,99026,67
PSE,2022,5,98506,2132
Avista,2021,1,98648,41
CNG,2022,10,98264,526
NWN,2024,6,98661,802
PSE,2024,8,98396,37
CNG,2023,6,98295,43
NWN,2024,6,98026,0
PSE,2023,7,98119,554
Avista,2021,11,99001,229
Avista,2023,5,99218,624
CNG,2025,4,98948,227
PSE,2024,3,98021,575
Avista,2021,9,99158,17
CNG,2025,2,98345,3
PSE,2021,12,98353,2
CNG,2024,8,98278,1
PSE,2023,4,98039,66
PSE,2022,10,98146,687
Avista,2024,11,99134,22
PSE,2024,1,98036,773
PSE,2022,12,98946,50
PSE,2022,10,98267,35
Avista,2021,3,99128,16
Avista,2024,7,99014,3
PSE,2024,4,98409,678
PSE,2023,2,98270,2288
PSE,2025,4,98501,187
Avista,2023,2,99403,863
PSE,2022,5,98589,489
PSE,2024,10,98465,97
Avista,2021,5,99164,1
NWN,2022,5,98604,1053
NWN,2022,2,98607,972
Avista,2022,11,99181,119
CNG,2024,7,98632,123
PAC,2024,9,99350,2
CNG,2022,3,98367,180
Avista,2023,8,99003,104
PSE,2023,5,98407,712
Avista,2022,8,99204,509
PSE,2024,1,98311,2129
PSE,2021,12,98057,1167
Avista,2025,5,99025,99
Avista,2024,2,99202,1053
PSE,2022,5,98177,499
PSE,2023,3,98053,575
CNG,2023,11,99352,395
NWN,2023,9,98628,17
Avista,2025,4,99163,1230
PSE,2025,5,98501,197
Avista,2024,3,99371,21
Avista,2023,8,99027,291
Avista,2021,4,99174,4
PSE,2021,2,98104,41
NWN,2023,6,98642,883
Avista,2023,7,99219,0
PSE,2025,2,98005,1268
PSE,2022,8,98338,853
Avista,2023,10,99335,0
PSE,2024,11,98946,50
Avista,2024,5,99151,8
NWN,2023,4,98671,719
PSE,2024,7,98010,484
Avista,2025,6,99146,3
NWN,2023,9,97388,0
NWN,2024,12,98671,371
PSE,2021,2,98006,1113
PSE,2022,10,98266,464
PAC,2024,4,98952,86
PSE,2022,8,98110,1398
PSE,2022,9,98257,356
PSE,2022,8,98040,793
PSE,2021,4,98251,106
PAC,2024,2,98603,5422
PSE,2021,6,98597,2079
PAC,2024,2,99301,548
PSE,2024,2,98036,832
CNG,2022,10,99324,165
PSE,2021,10,98310,2001
CNG,2024,5,98367,259
Avista,2021,3,99156,1
PSE,2023,10,98136,446
Avista,2021,12,99018,5
PSE,2024,12,98532,188
PSE,2023,7,98247,579
PAC,2024,1,99361,99
CNG,2024,2,98232,7
CNG,2025,1,98626,59
PSE,2024,4,98006,1330
PAC,2024,12,98932,406
PSE,2022,4,98335,422
Avista,2025,2,99218,499
PSE,2023,12,98263,26
Avista,2024,10,99138,113
Avista,2022,5,99217,942
PSE,2022,1,98003,4339
PSE,2024,11,98446,398
PSE,2021,12,98387,1683
PSE,2024,10,98177,497
Avista,2024,10,99212,1032
Avista,2025,8,99036,5
NWN,2023,9,98607,625
PSE,2021,2,98056,2447
Avista,2024,5,99023,12
CNG,2023,4,98366,520
PAC,2022,6,98944,1778
NWN,2023,2,98626,0
PSE,2022,12,98288,28
PSE,2024,11,98267,29
PSE,2022,10,98003,4739
CNG,2022,8,98240,13
PSE,2024,4,98467,268
Avista,2024,9,99212,962
PSE,2024,4,98072,910
PSE,2021,11,98926,330
PSE,2025,2,98558,23
PSE,2021,5,98597,2060
PSE,2024,9,98050,10
Avista,2022,2,99148,151
NWN,2023,11,98671,376
Avista,2022,3,99151,11
PSE,2023,7,98253,79
Avista,2022,6,99176,1
CNG,2023,2,98229,367
CNG,2023,5,98314,1
NWN,2024,2,97031,0
CNG,2023,5,98948,226
PSE,2024,9,98922,704
Avista,2024,1,99224,691
CNG,2022,6,98225,731
CNG,2022,10,98802,16
PSE,2023,1,98008,845
CNG,2024,3,98314,1
CNG,2024,12,99324,153
CNG,2025,3,98337,209
PSE,2021,5,98068,94
Avista,2024,12,99018,11
PSE,2025,4,98466,626
PSE,2024,5,98321,1051
CNG,2023,4,99337,157
PAC,2024,10,99324,485
Avista,2023,4,99016,834
PSE,2023,7,98403,270
NWN,2024,10,98661,553
Avista,2021,1,99169,72
CNG,2024,8,98944,304
CNG,2023,10,98232,5
Avista,2025,9,99021,242
PSE,2022,12,98392,335
CNG,2025,2,98366,581
Avista,2022,5,99025,88
CNG,2024,4,98550,150
PSE,2023,5,98589,592
PSE,2025,4,98038,2013
PSE,2024,12,98223,81
CNG,2023,5,98908,558
PSE,2021,1,98057,1342
PSE,2022,6,98288,34
Avista,2022,5,99202,1136
PSE,2021,2,98110,993
Avista,2021,12,99126,50
PSE,2023,4,98225,41
PSE,2024,5,98255,53
CNG,2023,10,98257,43
Avista,2024,6,99029,35
PSE,2021,11,98345,38
PSE,2021,10,98021,534
PSE,2024,3,98225,4588
Avista,2025,2,99008,15
PSE,2021,1,98007,1389
PSE,2021,7,98225,3737
PSE,2024,11,98251,63
PSE,2025,5,98296,423
PSE,2025,6,98107,602
PSE,2023,10,98047,605
PSE,2021,12,98338,691
PSE,2023,6,98023,4004
PSE,2021,8,98270,1789
PSE,2021,5,98371,1179
Avista,2024,1,99122,88
Avista,2021,11,99174,6
NWN,2022,2,98026,0
Avista,2023,9,99111,98
PSE,2022,10,98011,1398
PSE,2022,10,98158,1
Avista,2024,12,99040,65
PSE,2022,3,98445,1044
CNG,2025,6,99362,908
PSE,2024,6,98262,69
CNG,2024,4,98383,211
Avista,2021,11,99129,70
CNG,2024,2,98273,433
NWN,2022,1,98629,194
PSE,2022,4,98277,2957
Avista,2025,9,99205,2163
PSE,2024,1,98112,625
PSE,2025,6,98329,3
PSE,2024,2,98008,916
CNG,2022,5,98233,463
CNG,2023,4,98295,40
NWN,2023,5,98664,737
PSE,2022,5,98253,84
PSE,2025,2,98371,1562
PSE,2021,11,98532,167
CNG,2024,10,98257,42
PSE,2022,4,98392,320
Avista,2023,3,99001,350
PSE,2024,6,98198,3735
CNG,2022,12,98233,511
CNG,2024,9,98951,77
PAC,2024,11,99328,223
PSE,2021,11,98354,178
Avista,2024,11,98857,1
Avista,2023,6,99159,47
PSE,2021,7,98239,590
Avista,2021,4,98857,3
PSE,2022,5,98233,1015
CNG,2023,7,98932,64
PSE,2022,2,98580,325
PSE,2023,11,98115,914
CNG,2022,6,99352,324
PSE,2022,12,98353,2
PSE,2021,8,98353,2
PSE,2021,2,98294,215
Avista,2024,8,99101,64
CNG,2022,7,98370,111
PAC,2024,1,99323,236
PSE,2024,3,98366,3118
PSE,2024,5,98010,501
PSE,2023,5,98513,2615
NWN,2025,1,98208,0
CNG,2025,6,98944,344
PSE,2021,8,98266,377
Avista,2021,1,99202,1496
PSE,2023,4,98003,5318
PSE,2022,11,98312,3458
PSE,2022,4,98057,1681
Avista,2024,11,99158,14
Avista,2024,5,99021,249
Avista,2021,1,99030,39
NWN,2022,5,98119,0
Avista,2023,3,99128,10
PSE,2022,8,98045,726
PSE,2025,4,98273,2324
PSE,2024,9,98045,701
PSE,2024,11,98126,674
PSE,2024,7,98117,861
Avista,2023,1,99201,1121
CNG,2023,3,98674,33
PSE,2023,3,98396,57
CNG,2023,2,98951,74
NWN,2023,2,97301,0
CNG,2023,11,99353,50
PSE,2021,7,98388,129
PSE,2021,7,98516,1979
PSE,2024,5,98422,509
PSE,2023,6,98003,5100
PSE,2021,7,98224,36
PSE,2024,4,98103,1003
Avista,2023,4,99170,42
Avista,2022,9,99103,20
PSE,2022,4,98359,282
Avista,2023,10,99131,7
CNG,2023,10,98563,37
PSE,2024,2,98038,1962
CNG,2024,4,98611,15
PSE,2022,12,98277,4535
CNG,2023,1,98563,39
PSE,2024,6,98007,2004
CNG,2023,5,98930,241
CNG,2022,5,98953,70
NWN,2025,3,97301,0
PSE,2023,12,98498,2060
CNG,2022,9,98273,420
Avista,2024,2,99126,54
PSE,2024,7,98220,39
PSE,2023,4,98028,1021
Avista,2023,9,99149,15
Avista,2022,5,99174,4
CNG,2024,1,98953,77
PAC,2025,5,98947,380
PSE,2024,1,98328,60
NWN,2024,11,97388,0
Avista,2025,1,99025,75
CNG,2022,5,98903,158
CNG,2022,8,98674,44
PSE,2025,1,98312,2871
Avista,2022,8,99167,41
PSE,2022,12,98373,1760
Avista,2024,6,99129,83
Avista,2023,1,99109,162
CNG,2022,4,98277,262
Avista,2025,4,99169,88
Avista,2023,5,99113,10
PSE,2022,5,98224,39
PSE,2023,3,98104,51
PSE,2021,9,98338,691
PSE,2022,3,98074,922
PSE,2021,4,98925,90
PSE,2023,4,98029,1626
CNG,2023,2,98276,31
PSE,2021,10,98039,57
PSE,2022,10,98531,501
PSE,2024,4,98444,774
PSE,2023,10,98007,2026
Avista,2023,6,99001,230
CNG,2023,6,98944,320
PSE,2025,4,98421,6
Avista,2025,3,99159,49
CNG,2024,2,98311,535
PSE,2023,12,98345,32
PSE,2021,7,98004,1882
PSE,2021,9,98589,404
PSE,2024,5,98345,38
CNG,2024,8,98367,241
PSE,2021,5,98273,1704
NWN,2022,2,97031,0
PSE,2021,4,98439,510
Avista,2024,10,99117,10
PSE,2021,5,98136,360
PSE,2021,10,98296,431
PSE,2024,12,98177,474
PSE,2023,6,98353,640
Avista,2021,9,99151,12
Avista,2022,5,99219,0
CNG,2024,2,98221,519
Avista,2021,2,99163,1273
CNG,2023,7,98247,121
PSE,2023,1,98077,213
PSE,2025,6,98248,2090
PSE,2023,11,98110,669
PSE,2023,6,98220,1166
PSE,2023,6,98597,2573
Avista,2022,9,99208,2687
Avista,2021,4,99223,1404
PSE,2023,3,98105,925
PSE,2024,7,98338,962
NWN,2024,10,98663,168
Avista,2022,9,99344,482
PSE,2023,3,98043,455
CNG,2022,9,98520,167
PSE,2022,11,98230,671
PSE,2022,9,98033,1604
NWN,2024,4,98604,1018
Avista,2022,6,99335,0
PSE,2023,4,98926,428
PSE,2023,11,98266,507
Avista,2023,11,99179,19
CNG,2022,3,98557,10
Avista,2024,1,99033,44
Avista,2023,10,99203,557
PAC,2024,2,98939,1980
Avista,2024,4,99341,39
Avista,2022,10,99030,32
PSE,2025,2,98136,391
Avista,2022,1,99144,0
NWN,2024,7,98665,658
PSE,2024,9,98445,945
PSE,2023,1,98012,1302
CNG,2024,2,98550,133
PSE,2025,4,98148,751
PSE,2022,4,98345,36
PSE,2022,11,98042,3138
Avista,2023,11,99141,277
PSE,2024,8,98225,3907
CNG,2024,4,98248,494
NWN,2023,7,98601,0
Avista,2024,12,99008,14
Avista,2022,8,99103,12
Avista,2025,6,99176,6
CNG,2023,7,98229,382
PSE,2022,12,98407,694
PSE,2023,9,98065,720
Avista,2023,2,99023,2
Avista,2021,9,99179,19
Avista,2025,2,99110,24
CNG,2025,2,98802,28
PSE,2024,4,98022,2026
Avista,2022,10,99104,0
Avista,2022,3,99160,12
PSE,2024,8,98203,800
PSE,2023,2,98036,863
PSE,2025,2,98012,1313
PSE,2024,7,98053,598
PSE,2023,7,98327,542
CNG,2024,4,98902,1495
PSE,2022,11,98385,21
CNG,2023,2,99323,18
PSE,2022,11,98267,31
NWN,2023,12,97301,0
PSE,2021,1,98220,29
NWN,2023,2,98682,1923
CNG,2024,3,98295,47
PSE,2025,2,98232,157
PSE,2025,4,98107,601
PAC,2024,4,99329,27
PSE,2023,12,98087,880
PSE,2024,2,98134,19
PSE,2022,6,98146,725
PSE,2024,3,98290,436
PSE,2021,3,98225,1750
PSE,2022,8,98579,758
PSE,2023,9,98199,567
PSE,2022,4,98158,1
PSE,2024,11,98011,1900
PAC,2022,7,99329,23
PSE,2022,6,98408,957
PSE,2021,3,98568,1
PSE,2021,10,98014,464
PSE,2021,9,98391,2429
PSE,2024,8,98370,1677
PSE,2023,2,98168,1096
PSE,2025,6,98226,3345
PSE,2024,12,98439,553
Avista,2024,11,99114,475
PSE,2021,3,98530,49
PSE,2023,8,98053,538
PSE,2025,3,98367,1929
NWN,2024,5,98620,0
PSE,2021,10,98204,579
PSE,2022,3,98403,291
PSE,2021,10,98055,1879
Avista,2024,5,99037,281
Avista,2024,5,99156,1
PSE,2021,9,98109,450
Avista,2024,11,99202,983
PSE,2021,1,98230,1190
PSE,2021,6,98337,784
PSE,2024,12,98252,262
Avista,2022,12,99158,10
PSE,2021,10,98366,2598
Avista,2024,12,99131,5
PSE,2024,8,98329,2
PSE,2024,5,98024,263
PSE,2023,7,98006,1400
NWN,2023,5,98683,1140
Avista,2021,7,99341,50
PSE,2024,2,98467,254
PSE,2024,10,98001,1936
PSE,2025,4,98498,101
PSE,2024,1,98531,504
PSE,2021,3,98506,1128
NWN,2022,12,98601,0
NWN,2024,10,98660,279
Avista,2024,3,99156,0
PAC,2024,7,98933,72
PSE,2023,10,98274,1066
Avista,2022,12,99014,0
CNG,2022,4,98944,295
PSE,2022,5,98244,290
PSE,2022,1,98296,360
NWN,2022,10,98208,0
PSE,2023,5,98373,2266
PSE,2024,7,98579,805
NWN,2024,12,98684,631
NWN,2024,1,98682,1770
Avista,2021,12,99371,19
PSE,2024,8,98005,1338
PSE,2024,5,98042,3261
PSE,2024,6,98342,130
PSE,2023,10,98294,397
PSE,2021,8,98503,2221
CNG,2024,12,98220,11
PSE,2021,1,98148,525
PSE,2021,8,98020,293
Avista,2022,4,99173,144
PSE,2023,2,98051,241
PSE,2022,5,98199,503
PSE,2023,9,98335,445
CNG,2024,7,98541,26
NWN,2023,10,98626,0
Avista,2021,2,99111,139
Avista,2023,8,99151,9
PSE,2022,12,98402,59
Avista,2025,8,99004,201
CNG,2025,1,98247,112
PSE,2025,4,98251,56
Avista,2023,6,99137,34
PSE,2025,2,98065,753
CNG,2023,3,98295,37
CNG,2024,2,98557,9
Avista,2021,5,99160,10
Avista,2025,7,99208,2762
PSE,2022,2,98003,4625
PSE,2021,4,98134,17
CNG,2023,8,98226,426
PSE,2023,1,98003,4738
CNG,2024,1,99323,11
PSE,2023,10,98006,1298
PSE,2024,7,98229,1700
PSE,2023,3,98146,700
Avista,2025,4,99126,65
Avista,2021,11,99110,30
PSE,2021,7,98371,1263
PSE,2021,10,98374,2045
PSE,2025,4,98941,68
PSE,2022,8,98253,80
NWN,2023,4,98601,0
PSE,2022,8,98353,3
CNG,2022,3,98345,7
Avista,2021,7,99103,21
PSE,2022,8,98028,885
CNG,2023,10,98611,14
PSE,2022,5,98922,776
PSE,2025,5,98409,17
Avista,2024,5,99402,63
PSE,2023,4,98262,363
PSE,2021,5,98240,225
PSE,2022,7,98443,66
PSE,2021,2,98050,21
Avista,2023,10,99008,10
Avista,2021,4,99129,84
PSE,2023,5,98941,95
PSE,2023,5,98236,24
PSE,2025,6,98934,135
PSE,2025,4,98077,205
CNG,2023,12,98274,228
NWN,2022,7,98661,907
PSE,2023,5,98235,1034
NWN,2022,3,98661,836
PSE,2021,3,98342,114
CNG,2023,8,98951,77
PSE,2021,10,98281,446
PSE,2021,4,98252,217
PSE,2021,5,98354,149
NWN,2024,2,98604,1006
PSE,2022,6,98367,1530
Avista,2024,10,99005,155
NWN,2022,8,98026,0
PSE,2025,4,98512,2379
PSE,2022,7,98070,639
NWN,2022,4,98684,1161
Avista,2024,5,99202,1101
Avista,2022,7,99128,18
PSE,2021,10,98370,1658
PSE,2022,7,98239,432
PSE,2025,3,98263,39
Avista,2024,5,99032,24
PAC,2022,2,98903,1743
PSE,2023,12,98177,501
PSE,2021,5,98144,1109
Avista,2024,11,99176,6
NWN,2022,8,98671,499
Avista,2023,11,99039,9
PSE,2022,6,98374,2407
PSE,2023,2,98003,5033
PSE,2023,10,98940,192
Avista,2023,10,99036,3
PSE,2022,1,98467,288
Avista,2024,4,98857,3
PSE,2023,7,98346,608
CNG,2025,1,99362,790
PSE,2021,9,98107,493
PSE,2025,6,98012,1324
PSE,2022,3,98146,688
PSE,2022,5,98251,54
Avista,2023,12,99167,48
CNG,2022,8,98942,165
Avista,2025,8,99001,253
PSE,2024,2,98030,3602
CNG,2023,4,98282,37
Avista,2025,4,99109,208
PSE,2022,8,98277,2779
PAC,2024,8,98944,1382
PSE,2023,6,98312,1968
PSE,2023,7,98177,507
PSE,2025,6,98273,2264
PAC,2022,2,98901,2416
Avista,2023,10,99018,7
PSE,2025,5,98112,755
PSE,2024,6,98002,4174
CNG,2023,6,98273,445
PSE,2024,10,98391,3082
CNG,2023,9,98902,1404
PSE,2025,1,98019,359
PSE,2023,6,98372,1617
PSE,2021,2,98148,534
CNG,2024,12,98292,204
CNG,2023,11,98951,66
Avista,2024,1,99146,2
CNG,2023,4,99353,51
PSE,2023,1,98053,554
Avista,2021,8,99126,63
PAC,2025,1,98908,3551
PSE,2022,8,98075,708
NWN,2022,4,98307,0
PSE,2021,6,98039,88
Avista,2022,12,98648,31
PSE,2023,3,98943,73
Avista,2023,6,99156,1
PSE,2023,12,98059,2077
PSE,2025,5,98092,4324
CNG,2023,10,98901,298
NWN,2024,4,98665,806
Avista,2021,2,99218,669
PSE,2024,11,98596,27
PSE,2024,8,98001,1983
PSE,2021,3,98068,79
CNG,2022,2,99337,114
CNG,2022,11,98274,249
Avista,2021,10,99174,7
NWN,2023,3,98208,0
PSE,2021,8,98260,302
Avista,2021,5,99403,953
Avista,2025,6,99018,6
PSE,2023,10,98406,770
Avista,2025,9,99159,38
Avista,2024,7,99218,476
PSE,2022,1,98148,625
PSE,2024,5,98122,1147
PSE,2023,3,98201,1010
Avista,2022,1,99207,2233
CNG,2022,7,98908,565
Avista,2022,3,99021,242
CNG,2024,9,98248,563
Avista,2024,8,99179,16
NWN,2022,1,97031,0
PSE,2022,2,98072,797
PSE,2024,8,98273,2129
PSE,2022,4,98296,399
PSE,2021,3,98226,2484
PSE,2021,11,98340,68
PSE,2024,6,98512,2409
Avista,2023,12,99176,4
PSE,2024,10,98203,813
PSE,2022,3,98144,1175
NWN,2024,8,98620,0
PSE,2023,2,98092,3454
NWN,2024,8,98626,0
CNG,2022,3,98802,15
CNG,2023,4,98541,26
PAC,2024,3,98947,367
PSE,2024,7,98267,37
Avista,2024,9,99101,65
PSE,2025,5,98344,5
NWN,2024,12,98612,0
PSE,2024,12,98257,438
Avista,2025,2,98857,1
PSE,2024,7,98366,2959
CNG,2024,4,98584,178
PSE,2023,7,98037,654
Avista,2021,1,99326,20
PSE,2024,12,98043,455
Avista,2022,7,99173,145
PSE,2021,5,98230,1113
PSE,2023,10,98342,127
CNG,2022,1,98223,276
NWN,2025,1,98674,0
PSE,2022,7,98203,886
CNG,2024,7,98367,261
PSE,2024,7,98235,26
PSE,2023,4,98375,2844
CNG,2022,6,98345,9
NWN,2023,6,98612,0
PSE,2021,1,98118,1290
PSE,2021,11,98264,1251
PSE,2021,3,98042,2466
PSE,2023,1,98294,241
PSE,2023,4,98236,21
PSE,2023,12,98040,893
PSE,2021,11,98002,3141
CNG,2022,5,99336,339
CNG,2022,4,98275,1
Avista,2022,1,99032,34
PSE,2023,6,98006,1288
PSE,2024,7,98260,321
PSE,2023,3,98579,831
Avista,2022,11,99326,21
Avista,2022,2,99224,625
PSE,2023,11,98558,23
PSE,2024,6,98121,145
PSE,2024,1,98403,265
PSE,2021,8,98272,692
CNG,2023,5,98932,64
NWN,2024,8,98660,320
PSE,2023,3,98024,269
PSE,2023,8,98310,2231
PSE,2023,9,98223,75
PSE,2024,4,98224,37
PSE,2023,9,98277,3291
PSE,2023,7,98267,33
PSE,2022,3,98032,4019
PSE,2024,3,98433,3
PSE,2022,2,98466,651
PAC,2022,6,98947,346
CNG,2022,4,99323,17
PSE,2024,11,98407,653
Avista,2021,7,99174,5
PSE,2021,10,98271,460
PSE,2025,2,98591,11
Avista,2021,12,99219,0
PSE,2024,3,98375,1629
Avista,2024,7,99003,74
PSE,2022,6,98030,3224
PSE,2022,6,98116,523
PSE,2022,12,98274,1024
PSE,2023,9,98058,2963
PSE,2023,8,98077,212
CNG,2024,6,98274,282
Avista,2023,6,99130,38
PSE,2021,1,98030,2908
Avista,2022,5,99130,48
PSE,2024,6,98502,2723
Avista,2024,10,99173,117
Avista,2022,12,99113,12
NWN,2022,3,98686,565
PSE,2023,8,98418,548
PSE,2023,8,98027,1478
PSE,2024,10,98058,2671
Avista,2025,5,99179,19
PSE,2023,1,98101,44
PSE,2023,11,98074,791
PSE,2021,4,98027,1104
Avista,2024,4,99040,75
PSE,2021,12,98021,536
PSE,2024,7,98327,520
PSE,2023,8,98006,1390
CNG,2024,6,99352,423
CNG,2023,8,98232,9
PSE,2022,10,98290,454
PSE,2022,10,98072,855
PSE,2024,6,98391,3303
NWN,2023,11,98684,623
PSE,2024,8,98373,1863
PSE,2022,4,98430,2
CNG,2024,2,98948,221
PSE,2022,5,98133,898
PSE,2022,10,98444,772
PSE,2023,6,98047,575
PSE,2024,9,98024,255
CNG,2023,1,98908,483
Avista,2022,11,99157,38
Avista,2025,5,99030,39
PSE,2023,1,98136,442
NWN,2022,10,98629,138
CNG,2024,5,98314,1
PSE,2023,2,98260,330
Avista,2021,2,99137,27
NWN,2023,8,98605,24
Avista,2021,5,99025,102
PSE,2022,2,98329,6
PSE,2024,12,98226,3215
CNG,2024,11,98226,576
Avista,2023,7,99005,177
CNG,2022,7,98257,46
CNG,2024,3,98310,527
PSE,2023,9,98230,1306
PSE,2021,6,98012,1177
PSE,2023,5,98383,337
PSE,2021,4,98422,353
Avista,2025,5,99004,208
PSE,2024,7,98014,502
PSE,2023,10,98226,3737
Avista,2021,6,99126,54
PSE,2022,6,98003,4684
PSE,2023,4,98011,1441
PSE,2021,1,98119,368
Avista,2022,6,99149,8
PSE,2022,11,98407,669
Avista,2023,3,99173,122
PSE,2023,8,98943,79
Avista,2021,11,99341,46
CNG,2022,9,98233,435
Avista,2023,9,99216,1318
PSE,2023,4,98223,1668
PSE,2021,7,98277,2709
PSE,2024,4,98312,3162
PSE,2023,7,98087,839
PAC,2024,2,99350,126
PSE,2021,9,98370,1510
CNG,2024,11,98225,742
PSE,2024,6,98022,1989
PSE,2023,1,98406,652
Avista,2024,8,99016,734
CNG,2024,6,98932,72
NWN,2024,2,98617,0
CNG,2022,9,98942,167
Avista,2024,6,99138,139
PSE,2021,1,98059,1647
PSE,2022,3,98014,558
NWN,2025,4,98675,0
PSE,2024,10,98244,230
Avista,2022,8,99173,109
PSE,2022,10,98255,40
CNG,2023,2,98284,321
Avista,2023,12,99008,10
PSE,2022,9,98220,46
PSE,2024,8,98012,1355
Avista,2022,6,99111,119
PSE,2021,5,98232,137
Avista,2021,9,99341,48
NWN,2025,3,98127,0
PSE,2021,7,98052,2677
NWN,2025,1,97388,0
NWN,2022,2,98864,0
NWN,2025,5,98685,774
CNG,2022,12,98257,31
CNG,2022,5,98801,84
PSE,2024,7,98418,508
NWN,2024,3,98663,285
NWN,2022,1,98612,0
CNG,2022,12,98674,36
Avista,2025,4,99134,28
PSE,2023,4,98177,1144
PSE,2021,8,98467,594
PSE,2022,8,98027,1387
PSE,2023,12,98532,187
CNG,2023,12,98337,217
CNG,2022,12,98370,108
PSE,2023,4,98273,905
CNG,2024,4,98220,9
PSE,2022,3,98107,520
PSE,2023,4,98295,254
PAC,2024,1,98944,1863
Avista,2025,4,99013,128
PSE,2024,8,98388,146
PSE,2025,1,98941,182
Avista,2022,10,99001,240
CNG,2022,7,98550,162
PSE,2022,10,98198,3305
PSE,2024,10,98201,913
Avista,2022,6,99009,81
PAC,2024,3,99363,23
Avista,2024,5,99134,20
CNG,2023,2,98626,59
Avista,2025,5,99344,568
PSE,2022,5,98042,3060
PSE,2021,12,98040,812
Avista,2021,11,99004,153
PSE,2021,6,98238,6
Avista,2023,6,99023,5
PSE,2023,7,98288,33
CNG,2025,2,99323,16
Avista,2024,11,99011,0
PSE,2022,6,98926,346
PSE,2022,2,98198,3282
NWN,2023,7,98684,919
PAC,2022,3,98935,234
CNG,2024,3,98626,75
PSE,2022,10,98037,631
NWN,2025,6,98648,0
Avista,2022,5,99023,10
Avista,2022,9,98620,99
Avista,2022,1,99137,32
PSE,2023,1,98373,1836
PAC,2024,6,98933,68
PSE,2023,11,98058,2821
PSE,2021,10,98203,804
CNG,2025,6,98223,469
PSE,2024,10,98134,25
CNG,2022,4,99324,140
PSE,2021,8,98065,628
Avista,2022,8,99341,40
PSE,2022,1,98312,2795
PSE,2022,12,98019,317
PSE,2023,6,98466,614
PSE,2024,8,98941,173
NWN,2025,6,98606,68
CNG,2022,1,98903,124
Avista,2021,7,99021,263
NWN,2022,8,98674,0
NWN,2022,10,98664,425
Avista,2022,7,99160,16
PAC,2024,9,99361,91
PAC,2024,8,98938,136
PSE,2025,1,98008,809
Avista,2021,4,99218,559
PSE,2021,1,98238,2
PSE,2021,4,98126,511
PAC,2024,12,98937,269
PSE,2021,6,98275,327
PSE,2021,4,98383,951
NWN,2025,3,98307,0
CNG,2022,4,98951,61
CNG,2022,2,99336,305
Avista,2023,3,99344,544
Avista,2024,6,99025,89
PSE,2023,10,98444,807
Avista,2021,8,99130,42
PSE,2023,3,98225,2830
Avista,2024,9,98857,3
NWN,2022,3,98762,0
CNG,2024,10,98520,146
Avista,2022,7,99159,52
Avista,2025,2,99029,28
PAC,2024,4,98939,31
PSE,2025,1,98034,3057
PSE,2021,8,98039,70
NWN,2024,11,98642,556
PSE,2023,1,98102,617
PSE,2023,8,98020,346
Avista,2024,10,99204,465
CNG,2024,5,98271,112
PSE,2025,1,98274,1104
Avista,2021,7,99023,8
PSE,2021,6,98030,2804
NWN,2024,6,98605,24
Avista,2024,11,99185,37
PSE,2021,12,98029,1453
PSE,2023,4,98168,863
Avista,2025,6,99111,133
PSE,2025,6,98070,643
Avista,2024,1,99012,37
NWN,2022,9,98604,529
PSE,2022,6,98591,15
PSE,2024,9,98311,2029
PSE,2021,9,98029,1426
NWN,2025,3,98642,440
PSE,2025,6,98392,3
CNG,2022,7,98273,660
Avista,2023,3,99341,40
Avista,2023,10,99161,53
CNG,2025,1,98520,143
Avista,2021,2,99206,1786
PSE,2021,4,98370,1501
Avista,2025,8,99101,85
PSE,2025,5,98166,75
PSE,2023,2,98340,101
PSE,2025,1,98052,4519
Avista,2025,9,99203,533
PSE,2023,4,98502,2804
PSE,2021,3,98105,755
Avista,2024,7,99137,24
PSE,2022,6,98342,131
PSE,2021,10,98403,271
Avista,2025,5,99341,50
PSE,2024,3,98370,1995
Avista,2024,7,99208,2171
PSE,2023,3,98208,1167
Avista,2021,12,99164,0
Avista,2021,8,99218,609
CNG,2025,6,99336,416
CNG,2023,9,98276,38
CNG,2024,9,99362,834
PSE,2021,5,98374,1743
PSE,2023,3,98516,2101
CNG,2023,10,98274,271
PSE,2024,4,98050,14
Avista,2025,9,99174,3
Avista,2025,3,99103,19
Avista,2021,12,99169,63
PSE,2025,1,98148,723
PAC,2024,5,98939,28
NWN,2023,2,98604,341
Avista,2023,8,99025,106
PAC,2022,6,98908,3398
CNG,2023,1,98584,158
PSE,2024,1,98332,300
Avista,2021,12,99008,14
PSE,2024,3,98144,1091
Avista,2024,12,99137,28
PSE,2022,4,98576,463
CNG,2023,10,98383,219
PSE,2024,2,98946,50
CNG,2023,4,98220,12
PSE,2024,6,98070,719
Avista,2025,2,99173,119
Avista,2024,2,99110,27
NWN,2022,4,98639,50
PSE,2024,9,98134,22
CNG,2023,12,98271,138
Avista,2024,10,99026,75
PSE,2021,2,98024,291
NWN,2022,2,98604,335
NWN,2022,10,98672,68
Avista,2022,3,99125,24
CNG,2022,4,98221,421
PSE,2025,3,98359,288
Avista,2025,7,99217,921
NWN,2022,6,98674,0
Avista,2024,7,99157,38
CNG,2024,10,99336,377
PSE,2022,10,98274,1057
NWN,2023,1,98664,422
PSE,2024,5,98001,2162
PSE,2024,10,98023,3739
Avista,2024,11,99131,5
PSE,2023,10,98112,756
PSE,2024,7,98337,888
PSE,2021,10,98116,494
PSE,2024,4,98251,130
NWN,2024,9,98648,0
PSE,2023,12,98295,94
CNG,2022,8,98953,76
PSE,2024,6,98366,3110
Avista,2022,12,99110,34
PSE,2023,7,98225,3115
PSE,2023,6,98045,787
PSE,2022,12,98224,32
PSE,2023,5,98177,1158
NWN,2025,1,98307,0
Avista,2023,12,99143,27
Avista,2022,8,99013,92
PSE,2024,6,98498,2110
PSE,2023,5,98366,1
PSE,2024,9,98005,1380
PSE,2022,3,98201,950
NWN,2023,5,97388,0
Avista,2023,6,99032,35
PSE,2024,7,98006,1415
Avista,2024,4,99130,50
CNG,2023,11,98274,235
PSE,2025,5,98148,759
NWN,2025,1,98026,0
CNG,2024,12,98903,164
NWN,2024,3,98642,940
PSE,2024,6,98027,1675
PSE,2022,3,98340,241
PSE,2025,4,98014,280
Avista,2021,6,99149,11
PSE,2021,5,98104,41
PAC,2022,7,99350,13
PSE,2022,5,98390,940
Avista,2022,9,99023,8
PSE,2023,8,98004,2408
PSE,2024,3,98589,585
Avista,2024,6,99006,300
PSE,2021,9,98102,574
Avista,2023,4,99005,194
Avista,2023,9,99163,1673
PSE,2022,5,98122,1313
PSE,2021,12,98092,3399
PSE,2024,12,98262,52
PSE,2022,3,98105,871
CNG,2023,10,98944,272
CNG,2022,5,98225,675
PSE,2022,8,98042,2932
PSE,2023,6,98263,47
PSE,2023,12,98579,876
Avista,2021,1,99216,1203
CNG,2022,5,98226,509
PAC,2024,1,99329,18
PSE,2021,6,98050,16
Avista,2024,6,99032,26
CNG,2023,7,99323,18
PSE,2025,5,98121,163
PAC,2024,12,99362,1806
PSE,2023,5,98257,60
NWN,2022,8,98605,27
PSE,2023,7,98402,60
Avista,2025,2,99160,10
CNG,2023,2,98221,499
PSE,2021,3,98370,1448
Avista,2022,3,99218,550
CNG,2024,11,98276,33
Avista,2021,7,99036,6
Avista,2023,6,99260,0
Avista,2022,7,99206,1698
NWN,2023,1,98686,332
CNG,2025,2,98310,564
Avista,2025,4,99020,5
PAC,2022,4,99328,431
PSE,2021,7,98019,858
Avista,2024,1,99014,2
PSE,2024,7,98028,1012
PSE,2023,1,98388,141
NWN,2023,12,97388,0
Avista,2021,9,99169,89
PSE,2024,7,98074,967
Avista,2021,12,99174,4
Avista,2021,7,99206,1428
PSE,2021,1,98512,1725
PSE,2024,8,98338,966
Avista,2023,11,99201,1279
PSE,2025,3,98934,147
Avista,2021,2,99161,81
Avista,2023,8,99037,277
CNG,2023,10,98932,61
PSE,2023,5,98105,735
CNG,2023,3,98370,104
PSE,2023,9,98445,1088
CNG,2024,7,98902,1471
CNG,2025,3,98282,39
PAC,2024,7,98939,23
PSE,2021,7,98092,3691
PSE,2023,8,98024,247
CNG,2024,12,98802,22
PSE,2025,4,98005,1423
Avista,2025,3,99008,17
Avista,2025,3,99163,1445
NWN,2023,5,98612,0
PSE,2023,12,98031,3455
NWN,2024,8,98665,667
PSE,2025,4,98134,27
Avista,2021,5,99021,268
PSE,2022,10,98346,628
PSE,2023,8,98354,299
PSE,2023,9,98133,999
PSE,2024,12,98040,803
CNG,2024,9,98903,151
PSE,2022,4,98597,2239
PSE,2023,12,98240,291
Avista,2022,4,99034,5
PSE,2024,2,98257,384
Avista,2023,3,99206,1559
PAC,2024,8,98947,253
PSE,2024,5,98281,409
PSE,2021,9,98108,940
PSE,2021,7,98262,122
NWN,2022,8,98685,503
CNG,2025,2,98942,173
PSE,2023,2,98047,557
PSE,2025,4,98239,395
PSE,2023,1,98292,65
PSE,2021,11,98257,361
PSE,2024,1,98589,551
NWN,2024,2,98664,522
PSE,2023,5,98133,979
Avista,2022,6,99156,0
Avista,2023,4,99014,3
PSE,2024,1,98260,301
Avista,2025,5,99159,53
PSE,2024,11,98001,2005
PSE,2023,10,98036,831
PSE,2022,3,98342,109
PSE,2024,12,98026,777
PSE,2024,9,98103,1115
Avista,2024,12,99146,1
NWN,2022,5,98635,1
Avista,2022,4,99143,12
PSE,2021,11,98409,675
PSE,2023,4,98055,2405
Avista,2024,4,99216,1430
PSE,2022,9,98249,252
CNG,2024,2,98584,157
PSE,2021,9,98446,962
Avista,2021,10,99034,9
NWN,2023,3,98601,0
PSE,2022,12,98516,1958
Avista,2022,5,99111,110
PSE,2025,3,98034,3090
CNG,2024,10,98366,606
PSE,2024,7,98408,925
CNG,2023,5,98936,108
Avista,2025,9,99032,33
PSE,2023,5,98230,1737
PSE,2024,1,98421,3
PSE,2024,11,98225,3014
Avista,2024,10,99031,21
Avista,2025,8,99125,19
Avista,2023,3,99131,6
PSE,2022,4,98229,1478
PSE,2023,4,98373,2256
PSE,2024,10,98238,6
PSE,2023,12,98262,124
PSE,2025,1,98407,598
PSE,2022,7,98121,138
PAC,2024,8,99328,290
Avista,2022,1,99163,1414
PSE,2025,6,98251,69
PAC,2024,6,99360,85
PSE,2021,8,98418,502
NWN,2024,1,98672,107
PSE,2023,3,98568,4
Avista,2022,1,99169,62
PSE,2023,3,98422,474
CNG,2024,10,98550,134
PSE,2023,3,98103,1074
PAC,2025,2,98953,670
PSE,2021,1,98251,99
CNG,2023,3,98311,437
Avista,2025,4,99111,142
PSE,2024,9,98288,39
Avista,2025,9,99179,17
Avista,2025,2,99023,14
PSE,2021,1,98074,937
CNG,2023,1,98632,110
CNG,2023,12,98563,32
Avista,2024,10,99185,43
PSE,2022,8,98406,761
CNG,2023,6,98932,43
NWN,2024,1,98671,400
Avista,2022,11,98857,2
PSE,2022,12,98230,1315
PSE,2025,3,98052,4658
CNG,2023,1,98233,461
Avista,2023,8,99039,7
PSE,2021,10,98133,803
Avista,2023,6,99208,2282
PSE,2024,9,98257,340
PSE,2024,3,98342,123
CNG,2025,6,98524,5
PSE,2025,3,98340,86
PSE,2021,9,98208,1048
PSE,2021,7,98391,2481
PSE,2024,4,98074,922
Avista,2025,1,99344,427
NWN,2022,4,98620,0
PSE,2024,11,98940,99
Avista,2021,1,99224,823
PAC,2024,9,98947,260
CNG,2022,2,98632,108
PSE,2022,5,98005,970
PAC,2024,4,98942,1731
PSE,2023,9,98422,504
PSE,2024,9,98224,30
PSE,2022,9,98271,455
PSE,2022,8,98103,1154
PSE,2024,8,98270,2115
Avista,2022,7,99326,33
PSE,2022,1,98443,71
Avista,2023,10,99148,141
PSE,2021,7,98104,37
CNG,2024,10,98221,473
Avista,2023,8,99022,181
PSE,2025,3,98391,3136
PSE,2022,10,98310,2194
PSE,2023,6,98249,1978
PSE,2024,2,98039,58
PSE,2021,10,98465,320
PAC,2022,4,98933,88
PSE,2024,3,98107,550
PSE,2024,9,98240,239
PSE,2024,9,98012,1439
PAC,2024,8,99362,1682
PSE,2021,11,98229,1417
PSE,2023,10,98116,603
Avista,2021,12,99006,280
PSE,2024,8,98103,1044
Avista,2022,11,98648,28
CNG,2023,9,98229,397
PSE,2023,6,98360,782
PSE,2021,8,98028,809
CNG,2023,7,98367,263
Avista,2025,9,99158,20
PSE,2024,8,98467,264
Avista,2024,11,99212,1121
NWN,2024,6,98606,59
PSE,2025,4,98424,1
PSE,2024,2,98118,1565
PSE,2024,11,98239,342
PSE,2025,1,98103,1061
PSE,2024,12,98943,78
PSE,2023,12,98332,278
CNG,2023,9,98366,562
CNG,2025,1,98930,286
Avista,2021,5,99009,76
PSE,2023,3,98102,610
PSE,2024,3,98532,155
PSE,2022,6,98034,2570
PSE,2021,7,98059,1741
Avista,2022,1,99005,156
PSE,2021,9,98312,2403
PSE,2023,4,98051,246
Avista,2025,1,99156,1
PSE,2023,10,98148,699
Avista,2025,4,99402,40
PSE,2024,12,98579,808
PSE,2024,7,98027,1540
Avista,2022,3,99156,0
PSE,2024,2,98312,3196
PSE,2024,9,98102,588
PSE,2024,2,98125,559
PSE,2021,7,98591,14
PSE,2025,6,98591,12
PSE,2022,4,98237,413
CNG,2025,1,99354,193
CNG,2022,11,98273,634
CNG,2023,6,98220,11
PSE,2024,11,98220,37
PSE,2021,6,98371,1233
CNG,2023,10,99338,110
PSE,2023,10,98229,1760
CNG,2023,1,98274,234
PSE,2023,2,98292,65
CNG,2023,9,98848,1
CNG,2022,7,98277,327
PSE,2021,2,98926,346
PSE,2021,3,98503,2714
PSE,2025,3,98284,2047
CNG,2024,5,98366,600
PSE,2022,4,98199,487
PSE,2023,2,98445,711
PSE,2021,10,98006,1153
PSE,2021,2,98019,251
CNG,2022,12,98345,3
PSE,2024,10,98444,745
PSE,2022,7,98310,2165
PSE,2024,12,98406,670
PSE,2023,10,98498,1957
PAC,2024,6,98953,575
PSE,2024,8,98198,2983
PSE,2021,6,98596,15
CNG,2025,3,98550,155
PSE,2023,1,98177,458
PSE,2025,1,98467,283
PAC,2024,7,98952,82
PSE,2024,9,98405,952
CNG,2023,2,98674,102
PSE,2021,7,98101,38
Avista,2022,4,99031,27
CNG,2024,11,98848,6
CNG,2023,10,99344,142
Avista,2022,7,99371,16
PSE,2022,5,98439,60
Avista,2025,4,99033,42
PSE,2023,12,98925,82
PSE,2021,10,98121,138
Avista,2021,1,99023,7
Avista,2021,9,99171,29
NWN,2023,8,98208,0
PSE,2023,9,98020,364
PSE,2022,6,98418,525
PSE,2023,3,98260,325
CNG,2023,4,98367,259
Avista,2024,10,99003,91
PSE,2022,11,98383,1395
PSE,2024,8,98310,1902
PSE,2022,8,98050,15
NWN,2025,5,98675,0
PSE,2025,2,98056,3470
NWN,2024,2,98612,0
Avista,2025,1,99176,3
CNG,2024,9,98528,18
PSE,2022,10,98558,11
PSE,2022,6,98053,567
PSE,2024,6,98922,821
Avista,2025,5,99156,1
PSE,2023,2,98251,57
PSE,2025,4,98042,3503
PSE,2021,10,98110,1380
Avista,2024,7,99170,31
PSE,2021,4,98387,1912
PSE,2022,5,98166,845
PSE,2024,11,98502,2572
PSE,2023,11,98177,491
Avista,2022,10,99185,54
PSE,2024,2,98040,888
PSE,2024,2,98136,408
PSE,2023,2,98360,741
PAC,2024,7,99350,6
PSE,2021,8,98107,502
PSE,2022,4,98224,41
CNG,2022,12,99323,17
CNG,2022,4,98229,322
PSE,2021,9,98178,776
CNG,2024,10,98367,290
CNG,2022,9,98632,123
CNG,2023,7,98274,254
PSE,2025,5,98233,1189
Avista,2021,12,99026,65
CNG,2025,4,98221,461
PSE,2024,3,98178,812
Avista,2024,6,99146,6
PSE,2025,4,98027,1537
Avista,2023,4,99025,106
NWN,2025,5,98672,128
Avista,2022,11,99129,68
CNG,2023,1,98221,452
PAC,2022,5,98932,536
Avista,2024,5,99181,131
PSE,2022,3,98232,157
PSE,2025,5,98065,698
PAC,2025,5,98942,1946
PSE,2024,6,98072,928
Avista,2023,9,99137,43
PSE,2024,3,98406,848
PSE,2022,6,98532,14
Avista,2022,7,99403,1015
PSE,2023,7,98034,2842
CNG,2024,9,98274,298
PAC,2022,7,99361,118
PAC,2022,4,98951,1104
CNG,2025,4,98932,59
PSE,2023,8,98941,167
PSE,2022,11,98290,230
Avista,2024,1,99205,2091
Avista,2023,4,99402,49
Avista,2023,6,99144,0
PSE,2021,6,98053,542
PSE,2021,10,98158,2
Avista,2022,5,99402,50
CNG,2024,11,99336,404
Avista,2021,3,99129,92
CNG,2022,2,98233,484
PSE,2021,8,98051,192
PSE,2022,2,98106,595
PAC,2022,9,98937,364
PSE,2021,7,98290,453
PSE,2022,5,98276,85
PSE,2021,3,98281,466
PAC,2025,2,99323,240
Avista,2024,4,99029,31
PSE,2023,6,98020,336
PSE,2022,7,98133,914
Avista,2024,11,99148,127
CNG,2024,6,98901,364
PSE,2022,9,98235,22
PSE,2022,4,98391,2939
Avista,2022,5,99030,38
PSE,2024,1,98178,744
CNG,2025,1,98273,412
Avista,2024,4,99174,3
PSE,2022,10,98443,63
PSE,2022,1,98372,1878
PSE,2023,4,98591,13
NWN,2023,8,97031,0
PSE,2024,11,98072,859
Avista,2024,10,99039,8
PSE,2021,3,98059,1436
CNG,2025,2,98282,41
Avista,2022,9,99158,14
PSE,2022,8,98108,985
Avista,2022,8,99011,0
PSE,2022,10,98208,1097
Avista,2022,5,99003,87
CNG,2022,8,99337,122
Avista,2021,12,99206,1373
PSE,2023,8,98503,3542
PSE,2024,9,98501,3648
PSE,2022,6,98031,2867
PAC,2022,2,98951,1024
Avista,2021,1,99114,585
PSE,2022,6,98117,777
PSE,2023,8,98438,1
Avista,2021,10,99216,1175
NWN,2025,1,98629,179
CNG,2022,5,99344,145
PSE,2023,7,98391,3185
PSE,2024,3,98940,222
CNG,2024,4,98225,689
PSE,2024,9,98177,482
CNG,2023,12,98232,6
PSE,2023,5,98345,140
NWN,2022,9,98660,297
Avista,2025,5,99205,2282
NWN,2024,6,98671,558
Avista,2023,10,99026,68
PSE,2024,11,98294,234
NWN,2024,6,98635,1
NWN,2023,6,98606,52
Avista,2024,7,99027,211
PSE,2024,8,98168,1101
PSE,2023,9,98204,691
CNG,2024,6,98248,535
CNG,2024,11,98248,612
Avista,2022,11,99173,104
PSE,2021,8,98321,826
Avista,2021,5,99158,20
PSE,2024,2,98116,574
PSE,2024,2,98294,378
Avista,2025,6,99004,205
PSE,2023,6,98226,2960
CNG,2022,4,98248,547
CNG,2022,12,98367,233
PSE,2022,5,98144,1167
Avista,2022,5,99137,30
NWN,2022,12,98208,0
CNG,2025,3,98557,17
Avista,2023,1,99039,6
Avista,2023,5,99208,2513
CNG,2023,5,99301,1898
Avista,2021,6,99012,44
NWN,2023,6,98674,0
CNG,2023,9,98626,78
PSE,2021,4,98499,506
PSE,2021,6,98177,357
PSE,2024,12,98283,52
CNG,2022,12,98903,149
Avista,2022,1,99110,34
Avista,2022,2,99117,19
Avista,2023,11,99202,1169
PSE,2021,8,98367,1382
Avista,2022,10,99371,15
PSE,2022,9,98225,2853
CNG,2022,1,98275,3
PSE,2022,12,98087,769
PSE,2023,7,98329,2
PSE,2022,7,98258,1746
PSE,2022,11,98503,3642
Avista,2023,1,99169,70
PSE,2022,10,98248,2027
PSE,2025,4,98255,40
Avista,2021,1,99016,728
PSE,2021,12,98940,65
Avista,2023,5,99203,634
CNG,2025,2,98563,30
Avista,2025,3,99030,34
CNG,2025,3,98930,302
PSE,2023,1,98579,796
Avista,2023,8,99223,1398
Avista,2021,3,99207,2487
Avista,2024,9,99032,21
PSE,2022,4,98270,2204
Avista,2021,10,99137,36
PAC,2024,7,98951,917
PSE,2024,7,98271,484
Avista,2025,3,99036,4
CNG,2023,8,98273,425
PSE,2024,2,98439,568
Avista,2025,4,99179,24
Avista,2025,6,98648,33
Avista,2023,12,99032,32
Avista,2022,3,99013,125
PSE,2022,10,98499,673
PSE,2023,8,98406,875
Avista,2023,1,99034,4
Avista,2023,2,99030,33
NWN,2024,10,98307,0
PSE,2022,4,98119,501
Avista,2021,2,99006,289
Avista,2025,5,99131,6
CNG,2022,6,98232,6
PSE,2024,1,98934,108
PSE,2023,3,98077,212
PSE,2023,4,98597,2649
PSE,2023,11,98283,36
PSE,2021,11,98031,2765
PSE,2022,11,98105,557
Avista,2021,6,99208,2353
PSE,2023,10,98346,674
PSE,2023,2,98444,496
Avista,2022,11,99036,4
CNG,2023,5,99350,71
PSE,2022,12,98220,39
PSE,2021,12,98335,342
PSE,2023,1,98267,34
PSE,2021,10,98104,42
Avista,2024,3,99141,289
Avista,2021,2,99021,292
PSE,2023,8,98580,643
PSE,2022,11,98576,280
PSE,2024,10,98275,383
PSE,2023,1,98445,928
PSE,2022,6,98275,328
CNG,2023,4,98951,71
Avista,2021,1,99110,42
CNG,2023,3,98367,223
Avista,2024,11,99129,57
Avista,2022,3,99173,110
CNG,2025,3,98370,160
CNG,2022,11,98229,332
Avista,2025,4,99143,25
Avista,2021,1,99117,14
PSE,2023,9,98439,539
PSE,2021,11,98372,1767
PSE,2025,4,98392,4
Avista,2024,11,99201,1036
PSE,2024,1,98367,1861
Avista,2023,7,99402,809
PSE,2021,11,98274,985
Avista,2023,8,99163,1570
Avista,2025,5,99158,18
Avista,2023,4,99260,0
PSE,2023,8,98244,280
PSE,2025,6,98372,107
PSE,2021,7,98340,235
PSE,2022,10,98104,49
PSE,2024,9,98042,3165
PSE,2021,1,98311,1638
NWN,2023,1,98604,828
Avista,2022,3,99039,8
Avista,2023,12,99202,1141
PSE,2024,1,98043,439
CNG,2023,12,98611,16
Avista,2025,1,99029,26
CNG,2023,1,98541,27
PSE,2024,11,98385,28
NWN,2023,2,98668,0
PSE,2025,2,98032,4639
PSE,2023,1,98033,1534
Avista,2025,8,99013,114
PSE,2021,8,98036,713
CNG,2023,2,99353,48
PSE,2022,8,98030,3180
PSE,2023,12,98092,4854
CNG,2022,6,98271,131
PSE,2022,1,98466,600
Avista,2023,11,99130,42
PSE,2022,5,98001,2030
PSE,2022,6,98407,676
PSE,2022,3,98102,588
PSE,2024,1,98034,2787
NWN,2025,1,98685,362
PSE,2021,11,98235,23
PSE,2024,10,98204,637
PSE,2024,9,98126,644
NWN,2023,7,98642,763
Avista,2021,7,99040,91
CNG,2025,5,98225,595
PSE,2022,11,98446,330
PSE,2023,12,98037,644
CNG,2022,1,98524,4
PSE,2024,3,98262,112
Avista,2024,8,99160,10
PSE,2022,4,98117,749
PSE,2023,7,98270,2172
PSE,2021,1,98271,479
CNG,2022,12,98550,132
NWN,2022,4,98665,918
PSE,2022,6,98513,1882
PSE,2023,2,98294,191
PSE,2022,6,98004,2284
PSE,2025,4,98275,399
PSE,2024,5,98021,617
CNG,2025,3,99337,167
NWN,2024,8,98635,1
PSE,2022,10,98032,4298
CNG,2025,3,98632,105
PSE,2023,4,98404,293
Avista,2021,11,99161,58
CNG,2022,1,98277,236
PSE,2021,9,98597,2002
PSE,2024,9,98057,1648
Avista,2023,3,99204,684
PSE,2024,11,98406,561
PSE,2023,2,98020,361
Avista,2025,8,99122,97
NWN,2022,3,98663,325
Avista,2023,12,99129,80
CNG,2023,6,99324,174
Avista,2022,7,99151,15
PAC,2024,3,98936,482
Avista,2024,5,99114,528
PSE,2021,11,98513,1943
PSE,2021,12,98034,2032
NWN,2024,5,98666,0
PAC,2022,9,98920,1
PSE,2022,8,98926,359
PSE,2021,4,98502,2000
PSE,2024,1,98233,1063
PSE,2022,10,98230,1174
CNG,2023,1,99337,120
PSE,2023,1,98266,485
Avista,2021,9,99216,1163
Avista,2024,7,99217,726
PSE,2025,4,98022,1926
CNG,2024,3,98942,180
PAC,2022,3,99363,13
PSE,2022,3,98263,32
Avista,2023,8,98857,5
Avista,2023,1,98857,4
PSE,2021,2,98342,123
PSE,2023,9,98240,260
PSE,2025,5,98290,456
Avista,2021,2,99170,35
PSE,2024,5,98408,900
PSE,2023,11,98126,753
PSE,2024,2,98288,35
PSE,2024,6,98396,44
PSE,2021,1,98275,305
PSE,2023,8,98260,296
CNG,2023,9,98930,224
PSE,2021,11,98390,884
PSE,2023,4,98296,97
PSE,2021,2,98403,253
CNG,2025,3,98244,2
CNG,2023,11,98625,24
Avista,2021,2,99171,30
PSE,2022,3,98288,34
PSE,2023,7,98941,86
PSE,2025,3,98295,75
PSE,2021,1,98296,252
CNG,2022,7,98802,27
PSE,2023,1,98329,8
Avista,2021,12,99204,634
PSE,2025,6,98391,13
PSE,2023,9,98372,2118
PSE,2022,1,98239,286
Avista,2022,1,99219,0
PSE,2024,9,98276,93
PSE,2021,1,98040,620
PSE,2024,3,98029,1559
PSE,2024,12,98038,1982
PSE,2025,1,98296,403
NWN,2023,1,98668,0
CNG,2022,3,98247,80
PSE,2022,12,98273,1916
PSE,2025,5,98597,2609
Avista,2023,7,99201,1258
PSE,2024,11,98311,2051
CNG,2024,5,98295,40
NWN,2025,6,98119,0
CNG,2025,3,98528,24
PSE,2024,2,98445,1087
PSE,2024,11,98103,1153
PAC,2022,6,99348,53
PSE,2025,3,98051,278
PSE,2025,4,98513,2742
CNG,2022,4,98220,7
PSE,2024,11,98445,783
PSE,2023,3,98370,1909
PAC,2022,1,99363,12
Avista,2023,2,99012,40
PAC,2024,4,98951,1107
Avista,2025,8,99176,4
PSE,2021,6,98402,50
PSE,2024,1,98027,1555
PSE,2024,8,98501,3537
PSE,2023,6,98409,963
PSE,2025,4,98029,1515
PSE,2022,6,98270,2125
PSE,2024,7,98005,1292
CNG,2024,4,98366,582
PSE,2025,2,98380,265
PAC,2024,11,98944,1357
PSE,2022,11,98418,529
PSE,2024,8,98276,80
PSE,2022,11,98108,825
CNG,2025,4,98277,336
NWN,2022,1,98665,481
PSE,2024,3,98092,4523
Avista,2024,4,99223,1506
PSE,2024,1,98019,364
PSE,2023,11,98421,6
PSE,2021,9,98144,1134
PSE,2021,9,98052,2932
PSE,2021,2,98597,2194
PSE,2023,3,98443,70
PSE,2022,9,98102,632
PSE,2025,3,98106,649
PSE,2024,2,98290,442
PSE,2025,5,98045,800
Avista,2023,10,99143,19
CNG,2025,4,98233,498
PSE,2021,1,98032,3263
CNG,2022,8,98908,539
PSE,2023,4,98516,2284
Avista,2024,12,99206,1369
CNG,2023,5,98802,22
CNG,2024,3,99350,64
PSE,2023,5,98118,1719
PSE,2023,6,98108,911
NWN,2025,4,98648,0
Avista,2024,2,99224,604
CNG,2024,1,98936,94
PSE,2024,6,98323,80
PSE,2022,7,98198,3303
CNG,2024,11,99352,411
PSE,2021,5,98589,378
Avista,2023,6,99029,35
PSE,2024,9,98294,271
NWN,2022,10,98674,0
PSE,2021,2,98391,2207
PSE,2022,9,98503,3414
PSE,2024,10,98107,594
Avista,2025,1,99158,13
PSE,2024,7,98251,129
NWN,2024,10,98762,0
PAC,2024,3,99360,103
PSE,2021,3,98229,1055
PSE,2022,7,98136,428
Avista,2025,7,99141,285
PSE,2023,10,98501,3920
Avista,2023,3,99102,49
Avista,2025,6,99113,12
PSE,2024,8,98248,2007
PSE,2023,11,98121,160
Avista,2023,11,99102,29
Avista,2025,9,99114,562
Avista,2023,1,99371,13
PSE,2024,12,98388,138
Avista,2021,4,99009,77
PSE,2022,3,98388,136
PSE,2024,5,98059,2057
CNG,2024,5,98611,14
CNG,2024,6,98271,118
PSE,2024,9,98465,95
PSE,2022,6,98406,685
Avista,2024,7,99012,40
PSE,2024,11,98045,815
CNG,2024,3,98337,228
CNG,2023,11,98626,64
PSE,2022,6,98366,2670
NWN,2024,6,98639,41
CNG,2024,4,98282,29
NWN,2023,11,98682,1393
NWN,2023,7,98605,19
PSE,2023,5,98263,55
Avista,2022,4,99125,27
PSE,2025,2,98270,2443
PSE,2022,9,98340,268
CNG,2023,9,98225,787
PSE,2021,6,98037,542
PSE,2023,1,98531,539
PSE,2023,8,98136,449
PSE,2022,11,98284,1705
NWN,2025,1,98642,484
PSE,2024,9,98383,1588
PSE,2023,5,98059,2079
NWN,2022,5,98606,57
CNG,2024,12,98244,1
Avista,2023,4,99012,46
Avista,2025,2,99130,38
CNG,2023,3,98563,40
CNG,2023,10,98528,23
Avista,2021,12,99005,138
PSE,2023,7,98059,2017
Avista,2022,10,99164,2
Avista,2022,4,99208,2281
PSE,2021,3,98012,867
CNG,2025,6,98244,4
Avista,2021,2,99371,16
PSE,2022,4,98034,2550
Avista,2022,11,99001,218
CNG,2024,1,99350,56
CNG,2022,12,99354,190
PSE,2021,6,98068,61
Avista,2025,9,99216,1243
PSE,2023,6,98579,815
PSE,2025,5,98101,45
PSE,2021,1,98374,1599
Avista,2021,12,99029,24
CNG,2024,2,98230,422
PSE,2023,7,98144,1227
PSE,2023,1,98010,507
Avista,2022,2,99130,50
Avista,2024,4,99159,42
Avista,2023,5,99101,81
PSE,2024,12,98224,31
PSE,2024,1,98465,116
CNG,2025,4,98273,485
Avista,2021,6,99204,598
PAC,2022,9,98951,1045
PSE,2025,3,98239,381
NWN,2022,8,98119,0
NWN,2022,11,98684,665
PSE,2023,7,98531,548
CNG,2022,7,98524,5
CNG,2023,5,98383,187
NWN,2023,9,98662,795
PSE,2023,6,98024,254
Avista,2022,9,99016,802
Avista,2022,7,99003,103
Avista,2025,9,99022,158
PSE,2023,2,98065,778
PSE,2025,1,98390,1034
CNG,2024,10,99362,749
PSE,2025,5,98424,8
NWN,2023,8,98629,174
PSE,2024,2,98338,923
Avista,2022,8,99111,68
PSE,2023,4,98115,806
PSE,2024,2,98103,1068
Avista,2022,9,99141,317
Avista,2024,3,99025,100
PSE,2023,6,98580,377
PSE,2024,4,98108,986
NWN,2025,3,98672,119
PSE,2021,12,98102,591
Avista,2025,6,99171,41
PSE,2022,5,98249,258
PSE,2022,11,98055,2142
PSE,2024,9,98402,48
Avista,2024,5,99034,5
Avista,2024,2,98648,27
PSE,2023,12,98004,2464
PAC,2025,1,98904,1
NWN,2023,9,98660,250
PSE,2022,1,98531,496
PSE,2024,12,98272,859
PSE,2024,8,98118,1603
Avista,2022,10,99208,2818
PSE,2022,11,98445,669
Avista,2021,8,99138,157
PSE,2024,6,98248,2192
PAC,2024,1,98939,28
PSE,2022,9,98004,2489
Avista,2022,7,99021,298
PSE,2023,11,98403,284
CNG,2025,6,98273,523
CNG,2024,7,99301,1702
PSE,2022,2,98220,39
PSE,2024,12,98337,900
PSE,2021,12,98579,608
Avista,2022,5,99151,14
CNG,2023,5,98370,105
CNG,2022,7,98903,174
Avista,2022,8,99161,63
CNG,2023,1,98276,26
PSE,2021,4,98148,462
Avista,2021,11,99173,117
PSE,2024,2,98266,541
CNG,2024,3,98936,117
PSE,2024,9,98466,567
CNG,2023,2,99301,1916
PSE,2022,9,98390,956
PSE,2023,5,98353,629
NWN,2024,2,98639,33
NWN,2025,5,98617,0
PSE,2021,3,98118,1238
Avista,2023,11,99220,0
PSE,2023,1,98052,3478
Avista,2023,2,99160,7
Avista,2021,3,99021,234
CNG,2022,11,98550,149
CNG,2022,10,98292,154
NWN,2022,3,98660,360
Avista,2024,7,99131,3
PSE,2024,5,98503,3553
CNG,2024,8,98233,422
PSE,2023,11,98263,31
PSE,2022,8,98232,151
PSE,2023,1,98110,1139
PSE,2024,8,98117,850
PSE,2021,3,98007,1225
PSE,2023,1,98166,809
PSE,2023,6,98198,2204
Avista,2023,8,99014,2
NWN,2022,6,98686,716
PSE,2024,1,98208,1098
PSE,2024,4,98051,254
NWN,2022,3,98617,0
PAC,2022,9,98953,656
PSE,2021,10,98580,584
PSE,2022,12,98558,9
Avista,2022,12,99173,118
PSE,2022,8,98466,611
CNG,2025,3,98611,10
PSE,2021,7,98032,3446
PSE,2025,4,98004,2505
PSE,2021,11,98224,40
CNG,2025,1,98951,69
PSE,2023,5,98226,3127
PSE,2023,4,98108,943
Avista,2021,10,99013,145
PSE,2023,8,98226,3466
PSE,2024,6,98580,416
PSE,2022,7,98323,48
PSE,2024,1,98103,1033
CNG,2022,11,98366,498
Avista,2022,7,98857,1
PSE,2021,1,98383,1183
CNG,2022,10,99338,98
PSE,2025,3,98102,631
PSE,2024,3,98103,1063
PSE,2022,4,98014,559
PSE,2022,10,98596,22
PSE,2022,7,98439,519
PSE,2024,1,98007,1904
PSE,2022,12,98117,847
PSE,2022,6,98238,5
PSE,2021,6,98047,452
NWN,2024,2,98607,931
PSE,2022,9,98074,1026
PSE,2023,9,98354,299
PSE,2022,6,98115,798
PSE,2025,1,98007,1967
PSE,2022,9,98409,733
PSE,2023,12,98011,1464
PSE,2022,3,98001,1850
Avista,2022,12,99167,39
PSE,2021,7,98236,315
CNG,2025,2,98524,5
CNG,2024,6,98802,17
PSE,2021,6,98024,257
Avista,2025,7,99326,19
PSE,2024,2,98408,927
PSE,2024,3,98443,63
PSE,2024,9,98065,695
PSE,2024,10,98332,290
PSE,2024,12,98229,1586
PSE,2022,9,98375,1428
PAC,2024,7,99361,124
PSE,2025,2,98198,3824
PSE,2022,12,98011,1231
PSE,2023,12,98405,1124
CNG,2024,4,98930,232
Avista,2021,2,99151,15
PSE,2022,2,98925,64
PSE,2024,4,98926,433
PSE,2022,4,98204,643
PSE,2024,5,98116,586
Avista,2023,10,99344,498
PSE,2022,4,98946,44
PSE,2022,12,98338,784
CNG,2024,6,98292,209
PSE,2024,8,98065,646
PSE,2023,1,98032,4309
Avista,2022,3,99032,36
Avista,2022,10,99170,47
PSE,2022,7,98444,768
Avista,2025,8,99326,26
CNG,2024,7,98932,48
Avista,2021,2,99005,207
PSE,2021,12,98087,722
PSE,2021,1,98403,253
PSE,2022,4,98112,790
PSE,2024,3,98444,772
PSE,2023,2,98058,2979
PSE,2021,1,98011,993
Avista,2022,11,99149,13
NWN,2023,12,98683,265
PSE,2025,2,98155,628
PSE,2024,12,98236,366
Avista,2024,7,99026,74
NWN,2022,11,98026,0
PSE,2022,4,98281,530
CNG,2023,12,98345,6
PSE,2023,2,98408,979
PSE,2023,12,98007,2013
PSE,2022,12,98178,804
PSE,2021,7,98354,167
Avista,2023,9,99371,17
NWN,2023,4,98612,0
PSE,2022,12,98360,644
PSE,2023,3,98402,58
CNG,2025,3,98541,40
PSE,2024,9,98323,57
PSE,2024,10,98006,1307
CNG,2023,7,98802,21
Avista,2025,9,99030,28
PSE,2021,12,98144,1195
CNG,2024,8,98223,400
PSE,2025,6,98047,566
PSE,2023,8,98424,272
Avista,2024,4,99158,19
PSE,2024,4,98516,2348
PSE,2021,9,98443,509
Avista,2022,6,99122,86
Avista,2021,1,99141,320
Avista,2022,10,99102,44
Avista,2024,12,99179,13
Avista,2023,4,99003,108
PSE,2022,10,98108,1035
PSE,2023,8,98253,87
Avista,2025,3,99224,768
Avista,2022,12,99160,11
PSE,2024,1,98264,1404
PSE,2022,1,98074,944
PAC,2022,9,99301,1
PSE,2022,12,98236,346
PSE,2021,3,98033,1005
NWN,2024,3,98604,1036
PSE,2021,4,98391,2003
PSE,2025,3,98405,1000
PSE,2022,4,98007,1755
PAC,2024,10,99361,96
PSE,2024,3,98024,263
Avista,2023,1,99402,48
Avista,2021,7,99134,29
CNG,2023,8,98311,495
PAC,2022,3,99329,23
CNG,2023,6,98801,84
PSE,2021,3,98934,96
PSE,2024,1,98408,934
PAC,2024,6,98902,4879
PSE,2021,3,98053,485
PAC,2025,6,98902,5195
NWN,2024,5,98674,0
PSE,2022,3,98023,3630
Avista,2022,12,99107,0
PSE,2021,11,98118,1382
PSE,2022,7,98038,1761
NWN,2022,4,98026,0
PSE,2023,7,98501,3867
NWN,2025,5,98026,0
PSE,2025,6,98240,246
PSE,2022,12,98008,810
PSE,2024,8,98342,94
PSE,2021,6,98388,123
PSE,2022,10,98125,542
Avista,2025,7,99030,27
Avista,2021,11,99208,2596
NWN,2022,8,98307,0
Avista,2023,7,98857,4
Avista,2024,2,99029,25
PSE,2023,10,98402,61
PSE,2025,4,98012,1383
PSE,2021,4,98230,1102
CNG,2024,3,98292,194
PSE,2021,3,98443,41
NWN,2024,11,98617,0
CNG,2022,1,98264,403
PSE,2021,6,98353,2
PSE,2023,7,98027,1550
Avista,2023,10,99174,3
CNG,2023,12,98520,127
Avista,2021,4,99029,33
PSE,2021,1,98501,3364
Avista,2023,12,99029,30
PSE,2023,10,98238,6
PSE,2024,11,98208,1229
PSE,2022,5,98115,798
PSE,2023,3,98332,292
Avista,2021,8,99403,953
Avista,2024,10,99109,162
CNG,2024,5,98233,487
PSE,2023,7,98372,2090
Avista,2022,1,99001,227
PSE,2021,9,98020,305
PSE,2025,2,98070,681
Avista,2022,9,99218,577
PSE,2023,4,98328,537
CNG,2023,8,98626,31
PSE,2024,11,98038,1991
PSE,2022,7,98408,906
Avista,2025,8,99129,111
CNG,2023,10,98948,190
PSE,2023,2,98353,2
PSE,2021,8,98249,233
PSE,2022,2,98385,25
Avista,2023,7,99023,11
CNG,2022,2,99344,153
PAC,2024,12,98902,4477
Avista,2024,1,99113,14
PSE,2022,10,98033,1586
PSE,2022,6,98370,1786
PSE,2022,5,98237,490
Avista,2024,10,99018,7
Avista,2021,3,99020,3
CNG,2024,8,99324,169
CNG,2023,4,98311,511
Avista,2023,4,99161,70
PSE,2025,2,98430,1
Avista,2023,12,99137,35
Avista,2025,7,99128,7
PSE,2021,6,98070,554
PSE,2023,3,98283,46
PSE,2023,9,98237,508
PSE,2022,6,98467,1867
NWN,2022,10,98668,0
PSE,2021,6,98327,399
Avista,2021,11,99014,3
PSE,2022,10,98040,844
PSE,2023,1,98321,974
PSE,2024,8,98021,631
PSE,2021,11,98239,282
PSE,2022,11,98057,1731
PSE,2024,7,98001,1965
PSE,2023,11,98045,766
NWN,2023,1,98607,670
PSE,2024,11,98374,2873
PSE,2021,2,98310,2057
PSE,2022,11,98050,18
PSE,2023,6,98513,2598
PSE,2024,5,98934,109
Avista,2023,5,99131,6
Avista,2022,3,99129,83
Avista,2023,8,99149,14
Avista,2023,10,99173,133
PSE,2021,11,98047,485
PSE,2023,6,98340,982
PSE,2021,6,98051,193
PSE,2021,4,98312,2136
CNG,2023,10,99353,56
PSE,2022,10,98055,2079
PSE,2021,7,98012,1259
PSE,2023,6,98443,66
PSE,2024,4,98406,696
PSE,2023,9,98402,66
CNG,2024,10,99352,391
PSE,2023,1,98366,2900
Avista,2022,12,99207,1668
PSE,2025,5,98943,81
Avista,2021,7,99101,75
PSE,2022,10,98007,1783
CNG,2022,8,98528,15
CNG,2024,8,98932,59
Avista,2021,10,99402,65
PSE,2024,2,98276,102
CNG,2024,2,98951,74
CNG,2024,11,98295,46
PSE,2024,4,98589,652
PSE,2024,8,98236,352
PSE,2021,4,98346,868
Avista,2025,4,99260,0
PSE,2024,10,98108,817
Avista,2021,10,99224,756
CNG,2023,9,98383,259
Avista,2023,8,99208,2699
PSE,2025,3,98531,560
Avista,2025,2,99137,24
Avista,2023,8,99344,466
PSE,2023,2,98057,1863
PSE,2025,2,98502,2686
Avista,2022,11,99217,880
CNG,2023,9,98584,169
CNG,2022,4,98520,149
PSE,2021,12,98391,2323
CNG,2024,1,98248,405
PSE,2024,9,98439,469
PSE,2021,11,98310,2087
PSE,2024,2,98126,706
CNG,2024,3,99338,101
PSE,2022,7,98103,1137
Avista,2024,12,98648,22
Avista,2021,7,99027,288
Avista,2021,12,99109,161
CNG,2024,3,98951,71
NWN,2023,5,98762,0
Avista,2023,12,99163,1641
PSE,2022,3,98312,2847
CNG,2023,7,98223,398
Avista,2022,10,99109,206
PSE,2021,4,98418,451
Avista,2023,12,99027,321
PSE,2023,6,98031,3185
PSE,2021,7,98292,40
PAC,2024,2,99329,49
PSE,2022,2,98133,841
PSE,2022,10,98576,452
PSE,2023,3,98273,2122
CNG,2025,3,98366,660
Avista,2023,2,99113,11
NWN,2022,10,98686,339
Avista,2023,11,99011,0
CNG,2022,1,98936,57
PAC,2024,8,98942,1095
PSE,2024,3,98148,728
PSE,2025,1,98028,942
CNG,2022,10,98345,8
PSE,2021,2,98003,4062
Avista,2022,5,99131,5
Avista,2022,2,99128,15
PSE,2021,5,98576,415
Avista,2022,4,99016,690
PAC,2024,11,98935,257
NWN,2022,5,98127,0
CNG,2023,3,98837,72
Avista,2022,3,99107,0
PSE,2023,1,98342,128
PSE,2022,2,98030,3371
PSE,2022,4,98203,942
Avista,2023,11,99001,258
PSE,2021,4,98223,56
PSE,2023,1,98045,779
Avista,2024,12,99021,207
PSE,2023,11,98943,48
PSE,2024,12,98070,694
PSE,2022,7,98229,1561
NWN,2025,6,98628,21
PSE,2021,6,98020,284
CNG,2024,2,98314,1
PSE,2022,8,98224,37
CNG,2023,5,98541,31
PSE,2024,12,98022,1902
PSE,2024,6,98039,69
Avista,2023,7,99027,282
Avista,2023,8,99171,32
NWN,2023,10,98606,35
Avista,2023,6,99203,581
CNG,2023,2,98837,79
PSE,2023,12,98014,514
PSE,2025,2,98403,293
Avista,2024,4,99012,49
PSE,2021,10,98155,573
Avista,2022,11,99020,1
Avista,2024,11,98620,89
Avista,2025,3,99176,1
Avista,2022,10,99204,655
Avista,2021,2,99013,151
CNG,2024,2,98563,29
PSE,2021,1,98239,326
PSE,2025,1,98208,1178
Avista,2025,3,99016,881
CNG,2023,10,98244,3
Avista,2021,10,99125,25
Avista,2025,1,99114,491
PSE,2021,7,98238,5
PSE,2023,3,98354,174
PSE,2022,6,98404,1061
PSE,2022,1,98072,738
Avista,2021,3,99371,19
PSE,2022,12,98125,530
Avista,2022,3,99216,1210
PSE,2024,12,98926,397
PSE,2025,1,98239,424
NWN,2025,4,98682,2463
Avista,2022,8,99212,1181
CNG,2024,10,98901,331
PSE,2022,11,98244,251
PSE,2022,4,98108,1023
PSE,2021,11,98408,884
Avista,2025,9,99020,2
CNG,2025,3,98367,258
PSE,2023,5,98104,56
PSE,2024,3,98033,1780
PSE,2025,3,98422,492
PSE,2021,9,98004,1892
PSE,2023,7,98045,774
PSE,2023,8,98040,885
PSE,2024,10,98144,1168
PSE,2023,7,98239,376
PSE,2021,3,98321,683
Avista,2024,8,99204,452
PSE,2024,5,98253,85
PSE,2022,7,98340,232
CNG,2022,9,98550,155
PSE,2021,11,98240,197
PSE,2022,4,98109,442
PSE,2021,7,98258,1600
PAC,2022,7,98951,971
PSE,2022,2,98235,22
PSE,2024,6,98201,899
PSE,2024,8,98166,781
PSE,2025,5,98074,901
Avista,2022,2,99023,10
PSE,2025,2,98007,2049
PSE,2023,2,98403,290
PSE,2023,4,98040,919
PSE,2021,11,98007,1665
PSE,2024,7,98092,4185
PSE,2021,5,98568,1
Avista,2023,7,99006,326
NWN,2024,4,98661,828
CNG,2024,6,98282,44
Avista,2022,10,99206,1479
NWN,2022,6,98642,686
Avista,2025,2,99109,153
NWN,2022,7,98606,53
PSE,2024,6,98340,115
CNG,2023,1,98271,111
PSE,2021,11,98283,47
Avista,2025,7,99344,443
PSE,2022,9,98011,1402
Avista,2021,1,99170,58
PSE,2022,3,98383,1255
PSE,2022,9,98244,272
PSE,2022,2,98105,497
CNG,2025,4,98257,52
PSE,2023,8,98257,365
PSE,2023,4,98251,279
PSE,2021,5,98030,2852
PSE,2021,3,98406,692
PSE,2024,12,98134,23
NWN,2024,4,98683,1005
Avista,2023,7,99260,22
Avista,2023,12,99114,532
PSE,2023,11,98108,897
PAC,2024,4,98903,1853
Avista,2024,5,99009,81
PSE,2021,6,98201,871
PSE,2024,7,98591,12
NWN,2023,11,98119,0
PAC,2024,10,99347,103
Avista,2021,12,99129,78
PSE,2021,10,98070,558
CNG,2024,3,98930,262
CNG,2024,12,98951,67
Avista,2021,9,99326,22
PSE,2024,5,98329,5
PSE,2022,10,98244,263
PSE,2024,5,98576,494
PSE,2022,2,98115,747
PSE,2021,4,98039,93
Avista,2023,8,99016,867
PAC,2024,2,98930,94
PSE,2025,6,98926,393
CNG,2024,5,98312,661
Avista,2022,11,99016,753
PSE,2025,5,98941,197
PSE,2023,2,98589,528
Avista,2025,6,99202,1217
CNG,2024,8,98247,111
PAC,2022,2,99323,258
PSE,2022,10,98337,896
Avista,2023,11,98620,83
PAC,2024,6,98904,1
PSE,2025,5,98466,600
CNG,2022,2,98247,95
Avista,2023,11,99006,283
PSE,2022,8,98235,16
PSE,2025,2,98166,869
NWN,2025,1,98683,583
PAC,2022,7,98921,87
Avista,2021,12,99104,0
PSE,2024,4,98023,4112
Avista,2022,4,99103,17
PSE,2021,4,98047,859
PSE,2022,11,98023,3669
Avista,2024,2,99219,0
CNG,2024,12,98240,16
PSE,2024,4,98396,42
NWN,2022,4,98663,357
CNG,2024,12,98557,19
PSE,2021,5,98059,1692
Avista,2021,7,99037,270
PSE,2025,2,98443,72
PSE,2021,10,98506,3200
Avista,2022,8,99021,213
CNG,2023,1,98312,580
PSE,2023,5,98408,764
PAC,2022,6,99363,16
Avista,2025,8,99034,7
PSE,2025,6,98010,499
PSE,2024,5,98445,1104
CNG,2024,2,98248,543
Avista,2024,10,99113,7
Avista,2021,8,99110,33
CNG,2022,9,98247,117
CNG,2023,2,98528,13
PAC,2024,2,98947,1126
Avista,2022,10,99107,0
PSE,2021,8,98264,1152
PSE,2023,2,98446,352
PSE,2023,3,98591,13
PSE,2023,5,98403,55
PAC,2022,3,98920,1
PSE,2022,9,98925,79
Avista,2021,3,99148,158
CNG,2023,9,98240,15
CNG,2022,10,98837,85
Avista,2022,1,99003,89
PSE,2021,4,98353,1
PSE,2024,10,98030,3093
PSE,2024,2,98115,871
PSE,2024,6,98372,2233
Avista,2022,8,99126,36
Avista,2024,5,99179,20
PSE,2023,7,98281,226
Avista,2024,3,99205,2433
Avista,2022,4,99036,3
PSE,2021,12,98126,514
PSE,2022,6,98040,849
Avista,2024,8,99036,7
Avista,2025,8,99114,525
PSE,2024,7,98112,678
Avista,2024,4,99217,992
PSE,2024,2,98023,4315
CNG,2024,6,98626,67
Avista,2022,12,99111,77
PSE,2021,3,98367,1271
CNG,2023,1,99338,80
NWN,2022,12,97301,0
PSE,2025,6,98568,1
Avista,2023,11,99158,20
PSE,2024,4,98266,518
Avista,2024,2,99160,8
PSE,2025,1,98273,2198
PSE,2021,12,98512,1221
Avista,2024,3,99219,0
NWN,2023,3,98606,61
PSE,2022,3,98126,707
NWN,2022,12,98612,0
PSE,2022,6,98166,816
Avista,2023,11,99137,37
Avista,2022,3,99006,220
PSE,2021,10,98390,876
PSE,2021,10,98074,931
PSE,2021,3,98023,2894
CNG,2023,8,98312,606
PSE,2023,7,98516,2090
Avista,2021,4,99402,48
Avista,2025,7,99013,110
CNG,2025,1,98674,112
PSE,2023,9,98115,1152
PSE,2023,2,98383,1572
CNG,2023,5,98550,141
PSE,2021,2,98498,1713
NWN,2022,2,98665,693
PSE,2024,1,98321,1028
Avista,2023,6,98620,102
Avista,2021,5,99030,48
PSE,2025,3,98580,359
PSE,2021,9,98311,1558
PSE,2023,1,98591,15
NWN,2024,11,98626,0
PSE,2021,7,98053,547
PSE,2022,6,98051,209
Avista,2024,2,99157,38
PSE,2025,5,98591,13
PSE,2023,12,98367,1881
Avista,2025,3,99223,1535
PSE,2023,8,98043,445
PSE,2023,2,98105,527
PSE,2021,10,98020,303
Avista,2025,8,99128,6
PSE,2022,8,98199,499
PSE,2021,1,98405,1021
PSE,2023,1,98512,2128
CNG,2024,2,98282,37
Avista,2021,1,99036,2
Avista,2022,9,99228,0
NWN,2022,4,98607,1222
PSE,2023,2,98050,20
CNG,2022,7,98220,8
NWN,2023,1,98628,23
CNG,2024,3,98284,348
PSE,2025,3,98516,2346
Avista,2025,4,99206,1594
PSE,2021,2,98027,1332
PSE,2023,6,98178,495
PSE,2022,1,98019,295
NWN,2024,7,98607,820
Avista,2024,1,99005,136
Avista,2021,7,99012,47
Avista,2021,7,99013,119
PSE,2025,2,98444,650
PSE,2024,9,98239,353
PSE,2025,6,98597,1796
PSE,2024,5,98940,227
PSE,2023,8,98236,374
Avista,2021,10,99179,20
Avista,2024,10,99125,17
Avista,2021,8,99114,558
Avista,2022,11,99027,274
PAC,2022,7,98936,397
PSE,2023,2,98943,44
Avista,2024,5,99216,1260
Avista,2025,9,99202,1102
PSE,2023,12,98466,664
NWN,2025,3,98026,0
PSE,2024,8,98220,38
NWN,2022,10,98628,22
PSE,2021,12,98360,562
PSE,2022,4,98070,653
CNG,2024,2,98936,105
NWN,2022,5,98208,0
CNG,2025,3,98247,123
PSE,2025,4,98168,6
CNG,2023,12,98584,135
PSE,2021,6,98026,626
PSE,2021,3,98108,886
PSE,2025,3,98385,24
PSE,2022,9,98591,15
PAC,2024,4,98935,266
CNG,2024,6,99344,188
Avista,2024,8,99029,51
CNG,2024,12,98310,586
PSE,2024,7,98531,529
PSE,2021,11,98418,498
PSE,2025,5,98406,18
PSE,2021,6,98946,37
PAC,2024,3,98944,2046
PSE,2021,6,98058,2257
Avista,2023,4,99031,19
NWN,2024,9,98668,0
PSE,2023,6,98148,696
Avista,2023,8,99026,66
NWN,2024,6,97301,0
CNG,2025,4,98837,82
NWN,2023,10,98026,0
PSE,2024,12,98503,3773
PSE,2025,2,98467,272
CNG,2023,1,98282,32
PSE,2021,11,98116,523
CNG,2023,5,98271,156
PSE,2023,10,98328,59
CNG,2022,1,99301,1548
PSE,2024,1,98244,283
PSE,2021,6,98498,1593
CNG,2023,9,98932,52
Avista,2021,11,99003,79
CNG,2023,4,98903,171
Avista,2024,6,99207,2232
PSE,2022,4,98375,1449
PSE,2022,1,98373,1744
Avista,2025,5,99032,25
PSE,2025,1,98443,76
PSE,2022,9,98445,997
PSE,2022,3,98225,2371
PSE,2021,8,98057,1453
PSE,2023,8,98104,48
PSE,2021,9,98359,238
Avista,2023,12,99113,13
PSE,2023,8,98407,702
PSE,2021,7,98235,29
PSE,2023,5,98446,388
PSE,2021,10,98239,606
Avista,2023,11,99170,30
CNG,2024,5,98230,437
CNG,2022,6,98248,487
PSE,2022,9,98597,2282
PSE,2025,2,98943,37
Avista,2025,4,99174,5
PSE,2021,4,98203,729
PSE,2022,10,98068,74
PSE,2021,4,98516,1610
PSE,2025,4,98121,183
CNG,2024,6,98528,20
PSE,2022,2,98108,814
PSE,2023,9,98102,661
NWN,2024,10,98606,44
PSE,2022,11,98007,1823
CNG,2023,9,98632,120
PSE,2023,4,98110,1263
CNG,2024,4,98557,18
PSE,2023,7,98020,331
PSE,2022,12,98433,364
CNG,2023,9,99324,165
PSE,2024,12,98446,391
PSE,2024,8,98264,1168
Avista,2023,2,99141,292
Avista,2023,3,99033,46
PSE,2021,6,98387,1983
PSE,2022,3,98039,75
PSE,2021,9,98273,1639
PSE,2024,7,98255,52
PSE,2025,3,98467,276
CNG,2023,10,98942,151
PSE,2024,3,98239,701
PSE,2023,8,98201,956
PSE,2025,2,98329,2
PSE,2023,9,98292,52
CNG,2022,5,98221,405
PSE,2023,9,98925,76
PSE,2021,10,98424,230
Avista,2021,2,99126,60
CNG,2023,1,98557,13
NWN,2023,3,97031,0
Avista,2024,11,99111,108
PSE,2021,9,98342,105
PSE,2021,1,98005,866
PAC,2025,1,98935,158
Avista,2024,3,99102,41
CNG,2022,4,99353,47
Avista,2021,12,99040,76
PSE,2022,7,98032,4111
PSE,2024,12,98058,2906
Avista,2022,5,99143,15
PSE,2023,11,98004,2423
Avista,2021,9,99013,136
PSE,2023,5,98116,597
PSE,2021,10,98235,17
Avista,2025,2,99020,3
Avista,2024,12,99212,1156
Avista,2024,3,99021,292
NWN,2025,5,98127,0
PSE,2022,2,98430,1
PSE,2021,7,98925,112
Avista,2024,11,99326,18
PSE,2024,4,98558,27
CNG,2025,4,99301,1191
PSE,2025,3,98392,332
PSE,2021,4,98023,2893
PSE,2025,4,98126,764
PSE,2022,1,98281,210
PSE,2022,4,98506,2123
Avista,2024,5,99005,169
NWN,2024,12,98119,0
PSE,2023,4,98237,398
NWN,2023,3,98668,0
Avista,2022,5,99110,33
PSE,2022,6,98940,80
Avista,2025,3,99110,29
PSE,2024,3,98465,196
CNG,2022,2,98837,68
PSE,2024,8,98312,2627
PSE,2024,2,98531,536
PSE,2023,4,98034,2890
Avista,2023,2,99218,524
PSE,2021,3,98233,567
NWN,2022,5,98605,31
PSE,2021,2,98204,578
PSE,2022,7,98294,353
PSE,2021,4,98204,510
Avista,2023,11,99029,33
Avista,2023,8,99113,8
CNG,2022,7,98271,158
PSE,2024,9,98591,13
PSE,2021,12,98036,715
CNG,2022,5,98276,19
Avista,2021,10,99205,2421
PSE,2022,11,98043,404
NWN,2024,10,98612,0
Avista,2022,8,99146,0
PSE,2022,6,98042,2856
PSE,2025,4,98446,403
Avista,2021,12,99143,13
Avista,2022,11,99011,0
PSE,2024,10,98115,918
PAC,2022,8,98939,24
PSE,2023,5,98203,1024
NWN,2023,8,97388,0
CNG,2023,6,98310,532
PSE,2021,9,98513,1697
PSE,2022,8,98502,2439
PSE,2022,3,98109,423
PSE,2024,8,98346,874
PSE,2024,8,98444,761
PSE,2025,4,98597,2728
PAC,2025,2,98936,440
Avista,2024,3,99176,2
Avista,2021,3,99170,38
PSE,2021,2,98311,1765
CNG,2022,8,98370,112
CNG,2024,10,98248,504
PSE,2023,4,98144,1226
PSE,2023,12,98266,548
PSE,2021,3,98116,323
PSE,2024,5,98346,694
CNG,2024,6,99362,914
Avista,2022,4,99014,3
Avista,2023,4,98648,26
PSE,2024,11,98075,842
Avista,2024,1,99129,82
PSE,2022,7,98501,3578
PAC,2025,1,99363,21
CNG,2025,5,98274,341
CNG,2025,4,98337,198
Avista,2021,3,99110,37
PSE,2024,8,98199,497
CNG,2023,7,98632,127
NWN,2024,1,98307,0
PSE,2023,9,98036,843
CNG,2024,9,98312,610
CNG,2023,1,99350,63
CNG,2025,4,98951,74
CNG,2022,11,98240,14
PSE,2021,5,98262,130
CNG,2023,12,99350,56
PSE,2025,5,98275,377
PAC,2025,3,98921,91
CNG,2024,5,98902,1444
CNG,2024,8,98240,10
PSE,2022,2,98201,1019
CNG,2024,11,98292,203
PSE,2024,9,98532,189
PSE,2023,11,98273,2060
Avista,2023,11,99146,3
PSE,2024,2,98512,2433
PSE,2024,6,98296,427
PSE,2021,8,98934,105
PSE,2021,12,98118,1336
Avista,2024,12,99022,190
Avista,2023,6,99037,305
Avista,2024,11,99109,202
PSE,2021,12,98513,1662
PAC,2022,4,98901,2561
Avista,2022,12,99023,9
CNG,2022,5,98550,139
PAC,2024,5,98923,132
PSE,2023,6,98036,844
NWN,2024,7,98208,0
PSE,2022,10,98074,929
PSE,2023,10,98371,1636
PSE,2023,8,98037,637
PSE,2023,6,98418,730
PSE,2021,5,98087,729
Avista,2021,8,99174,8
Avista,2022,10,99031,21
Avista,2024,10,99032,27
PSE,2021,6,98199,410
CNG,2023,10,98311,476
Avista,2023,12,99207,2152
Avista,2021,11,99143,14
Avista,2023,9,99022,189
CNG,2024,9,98520,132
PSE,2021,7,98295,55
PSE,2021,6,98391,2428
NWN,2024,2,98606,62
Avista,2025,1,99110,18
Avista,2021,1,99020,3
CNG,2024,5,98625,25
CNG,2023,11,99354,164
PSE,2025,3,98226,3264
PAC,2024,2,99360,2289
CNG,2022,11,98848,5
Avista,2025,6,99110,33
PSE,2021,9,98941,174
CNG,2024,11,98626,74
PSE,2021,12,98004,1875
NWN,2023,5,98307,0
CNG,2024,7,98370,142
PSE,2022,12,98271,498
Avista,2025,5,99039,7
PSE,2023,8,98409,716
PSE,2025,1,98403,262
Avista,2023,6,99006,259
Avista,2025,6,99205,2255
NWN,2025,4,98605,32
Avista,2025,6,99114,608
Avista,2025,4,99113,10
NWN,2025,3,98620,0
PSE,2023,3,98042,3331
Avista,2025,1,99101,77
PSE,2023,4,98443,64
CNG,2024,8,98557,17
PSE,2022,10,98008,860
PSE,2021,7,98596,18
PSE,2024,4,98087,813
PSE,2025,1,98558,21
CNG,2025,3,98932,66
CNG,2024,8,98674,90
NWN,2024,7,98674,0
Avista,2025,1,99034,9
PSE,2021,1,98277,2967
PSE,2025,4,98387,143
PSE,2022,8,98032,4100
NWN,2022,10,98307,0
PSE,2023,1,98006,1273
PSE,2022,1,98136,377
Avista,2023,4,99344,514
Avista,2023,4,99039,12
PSE,2024,1,98338,958
PSE,2021,8,98014,454
PSE,2022,1,98943,77
NWN,2022,9,98672,82
PSE,2025,1,98045,745
Avista,2022,11,99039,6
Avista,2021,1,99151,13
PSE,2021,11,98103,1034
CNG,2024,12,98801,91
NWN,2022,4,98642,613
CNG,2025,2,98247,120
PSE,2023,4,98024,274
PSE,2022,2,98134,17
PSE,2025,5,98433,1
PSE,2025,2,98117,787
PSE,2023,4,98433,298
PSE,2021,4,98941,144
NWN,2024,3,97301,0
Avista,2022,7,99109,254
PSE,2021,9,98558,9
PSE,2021,4,98255,22
NWN,2024,4,97388,0
PAC,2022,1,98901,2042
CNG,2023,4,98626,71
CNG,2024,10,98932,32
PSE,2025,5,98110,1583
Avista,2021,3,99217,1010
PSE,2021,3,98004,1521
PSE,2023,1,98029,1520
CNG,2022,12,98944,237
PSE,2021,2,98244,216
PSE,2024,8,98335,421
PSE,2025,3,98144,1237
CNG,2023,11,98292,189
PSE,2021,10,98148,602
PSE,2021,11,98294,187
Avista,2024,11,99005,170
Avista,2022,2,99131,2
PSE,2023,4,98253,275
PSE,2024,2,98366,3049
PSE,2024,1,98059,1981
Avista,2025,2,99207,2051
Avista,2021,6,99022,208
Avista,2023,4,99176,2
PSE,2024,3,98199,518
CNG,2022,12,98276,24
Avista,2021,6,99039,6
CNG,2023,9,99362,835
Avista,2025,5,99170,50
Avista,2025,3,99020,5
CNG,2023,3,98310,533
PSE,2023,6,98359,280
Avista,2022,8,99171,27
Avista,2022,10,99011,0
Avista,2025,8,99224,911
PSE,2021,2,98232,131
PSE,2022,4,98247,567
Avista,2022,11,99224,694
PSE,2023,6,98134,17
PSE,2023,7,98032,4728
NWN,2025,3,98628,26
CNG,2024,6,98584,186
Avista,2024,1,99003,83
PSE,2024,7,98020,366
NWN,2024,10,98628,14
CNG,2024,2,98337,204
PAC,2022,8,98930,844
PSE,2023,9,98004,2472
PSE,2022,8,98260,306
PSE,2021,1,98072,592
NWN,2024,2,98629,66
PSE,2021,7,98057,1462
PSE,2023,1,98225,2742
PSE,2021,8,98439,1
PSE,2023,10,98008,897
PAC,2024,4,99347,194
PSE,2023,8,98010,489
PSE,2023,7,98146,733
PSE,2021,8,98403,258
CNG,2024,4,98370,119
PSE,2024,8,98075,664
Avista,2024,11,99026,86
PSE,2022,6,98290,505
PSE,2025,3,98251,57
PSE,2024,10,98037,652
Avista,2024,9,99141,235
PSE,2023,11,98027,1492
PSE,2024,11,98023,3854
Avista,2025,4,99141,291
PSE,2024,12,98374,2849
PSE,2023,7,98498,1992
PSE,2025,2,98059,2137
PSE,2025,4,98103,1167
PSE,2024,7,98294,390
Avista,2021,10,99206,1393
NWN,2022,4,98661,905
PAC,2024,7,98923,104
NWN,2024,6,98612,0
PSE,2024,1,98148,710
Avista,2022,12,99129,80
Avista,2022,5,99157,50
NWN,2022,1,98642,597
PAC,2025,1,99362,2086
PSE,2021,5,98332,216
PSE,2023,5,98037,668
Avista,2023,12,99159,35
NWN,2024,5,98605,20
Avista,2021,5,99034,7
PSE,2023,1,98134,18
PSE,2022,6,98178,807
Avista,2021,8,99021,251
CNG,2024,9,98626,72
CNG,2025,4,98632,120
Avista,2022,10,98648,35
NWN,2024,2,98208,0
NWN,2023,3,98610,55
Avista,2023,7,99040,81
PSE,2021,2,98596,20
Avista,2021,3,99344,530
PSE,2024,7,98387,2159
PSE,2021,3,98284,1215
CNG,2022,1,98284,230
PSE,2024,9,98121,159
PSE,2022,3,98028,915
PSE,2023,8,98266,509
PSE,2021,2,98108,773
PSE,2024,10,98501,3682
Avista,2024,10,99144,0
CNG,2025,4,98524,7
PSE,2023,6,98422,8
PSE,2021,8,98338,805
Avista,2021,7,99034,7
CNG,2024,5,98311,510
PSE,2024,2,98506,1464
PSE,2021,4,98168,851
CNG,2024,4,98295,39
Avista,2024,5,99138,132
PSE,2022,6,98424,258
PSE,2021,3,98589,352
PAC,2025,6,98951,1032
CNG,2022,5,98625,18
CNG,2023,8,98550,144
PSE,2021,6,98506,1227
Avista,2024,6,99134,34
Avista,2022,7,99171,36
Avista,2021,8,99016,684
PSE,2021,2,98248,1886
CNG,2022,11,98312,676
CNG,2024,3,98233,531
Avista,2023,2,99201,1245
PSE,2022,9,98006,1339
PSE,2023,12,98342,149
CNG,2024,11,98625,21
PAC,2024,8,99347,110
CNG,2023,3,98221,449
Avista,2021,7,99146,2
Avista,2023,5,99114,586
NWN,2023,7,98671,541
PSE,2022,1,98558,15
PSE,2024,7,98380,322
Avista,2024,4,99014,2
PSE,2024,4,98010,500
PSE,2024,12,98002,3885
PSE,2022,2,98513,2627
Avista,2023,1,99012,35
Avista,2023,8,99021,244
PSE,2022,8,98255,40
PSE,2024,5,98119,438
PSE,2021,1,98070,511
PSE,2025,3,98252,249
PSE,2023,2,98133,901
Avista,2023,9,99208,2825
PSE,2025,6,98276,113
NWN,2023,3,98762,0
PSE,2023,5,98070,680
NWN,2024,7,98683,703
PSE,2023,7,98438,1
PSE,2023,10,98506,1503
PSE,2023,11,98296,427
PSE,2021,3,98335,224
CNG,2022,8,98247,125
Avista,2022,9,99109,208
PSE,2022,12,98177,469
PAC,2024,8,98903,1228
Avista,2024,12,99156,1
PSE,2021,6,98266,358
NWN,2023,11,98604,561
PSE,2024,5,98006,1340
PSE,2021,12,98121,95
PSE,2025,1,98252,247
PAC,2022,5,98930,983
PSE,2024,3,98134,17
NWN,2024,10,98610,26
CNG,2022,2,98282,36
PSE,2024,12,98408,996
Avista,2022,8,99169,61
Avista,2023,12,99018,9
CNG,2024,10,98274,262
PSE,2025,6,98001,2168
PSE,2024,10,98005,1475
PSE,2021,12,98266,263
PSE,2023,3,98033,1611
CNG,2025,2,98223,432
NWN,2025,4,98685,733
PSE,2025,5,98248,2472
NWN,2023,11,98661,506
PSE,2022,9,98922,744
Avista,2024,3,99109,177
PSE,2022,2,98125,529
Avista,2024,5,99131,6
Avista,2022,11,99156,0
PSE,2021,6,98276,70
PSE,2023,9,98144,1248
PSE,2023,4,98530,52
NWN,2024,6,98683,861
PSE,2025,6,98177,13
PSE,2024,12,98068,81
PSE,2024,8,98402,45
PSE,2021,8,98580,594
PSE,2024,11,98118,1498
Avista,2024,10,99171,25
Avista,2024,9,99014,5
NWN,2024,2,98668,0
PAC,2025,4,98933,118
PSE,2024,4,98364,1
Avista,2023,9,99144,0
CNG,2024,8,98366,595
PAC,2022,6,99323,206
Avista,2022,9,99026,59
CNG,2022,5,99362,716
PSE,2023,5,98328,517
PSE,2021,7,98922,682
Avista,2023,4,98620,95
PSE,2024,3,98072,882
Avista,2024,8,99009,55
PSE,2024,2,98596,23
NWN,2024,9,98685,747
PAC,2024,3,99324,610
CNG,2024,9,98230,471
PSE,2022,5,98946,48
PSE,2021,6,98406,710
PSE,2024,7,98042,3276
PSE,2023,7,98008,877
Avista,2021,2,99344,562
PSE,2021,2,98516,1866
NWN,2023,2,98208,0
Avista,2021,6,99176,6
CNG,2024,12,98528,19
PSE,2022,9,98134,39
NWN,2022,9,98671,404
PSE,2023,3,98512,2281
Avista,2025,8,99117,22
PSE,2021,2,98367,1425
CNG,2024,9,98282,33
PSE,2023,6,98253,268
PAC,2024,4,98902,4597
PSE,2022,2,98053,340
PSE,2022,9,98053,567
PSE,2021,5,98284,1355
PSE,2024,12,98501,4181
PSE,2022,11,98421,3
PSE,2025,1,98597,2550
CNG,2025,6,98232,10
PSE,2022,10,98372,1980
CNG,2023,8,98220,10
PSE,2022,9,98274,1076
PSE,2023,11,98236,349
PSE,2021,8,98277,2661
Avista,2021,1,99207,2612
CNG,2023,6,98367,151
Avista,2024,5,99113,8
CNG,2024,1,98295,32
CNG,2022,10,98257,39
CNG,2025,2,99336,346
PSE,2025,6,98443,63
PSE,2022,6,98248,1878
CNG,2024,5,98257,46
PSE,2023,9,98367,1822
PSE,2021,8,98366,2473
Avista,2024,3,99006,251
NWN,2022,9,98208,0
PSE,2021,3,98075,651
PSE,2021,9,98277,2635
CNG,2022,1,98257,29
PSE,2024,6,98058,2896
Avista,2024,7,99202,833
Avista,2023,9,99008,13
CNG,2023,2,99352,361
PSE,2023,1,98421,6
Avista,2021,9,99149,12
Avista,2021,11,99113,12
PSE,2024,4,98934,122
NWN,2024,4,98125,0
Avista,2022,3,99117,18
PSE,2022,12,98591,16
PSE,2022,2,98342,127
PSE,2025,6,98506,1496
CNG,2025,6,98345,6
CNG,2022,4,98247,100
PSE,2021,4,98295,63
NWN,2023,11,98675,0
PAC,2024,11,98953,440
Avista,2022,3,99205,2357
PSE,2022,1,98276,84
Avista,2024,2,99114,500
PSE,2022,7,98380,277
PSE,2024,8,98255,30
PSE,2022,4,98087,848
CNG,2022,10,98366,511
PSE,2023,9,98337,951
PSE,2022,5,98312,2817
PSE,2025,3,98075,693
PSE,2024,6,98281,241
Avista,2021,10,99138,144
PSE,2023,3,98188,2210
PSE,2024,3,98116,563
PSE,2025,4,98106,659
PSE,2022,12,98276,86
PSE,2022,12,98597,2186
CNG,2022,5,98528,7
NWN,2022,7,98864,0
PSE,2024,4,98264,1426
PSE,2021,2,98020,289
PSE,2022,7,98402,43
CNG,2023,12,98240,11
CNG,2022,1,98276,14
CNG,2022,12,98632,105
PSE,2022,6,98264,1269
PAC,2022,7,98901,2328
Avista,2025,1,99033,38
PSE,2024,3,98030,3677
PSE,2022,2,98045,864
NWN,2022,6,98671,685
PSE,2024,9,98199,564
Avista,2024,8,99034,3
PSE,2024,9,98238,4
Avista,2025,1,99012,45
PSE,2022,12,98388,134
PSE,2022,9,98248,2158
CNG,2023,12,98233,502
PSE,2024,8,98038,1763
NWN,2023,10,98662,672
NWN,2024,3,98610,44
PSE,2023,10,98001,2114
CNG,2022,11,98271,126
NWN,2024,2,98605,19
Avista,2023,1,99158,13
PSE,2024,3,98941,201
NWN,2022,8,98617,0
Avista,2023,2,99216,1226
Avista,2025,1,99371,16
Avista,2021,7,99005,183
PSE,2024,3,98146,716
PAC,2024,8,98953,503
Avista,2025,9,99170,42
NWN,2024,5,98610,51
PSE,2022,2,98027,1548
CNG,2022,12,98248,485
PSE,2022,7,98118,1592
PSE,2024,12,98117,837
PSE,2024,8,98922,830
PSE,2024,12,98596,28
CNG,2024,4,98277,361
Avista,2021,6,98857,4
PSE,2022,8,98026,738
Avista,2025,9,99207,2170
PSE,2025,4,98372,114
PSE,2024,11,98934,106
PSE,2021,9,98019,312
CNG,2022,8,98337,253
PSE,2021,3,98109,358
PSE,2021,8,98281,464
NWN,2023,1,98648,0
PSE,2022,2,98107,566
Avista,2025,2,99169,74
PSE,2021,9,98337,777
PSE,2021,10,98260,284
PSE,2023,11,98328,33
PSE,2021,11,98277,2151
Avista,2021,2,99160,11
Avista,2021,3,99173,127
PSE,2021,8,98327,429
PSE,2022,1,98342,124
Avista,2021,11,99176,8
PSE,2022,7,98283,52
PSE,2023,8,98101,50
PSE,2025,1,98374,2798
Avista,2024,12,99335,0
Avista,2024,1,99001,217
PSE,2022,12,98396,27
CNG,2022,3,98901,294
Avista,2024,7,99125,16
Avista,2023,4,99009,92
PAC,2024,2,98935,389
Avista,2024,3,99001,258
PSE,2024,12,98039,61
Avista,2021,4,99019,316
PSE,2024,8,98042,2933
Avista,2022,1,99107,0
Avista,2025,5,99107,1
PSE,2023,6,98405,1063
Avista,2023,4,99205,2559
PSE,2023,11,98155,652
Avista,2025,1,99143,12
PAC,2024,9,99360,79
PSE,2023,6,98168,821
PSE,2024,7,98115,1001
PSE,2021,3,98232,121
PSE,2024,5,98012,1328
CNG,2024,4,99337,169
PAC,2022,6,99324,549
NWN,2024,12,98026,0
PSE,2023,5,98108,962
CNG,2025,1,98240,21
PSE,2021,8,98233,1595
Avista,2021,3,99019,340
PSE,2024,2,98337,1014
NWN,2023,10,98639,23
Avista,2024,5,99033,46
PSE,2024,6,98597,2612
PSE,2023,1,98385,27
CNG,2024,11,98520,146
PSE,2024,10,98226,2978
PSE,2021,5,98011,1000
CNG,2025,1,99350,58
Avista,2022,11,99220,0
CNG,2024,7,98248,499
PSE,2024,5,98239,485
NWN,2024,11,97301,0
NWN,2023,3,98628,27
PSE,2024,4,98296,433
Avista,2023,9,99014,5
PSE,2023,10,98074,1084
Avista,2023,9,99134,29
Avista,2024,7,99185,49
CNG,2024,1,98674,97
Avista,2025,2,99158,14
PSE,2024,3,98253,74
PSE,2021,5,98026,664
CNG,2022,1,99337,77
CNG,2024,9,99350,45
PAC,2024,7,99324,508
CNG,2022,2,98240,13
Avista,2023,11,99114,525
PSE,2021,4,98109,369
PSE,2021,1,98235,22
PSE,2024,6,98133,924
NWN,2023,7,98662,1062
Avista,2021,7,99001,215
Avista,2022,4,99206,1453
PSE,2024,1,98558,26
PSE,2023,5,98125,584
Avista,2021,6,99181,133
CNG,2023,7,98295,37
Avista,2025,5,99040,80
PSE,2021,1,98424,195
CNG,2024,5,98901,371
PSE,2021,12,98591,10
NWN,2024,8,98127,0
PSE,2021,11,98146,648
PAC,2024,10,98603,1
PAC,2024,8,98908,2846
NWN,2024,4,98601,0
PSE,2021,8,98354,155
PSE,2023,1,98116,541
Avista,2024,7,99206,1239
NWN,2023,12,98605,12
Avista,2022,2,99126,64
PSE,2024,7,98467,305
Avista,2021,12,99161,68
Avista,2023,2,99020,1
PAC,2022,6,98923,124
PSE,2021,7,98465,284
PSE,2021,4,98532,150
NWN,2022,9,98601,0
Avista,2023,1,99212,1222
PSE,2021,11,98591,17
NWN,2022,1,98639,26
Avista,2024,6,99202,1153
Avista,2021,2,98620,83
PAC,2025,1,98937,322
NWN,2025,4,98208,0
PSE,2021,8,98220,39
PSE,2025,4,98166,76
PSE,2024,4,98941,188
PSE,2025,6,98516,2322
Avista,2022,1,99122,84
NWN,2023,7,98686,651
Avista,2024,12,98857,1
PSE,2021,5,98004,1703
PSE,2021,10,98501,622
Avista,2024,10,99111,85
PSE,2021,6,98465,110
PAC,2024,4,98933,96
Avista,2025,7,99014,6
CNG,2022,7,99336,372
Avista,2021,2,99030,38
Avista,2022,8,99033,32
NWN,2022,8,98762,0
PSE,2024,3,98119,422
NWN,2022,1,98668,0
NWN,2024,6,98307,0
PSE,2024,3,98028,990
CNG,2023,2,98230,439
CNG,2022,8,98276,33
PSE,2023,12,98253,83
CNG,2023,9,98230,440
CNG,2024,4,98264,539
PSE,2023,5,98295,273
PSE,2025,1,98257,402
CNG,2023,10,99336,376
PSE,2024,6,98375,1704
PSE,2022,7,98372,1997
PSE,2024,2,98387,2173
CNG,2023,2,98944,305
PSE,2022,9,98107,596
NWN,2024,7,98125,0
CNG,2022,11,99354,176
Avista,2024,5,99026,86
PSE,2023,4,98199,3670
CNG,2025,6,99338,123
PSE,2021,12,98404,913
Avista,2024,2,99158,11
PAC,2022,2,99360,46
PSE,2024,11,98125,635
PSE,2023,11,98239,351
Avista,2025,4,99114,588
PSE,2021,9,98407,630
Avista,2021,8,99006,313
Avista,2023,11,99037,283
PSE,2025,4,98177,15
Avista,2023,5,99176,3
PSE,2025,3,98568,2
PSE,2025,3,98327,552
PSE,2022,2,98366,2834
CNG,2022,4,98244,2
Avista,2022,7,98648,39
PSE,2021,7,98260,286
Avista,2022,6,99204,633
PSE,2024,10,98591,7
PSE,2024,4,98068,70
Avista,2025,6,99173,142
Avista,2023,10,99170,35
PSE,2025,5,98257,424
Avista,2024,4,98648,29
PSE,2023,1,98244,259
PSE,2024,10,98388,142
PSE,2022,8,98433,364
PSE,2022,9,98367,1712
NWN,2024,4,98642,841
PSE,2024,4,98407,660
Avista,2023,6,99149,10
Avista,2025,9,99001,254
Avista,2021,6,99164,1
PSE,2025,4,98503,1
Avista,2021,4,99207,2105
PSE,2021,6,98223,47
PSE,2024,1,98267,35
PAC,2025,5,99362,3386
PSE,2024,6,98232,196
Avista,2021,4,99025,95
Avista,2021,12,99260,0
Avista,2023,11,99113,10
NWN,2023,2,98671,603
Avista,2022,7,99174,8
PSE,2024,4,98014,529
PSE,2023,8,98146,683
PSE,2023,10,98068,87
Avista,2022,1,99025,100
CNG,2024,12,98337,204
PSE,2022,8,98122,1321
CNG,2023,8,98932,34
PSE,2023,11,98077,223
NWN,2022,9,98026,0
PSE,2021,10,98168,943
CNG,2024,5,98248,477
PSE,2025,6,98011,1580
CNG,2023,12,98930,250
PSE,2024,3,98272,741
CNG,2023,1,98953,68
PSE,2024,6,98467,292
PSE,2022,4,98406,843
PSE,2021,12,98146,584
Avista,2023,1,99130,41
PSE,2023,6,98117,840
Avista,2024,9,99138,125
Avista,2024,4,99371,19
PSE,2023,1,98201,993
CNG,2022,7,99353,49
PSE,2021,5,98115,805
PSE,2025,2,98010,543
PSE,2021,11,98253,85
Avista,2024,10,99019,423
NWN,2023,8,98675,0
PSE,2021,2,98226,2630
CNG,2022,9,99324,194
Avista,2025,4,99207,2240
PSE,2021,5,98465,100
PSE,2024,4,98027,1576
PSE,2025,4,98236,417
PSE,2024,4,98418,528
Avista,2024,4,99102,37
Avista,2025,6,99033,50
PSE,2022,11,98104,55
NWN,2022,6,98607,1121
Avista,2025,1,99117,10
PSE,2022,8,98262,113
PSE,2022,11,98118,1474
CNG,2025,5,98902,1617
PSE,2024,11,98443,67
NWN,2022,7,98668,0
Avista,2025,7,99212,1235
PSE,2023,10,98392,347
PSE,2023,3,98258,1825
PSE,2024,10,98178,787
PSE,2024,4,98276,101
PSE,2021,6,98312,2397
PSE,2023,6,98260,1862
PSE,2021,5,98008,756
PSE,2021,4,98040,653
PSE,2022,7,98107,616
PSE,2021,3,98296,242
NWN,2023,2,98661,849
PSE,2024,10,98043,426
PSE,2022,12,98296,403
Avista,2025,5,99326,22
Avista,2024,3,99216,1420
NWN,2025,5,98610,58
PSE,2023,9,98238,3
Avista,2024,4,99146,1
CNG,2023,11,98902,1228
CNG,2024,9,98232,7
PSE,2023,8,98375,1533
Avista,2023,2,99205,2410
Avista,2023,6,99102,47
PSE,2022,10,98004,2403
CNG,2023,8,98229,306
PSE,2023,7,98275,388
PSE,2023,4,98503,3935
CNG,2024,5,98632,112
Avista,2022,9,99027,289
NWN,2022,7,98307,0
Avista,2023,1,99006,253
PSE,2023,10,98223,78
Avista,2022,8,99131,5
PSE,2021,4,98284,1275
PSE,2021,2,98251,37
CNG,2022,4,99336,322
PSE,2025,4,98028,1064
PSE,2022,4,98136,413
PSE,2024,9,98409,674
Avista,2025,3,99018,11
Avista,2024,7,99403,543
Avista,2021,4,99217,926
PSE,2023,5,98028,1026
NWN,2022,2,98675,0
Avista,2022,4,99403,761
PSE,2021,11,98946,42
Avista,2024,3,99029,32
PSE,2025,3,98110,1263
Avista,2023,8,99220,0
Avista,2021,6,99207,1867
PSE,2021,7,98221,1518
NWN,2024,11,98675,0
PSE,2022,11,98433,362
Avista,2025,4,98857,3
CNG,2022,2,98802,17
Avista,2022,2,99173,124
NWN,2022,4,98668,0
CNG,2022,6,98632,108
NWN,2023,12,98664,174
CNG,2024,11,98221,517
NWN,2023,8,98661,672
Avista,2023,8,99130,44
NWN,2022,12,98660,274
PSE,2025,1,98323,45
CNG,2022,3,98273,286
Avista,2022,6,99207,2229
PSE,2023,11,98467,261
Avista,2023,2,99101,60
Avista,2023,11,99160,6
Avista,2022,11,99146,3
Avista,2024,1,99174,3
PSE,2024,4,98126,699
NWN,2023,4,98684,1114
PAC,2024,2,98920,118
CNG,2024,2,98240,10
PSE,2021,9,98502,3127
CNG,2022,5,98232,6
CNG,2022,9,98901,350
CNG,2024,8,98292,174
Avista,2024,6,99174,4
Avista,2022,11,99151,9
CNG,2022,6,98221,421
CNG,2024,6,98611,12
Avista,2021,1,99204,690
PSE,2022,8,98223,64
PSE,2021,7,98263,32
PSE,2024,11,98168,1146
Avista,2021,9,99159,48
Avista,2022,7,99009,87
CNG,2025,5,98625,27
PSE,2022,9,98034,2855
CNG,2025,2,98314,1
PSE,2022,4,98188,2080
PSE,2022,9,98239,439
Avista,2022,5,99039,6
PSE,2021,10,98264,1199
Avista,2024,6,99117,11
Avista,2025,7,99203,495
Avista,2021,4,99161,65
PSE,2024,2,98499,701
PSE,2021,3,98940,177
PSE,2023,11,98294,206
PSE,2022,8,98237,444
CNG,2023,6,98848,2
PSE,2024,8,98029,1362
PSE,2022,3,98003,4566
Avista,2024,2,99164,1
PSE,2023,7,98323,50
NWN,2023,11,98607,575
PSE,2022,11,98032,4152
NWN,2022,9,98127,0
PSE,2024,9,98027,1500
PSE,2022,7,98273,1857
PSE,2023,3,98421,5
PSE,2023,11,98375,1535
Avista,2025,1,99402,44
PSE,2025,1,98391,2946
Avista,2023,10,99039,10
PSE,2021,3,98332,179
PSE,2023,12,98372,2199
Avista,2023,9,99110,35
PSE,2023,11,98258,1949
NWN,2023,8,98666,0
PSE,2023,8,98125,592
CNG,2022,6,98229,341
PSE,2021,10,98177,440
CNG,2024,1,98232,9
PSE,2024,11,98466,575
CNG,2023,11,98229,395
NWN,2023,10,98663,157
PSE,2021,11,98003,4218
PAC,2025,2,98951,1038
Avista,2025,6,99181,147
PSE,2022,7,98392,304
Avista,2022,6,99130,48
CNG,2022,8,98223,380
PSE,2022,7,98359,249
PSE,2023,6,98240,375
PSE,2023,10,98102,663
PSE,2021,9,98530,1692
Avista,2021,12,99037,276
PSE,2024,11,98133,1010
PSE,2022,4,98295,73
Avista,2023,5,99033,46
PSE,2022,6,98310,2144
PAC,2024,12,98936,316
PSE,2023,5,98576,519
CNG,2023,12,98248,479
PSE,2022,4,98327,497
CNG,2022,1,98802,22
NWN,2025,3,98683,967
PSE,2024,10,98404,988
PSE,2021,9,98059,1750
Avista,2025,7,99163,1705
Avista,2024,4,99149,7
CNG,2022,7,98275,1
NWN,2022,12,97031,0
PSE,2021,10,98112,712
PSE,2021,7,98223,55
Avista,2021,9,99174,4
NWN,2023,9,97031,0
Avista,2023,4,99160,9
CNG,2024,2,98902,1114
PSE,2023,2,98329,3
PSE,2021,6,98516,1670
PAC,2024,2,98908,95
PSE,2023,5,98281,3276
Avista,2025,9,99128,10
PSE,2021,11,98321,862
PSE,2023,12,98296,446
NWN,2022,5,98672,146
CNG,2024,5,98310,559
PSE,2024,5,98444,781
Avista,2022,9,99159,41
Avista,2023,10,99129,75
PSE,2023,11,98360,1
CNG,2025,3,98314,1
PSE,2023,7,98360,1
PSE,2022,5,98117,796
Avista,2021,11,99023,7
PSE,2021,8,98022,1832
Avista,2025,5,99201,1227
PSE,2021,6,98926,337
PSE,2021,3,98021,350
PSE,2024,8,98568,2
CNG,2023,4,99352,387
PSE,2023,1,98021,570
Avista,2022,2,99008,19
CNG,2023,3,99301,996
PSE,2023,9,98499,715
PSE,2023,6,98346,38
NWN,2025,1,98607,650
Avista,2022,5,99260,0
PSE,2024,3,98037,591
Avista,2025,3,99326,23
PSE,2022,8,98321,877
PSE,2021,6,98360,575
Avista,2024,10,99203,486
Avista,2023,7,99169,82
PSE,2023,10,98133,965
PSE,2023,6,98229,3193
Avista,2022,12,99130,31
PSE,2024,7,98258,1778
PSE,2021,5,98023,3008
PSE,2022,8,98310,2114
Avista,2024,7,99109,185
Avista,2021,2,99402,74
Avista,2024,9,99218,459
PSE,2021,2,98052,2619
PSE,2021,12,98224,30
PSE,2021,8,98390,843
NWN,2023,11,98663,163
Avista,2022,6,99220,0
PSE,2024,7,98037,645
PSE,2021,2,98203,781
PSE,2022,6,98236,339
Avista,2024,11,99144,0
Avista,2022,4,99008,16
PSE,2024,7,98109,414
PSE,2023,2,98390,1022
Avista,2025,4,99130,51
NWN,2025,6,98607,998
Avista,2021,2,99141,328
Avista,2021,8,99037,279
PSE,2023,4,98274,2275
Avista,2022,3,99164,0
Avista,2025,4,99157,49
PSE,2024,2,98112,681
CNG,2024,8,98229,342
PSE,2022,8,98109,428
CNG,2022,8,99301,1130
Avista,2025,2,99009,76
PSE,2022,1,98039,69
PSE,2024,3,98383,1510
CNG,2023,9,99338,116
Avista,2022,5,99185,69
PSE,2021,1,98292,52
PSE,2023,9,98262,132
CNG,2023,1,98277,438
NWN,2023,11,98612,0
PAC,2024,3,98942,1705
PSE,2025,3,98240,247
PSE,2022,2,98409,752
Avista,2022,2,99003,96
CNG,2022,7,98932,56
Avista,2023,9,99037,312
PSE,2022,5,98596,24
PSE,2024,10,98168,1063
PSE,2022,7,98941,166
PSE,2022,4,98043,479
NWN,2025,4,98626,0
PSE,2021,3,98240,215
NWN,2024,9,98661,588
PSE,2024,7,98047,480
NWN,2025,1,97031,0
PSE,2021,12,98031,2208
PSE,2023,6,98019,350
PSE,2024,3,98229,2283
PSE,2023,7,98030,3427
NWN,2022,6,98672,133
PSE,2024,4,98943,80
PSE,2024,10,98925,80
CNG,2023,7,99337,147
PSE,2025,3,98027,1542
Avista,2022,1,99218,616
PSE,2023,10,98312,3053
PAC,2022,5,98936,452
Avista,2021,11,99149,6
PSE,2022,9,98272,773
PSE,2022,12,98272,826
Avista,2024,8,99020,2
PSE,2021,6,98467,259
PSE,2021,5,98247,495
PSE,2024,4,98532,163
PSE,2022,6,98134,18
Avista,2021,2,99001,300
Avista,2025,1,99014,3
Avista,2022,4,99341,52
Avista,2023,2,99125,30
CNG,2023,3,98233,518
PSE,2023,5,98238,534
PSE,2022,4,98065,706
NWN,2022,2,98662,966
NWN,2025,4,97388,0
CNG,2023,9,98520,158
PAC,2022,3,98939,31
CNG,2024,11,98247,129
PSE,2023,2,98005,1049
PAC,2025,6,99350,7
Avista,2022,6,99326,27
PSE,2022,1,98266,448
Avista,2022,3,99018,10
PSE,2021,8,98312,2449
PSE,2021,1,98188,1802
PSE,2024,4,98116,556
PSE,2024,5,98134,18
NWN,2023,9,98663,173
CNG,2024,5,98942,180
PSE,2025,2,98374,2874
PAC,2024,11,98903,1132
CNG,2024,11,99354,191
Avista,2024,6,99122,96
PSE,2023,3,98007,1797
PSE,2024,1,98922,846
PSE,2024,7,98466,583
Avista,2022,1,99402,59
Avista,2022,9,99006,268
CNG,2025,1,98557,16
NWN,2024,1,98612,0
Avista,2024,7,99224,607
PSE,2022,12,98502,2510
CNG,2025,1,98226,512
PSE,2022,9,98424,231
CNG,2025,3,98225,637
PSE,2024,11,98032,4251
PSE,2023,10,98087,891
PSE,2023,5,98321,3037
Avista,2024,5,99224,749
PSE,2022,6,98232,165
Avista,2025,6,99023,8
Avista,2024,4,99104,1
PSE,2022,9,98103,1199
PSE,2021,10,98023,3306
PSE,2025,4,98237,553
Avista,2021,5,99013,119
PSE,2022,11,98075,277
PAC,2022,6,98948,869
PSE,2023,4,98422,6
PAC,2022,8,98935,201
Avista,2025,8,99181,139
PSE,2023,10,98467,275
PSE,2025,4,98323,74
NWN,2023,6,98672,160
Avista,2025,3,99403,746
PSE,2023,5,98225,43
NWN,2024,12,98307,0
CNG,2025,6,98953,73
PSE,2022,5,98072,785
PSE,2023,6,98392,3143
PSE,2023,9,98247,608
Avista,2021,8,99032,38
PSE,2025,3,98292,73
PSE,2024,8,98366,2686
Avista,2022,10,99260,0
Avista,2023,1,99025,77
PSE,2025,1,98418,488
Avista,2021,2,99036,6
PSE,2023,3,98198,3537
NWN,2023,12,98684,305
PSE,2024,8,98074,848
Avista,2023,6,99109,182
Avista,2021,1,99027,322
Avista,2025,7,99174,2
PSE,2021,3,98110,1297
PSE,2021,7,98312,2430
Avista,2024,10,99219,0
PSE,2022,8,98002,4669
PSE,2021,10,98404,1036
Avista,2025,9,99173,115
PSE,2024,11,98229,1638
PSE,2022,5,98004,2533
Avista,2022,7,99102,61
PSE,2021,6,98430,1
NWN,2022,6,98635,1
Avista,2021,3,99403,885
PSE,2024,2,98391,3338
CNG,2024,4,98848,4
Avista,2022,7,99114,614
CNG,2025,6,98848,16
Avista,2021,10,99204,655
CNG,2023,11,98930,204
PSE,2022,12,98329,5
PSE,2021,10,98126,654
PSE,2021,4,98068,66
Avista,2025,3,98648,26
PSE,2023,11,98068,94
Avista,2022,3,99030,38
PSE,2021,2,98402,39
PSE,2023,3,98380,312
PAC,2022,3,98603,1
PSE,2024,8,98422,501
PSE,2021,12,98056,2072
PSE,2024,5,98292,50
Avista,2024,11,99025,80
PSE,2023,3,98403,274
PSE,2023,9,98340,257
CNG,2024,6,98625,24
PSE,2022,1,98058,2642
Avista,2021,11,99125,19
PSE,2024,3,98403,243
PSE,2022,4,98340,245
PSE,2022,7,98253,82
Avista,2024,10,99224,644
Avista,2024,5,99110,24
Avista,2021,8,99208,2770
PSE,2023,7,98116,587
PSE,2021,10,98406,856
CNG,2022,9,98225,760
Avista,2022,3,99402,52
PSE,2022,12,98208,1176
CNG,2024,1,98848,2
Avista,2025,2,99174,3
NWN,2023,8,98684,786
PSE,2022,3,98155,610
PSE,2023,12,98053,622
PSE,2023,9,98249,277
PSE,2024,7,98056,2569
CNG,2025,2,98273,440
PSE,2021,12,98503,1883
Avista,2024,9,99004,190
PSE,2024,7,98034,3136
PSE,2022,6,98375,1463
PSE,2023,6,98144,1210
PSE,2022,3,98502,2600
PSE,2024,10,98506,1302
PSE,2023,1,98404,1069
PAC,2024,10,99363,9
Avista,2024,10,99102,22
PSE,2022,10,98446,393
CNG,2022,11,99336,318
Avista,2023,7,99157,41
NWN,2022,2,98674,0
PSE,2021,7,98055,1836
Avista,2021,3,99179,27
PSE,2024,2,98012,1341
Avista,2021,10,99040,83
CNG,2024,12,98383,241
Avista,2022,5,99027,318
PSE,2021,10,98238,6
Avista,2021,7,99169,74
Avista,2025,3,99203,618
PSE,2022,5,98271,537
PSE,2024,2,98108,993
Avista,2023,1,99202,986
Avista,2022,8,99034,4
PAC,2024,6,98939,29
CNG,2022,6,98220,8
PAC,2025,6,99347,202
NWN,2024,7,98612,0
Avista,2025,2,99149,7
CNG,2024,9,98908,569
NWN,2025,6,97388,0
NWN,2023,10,98612,0
PSE,2022,8,98295,73
PSE,2023,5,98253,260
PSE,2021,7,98178,727
PSE,2021,9,98390,861
CNG,2023,3,98230,440
PSE,2023,9,98125,609
Avista,2021,7,99212,1189
CNG,2023,3,98948,184
CNG,2024,7,98520,154
Avista,2025,3,99169,68
PSE,2024,10,98007,1966
Avista,2024,3,99129,83
NWN,2023,11,98686,349
Avista,2023,5,99107,0
PSE,2025,2,98102,530
CNG,2023,12,99336,353
Avista,2022,7,99148,166
PSE,2021,9,98177,407
PSE,2022,3,98591,14
Avista,2021,1,99185,60
NWN,2024,9,97301,0
PSE,2022,10,98002,4676
PSE,2024,9,98225,3014
NWN,2024,5,98125,0
Avista,2024,4,99169,82
CNG,2022,11,99301,1628
PAC,2024,3,99350,5
Avista,2021,2,99027,242
PSE,2022,3,98404,1063
PAC,2022,5,99347,199
PSE,2022,9,98168,1094
Avista,2021,2,99037,303
PSE,2022,1,98247,525
Avista,2021,5,99014,4
PSE,2024,11,98430,1
Avista,2023,10,99103,17
NWN,2025,1,98127,0
NWN,2023,12,98642,324
PSE,2024,3,98031,3313
PSE,2023,9,98229,1792
PSE,2024,4,98257,382
PAC,2022,3,98944,1871
NWN,2024,8,98617,0
PSE,2025,3,98501,3996
NWN,2023,12,98607,317
NWN,2024,6,98119,0
PSE,2023,11,98022,1202
Avista,2021,4,99005,162
PSE,2024,4,98021,613
PSE,2022,2,98388,157
CNG,2025,5,99337,176
PSE,2022,7,98146,703
Avista,2023,8,99019,469
PSE,2021,8,98059,1701
Avista,2023,12,99026,78
PSE,2023,7,98033,1763
Avista,2024,7,99005,158
PSE,2022,4,98332,266
Avista,2025,3,99208,2443
PAC,2024,1,99324,501
Avista,2021,1,99008,27
Avista,2024,4,99143,17
Avista,2023,4,99109,172
Avista,2023,3,99156,1
PSE,2022,2,98403,283
CNG,2022,1,99338,42
Avista,2021,3,99023,10
CNG,2024,4,99338,95
Avista,2022,4,99185,59
PSE,2025,6,98068,72
PSE,2024,12,98109,486
PSE,2022,12,98039,77
PSE,2021,9,98579,658
Avista,2022,5,99224,710
PSE,2022,10,98056,2662
CNG,2023,11,98848,2
CNG,2025,1,98311,495
NWN,2023,11,98660,236
PSE,2023,7,98443,68
PSE,2023,6,98270,51
NWN,2025,6,98675,0
Avista,2024,3,99181,128
NWN,2023,10,98119,0
PSE,2023,3,98596,22
Avista,2025,5,99001,277
PSE,2022,1,98038,1835
Avista,2025,2,99223,1285
CNG,2024,12,98345,6
PSE,2021,7,98056,2368
PSE,2024,9,98221,1299
NWN,2023,4,98635,1
CNG,2022,9,98584,170
PSE,2021,12,98354,154
CNG,2024,7,98557,10
PSE,2021,10,98270,1949
Avista,2024,12,99201,996
Avista,2024,12,99114,492
PSE,2024,5,98257,404
PSE,2021,3,98311,1495
PSE,2021,6,98077,239
Avista,2025,4,99156,1
PSE,2023,7,98359,793
Avista,2022,2,99114,598
PAC,2022,1,98603,1
PSE,2021,11,98589,418
PSE,2021,1,98020,270
Avista,2024,9,99151,9
PSE,2022,1,98501,3728
PSE,2025,2,98294,211
CNG,2023,3,98383,177
NWN,2025,2,98605,25
Avista,2024,3,99107,0
NWN,2025,4,98660,433
PSE,2021,4,98321,685
PSE,2023,4,98087,842
Avista,2023,5,99006,282
CNG,2022,10,98528,11
PSE,2025,5,98266,496
PSE,2022,7,98503,3323
PSE,2025,2,98257,415
PSE,2022,1,98037,597
PSE,2023,8,98295,86
CNG,2025,6,98370,151
PSE,2022,8,98418,503
Avista,2022,2,99163,1277
PSE,2023,11,98042,3310
PSE,2022,1,98424,247
Avista,2021,10,99006,294
PSE,2021,4,98372,1361
PSE,2025,1,98372,2025
PSE,2021,11,98010,430
Avista,2021,5,99217,1020
PSE,2024,1,98406,709
Avista,2023,7,99117,18
PAC,2022,6,99361,137
Avista,2024,11,99151,10
PSE,2024,1,98390,1014
PSE,2022,2,98274,1064
PSE,2021,10,98277,2715
Avista,2024,3,99341,42
Avista,2024,4,99111,132
PSE,2023,9,98446,447
PAC,2024,6,98937,391
PSE,2022,6,98168,1042
PSE,2022,1,98359,264
PSE,2023,9,98258,1845
CNG,2022,12,98225,653
PSE,2022,12,98092,4335
PSE,2021,5,98466,585
CNG,2024,7,99324,160
NWN,2022,12,98662,704
PSE,2024,9,98208,1209
CNG,2022,6,99344,154
PSE,2023,7,98446,365
Avista,2022,8,99019,431
PSE,2022,8,98177,477
NWN,2022,8,98664,528
Avista,2023,4,99167,34
Avista,2022,7,99141,369
PAC,2022,5,98921,89
PSE,2021,12,98273,1567
PSE,2024,9,98418,502
NWN,2025,4,97301,0
Avista,2022,7,99020,3
Avista,2022,12,99134,19
Avista,2024,7,99171,27
PSE,2023,1,98263,30
Avista,2025,4,99149,10
Avista,2024,6,99176,5
Avista,2023,7,99111,121
PSE,2023,5,98934,121
PSE,2021,6,98118,1459
PSE,2023,2,98252,274
Avista,2022,1,99204,604
Avista,2021,6,99023,10
PSE,2022,1,98385,20
PAC,2024,7,98932,461
Avista,2024,6,99131,5
PSE,2023,2,98232,162
PSE,2023,11,98391,2954
PSE,2022,8,98118,1544
PSE,2021,1,98223,55
PSE,2021,5,98204,561
PSE,2021,9,98310,1950
PSE,2023,6,98941,84
PSE,2024,5,98221,1610
PSE,2022,7,98262,120
PSE,2023,10,98513,2605
CNG,2022,3,98240,11
NWN,2024,3,98026,0
Avista,2022,6,99107,0
Avista,2025,6,99040,85
PAC,2024,1,98936,419
Avista,2021,4,99204,587
NWN,2023,2,98639,48
PSE,2023,9,98387,2191
PSE,2022,2,98498,1994
PSE,2023,11,98370,1911
PSE,2023,6,98011,1460
PSE,2024,2,98230,1271
PAC,2024,10,99348,32
Avista,2022,5,99122,85
Avista,2022,1,99179,16
PSE,2021,4,98115,1104
NWN,2022,4,98675,0
PSE,2023,4,98104,56
PSE,2022,3,98374,2308
Avista,2022,9,99033,34
PSE,2022,4,98244,258
Avista,2024,2,99176,0
CNG,2022,10,98930,225
PSE,2022,3,98002,4636
PSE,2024,5,98283,51
Avista,2023,11,99149,16
NWN,2025,2,98686,474
Avista,2023,5,99110,38
Avista,2024,6,99107,1
PSE,2022,9,98354,194
NWN,2023,10,98307,0
PSE,2022,11,98004,2469
PSE,2023,6,98255,90
PSE,2022,9,98532,176
PSE,2022,11,98126,759
Avista,2022,8,99003,83
CNG,2025,5,98802,26
PSE,2021,5,98531,411
NWN,2022,5,98642,767
Avista,2021,12,99216,1126
CNG,2025,5,98284,392
PSE,2024,8,98345,23
Avista,2022,3,99341,39
Avista,2024,9,99179,18
Avista,2023,2,99157,38
PSE,2022,2,98264,1353
PSE,2021,11,98244,255
PSE,2023,10,98589,572
PSE,2024,8,98033,1705
Avista,2024,9,99103,14
PSE,2023,9,98050,19
PSE,2024,12,98221,1609
PSE,2023,5,98443,79
Avista,2024,11,99403,851
PSE,2024,12,98092,3816
PAC,2024,7,98937,348
Avista,2024,7,99006,226
Avista,2022,3,99208,2283
Avista,2021,8,99149,14
PSE,2022,1,98133,819
Avista,2023,1,99146,1
CNG,2025,2,98902,1184
PSE,2023,8,98405,1112
PSE,2021,7,98580,594
CNG,2025,5,98948,217
Avista,2023,11,99169,62
CNG,2024,9,99338,127
PSE,2023,3,98118,1669
PSE,2023,3,98252,286
PSE,2022,8,98053,563
PSE,2021,1,98201,789
PSE,2025,5,98513,2720
PSE,2024,2,98354,213
Avista,2024,3,99228,0
Avista,2021,3,99037,262
Avista,2024,10,99129,57
PSE,2023,1,98203,881
PSE,2021,5,98221,1511
CNG,2023,10,98953,64
Avista,2024,4,99185,71
Avista,2025,1,99335,0
Avista,2025,7,98648,24
PSE,2022,1,98421,4
PSE,2024,8,98392,238
PSE,2021,8,98166,692
PAC,2025,3,99362,2587
PSE,2024,2,98220,47
PSE,2023,10,98321,969
CNG,2023,10,99350,59
NWN,2023,7,98307,0
PSE,2025,5,98136,389
PSE,2025,2,98597,1743
PSE,2021,8,98409,669
CNG,2025,4,98230,412
Avista,2024,9,99130,31
PSE,2021,3,98263,26
PSE,2023,5,98003,5410
CNG,2023,5,98557,14
PSE,2022,2,98370,1924
PSE,2022,2,98022,1124
CNG,2024,7,99344,158
PSE,2021,5,98263,27
PAC,2025,1,98902,5125
CNG,2022,2,98230,414
NWN,2023,2,98620,0
PSE,2025,2,98039,50
Avista,2023,10,99219,0
Avista,2025,5,99202,1194
PSE,2023,6,98102,635
PSE,2022,2,98346,557
PSE,2022,2,98251,47
PSE,2021,4,98007,1227
Avista,2021,7,99031,26
PSE,2025,1,98531,563
Avista,2022,8,98648,31
PSE,2025,3,98446,359
PSE,2025,4,98335,49
NWN,2023,3,98307,0
Avista,2022,9,99224,727
PSE,2024,12,98383,1526
PSE,2025,2,98940,81
PSE,2022,6,98047,514
PSE,2023,4,98465,108
Avista,2023,9,99039,6
PSE,2021,3,98576,382
CNG,2022,1,98367,166
Avista,2021,10,99341,45
Avista,2022,10,99040,57
CNG,2024,3,98632,117
Avista,2024,3,99005,167
PSE,2023,1,98922,695
Avista,2022,12,99164,1
PSE,2024,8,98112,671
PSE,2025,6,98407,25
PSE,2023,2,98237,448
PSE,2022,3,98446,360
PSE,2021,4,98403,230
Avista,2022,1,99130,35
PSE,2021,4,98292,52
PSE,2021,10,98345,37
PSE,2021,5,98001,1362
NWN,2023,8,98635,0
PSE,2024,7,98108,1020
PSE,2023,8,98337,897
PSE,2024,11,98002,3821
CNG,2024,10,99324,160
Avista,2023,7,99167,40
Avista,2022,3,99335,0
PAC,2025,4,98921,99
Avista,2024,1,99040,56
CNG,2022,9,98383,202
Avista,2022,3,99027,190
CNG,2022,2,98942,150
PSE,2023,8,98199,531
PSE,2024,6,98530,67
Avista,2024,1,99171,35
PSE,2023,5,98946,52
PSE,2022,4,98501,2542
PSE,2024,10,98239,329
PSE,2023,7,98290,508
Avista,2023,8,99158,19
Avista,2025,9,99039,12
PSE,2024,5,98310,2269
Avista,2024,7,98857,1
Avista,2024,10,99159,28
PSE,2022,9,98288,44
NWN,2022,12,98684,658
NWN,2023,4,98604,1130
Avista,2024,12,99371,19
Avista,2023,10,99110,32
PSE,2024,1,98385,30
PSE,2021,5,98118,1382
PSE,2024,5,98270,2081
PSE,2023,8,98221,1570
CNG,2024,9,98366,650
PSE,2021,11,98276,75
PSE,2024,6,98255,46
PSE,2023,9,98418,543
PSE,2023,2,98338,907
PSE,2021,6,98107,441
PSE,2021,1,98006,1014
PSE,2021,10,98057,1543
NWN,2023,1,98026,0
PSE,2024,11,98178,801
PSE,2024,6,98311,2268
PSE,2022,5,98359,266
CNG,2024,2,98802,24
PSE,2022,1,98513,2474
Avista,2025,3,99161,75
Avista,2022,5,99014,2
CNG,2024,7,98221,482
PSE,2021,12,98042,2609
PSE,2024,11,98370,1885
NWN,2023,10,98628,16
PSE,2022,3,98104,53
Avista,2022,8,99039,10
PAC,2024,10,98936,371
PSE,2024,10,98312,2776
CNG,2022,9,98848,4
PSE,2025,4,98589,625
PSE,2025,2,98424,282
Avista,2025,9,99160,5
PSE,2022,3,98392,321
PSE,2024,9,98943,70
Avista,2021,1,99029,61
Avista,2025,8,99141,304
CNG,2024,5,98292,203
Avista,2024,12,99033,32
NWN,2022,11,98762,0
Avista,2021,2,99148,175
PSE,2023,1,98107,589
Avista,2023,9,99109,198
PSE,2022,6,98198,3187
PSE,2021,4,98065,589
PSE,2023,7,98050,14
CNG,2023,5,98942,166
NWN,2024,5,98208,0
Avista,2021,4,98620,86
CNG,2022,11,98221,451
Avista,2021,9,99001,233
PSE,2023,2,98257,384
Avista,2021,5,99032,35
PSE,2022,3,98258,1703
Avista,2025,7,99224,765
Avista,2022,1,99220,0
Avista,2021,2,99129,91
PSE,2023,9,98110,1683
PSE,2024,10,98122,1323
Avista,2023,12,99102,37
PSE,2021,12,98105,693
Avista,2022,5,99220,0
CNG,2022,8,99354,201
Avista,2023,1,99020,1
PSE,2024,11,98275,390
PSE,2021,4,98354,127
NWN,2022,1,98674,0
PSE,2022,3,98422,466
Avista,2022,6,99129,89
PSE,2022,4,98036,817
PSE,2022,10,98028,928
Avista,2022,9,99031,20
PSE,2022,11,98367,1630
PSE,2021,3,98121,145
Avista,2021,12,99403,776
PSE,2021,12,98406,684
CNG,2024,11,98674,105
PAC,2024,2,98933,445
PSE,2023,12,98281,487
PSE,2024,2,98052,4105
PSE,2021,3,98403,233
CNG,2024,4,98674,109
PSE,2024,2,98223,69
CNG,2022,7,98311,503
Avista,2024,3,99167,34
PAC,2025,6,99323,241
PSE,2021,4,98328,41
PAC,2022,7,98920,1
NWN,2024,10,98648,0
PSE,2024,8,98530,60
PSE,2023,12,98359,759
PSE,2023,6,98022,1895
PSE,2025,6,98922,492
PSE,2023,2,98030,3599
PSE,2023,12,98036,868
PSE,2023,12,98446,428
PSE,2025,5,98385,37
NWN,2025,5,98629,246
Avista,2022,12,99001,187
Avista,2021,2,99114,651
Avista,2021,10,99005,173
PSE,2021,2,98045,761
PSE,2023,6,98104,50
PSE,2021,2,98444,745
PSE,2025,5,98926,444
PSE,2022,4,98292,64
Avista,2025,7,99031,19
Avista,2022,12,99218,561
CNG,2022,2,98366,409
PSE,2024,4,98421,4
PSE,2023,10,98249,290
Avista,2023,12,99036,8
PAC,2024,11,98942,1065
PSE,2025,1,98059,2036
PSE,2023,11,98118,1481
Avista,2023,10,99156,1
PSE,2024,12,98407,653
NWN,2022,11,98127,0
PSE,2024,7,98224,32
PSE,2022,2,98502,2644
Avista,2022,9,99163,1682
PSE,2021,4,98271,426
Avista,2021,11,99224,763
PSE,2022,8,98229,1475
PSE,2022,1,98024,300
PSE,2022,6,98122,1360
NWN,2024,8,98125,0
PSE,2021,10,98579,707
Avista,2025,2,99019,285
Avista,2023,12,99122,75
Avista,2024,3,99169,78
PSE,2023,9,98267,42
PSE,2023,7,98591,12
Avista,2022,9,99148,147
PSE,2023,3,98281,472
PSE,2021,5,98032,3200
PSE,2024,5,98262,127
PSE,2022,2,98272,341
CNG,2024,10,98632,97
Avista,2021,2,99143,15
PSE,2022,9,98087,812
Avista,2022,11,99034,5
PSE,2024,8,98445,1051
PSE,2025,6,98077,189
PSE,2022,3,98226,2874
CNG,2022,4,98311,415
NWN,2023,7,98664,612
CNG,2023,12,99301,1892
PSE,2024,5,98403,244
Avista,2021,9,99204,639
CNG,2023,11,98310,476
PSE,2022,3,98576,469
PSE,2022,1,98220,36
PSE,2021,4,98247,434
PSE,2021,2,98155,440
PSE,2023,4,98366,1
PSE,2022,12,98446,409
NWN,2025,3,98661,845
PSE,2023,7,98051,225
PSE,2023,1,98433,330
PSE,2023,4,98513,2799
PSE,2024,6,98119,470
PSE,2022,3,98273,1830
PSE,2024,11,98270,2478
PSE,2021,6,98925,58
PSE,2024,2,98033,1818
PSE,2025,3,98045,779
CNG,2025,3,98230,417
NWN,2024,2,98672,139
NWN,2022,10,98864,0
PSE,2023,3,98224,39
CNG,2023,7,98524,7
CNG,2022,6,98802,17
CNG,2022,6,99354,161
PSE,2021,5,98922,736
Avista,2021,5,99149,13
PSE,2023,5,98030,3491
PSE,2021,2,98408,964
PSE,2023,7,98208,1255
Avista,2024,9,99173,123
PSE,2023,6,98040,874
PSE,2022,8,98367,1607
NWN,2022,2,98610,60
PSE,2021,1,98056,2224
Avista,2024,8,99205,1667
CNG,2024,9,98837,80
Avista,2022,8,99018,6
NWN,2022,3,98683,993
PSE,2021,4,98199,376
PSE,2022,1,98047,505
CNG,2024,11,98550,132
PSE,2024,5,98926,420
PSE,2024,10,98004,2634
PSE,2023,8,98034,2828
CNG,2023,3,98550,112
Avista,2024,12,99148,132
CNG,2024,4,99362,839
Avista,2023,6,99160,9
CNG,2023,12,98314,1
CNG,2024,5,98337,220
PSE,2025,1,98240,241
PSE,2021,4,98229,1604
NWN,2025,4,98607,1145
Avista,2021,3,99013,141
Avista,2023,3,99143,18
PSE,2022,3,98402,51
NWN,2024,8,97301,0
NWN,2022,10,98682,1436
NWN,2023,10,98682,1442
Avista,2022,12,99025,78
PSE,2023,6,98188,857
NWN,2024,7,98605,22
Avista,2022,11,99134,23
PSE,2022,12,98371,1424
CNG,2023,10,98802,18
PSE,2024,9,98503,3214
PSE,2023,7,98926,370
PSE,2022,6,98353,2
Avista,2025,9,99176,10
CNG,2023,5,98901,409
PSE,2021,1,98021,394
PSE,2022,1,98031,2869
PSE,2024,9,98406,673
Avista,2023,3,99203,690
PSE,2022,4,98446,118
PSE,2023,10,98424,292
PSE,2021,7,98418,474
PAC,2024,4,99363,16
PSE,2025,5,98408,93
PSE,2025,1,98068,75
Avista,2023,9,99033,41
CNG,2025,2,98936,103
PSE,2021,1,98283,33
PSE,2025,1,98383,1463
PSE,2021,1,98077,154
Avista,2023,4,99203,631
PSE,2022,12,98284,1530
PSE,2021,2,98277,3019
PAC,2022,9,98938,176
PAC,2025,3,98947,377
CNG,2024,1,98948,178
PSE,2023,10,98445,1025
PSE,2021,1,98516,1619
CNG,2022,4,98367,210
PSE,2022,10,98252,235
PSE,2021,5,98229,1104
NWN,2022,11,98668,0
Avista,2025,7,99202,1090
PSE,2022,6,98258,1847
PSE,2021,9,98229,1299
NWN,2023,4,98626,0
PSE,2023,1,98055,2215
PSE,2022,3,98037,623
PSE,2022,2,98226,2748
PSE,2023,4,98385,1555
PSE,2023,10,98005,1092
PSE,2022,9,98328,66
PSE,2021,8,98006,1168
PSE,2025,2,98055,2406
PAC,2025,4,98939,31
PSE,2022,5,98007,1687
Avista,2021,12,99179,17
PSE,2022,8,98596,20
PSE,2023,11,98199,560
NWN,2023,1,97301,0
NWN,2022,12,98635,0
PSE,2022,8,98031,2860
PSE,2023,11,98372,2043
Avista,2021,9,99208,2728
Avista,2021,8,99030,41
CNG,2024,2,98278,1
PSE,2021,3,98177,287
Avista,2021,4,99117,11
PSE,2022,9,98258,1712
PSE,2025,4,98110,1294
PSE,2022,7,98177,454
PSE,2023,11,98122,1351
Avista,2022,6,99160,10
PAC,2022,9,99360,97
NWN,2024,3,98620,0
PSE,2022,4,98273,1894
PSE,2021,11,98374,2118
PSE,2021,8,98422,468
Avista,2023,11,99027,310
PAC,2024,10,98901,1950
PSE,2024,2,98065,719
Avista,2021,12,99022,190
CNG,2022,2,99353,30
Avista,2025,2,99208,2139
Avista,2024,3,99335,0
NWN,2025,2,98617,0
PSE,2023,7,98277,3183
PSE,2024,7,98077,255
PAC,2022,9,99328,349
PSE,2024,10,98224,30
NWN,2023,7,98604,824
PSE,2024,11,98074,822
PSE,2023,10,98011,1483
PSE,2022,8,98281,430
Avista,2023,4,99134,28
PSE,2024,3,98237,535
PSE,2022,9,98208,1119
PSE,2024,7,98292,58
Avista,2023,1,99403,663
NWN,2022,4,98648,0
PSE,2022,7,98056,2661
PSE,2022,4,98225,2523
PSE,2023,11,98029,1560
Avista,2023,11,99004,183
PSE,2025,3,98101,44
PSE,2025,1,98105,837
PSE,2025,4,98409,13
PSE,2024,7,98230,1197
PSE,2021,8,98024,256
Avista,2021,12,99130,42
Avista,2022,9,99201,1216
CNG,2023,1,98370,113
PSE,2022,11,98342,51
PSE,2023,5,98264,44
PSE,2023,9,98589,569
PSE,2024,12,98498,1926
PSE,2023,3,98467,300
Avista,2022,9,99021,253
CNG,2023,2,98295,47
PSE,2023,2,98266,505
PSE,2022,7,98579,789
PSE,2022,6,98101,41
PSE,2023,9,98126,802
Avista,2021,12,99013,138
NWN,2023,1,98666,0
PSE,2021,1,98106,439
PSE,2022,8,98346,656
PSE,2021,1,98125,398
PSE,2023,4,98589,625
Avista,2021,7,99033,37
PSE,2023,11,98237,473
PSE,2023,9,98235,25
PSE,2022,1,98260,281
NWN,2023,7,98635,0
PSE,2025,3,98370,2026
PSE,2023,5,98558,28
Avista,2025,8,99032,34
PSE,2021,11,98266,471
NWN,2022,11,98612,0
NWN,2024,1,98607,638
Avista,2023,2,99204,570
PSE,2024,4,98039,66
CNG,2025,6,98278,2
PSE,2021,8,98010,383
PAC,2025,3,99360,50
PSE,2024,11,98312,2863
Avista,2021,4,99113,15
PSE,2021,7,98943,55
PSE,2021,12,98070,543
PSE,2024,9,98290,474
PSE,2023,4,98188,880
PSE,2024,5,98405,995
PSE,2024,10,98050,12
Avista,2021,6,99217,827
NWN,2025,4,98026,0
PSE,2025,6,98323,77
PSE,2022,11,98396,47
NWN,2023,7,98683,917
PSE,2024,2,98244,262
CNG,2023,3,98277,229
CNG,2022,2,98229,339
PSE,2021,6,98580,334
CNG,2025,3,98223,460
PSE,2022,7,98374,2435
PSE,2023,5,98001,2163
PSE,2024,3,98251,137
Avista,2023,3,99159,52
Avista,2023,3,99138,136
PSE,2022,1,98004,2130
PSE,2021,11,98087,786
Avista,2023,4,99163,1495
PSE,2022,7,98502,2510
PSE,2021,11,98045,748
PSE,2023,12,98323,69
PSE,2022,11,98251,45
PSE,2021,2,98036,701
CNG,2023,10,98220,9
PSE,2025,6,98403,44
PSE,2022,9,98133,901
Avista,2024,6,99027,287
PSE,2022,8,98360,666
CNG,2022,1,98901,265
PSE,2021,4,98258,1558
PSE,2024,8,98262,103
CNG,2023,4,98908,591
PSE,2025,3,98424,299
PSE,2025,2,98144,1211
CNG,2024,6,98557,17
CNG,2024,5,98220,9
PAC,2022,2,98908,3840
CNG,2024,11,99362,808
PSE,2023,11,98056,2785
Avista,2025,5,99129,81
PSE,2021,4,98281,411
PAC,2022,1,98947,248
PSE,2021,11,98110,556
CNG,2023,2,98520,179
Avista,2022,10,99220,0
PSE,2024,6,98465,97
Avista,2025,6,99151,11
PSE,2022,2,98038,2008
PSE,2022,2,98029,1570
Avista,2022,12,99205,1891
Avista,2023,11,99163,1576
PSE,2023,7,98513,2587
PSE,2021,10,98019,784
PSE,2021,4,98443,55
Avista,2023,1,99185,72
CNG,2024,1,98292,167
PSE,2023,7,98371,1679
PSE,2021,2,98275,343
PAC,2022,2,99301,1
PSE,2021,10,98407,664
Avista,2025,7,99157,53
PSE,2025,1,98264,1377
CNG,2024,7,98563,35
CNG,2023,7,98550,155
Avista,2023,7,99021,235
Avista,2024,10,99128,6
PSE,2021,1,98029,1380
PSE,2023,6,98112,732
PSE,2025,6,98220,46
NWN,2025,4,98127,0
PSE,2023,7,98312,3030
PSE,2021,11,98232,143
Avista,2021,12,99223,1444
PSE,2025,6,98020,308
CNG,2023,7,98626,85
Avista,2024,6,99216,1275
PSE,2024,4,98310,2337
CNG,2024,11,98370,189
Avista,2022,2,99143,16
PSE,2021,4,98402,42
PSE,2023,11,98342,137
CNG,2023,8,98247,113
PSE,2023,9,98055,2332
PSE,2024,7,98125,626
Avista,2021,4,99341,46
PSE,2021,9,98465,316
Avista,2023,2,99163,1222
PSE,2025,4,98144,1283
Avista,2022,9,99170,50
PSE,2023,8,98014,506
PSE,2025,1,98027,1504
PSE,2024,5,98311,2045
Avista,2024,11,99031,18
PSE,2021,3,98050,14
Avista,2023,4,99129,91
Avista,2023,4,99158,14
CNG,2023,6,99352,387
Avista,2022,4,99022,177
NWN,2022,10,98610,35
PSE,2021,4,98371,1048
PSE,2025,2,98345,35
PSE,2022,5,98372,1951
PSE,2024,10,98390,1001
PSE,2024,2,98229,1648
PSE,2025,2,98407,661
PSE,2022,10,98029,1530
PSE,2022,12,98056,2571
PSE,2021,5,98934,90
PSE,2021,7,98001,1798
NWN,2022,9,98686,396
PSE,2024,7,98050,10
PSE,2022,6,98244,264
PSE,2021,8,98466,182
PSE,2024,11,98388,155
Avista,2021,5,99181,176
PSE,2024,12,98338,943
PSE,2024,11,98532,181
CNG,2022,9,98282,39
PSE,2022,7,98053,594
PSE,2024,4,98371,1721
PSE,2021,12,98177,426
PSE,2021,5,98224,31
PSE,2021,2,98274,1022
PSE,2025,4,98375,29
CNG,2022,8,98310,579
CNG,2025,3,98220,9
Avista,2023,9,99156,1
PAC,2025,6,98908,4184
Avista,2021,11,99206,1392
Avista,2021,8,99326,23
PSE,2023,1,98354,172
PSE,2024,7,98043,457
Avista,2021,2,99176,2
NWN,2024,6,98672,133
CNG,2025,6,98951,69
PAC,2025,4,99360,67
PAC,2024,10,98923,89
PSE,2025,5,98072,1163
PSE,2022,2,98004,2407
CNG,2022,12,98284,276
NWN,2023,9,98682,1503
CNG,2024,1,98930,238
PSE,2024,8,98408,914
PSE,2023,1,98502,2692
Avista,2021,2,99159,49
Avista,2021,9,99103,16
NWN,2022,2,98660,322
CNG,2024,2,98903,105
PSE,2022,4,98059,1882
PSE,2023,8,98059,1984
Avista,2022,4,99029,31
