Utility,Year,Month,Zip Code,Bill Assist Customer Count
NWN,2021,5,98665,5
CNG,2022,12,98902,17
PAC,2022,2,98947,79
PSE,2022,9,98466,4
PSE,2025,5,98168,33
Avista,2021,1,99159,12
PSE,2021,9,98576,21
PSE,2020,3,98258,5
Avista,2021,10,99114,106
PSE,2020,4,98232,6
CNG,2024,7,98312,116
CNG,2023,7,98277,13
Avista,2021,10,99025,16
PSE,2024,6,98105,2
PSE,2025,2,98030,259
PSE,2020,8,98053,11
PSE,2020,11,98198,58
PSE,2025,9,98422,2
PSE,2022,2,98020,1
PSE,2021,3,98940,2
CNG,2022,5,98903,2
PAC,2025,2,98939,11
Avista,2024,8,99021,98
Avista,2020,3,99021,52
CNG,2020,4,98948,5
CNG,2024,7,98367,35
CNG,2020,3,98674,0
PAC,2023,9,99362,782
PSE,2022,1,98262,4
NWN,2023,1,98666,0
Avista,2025,12,99032,112
CNG,2023,11,98837,1
PSE,2023,7,98503,106
NWN,2025,8,98635,0
Avista,2025,10,99143,79
CNG,2021,4,98908,70
CNG,2022,9,98903,3
PSE,2022,5,98407,5
Avista,2021,10,99018,2
PAC,2025,8,98908,759
PSE,2022,5,98045,7
CNG,2024,4,99338,2
PSE,2021,2,98177,5
Avista,2021,12,99159,17
PSE,2022,1,98385,2
PSE,2022,5,98445,10
PAC,2023,7,98947,112
NWN,2025,4,98682,12
PSE,2020,9,98109,1
PSE,2024,6,98292,1
PSE,2021,6,98004,32
CNG,2022,9,98264,10
NWN,2022,6,98663,354
PSE,2025,3,98283,3
CNG,2020,10,99337,2
PSE,2025,8,98031,292
Avista,2025,7,98648,43
PSE,2024,6,98201,18
CNG,2020,3,98276,0
Avista,2020,7,99158,3
Avista,2024,5,99101,12
Avista,2020,6,99033,5
PSE,2024,7,98531,7
NWN,2022,11,97301,0
PSE,2024,12,98005,64
Avista,2022,11,99003,18
PAC,2024,2,98937,46
NWN,2021,3,98672,1
NWN,2023,5,98685,9
PSE,2024,11,98392,22
PAC,2023,3,98930,413
PSE,2020,4,98373,64
Avista,2023,3,99173,17
CNG,2024,12,98944,254
CNG,2024,12,98951,70
PSE,2020,4,98008,28
PSE,2025,4,98168,62
PSE,2024,6,98223,3
PSE,2020,12,98360,24
PAC,2023,10,98921,57
NWN,2023,9,97031,0
Avista,2022,1,99003,9
PSE,2021,8,98032,175
NWN,2022,8,98612,0
NWN,2023,3,98671,3
CNG,2021,11,99362,13
Avista,2024,3,99157,10
Avista,2022,9,99111,25
CNG,2022,8,98908,3
PSE,2024,12,98597,133
PSE,2020,7,98335,3
CNG,2021,12,98221,11
NWN,2022,6,97388,0
CNG,2023,4,98944,11
PSE,2023,3,98272,2
NWN,2023,2,98617,0
PSE,2022,3,98208,20
PSE,2022,1,98057,69
PSE,2023,8,98390,19
NWN,2025,7,98668,0
PSE,2020,8,98340,3
Avista,2020,4,99402,3
CNG,2022,10,98367,1
Avista,2022,6,98620,2
Avista,2025,9,99169,259
PSE,2022,3,98002,239
PSE,2020,12,98233,40
Avista,2023,5,99128,2
Avista,2023,1,99138,19
CNG,2021,9,98221,5
Avista,2020,8,99031,2
PSE,2023,7,98422,4
PSE,2025,5,98503,250
Avista,2025,4,99111,378
PSE,2025,4,98070,58
Avista,2025,5,99013,290
NWN,2024,5,98671,6
CNG,2022,1,98226,28
PAC,2022,6,99329,3
NWN,2022,8,98661,11
PSE,2020,11,98037,10
PAC,2020,11,98944,23
NWN,2021,2,97031,0
PSE,2021,2,98367,17
PSE,2024,3,98281,5
PSE,2022,3,98270,40
PSE,2024,12,98108,26
Avista,2024,12,99171,5
PSE,2020,9,98380,2
Avista,2024,6,99029,5
CNG,2024,2,99336,24
Avista,2024,6,99170,9
PSE,2023,3,98036,11
PSE,2024,6,98444,10
CNG,2021,4,98953,3
Avista,2020,8,99181,10
Avista,2021,1,99125,2
PSE,2020,5,98934,2
PSE,2024,11,98110,24
CNG,2022,12,98310,4
NWN,2023,6,98674,0
PSE,2021,9,98281,5
PAC,2022,10,99361,18
Avista,2022,11,99009,10
Avista,2020,9,99344,31
PSE,2024,5,98516,91
Avista,2025,4,99137,76
Avista,2025,11,99167,66
PSE,2022,3,98144,11
PSE,2025,2,98396,2
PSE,2022,11,98506,45
Avista,2021,3,99122,23
PSE,2020,12,98530,7
Avista,2020,10,99018,3
Avista,2021,9,99039,2
PSE,2023,10,98404,15
Avista,2021,9,99013,15
PSE,2022,10,98024,4
PSE,2022,8,98409,5
PSE,2020,4,98499,15
CNG,2021,7,98284,6
PSE,2021,10,98366,37
NWN,2024,10,98663,0
PSE,2025,3,98003,311
CNG,2022,1,98271,2
PAC,2020,3,99323,2
PSE,2020,7,98406,3
PSE,2025,7,98110,71
PSE,2024,5,98115,6
PSE,2024,8,98022,72
PAC,2023,5,98936,128
PSE,2023,5,98372,43
PSE,2025,2,98229,142
NWN,2024,3,97031,0
PSE,2022,2,98925,3
PSE,2024,12,98002,219
Avista,2023,12,99025,19
PSE,2020,5,98056,140
Avista,2021,6,99125,4
PSE,2024,7,98288,1
PSE,2022,9,98922,5
PAC,2020,5,98902,32
Avista,2022,9,99169,7
Avista,2020,10,99025,18
PSE,2024,12,98506,86
NWN,2021,9,98668,0
Avista,2022,9,99402,6
NWN,2025,6,98663,0
Avista,2021,3,99138,17
Avista,2020,3,99179,1
CNG,2022,12,98264,6
CNG,2021,3,98230,70
PSE,2020,3,98004,12
NWN,2021,9,98682,5
PSE,2025,5,98065,42
NWN,2021,8,98639,0
PSE,2025,4,98109,7
PSE,2020,5,98040,8
CNG,2021,3,99362,186
PSE,2020,9,98034,32
PSE,2024,6,98029,39
PSE,2021,4,98270,23
PSE,2024,6,98342,11
Avista,2023,3,99102,14
PSE,2023,6,98023,472
PSE,2024,2,98059,98
PAC,2023,2,99329,4
CNG,2020,11,98632,1
PAC,2023,11,99360,7
PSE,2024,11,98532,10
PSE,2021,9,98446,10
Avista,2025,5,99001,586
Avista,2025,10,99031,42
PSE,2022,7,98244,5
NWN,2020,4,98685,3
Avista,2025,2,99008,53
PSE,2020,10,98107,2
PSE,2022,2,98337,25
NWN,2023,1,98661,23
Avista,2023,6,99158,7
PAC,2021,4,98936,20
PSE,2022,7,98439,14
PSE,2023,2,98226,142
CNG,2024,2,98229,105
PSE,2025,1,98038,82
PSE,2022,11,98148,14
PSE,2020,7,98248,67
PSE,2024,9,98070,1
PSE,2025,5,98502,193
PSE,2021,5,98342,5
PSE,2020,11,98466,3
CNG,2020,8,98848,0
PSE,2025,6,98579,46
CNG,2021,11,98801,1
NWN,2021,11,98620,0
Avista,2022,12,99179,2
CNG,2020,3,98942,3
Avista,2022,4,99207,480
Avista,2024,8,99160,10
PSE,2021,4,98391,73
Avista,2025,3,99125,55
Avista,2021,8,99110,7
Avista,2023,6,99344,27
Avista,2023,9,99148,9
PAC,2020,4,98921,9
NWN,2025,2,98629,2
PSE,2024,1,98027,65
PSE,2020,6,98465,1
PSE,2023,11,98105,5
PAC,2025,9,98932,48
PSE,2024,12,98288,3
PSE,2020,7,98029,24
PSE,2024,4,98203,28
PSE,2023,8,98263,2
PSE,2024,11,98345,1
PSE,2025,2,98409,9
Avista,2021,8,99143,4
PAC,2024,2,98901,1258
PAC,2022,3,98908,502
PSE,2023,3,98107,3
CNG,2021,10,98948,15
PSE,2022,1,98001,139
PSE,2025,4,98338,44
NWN,2023,5,97031,0
Avista,2025,6,99202,2918
PAC,2025,8,98935,12
NWN,2025,2,98604,3
PSE,2023,3,98221,29
PSE,2021,6,98327,3
CNG,2020,3,98273,32
Avista,2021,5,99205,208
PAC,2024,7,98938,54
PSE,2023,1,98052,74
PSE,2021,12,98580,86
PSE,2024,3,98105,13
PSE,2024,2,98337,20
Avista,2020,6,99013,11
PAC,2023,2,98935,122
Avista,2025,2,99171,97
PSE,2021,3,98003,274
PSE,2025,9,98579,11
PSE,2021,11,98055,38
Avista,2021,6,99103,2
NWN,2022,5,98660,372
PSE,2021,1,98122,7
Avista,2025,11,99125,53
PSE,2022,7,98383,5
Avista,2021,8,99208,160
CNG,2024,9,98230,146
PSE,2023,1,98034,58
NWN,2024,3,98665,11
CNG,2025,1,98370,95
PSE,2021,10,98272,1
PSE,2023,2,98168,4
PSE,2024,9,98240,1
PAC,2021,4,98908,111
PSE,2025,4,98374,170
PSE,2023,11,98006,91
PSE,2021,7,98008,9
PSE,2022,8,98070,6
CNG,2021,5,98277,58
NWN,2021,6,98307,0
PAC,2021,2,98921,7
PSE,2022,12,98028,257
CNG,2024,6,99301,342
PSE,2020,11,98264,18
PAC,2021,3,98901,87
Avista,2020,7,99025,6
NWN,2024,3,98639,0
PSE,2021,5,98591,2
NWN,2024,2,98629,0
PSE,2025,6,98591,1
NWN,2021,7,98606,0
Avista,2025,8,99026,162
PSE,2021,4,98105,5
PSE,2023,8,98446,5
PAC,2023,8,99363,4
PSE,2022,1,98059,53
CNG,2025,5,98932,55
PSE,2022,12,98354,26
Avista,2024,2,99006,68
PAC,2024,6,98939,14
CNG,2022,9,99301,3
PSE,2022,6,98006,39
PAC,2024,8,98948,473
Avista,2024,5,99122,12
PSE,2021,1,98003,153
PAC,2023,1,98935,124
PSE,2023,4,98115,6
NWN,2023,10,98626,0
PAC,2024,6,99363,5
PSE,2023,5,98004,31
PAC,2022,2,98921,57
CNG,2025,5,98632,69
PSE,2025,4,98371,105
Avista,2021,8,99217,69
PSE,2023,4,98404,3
PSE,2020,9,98498,14
PSE,2023,1,98281,1
CNG,2021,4,98366,52
PSE,2024,11,98058,142
PSE,2020,11,98178,2
PSE,2023,1,98056,27
Avista,2021,2,99101,7
NWN,2024,3,98307,0
PSE,2025,6,98580,23
CNG,2022,3,98901,18
CNG,2025,4,98801,55
Avista,2023,2,98620,13
PSE,2024,4,98026,16
PSE,2025,7,98030,484
Avista,2025,4,99170,98
PSE,2023,12,98012,18
PSE,2022,11,98404,13
PSE,2021,5,98053,16
PSE,2022,6,98372,38
PSE,2025,4,98396,3
PSE,2024,2,98220,3
Avista,2025,9,99005,337
PSE,2025,3,98364,1
PAC,2024,2,98921,59
Avista,2021,11,99156,0
NWN,2020,3,98668,0
PSE,2021,4,98409,13
PSE,2021,5,98126,24
Avista,2021,10,99137,3
PSE,2022,3,98004,27
CNG,2023,3,98936,1
PSE,2020,4,98530,1
Avista,2024,10,99201,148
PSE,2023,9,98516,23
PSE,2023,11,98148,21
PSE,2021,2,98055,45
PSE,2021,10,98012,4
PSE,2024,10,98122,5
PAC,2025,5,99328,51
PSE,2022,3,98014,10
PAC,2022,12,98901,1192
NWN,2021,3,98662,13
Avista,2024,11,99008,3
PSE,2024,4,98226,163
PSE,2022,4,98531,16
CNG,2024,6,98802,5
Avista,2023,6,99001,12
NWN,2024,1,98307,0
PSE,2021,1,98255,2
PAC,2023,10,99328,100
NWN,2025,5,98672,0
PAC,2022,2,98951,483
CNG,2021,3,99353,1
PSE,2022,6,98121,1
Avista,2022,5,99224,108
PSE,2023,2,98221,9
Avista,2024,11,99039,2
PSE,2025,6,98029,98
PSE,2025,7,98248,97
PSE,2021,3,98122,22
CNG,2025,9,98902,1437
PAC,2024,10,99323,16
Avista,2021,3,99031,5
PSE,2020,11,98052,61
PSE,2021,2,98531,15
NWN,2024,2,98635,0
Avista,2024,6,99141,17
PSE,2023,1,98117,3
PSE,2025,9,98383,8
PSE,2025,4,98155,23
Avista,2025,8,99402,123
Avista,2024,2,98620,7
PSE,2025,2,98943,2
PSE,2020,4,98092,188
PSE,2021,4,98335,4
CNG,2020,8,98282,0
PSE,2024,8,98221,38
Avista,2022,2,99161,4
Avista,2023,11,99217,178
CNG,2021,2,98802,1
PSE,2021,5,98941,7
PSE,2025,1,98199,4
PAC,2020,11,98908,26
PAC,2022,2,98903,520
Avista,2020,9,99138,92
PSE,2024,2,98465,1
PSE,2024,12,98188,52
NWN,2025,4,98606,0
PSE,2022,4,98443,2
PAC,2025,6,98921,10
PSE,2022,2,98332,2
PSE,2021,5,98236,12
PSE,2022,2,98277,135
Avista,2023,2,98648,3
PSE,2023,1,98020,4
PSE,2023,10,98444,7
CNG,2024,1,98312,83
PAC,2022,11,98953,81
Avista,2021,6,99034,1
PSE,2023,11,98335,8
Avista,2022,7,98620,2
NWN,2023,3,98662,26
CNG,2022,11,98274,1
NWN,2024,10,98642,0
Avista,2022,3,99173,18
PSE,2022,12,98238,4
PSE,2025,6,98229,131
NWN,2021,8,98664,2
Avista,2025,1,99019,701
PSE,2024,6,98405,5
Avista,2023,3,99208,384
PSE,2023,12,98512,36
NWN,2020,12,98639,1
PSE,2024,4,98056,123
PSE,2020,11,98338,10
NWN,2022,1,98639,1
CNG,2022,2,98944,9
NWN,2022,11,98683,0
PSE,2021,10,98267,7
PSE,2025,2,98530,10
CNG,2020,10,98257,5
NWN,2022,5,98661,921
PSE,2022,11,98262,1
PSE,2022,9,98530,1
PSE,2020,4,98239,17
PSE,2023,3,98247,9
PAC,2023,9,99348,12
PSE,2024,5,98040,14
PSE,2022,9,98408,6
Avista,2025,6,99134,85
PSE,2022,2,98006,51
CNG,2021,6,99350,1
CNG,2024,3,98274,72
CNG,2024,9,99352,43
NWN,2025,5,98662,11
Avista,2022,11,99185,3
Avista,2025,6,99019,497
PSE,2022,2,98290,2
PSE,2025,2,98051,9
PAC,2023,4,98930,456
PAC,2024,7,98903,492
PAC,2023,3,98933,16
Avista,2023,5,99326,1
PSE,2022,4,98407,4
CNG,2020,6,98524,0
PSE,2020,4,98406,5
PSE,2021,7,98443,1
Avista,2020,6,99163,47
Avista,2022,10,99109,22
CNG,2020,4,98520,7
CNG,2025,1,98550,173
NWN,2023,1,97301,0
PAC,2021,5,98933,2
PSE,2024,10,98465,4
NWN,2023,8,98604,5
Avista,2024,3,99117,2
PAC,2023,11,98908,544
PSE,2023,11,98406,3
PSE,2023,5,98383,9
Avista,2023,6,99163,14
NWN,2024,2,98612,0
Avista,2025,7,99109,471
NWN,2022,1,98662,27
PSE,2022,12,98001,703
CNG,2024,4,98802,6
PAC,2020,2,99329,1
PSE,2022,8,98239,6
CNG,2024,6,98942,44
Avista,2022,12,99161,5
PSE,2023,11,98117,12
Avista,2023,7,99008,1
PSE,2023,5,98283,2
Avista,2025,7,99020,8
PSE,2022,2,98038,59
PSE,2021,6,98221,14
PSE,2023,11,98029,93
PSE,2025,1,98408,3
PSE,2022,5,98026,6
PSE,2023,10,98260,10
PSE,2023,10,98262,1
PAC,2020,1,98947,10
Avista,2023,6,99039,2
Avista,2021,1,99403,53
CNG,2025,7,98524,5
NWN,2024,6,98762,0
PSE,2023,2,98247,10
PSE,2025,9,98038,28
NWN,2020,5,98664,4
Avista,2022,10,99001,24
PSE,2025,3,98070,38
PSE,2021,7,98005,8
Avista,2020,3,99161,6
NWN,2020,4,98208,0
PSE,2020,6,98188,103
NWN,2020,8,98664,3
CNG,2021,10,98520,2
PSE,2024,8,98019,21
PSE,2021,1,98926,9
PSE,2024,10,98177,5
Avista,2023,12,99039,4
NWN,2023,12,98628,0
NWN,2021,11,98686,1
PSE,2022,7,98047,8
PSE,2022,11,98032,85
CNG,2023,10,98520,1
PSE,2025,8,98366,187
CNG,2020,5,99336,4
Avista,2022,3,99181,19
NWN,2022,3,98682,14
PSE,2022,6,98252,7
PSE,2022,5,98014,3
Avista,2024,7,99030,5
CNG,2021,9,98226,1
CNG,2021,3,98932,14
Avista,2025,12,99031,45
Avista,2021,3,99027,35
NWN,2021,1,97388,0
PSE,2024,7,98092,245
PAC,2025,1,99323,16
PSE,2022,12,98133,180
CNG,2020,3,98383,0
CNG,2024,5,98848,2
PSE,2021,12,98467,29
PSE,2024,12,98264,63
PSE,2023,11,98380,4
PSE,2022,3,98251,2
PSE,2021,10,98941,5
Avista,2025,3,99022,581
Avista,2021,11,99167,3
PSE,2021,3,98056,69
PSE,2024,8,98422,17
PSE,2022,4,98579,16
PSE,2024,10,98121,1
Avista,2024,3,99021,39
PAC,2023,11,98935,135
PSE,2020,11,98001,48
PSE,2021,1,98532,7
CNG,2024,9,98223,139
PSE,2023,1,98445,22
CNG,2023,1,98225,19
PSE,2023,1,98225,100
PSE,2021,11,98284,58
PAC,2023,6,98933,18
PSE,2023,1,98042,52
PSE,2021,4,98262,2
PSE,2023,2,98327,2
PSE,2023,1,98122,9
PSE,2024,1,98006,70
PSE,2024,11,98264,53
PSE,2023,7,98360,11
NWN,2021,3,97301,0
Avista,2022,8,99159,10
PSE,2024,3,98439,12
NWN,2022,5,98674,0
PSE,2025,5,98273,250
NWN,2021,5,98119,0
NWN,2021,6,98606,0
PSE,2025,5,98010,17
CNG,2021,2,98520,4
NWN,2024,10,98664,1
PAC,2025,8,98950,1
PSE,2024,8,98057,47
Avista,2021,8,99402,1
PSE,2023,6,98579,84
PSE,2023,10,98253,3
Avista,2025,12,99224,1905
CNG,2024,11,98848,1
PSE,2022,2,98387,42
PAC,2025,9,98948,61
PSE,2022,4,98310,27
Avista,2023,8,99013,2
PAC,2022,9,99328,91
PSE,2024,10,98342,6
PSE,2024,12,98034,172
CNG,2024,11,98802,7
PAC,2022,8,98930,328
PSE,2024,1,98239,33
PSE,2022,11,98375,16
CNG,2022,11,98901,13
Avista,2024,10,99134,3
PSE,2023,10,98224,4
PSE,2025,5,98276,5
CNG,2023,7,98247,8
Avista,2020,12,98620,11
PSE,2023,6,98404,98
PSE,2020,8,98117,4
PSE,2025,9,98109,3
Avista,2025,9,99001,586
PSE,2024,11,98102,1
PSE,2022,4,98106,7
PSE,2020,10,98424,1
Avista,2023,11,99167,5
Avista,2025,12,99019,802
PSE,2022,3,98122,4
CNG,2021,10,99324,5
PSE,2025,8,98053,24
Avista,2025,2,99185,134
CNG,2022,6,98584,4
PSE,2023,9,98003,148
PSE,2025,7,98105,25
CNG,2023,1,98271,2
CNG,2020,3,98903,6
NWN,2024,4,98661,16
PSE,2020,10,98134,1
CNG,2023,2,99337,3
NWN,2023,4,98660,1
CNG,2024,5,98240,3
Avista,2023,6,99031,2
PAC,2021,3,98907,0
NWN,2023,3,98125,0
NWN,2023,11,98307,0
Avista,2025,11,99001,575
PSE,2020,8,98327,5
PAC,2023,6,99324,159
PSE,2021,1,98030,134
NWN,2024,8,98664,3
NWN,2023,4,98668,0
PSE,2020,7,98418,1
PSE,2020,9,98943,1
Avista,2020,7,99029,3
PSE,2021,2,98270,21
Avista,2021,2,99176,1
PSE,2021,3,98136,3
CNG,2024,2,98901,146
Avista,2022,3,99029,9
PSE,2022,11,98236,4
Avista,2021,11,99030,4
PSE,2023,6,98065,63
PSE,2021,8,98178,5
Avista,2022,2,99018,3
Avista,2025,6,99034,20
PSE,2023,1,98338,9
PSE,2022,3,98338,22
Avista,2022,5,99131,1
Avista,2020,12,99126,7
PSE,2022,10,98255,1
PSE,2024,2,98072,39
NWN,2020,12,98604,9
NWN,2023,6,98606,0
Avista,2022,9,99159,10
Avista,2021,11,99005,16
Avista,2022,9,99101,4
Avista,2023,11,99141,49
PSE,2023,11,98531,31
PAC,2023,12,98901,1158
Avista,2020,5,99003,5
PAC,2021,6,99348,2
PSE,2022,2,98266,46
PSE,2024,1,98925,9
PSE,2023,7,98075,4
Avista,2022,4,99212,191
Avista,2025,4,99031,44
CNG,2025,8,98948,175
PSE,2020,4,98249,11
NWN,2020,4,98628,2
Avista,2020,10,99157,4
Avista,2024,7,99169,22
PSE,2021,2,98126,18
PSE,2024,8,98466,33
PAC,2024,12,98948,433
NWN,2024,4,98610,0
PSE,2025,7,98255,3
NWN,2022,4,98672,142
NWN,2024,3,98685,3
Avista,2023,3,99402,12
CNG,2021,8,98274,3
NWN,2022,2,98762,0
PAC,2023,10,98937,43
CNG,2023,12,98520,2
NWN,2022,7,98026,0
PSE,2021,3,98005,15
PSE,2022,3,98027,45
PSE,2022,7,98030,85
Avista,2025,6,99128,14
PSE,2024,9,98262,1
Avista,2024,10,99102,7
Avista,2020,7,99103,1
PSE,2022,7,98074,3
NWN,2024,9,98125,0
PSE,2023,10,98024,10
PSE,2023,4,98122,7
CNG,2021,9,99344,1
NWN,2024,12,98675,0
PSE,2021,9,98146,16
CNG,2021,12,98951,2
PAC,2023,10,99363,3
CNG,2023,7,98837,1
Avista,2024,4,99001,49
Avista,2025,7,99217,2371
Avista,2020,7,99138,5
Avista,2023,8,99122,8
Avista,2020,10,99223,188
PSE,2022,8,98390,17
PSE,2025,1,98072,63
NWN,2024,12,98663,4
PSE,2022,3,98119,3
PSE,2025,1,98057,66
PAC,2025,3,98938,48
Avista,2025,4,99009,183
CNG,2023,4,98310,2
CNG,2025,3,99323,13
NWN,2022,7,98668,2
PSE,2021,5,98385,1
Avista,2021,10,99117,4
PSE,2023,3,98248,37
NWN,2021,4,98666,0
PSE,2025,3,98276,7
PSE,2022,1,98033,23
Avista,2023,3,99163,223
PSE,2022,6,98036,10
Avista,2022,7,99032,8
CNG,2024,5,99350,3
PSE,2021,9,98408,49
PSE,2021,4,98032,260
NWN,2023,1,98668,0
PAC,2022,4,99362,737
PAC,2020,7,98908,21
PAC,2023,2,98923,30
Avista,2022,10,99037,11
CNG,2022,5,98277,12
PSE,2022,6,98032,74
PSE,2022,2,98223,3
NWN,2020,11,98307,0
Avista,2024,12,99102,3
PAC,2025,8,98937,67
PAC,2024,10,98938,48
CNG,2023,7,98225,38
PSE,2025,1,98092,299
NWN,2025,6,98642,4
Avista,2025,5,99151,35
CNG,2020,8,98221,7
PAC,2020,12,99361,4
PSE,2022,4,98266,11
PSE,2024,6,98075,6
Avista,2024,2,99223,236
Avista,2022,10,99207,175
CNG,2021,5,98524,2
CNG,2023,4,98257,1
CNG,2022,5,98264,8
Avista,2020,9,99212,54
PSE,2024,5,98370,65
PSE,2025,7,98178,35
Avista,2021,1,99027,7
CNG,2024,2,99362,114
Avista,2025,12,99005,382
CNG,2020,4,98257,1
Avista,2022,6,99111,16
PSE,2021,5,98403,2
CNG,2021,8,98248,29
Avista,2020,7,99111,5
PSE,2024,12,98273,63
PSE,2023,3,98406,5
NWN,2023,5,98026,0
PSE,2021,1,98019,8
Avista,2023,5,99203,40
CNG,2025,1,99354,103
PSE,2020,4,98262,3
PSE,2022,12,98014,66
PSE,2024,11,98370,53
PSE,2022,6,98327,5
PSE,2024,11,98312,76
CNG,2025,7,98930,193
PSE,2023,5,98220,1
PSE,2025,9,98198,47
Avista,2024,1,99185,15
PSE,2021,12,98591,6
PSE,2022,7,98056,27
Avista,2025,6,99167,70
PSE,2021,1,98045,8
PSE,2025,7,98925,2
PSE,2024,11,98383,24
PSE,2023,2,98407,1
Avista,2021,1,99173,16
Avista,2024,2,99149,6
Avista,2023,10,99006,202
CNG,2023,3,98903,8
PAC,2024,7,98935,124
PSE,2025,8,98498,62
PSE,2021,4,98467,7
NWN,2020,3,98626,0
Avista,2023,9,99167,1
PSE,2022,7,98148,8
PSE,2020,11,98409,4
PSE,2022,6,98248,86
Avista,2025,8,99224,1529
NWN,2024,7,98629,0
PSE,2022,1,98405,23
Avista,2023,12,98620,30
CNG,2021,8,99301,5
NWN,2023,2,98675,0
NWN,2025,1,98665,11
Avista,2025,7,99158,61
Avista,2024,1,99201,326
PAC,2024,5,98939,14
PSE,2021,9,98168,40
CNG,2024,10,98936,58
PAC,2020,6,99350,2
PSE,2024,9,98116,18
CNG,2020,3,99352,3
Avista,2021,10,99203,68
PSE,2022,9,98155,6
NWN,2021,1,98617,0
CNG,2020,3,99338,0
PSE,2022,12,98106,143
PSE,2023,10,98026,7
CNG,2025,1,99324,119
PSE,2024,6,98383,14
PSE,2022,2,98224,4
Avista,2021,9,99143,1
PSE,2022,10,98092,142
PSE,2021,12,98321,216
Avista,2020,11,99169,18
PSE,2023,5,98239,8
PSE,2020,8,98125,6
Avista,2024,3,99344,96
Avista,2025,1,99203,1408
Avista,2021,1,99202,55
PSE,2022,1,98295,2
CNG,2024,5,98284,139
PSE,2025,7,98576,15
Avista,2025,9,99161,137
PSE,2022,10,98201,6
PSE,2022,4,98112,3
NWN,2023,1,98685,12
PSE,2021,2,98070,12
NWN,2022,1,98668,0
PSE,2022,7,98108,10
Avista,2023,10,99033,52
PSE,2021,2,98424,5
CNG,2025,8,98232,6
PAC,2024,5,98932,223
Avista,2025,8,99032,106
PSE,2023,11,98056,117
PSE,2024,2,98284,51
NWN,2024,8,98620,0
Avista,2025,3,99157,119
PSE,2021,4,98065,21
PAC,2024,12,98942,202
NWN,2022,1,98660,11
NWN,2020,12,98628,2
Avista,2024,12,99026,13
PSE,2024,8,98589,27
CNG,2020,4,98848,0
PSE,2022,12,98391,636
PSE,2024,2,98373,34
PSE,2021,7,98248,40
CNG,2023,1,98908,11
NWN,2022,12,98683,18
Avista,2022,3,99128,2
NWN,2024,4,98672,3
PSE,2025,7,98253,7
CNG,2025,4,98367,163
Avista,2022,11,99103,5
PSE,2024,5,98077,5
NWN,2022,6,98127,0
NWN,2024,1,98674,0
PAC,2025,9,99361,20
Avista,2023,11,99114,84
CNG,2025,4,98311,407
PSE,2024,4,98418,16
Avista,2020,5,99217,59
PAC,2023,11,98942,215
NWN,2023,12,98674,0
Avista,2021,4,99111,13
PSE,2023,8,98020,3
PSE,2022,3,98294,8
PAC,2020,11,98953,9
CNG,2024,7,98282,8
NWN,2022,2,98607,7
PSE,2024,2,98502,124
CNG,2021,8,98271,1
PSE,2024,4,98092,296
PSE,2021,12,98568,1
PSE,2025,6,98267,1
Avista,2020,4,99016,48
Avista,2021,12,99025,19
PSE,2025,5,98925,1
Avista,2025,10,99103,45
NWN,2024,7,98635,0
NWN,2022,12,98685,6
Avista,2021,2,99027,30
Avista,2022,5,99130,9
Avista,2025,5,99206,2867
PSE,2022,1,98370,33
PSE,2021,5,98233,45
Avista,2024,1,99203,158
NWN,2021,7,98682,4
PSE,2024,5,98445,15
Avista,2022,9,99109,21
PSE,2022,4,98260,8
CNG,2021,10,98225,14
PAC,2022,6,99350,2
PSE,2023,4,98934,4
PSE,2021,2,98281,2
CNG,2020,6,98233,16
PSE,2020,8,98032,79
PSE,2025,7,98375,96
NWN,2021,7,98208,0
Avista,2024,10,99004,25
PSE,2021,11,98014,5
PSE,2020,3,98121,7
PSE,2025,8,98946,2
Avista,2024,10,99103,6
Avista,2025,4,99023,6
NWN,2021,2,98672,1
PSE,2025,1,98249,33
CNG,2022,7,98257,1
Avista,2022,9,99216,82
PAC,2022,3,98921,57
PSE,2022,11,98444,11
Avista,2021,12,99216,135
PSE,2024,5,98422,7
Avista,2022,11,99110,3
Avista,2024,8,99101,34
PSE,2020,10,98338,18
PSE,2025,7,98934,14
Avista,2025,12,99204,1188
PSE,2020,3,98087,3
PSE,2024,4,98037,19
CNG,2021,5,98232,1
Avista,2022,4,99004,7
PAC,2020,4,98923,4
CNG,2024,5,98584,75
CNG,2025,5,98367,172
CNG,2024,8,98367,39
PSE,2022,10,98512,36
PSE,2024,7,98310,141
Avista,2020,10,99008,4
PSE,2022,5,98092,115
PSE,2025,2,98262,5
CNG,2025,2,98930,166
NWN,2024,9,98674,0
PSE,2024,7,98251,3
PSE,2021,8,98262,2
PSE,2022,6,98530,1
CNG,2024,12,98930,81
PSE,2020,7,98023,118
Avista,2023,5,99201,34
Avista,2024,8,98620,8
Avista,2023,12,99371,1
PAC,2022,9,99362,662
Avista,2023,11,99202,217
NWN,2020,11,98606,0
CNG,2020,10,99362,6
Avista,2025,8,99205,5846
PSE,2022,8,98531,9
PSE,2025,6,98323,2
PSE,2025,3,98103,4
PAC,2022,1,98953,104
Avista,2025,8,99004,293
Avista,2020,4,99149,4
PSE,2024,10,98033,56
PSE,2025,2,98501,286
PSE,2021,7,98345,1
PSE,2022,5,98043,3
Avista,2023,10,99204,325
CNG,2022,9,98901,2
PSE,2024,9,98045,1
CNG,2024,7,98520,67
CNG,2025,7,98942,169
Avista,2025,8,99101,195
PSE,2020,11,98006,27
PSE,2024,3,98004,28
Avista,2024,2,99027,48
PSE,2024,8,98225,124
CNG,2020,8,98901,2
Avista,2021,11,99037,16
PSE,2023,7,98370,26
PAC,2024,8,98942,202
PSE,2022,2,98292,1
Avista,2021,6,99371,1
CNG,2024,8,98557,8
PSE,2025,5,98390,75
PSE,2025,2,98579,95
Avista,2023,4,99223,78
PSE,2021,10,98019,16
Avista,2020,5,99344,58
NWN,2023,7,97388,0
PAC,2020,10,99348,1
Avista,2020,8,99033,11
PSE,2022,4,98392,39
CNG,2025,6,99353,23
NWN,2020,10,98665,0
PSE,2022,2,98146,16
PSE,2025,7,98055,251
Avista,2021,1,99371,1
PSE,2020,10,98943,2
PSE,2023,4,98106,6
NWN,2024,3,98675,0
Avista,2021,8,99037,6
PAC,2024,6,99348,11
PSE,2020,12,98255,1
Avista,2025,12,99001,621
CNG,2024,2,98908,121
PAC,2021,3,98902,107
PSE,2023,3,98388,2
Avista,2022,7,99103,5
PSE,2023,12,98467,3
PSE,2025,6,98281,4
CNG,2020,3,98584,9
PSE,2023,8,98116,6
Avista,2020,9,99012,3
PSE,2022,11,98021,2
Avista,2021,7,99341,2
PSE,2021,4,98392,18
PSE,2023,10,98311,18
PSE,2023,8,98244,6
Avista,2022,1,99102,4
PSE,2025,1,98252,8
PSE,2024,5,98047,36
CNG,2024,6,98944,124
Avista,2022,12,99403,135
CNG,2021,2,98930,3
Avista,2021,12,99013,16
Avista,2020,8,99218,54
PSE,2023,11,98943,4
CNG,2024,10,98584,100
CNG,2020,10,98282,0
PSE,2020,7,98106,3
PSE,2024,12,98346,50
PAC,2020,8,98951,20
PSE,2022,3,98240,6
CNG,2021,11,98837,1
CNG,2022,11,98312,1
PSE,2022,2,98597,67
CNG,2022,4,98273,20
CNG,2021,12,98223,8
PSE,2022,8,98224,1
PSE,2024,7,98925,3
Avista,2020,9,99157,10
NWN,2022,4,98626,0
Avista,2023,8,99003,7
CNG,2024,8,98932,16
CNG,2020,6,98520,6
Avista,2021,4,99173,17
Avista,2024,1,99129,21
PSE,2023,10,98266,20
PSE,2021,2,98133,15
NWN,2021,9,98639,0
PSE,2024,8,98501,154
Avista,2023,10,99117,10
PAC,2022,7,98901,1114
PSE,2020,5,98292,1
PSE,2023,4,98057,25
PSE,2022,3,98005,20
PSE,2023,10,98133,17
Avista,2022,1,99170,5
Avista,2022,4,99159,9
PSE,2022,8,98012,2
PSE,2023,10,98264,35
PAC,2024,8,99362,715
CNG,2024,2,98248,135
PSE,2021,1,98059,28
Avista,2024,10,99344,42
CNG,2024,9,98277,117
PAC,2020,1,98942,19
CNG,2024,1,98848,2
CNG,2021,12,98367,1
PSE,2025,7,98036,29
PSE,2021,11,98230,26
PAC,2021,6,99350,0
PSE,2023,1,98236,8
PSE,2023,3,98023,136
Avista,2022,6,99005,15
Avista,2025,1,99163,2480
PSE,2020,5,98201,18
PSE,2023,12,98346,11
PSE,2021,1,98232,4
NWN,2021,6,98666,0
Avista,2021,8,99014,1
CNG,2021,1,98901,14
CNG,2022,3,98273,29
PSE,2025,5,98092,238
PSE,2021,6,98380,2
PSE,2020,7,98244,6
PSE,2023,5,98408,7
PSE,2023,8,98005,15
Avista,2024,5,99126,5
Avista,2020,5,99032,5
PAC,2020,7,99363,2
PAC,2025,5,99350,2
Avista,2024,10,99202,122
Avista,2025,6,99217,2250
PSE,2020,8,98391,38
Avista,2025,7,99202,2875
PSE,2022,3,98408,12
Avista,2021,6,99117,1
Avista,2020,7,99134,4
CNG,2021,10,98273,7
PSE,2021,9,98248,126
PAC,2021,4,98902,411
Avista,2020,5,99173,12
PSE,2025,7,98106,40
NWN,2020,6,98604,5
PSE,2022,3,98023,172
PAC,2021,2,99326,0
Avista,2020,4,99134,5
NWN,2020,3,98307,0
Avista,2021,12,99113,5
PSE,2023,11,98043,20
PSE,2024,6,98110,18
CNG,2021,12,98626,1
PSE,2020,6,98077,6
PSE,2021,9,98392,31
PSE,2024,3,98283,1
CNG,2025,7,98233,356
PSE,2024,12,98023,159
Avista,2022,9,99157,5
PAC,2021,6,99347,4
PSE,2022,7,98007,55
PSE,2020,3,98056,23
PSE,2023,7,98922,14
NWN,2025,3,98686,2
PAC,2024,8,99348,8
PSE,2022,5,98310,31
Avista,2025,12,99023,5
PSE,2020,9,98273,50
PSE,2024,7,98311,144
CNG,2021,4,98223,52
Avista,2021,3,99205,310
PSE,2020,5,98346,86
Avista,2025,11,99122,241
Avista,2022,12,99203,62
CNG,2024,7,99354,34
PSE,2021,9,98027,85
NWN,2020,10,98127,0
NWN,2022,6,98635,1
NWN,2023,7,98660,5
CNG,2020,7,98942,0
Avista,2025,11,99159,121
PAC,2023,3,98942,235
PSE,2021,10,98225,79
PSE,2023,9,98042,46
PSE,2020,12,98388,1
CNG,2021,4,98584,57
Avista,2023,5,99205,130
PSE,2023,12,98288,2
Avista,2021,11,99034,0
PSE,2025,4,98075,21
PAC,2024,11,98938,48
NWN,2023,4,98666,0
CNG,2023,11,99344,4
PSE,2021,12,98444,145
PSE,2025,5,98418,31
NWN,2025,2,98607,3
CNG,2020,8,98932,1
Avista,2025,9,99160,38
PSE,2022,3,98467,3
Avista,2021,6,99217,79
CNG,2025,5,98277,307
PSE,2024,6,98087,25
PSE,2021,2,98940,2
CNG,2024,4,98908,138
PSE,2023,8,98074,3
CNG,2024,1,98951,17
NWN,2022,11,97663,0
Avista,2021,9,99163,15
PSE,2023,2,98513,40
PSE,2023,6,98589,58
PSE,2021,4,98107,3
CNG,2024,4,98310,128
Avista,2024,6,99022,13
Avista,2020,5,99117,1
PSE,2020,11,98374,43
Avista,2023,7,99125,2
PSE,2020,5,98026,9
PSE,2020,3,98260,4
Avista,2020,12,99003,26
Avista,2025,11,99224,1387
PSE,2020,8,98366,39
PSE,2024,8,98249,2
CNG,2024,10,98225,351
Avista,2023,4,99012,2
PSE,2023,2,98267,2
PSE,2021,3,98467,2
PSE,2020,6,98444,12
PSE,2025,4,98236,20
PSE,2022,10,98055,63
CNG,2022,12,98229,3
PAC,2024,9,98937,41
PSE,2021,3,98115,16
Avista,2022,7,99117,2
PSE,2020,12,98001,71
PSE,2020,9,98112,1
PSE,2023,10,98226,111
PSE,2021,10,98260,9
PAC,2024,9,99362,705
Avista,2023,7,99208,135
PSE,2020,6,98240,4
PAC,2020,6,99347,6
PSE,2024,1,98052,147
PSE,2025,2,98940,5
PAC,2022,5,98923,22
Avista,2020,3,99143,3
Avista,2025,10,99021,656
PSE,2021,3,98229,78
PSE,2022,3,98221,41
NWN,2022,8,98127,0
PSE,2024,1,98004,54
Avista,2025,10,98620,122
PSE,2024,11,98337,26
CNG,2020,4,98541,1
CNG,2025,2,99324,127
PSE,2025,4,98203,61
PSE,2020,3,98371,34
PSE,2023,10,98203,7
Avista,2024,6,99006,43
PSE,2025,6,98275,16
Avista,2024,1,99012,12
PSE,2020,5,98022,59
PSE,2022,8,98467,2
PSE,2025,3,98418,21
CNG,2020,7,99344,5
CNG,2024,6,98223,98
Avista,2025,6,99030,80
NWN,2022,8,98675,17
PSE,2025,9,98106,17
PSE,2025,6,98444,21
PSE,2022,2,98237,34
PSE,2022,9,98310,41
Avista,2020,12,99143,3
CNG,2024,2,98274,66
PSE,2021,10,98323,1
PAC,2024,7,99329,2
PSE,2021,2,98224,2
PSE,2023,6,98251,4
PSE,2025,9,98024,3
CNG,2021,3,98271,19
PSE,2024,8,98391,312
CNG,2022,2,98221,16
Avista,2022,5,99005,14
NWN,2025,1,98686,5
PSE,2023,11,98021,9
Avista,2021,10,99107,0
PSE,2020,10,98224,2
PSE,2024,9,98263,1
PSE,2020,10,98406,4
PSE,2024,2,98335,7
PSE,2025,7,98281,4
PSE,2022,12,98036,168
PSE,2023,4,98444,9
NWN,2022,4,98682,2587
PSE,2022,9,98065,5
CNG,2021,1,98520,4
PSE,2022,6,98323,3
PSE,2022,2,98403,1
CNG,2022,7,99301,6
CNG,2025,2,98295,50
PSE,2024,11,98028,86
NWN,2022,7,98612,0
PAC,2023,12,98936,101
CNG,2023,11,98948,8
PSE,2024,1,98284,90
PSE,2020,8,98251,2
Avista,2024,2,99204,102
Avista,2025,5,99110,64
Avista,2023,11,99403,150
PSE,2021,2,98277,62
CNG,2023,12,98951,2
Avista,2023,8,99114,45
PAC,2024,12,98936,80
CNG,2021,12,98901,16
Avista,2024,2,99206,254
PSE,2021,6,98255,1
PSE,2024,7,98006,30
Avista,2021,12,99206,169
PSE,2023,3,98223,1
PSE,2024,4,98033,44
PSE,2024,3,98290,4
NWN,2023,10,98635,0
PSE,2020,12,98266,48
CNG,2021,6,98520,3
PSE,2021,2,98445,12
NWN,2021,8,98648,0
PAC,2024,12,99363,6
PSE,2023,1,98103,10
Avista,2022,5,99163,67
CNG,2024,5,99344,120
PSE,2023,11,98023,185
PSE,2021,11,98026,7
NWN,2022,2,98119,0
Avista,2024,2,99161,19
Avista,2022,12,99371,2
Avista,2022,4,99030,3
PSE,2022,11,98077,2
PSE,2022,6,98501,76
PSE,2024,8,98264,38
Avista,2020,10,99019,43
PSE,2024,11,98115,2
PSE,2023,7,98383,13
Avista,2022,9,99104,1
PSE,2025,1,98406,2
PSE,2024,1,98144,14
PSE,2020,12,98155,7
Avista,2023,9,99114,41
PSE,2024,9,98002,22
NWN,2020,8,98662,3
PSE,2021,8,98034,26
PSE,2023,12,98232,3
PSE,2021,12,98007,473
NWN,2021,4,98686,5
NWN,2025,2,98684,9
PAC,2021,1,98902,70
PSE,2020,4,98030,173
PSE,2024,2,98422,9
PSE,2025,4,98148,53
PSE,2020,6,98388,4
PSE,2023,5,98943,7
PSE,2025,8,98198,260
PSE,2023,12,98030,179
Avista,2025,12,99006,895
PSE,2020,9,98198,67
PSE,2023,10,98597,31
Avista,2022,3,99161,10
Avista,2020,6,99027,25
Avista,2023,4,99102,2
PSE,2024,6,98056,64
PSE,2022,10,98203,2
PSE,2020,10,98946,1
PSE,2022,10,98133,3
PSE,2024,2,98239,19
PSE,2023,9,98023,80
Avista,2024,11,99202,137
Avista,2023,2,99341,2
PAC,2023,7,98952,7
NWN,2024,12,98119,0
PSE,2024,12,98295,7
PSE,2023,2,98408,14
PSE,2020,9,98418,4
PSE,2023,2,98409,12
PSE,2023,8,98366,31
PAC,2021,1,98951,34
Avista,2022,12,99016,64
PSE,2022,5,98028,17
Avista,2024,4,99181,18
Avista,2025,7,99103,47
CNG,2022,5,98240,1
PAC,2020,12,98939,5
Avista,2021,12,99107,0
PSE,2023,12,98229,92
PSE,2024,1,98155,31
PSE,2025,5,98148,27
Avista,2024,5,99148,13
PSE,2022,3,98225,156
PSE,2022,4,98371,33
PSE,2023,12,98258,24
PSE,2025,7,98006,94
PSE,2022,10,98221,50
PSE,2024,12,98229,132
Avista,2021,1,99103,4
PSE,2025,6,98443,2
PSE,2025,1,98229,204
PSE,2020,3,98270,9
PSE,2021,1,98338,14
PSE,2022,12,98271,104
CNG,2022,6,98930,6
PSE,2023,2,98266,28
PSE,2024,6,98311,36
CNG,2021,8,98520,2
PSE,2020,5,98530,4
Avista,2025,11,98648,43
CNG,2025,4,99344,235
Avista,2022,9,99005,13
Avista,2024,6,99033,7
PSE,2020,10,98042,77
CNG,2024,11,98345,5
Avista,2023,6,99113,4
CNG,2020,5,99337,1
CNG,2021,1,98257,2
PSE,2021,1,98354,1
Avista,2024,12,99201,134
CNG,2025,8,98366,597
CNG,2021,9,98901,3
CNG,2022,11,98948,20
CNG,2024,1,98802,6
NWN,2022,8,98628,2
PSE,2022,1,98946,2
CNG,2022,2,98277,14
CNG,2020,10,98903,17
Avista,2025,7,99164,1
PSE,2025,3,98272,23
PAC,2025,6,98932,81
PSE,2024,10,98597,85
PSE,2023,6,98107,21
PSE,2024,8,98418,18
PSE,2021,8,98240,2
CNG,2022,12,98801,3
Avista,2023,11,99103,5
PSE,2024,4,98532,8
PSE,2021,10,98249,3
PSE,2023,7,98255,1
PSE,2020,5,98375,55
PSE,2024,4,98337,16
Avista,2021,3,99126,6
PSE,2025,3,98404,36
PSE,2022,12,98296,48
Avista,2020,12,99160,3
CNG,2020,5,98226,26
NWN,2023,9,98664,0
NWN,2024,5,98685,10
PSE,2025,3,98531,37
PSE,2024,2,98403,4
CNG,2020,10,98311,1
Avista,2025,2,99111,369
CNG,2020,3,98801,0
PSE,2023,9,98445,7
PSE,2020,6,98390,21
Avista,2023,4,99006,16
NWN,2022,8,98668,3
PSE,2023,3,98226,129
CNG,2020,9,98802,0
NWN,2023,10,98606,0
PSE,2021,4,98501,123
Avista,2021,8,99181,11
PSE,2025,6,98006,96
Avista,2022,6,99012,5
PAC,2021,6,99323,3
PSE,2021,9,98283,1
Avista,2021,2,99402,4
PAC,2024,11,99329,2
PSE,2022,3,98203,15
CNG,2022,2,99350,1
PSE,2021,9,98323,3
Avista,2020,4,99206,120
PSE,2022,12,98446,61
PSE,2024,10,98580,21
PSE,2025,5,98077,17
Avista,2020,6,99157,5
Avista,2023,7,99101,1
PSE,2021,4,98237,43
PSE,2022,8,98075,4
Avista,2024,9,99143,3
PSE,2023,7,98925,1
CNG,2021,1,98948,13
NWN,2020,5,98648,0
CNG,2023,12,99362,13
PSE,2022,9,98424,1
Avista,2020,9,99205,96
CNG,2023,2,98295,3
PSE,2024,8,98346,98
PSE,2025,4,98277,170
PSE,2021,5,98506,54
CNG,2020,9,98930,1
PSE,2022,8,98328,1
CNG,2020,3,98337,4
PSE,2022,2,98115,7
CNG,2024,3,98271,27
Avista,2020,3,99341,4
NWN,2025,5,98605,0
PSE,2025,8,98133,69
PSE,2021,7,98109,3
PSE,2025,8,98396,1
Avista,2023,8,99179,1
PSE,2021,7,98221,14
PAC,2023,10,99323,14
Avista,2023,7,99022,6
Avista,2020,11,99223,31
NWN,2025,5,98685,3
Avista,2023,4,99039,2
PSE,2025,8,98051,12
PSE,2024,12,98075,28
PAC,2022,3,99363,5
PSE,2022,10,98125,3
NWN,2024,6,98665,10
PSE,2024,1,98023,178
PSE,2022,7,98092,122
PSE,2023,11,98323,2
NWN,2022,1,97031,0
NWN,2022,11,98635,0
PSE,2020,9,98110,13
PAC,2024,4,98951,418
PSE,2020,12,98224,1
PSE,2022,5,98126,12
PSE,2024,1,98276,7
PAC,2023,11,99324,135
Avista,2021,10,99207,278
NWN,2023,6,98665,3
PAC,2023,5,98938,47
PSE,2022,10,98188,48
PSE,2025,7,98371,133
PSE,2025,7,98264,62
Avista,2023,2,99104,1
Avista,2021,10,99326,0
CNG,2020,7,98632,3
NWN,2024,11,98125,0
PSE,2021,9,98402,1
NWN,2023,6,98664,8
PAC,2021,6,98937,2
PSE,2024,12,98115,3
CNG,2024,7,98953,12
CNG,2024,6,98908,194
CNG,2022,6,98274,5
Avista,2022,6,99033,12
Avista,2021,5,99159,7
PSE,2024,4,98008,39
PSE,2025,5,98059,65
Avista,2024,9,99223,147
Avista,2020,7,99403,121
PSE,2024,2,98024,6
NWN,2023,7,98628,0
PSE,2024,3,98116,22
Avista,2022,5,99029,6
PAC,2024,7,99362,722
PSE,2025,7,98011,99
PSE,2023,4,98177,2
NWN,2025,8,98664,6
PSE,2024,11,98271,10
CNG,2024,12,98221,339
Avista,2023,1,99202,238
Avista,2025,2,99173,226
PAC,2022,8,98932,146
CNG,2025,2,98292,147
Avista,2021,10,99022,16
CNG,2023,8,98229,17
NWN,2023,4,98125,0
CNG,2022,10,98520,1
CNG,2021,3,98584,57
PSE,2022,9,98072,11
PSE,2022,12,98342,22
PSE,2024,11,98075,14
CNG,2020,3,98311,2
PSE,2021,3,98503,110
Avista,2025,1,99113,29
PSE,2023,7,98052,80
Avista,2023,7,99202,45
CNG,2022,9,99362,9
PSE,2022,11,98925,3
PAC,2021,4,98907,0
PSE,2022,3,98926,15
PSE,2024,2,98043,6
CNG,2025,9,98223,434
PSE,2024,8,98284,68
CNG,2025,4,98524,5
CNG,2025,5,98944,441
PSE,2024,7,98248,69
Avista,2022,11,99403,96
PSE,2024,3,98264,45
PSE,2025,4,98266,43
Avista,2020,11,99110,4
NWN,2020,6,98605,0
NWN,2024,12,98629,1
Avista,2022,4,99033,11
PSE,2023,7,98007,48
CNG,2021,10,98223,2
PSE,2023,7,98323,2
CNG,2023,5,99336,4
PAC,2022,9,99324,119
PSE,2020,5,98002,228
PSE,2021,3,98257,29
CNG,2020,8,98520,1
PSE,2023,2,98115,1
NWN,2021,8,98684,2
PAC,2022,3,98939,13
Avista,2024,12,99131,2
NWN,2023,10,98127,0
CNG,2024,12,98901,252
PSE,2020,4,98422,7
PSE,2022,12,98408,203
PAC,2023,12,99363,4
Avista,2021,11,99163,36
Avista,2025,6,99027,449
PSE,2023,2,98014,3
PSE,2024,3,98247,20
PSE,2020,6,98576,20
NWN,2023,10,98620,0
CNG,2022,8,98936,3
Avista,2025,1,99341,97
Avista,2024,7,99001,40
PSE,2024,3,98058,141
CNG,2024,10,98233,166
PAC,2023,4,98937,58
Avista,2023,6,99018,2
PSE,2025,7,98311,181
CNG,2025,4,98520,204
CNG,2022,6,98221,14
Avista,2022,8,99014,1
PSE,2023,2,98284,33
PAC,2023,2,98937,53
Avista,2022,6,99202,183
CNG,2021,2,98310,15
CNG,2023,7,98230,14
CNG,2021,10,98550,4
PSE,2020,3,98221,17
PSE,2020,9,98223,1
CNG,2023,1,99354,3
PSE,2024,4,98072,29
CNG,2020,10,98225,36
NWN,2021,3,98671,4
NWN,2021,7,98666,0
PSE,2021,5,98229,84
PSE,2021,5,98332,3
NWN,2023,6,98628,0
NWN,2024,1,98660,6
Avista,2020,7,99159,8
PSE,2024,2,98133,12
PSE,2022,3,98075,5
PSE,2021,7,98223,3
PSE,2022,9,98407,1
PSE,2022,9,98188,33
PSE,2020,7,98281,3
NWN,2024,6,98685,4
PSE,2022,12,98589,166
Avista,2024,7,99160,2
PSE,2023,5,98513,53
Avista,2024,2,99344,157
PSE,2024,9,98058,6
NWN,2023,4,98629,1
CNG,2020,5,98248,12
PSE,2020,11,98354,1
CNG,2022,4,98295,7
PSE,2022,12,98251,18
PAC,2023,12,98947,106
Avista,2022,4,99019,56
CNG,2021,11,98944,10
PSE,2023,3,98366,35
PSE,2020,7,98136,1
PSE,2024,12,98233,28
PSE,2024,5,98008,43
CNG,2024,10,98367,48
NWN,2020,8,98663,1
NWN,2024,4,98639,1
Avista,2021,5,99006,34
CNG,2025,4,98936,146
PSE,2021,7,98391,32
PSE,2025,8,98059,138
PSE,2023,4,98144,6
PSE,2021,5,98270,31
PAC,2024,12,99323,13
PSE,2020,10,98466,8
NWN,2022,11,97031,0
PSE,2023,8,98008,15
PSE,2024,3,98252,6
Avista,2020,5,99341,3
PSE,2021,2,98466,3
PSE,2023,1,98023,71
PSE,2021,10,98125,1
CNG,2024,4,99352,15
PSE,2021,4,98110,17
PSE,2025,8,98047,49
PSE,2022,12,98055,709
PSE,2024,5,98383,24
PSE,2024,12,98292,1
PSE,2023,11,98051,8
PSE,2024,12,98038,55
PSE,2024,1,98270,49
Avista,2024,7,99157,3
PAC,2025,1,98930,437
PAC,2025,2,98932,203
Avista,2022,5,99151,4
PSE,2022,1,98075,9
PSE,2024,5,98034,113
PSE,2023,9,98249,1
NWN,2020,11,98674,0
PSE,2023,10,98144,4
NWN,2022,9,98648,4
Avista,2024,11,99171,1
NWN,2022,12,98664,11
PSE,2023,11,98126,24
Avista,2020,3,99138,5
PAC,2024,5,98921,65
NWN,2021,11,98675,0
CNG,2021,4,98247,45
Avista,2021,4,99341,4
PSE,2020,10,98117,2
Avista,2024,11,99157,3
Avista,2024,7,99171,7
PSE,2020,8,98059,13
Avista,2020,11,98620,1
CNG,2020,7,98802,1
NWN,2021,11,98864,0
NWN,2025,3,98665,10
Avista,2021,4,98620,4
PSE,2024,1,98445,10
Avista,2023,11,99173,23
PSE,2024,6,98346,14
PSE,2022,5,98503,105
PSE,2020,3,98926,6
PSE,2025,8,98467,8
PSE,2021,7,98262,2
Avista,2025,3,99025,269
CNG,2020,10,99352,0
CNG,2024,3,98221,88
PSE,2025,1,98106,12
Avista,2021,5,99030,2
PSE,2025,3,98392,52
PSE,2024,1,98028,58
NWN,2022,1,98665,24
PSE,2020,4,98144,5
PSE,2021,2,98225,78
Avista,2021,12,99204,45
Avista,2020,9,99009,4
PSE,2025,4,98390,71
PSE,2022,7,98020,1
Avista,2021,5,99171,4
PAC,2024,11,98908,490
PSE,2024,4,98383,27
PSE,2022,1,98402,1
CNG,2023,4,98520,2
PSE,2022,12,98108,362
PSE,2022,1,98444,33
PSE,2024,8,98405,26
PSE,2023,6,98052,209
PSE,2025,3,98020,19
CNG,2024,10,98626,9
NWN,2024,8,98648,0
Avista,2021,1,99207,142
Avista,2020,10,99111,17
PSE,2025,8,98283,3
CNG,2024,12,98276,32
NWN,2023,2,98601,0
Avista,2021,1,99208,123
PSE,2024,5,98446,15
Avista,2021,5,99169,10
PSE,2020,11,98014,3
PSE,2025,5,98340,5
Avista,2023,11,99032,5
NWN,2023,1,98125,0
PSE,2020,12,98359,5
PSE,2022,12,98273,840
PSE,2021,11,98392,8
Avista,2021,11,99335,0
PSE,2021,8,98589,12
PSE,2021,10,98281,2
PSE,2021,7,98385,1
CNG,2020,7,98930,2
Avista,2021,7,99009,5
PAC,2021,2,99361,6
PSE,2024,10,98047,45
CNG,2023,11,98277,1
Avista,2023,11,99344,112
Avista,2025,10,99159,121
PSE,2023,7,98252,2
NWN,2023,4,98127,0
PSE,2021,12,98042,674
Avista,2021,4,99208,271
PAC,2021,5,98947,5
PAC,2025,2,98947,83
CNG,2023,7,98584,2
CNG,2022,5,98337,3
PSE,2023,1,98391,25
Avista,2022,4,99218,90
PAC,2024,8,98938,53
Avista,2020,7,99027,23
Avista,2022,4,99130,12
PSE,2023,3,98392,34
PSE,2022,6,98233,34
PSE,2022,2,98311,46
PSE,2024,12,98012,15
PSE,2020,7,98247,12
NWN,2025,8,98674,0
Avista,2022,4,99110,5
PSE,2024,5,98107,4
PAC,2024,2,98903,567
PSE,2020,8,98360,11
PSE,2021,7,98092,233
PSE,2020,11,98328,1
CNG,2022,2,99324,3
PSE,2022,8,98022,34
CNG,2020,3,98953,0
PAC,2022,6,98942,157
PSE,2022,11,98014,4
PSE,2022,3,98102,1
PSE,2025,4,98424,11
PAC,2025,3,98937,46
Avista,2023,6,99103,2
Avista,2024,11,99402,10
Avista,2021,1,99217,43
Avista,2022,12,99138,16
Avista,2025,2,99131,19
PSE,2021,1,98337,3
CNG,2024,9,98541,15
PSE,2020,11,98290,1
NWN,2025,8,98307,0
PAC,2020,4,98932,20
CNG,2021,7,98274,1
PSE,2021,6,98117,1
PSE,2023,7,98405,4
NWN,2025,2,98119,0
PSE,2024,8,98342,17
PAC,2025,9,98953,112
PSE,2023,6,98053,44
PSE,2022,10,98074,3
PSE,2020,3,98024,1
PSE,2021,12,98204,137
PSE,2021,8,98373,21
PSE,2024,1,98125,11
Avista,2022,1,99104,1
Avista,2022,1,98620,3
PSE,2025,1,98922,53
NWN,2020,6,98119,0
Avista,2020,11,99018,1
PSE,2024,5,98105,1
PSE,2024,11,98020,5
PSE,2020,5,98941,2
Avista,2024,3,99109,29
PSE,2021,11,98424,1
PSE,2024,2,98019,18
PSE,2022,7,98248,54
PSE,2020,5,98532,1
NWN,2025,1,97388,0
PAC,2023,11,98933,18
Avista,2023,1,99204,84
PSE,2025,2,98117,4
NWN,2024,8,98605,0
PSE,2020,11,98221,16
PSE,2020,9,98199,2
NWN,2024,7,98666,0
CNG,2025,6,98383,196
PAC,2022,7,98937,46
PSE,2022,2,98926,15
Avista,2023,6,99109,20
PSE,2022,11,98338,14
Avista,2025,10,99019,768
PSE,2020,12,98262,3
Avista,2020,12,99371,1
PSE,2020,8,98396,8
PSE,2024,8,98359,17
PSE,2022,7,98014,1
PSE,2020,6,98288,1
PSE,2022,5,98257,18
PSE,2022,3,98022,63
Avista,2022,12,99102,3
Avista,2022,6,99149,1
CNG,2022,11,98229,15
NWN,2023,11,98208,0
CNG,2020,9,98247,9
PSE,2024,3,98271,9
PAC,2022,4,99348,12
PSE,2021,6,98445,9
PSE,2024,6,98203,16
PSE,2025,7,98031,428
CNG,2020,9,98273,9
PSE,2024,11,98059,73
PAC,2021,1,99323,3
Avista,2023,9,99143,4
NWN,2021,11,98666,0
PSE,2020,10,98108,25
PAC,2025,4,98903,218
PSE,2022,8,98335,2
PSE,2021,11,98053,6
Avista,2022,9,99141,29
PSE,2020,5,98108,34
PSE,2023,2,98444,8
PAC,2022,5,98953,83
PSE,2025,2,98404,20
PSE,2025,5,98012,81
PSE,2024,1,98038,60
CNG,2023,11,98801,1
NWN,2023,5,98762,0
CNG,2021,2,98271,6
Avista,2023,6,99176,1
PAC,2025,6,99360,17
PSE,2022,6,98011,30
PSE,2023,9,98499,4
Avista,2021,12,99012,3
Avista,2023,10,99185,36
PSE,2020,6,98177,6
NWN,2020,7,98307,0
PSE,2022,2,98110,14
CNG,2024,7,99352,43
Avista,2022,6,99341,3
PSE,2020,6,98295,1
Avista,2021,11,99137,3
PSE,2022,2,98221,43
Avista,2024,3,99174,2
PSE,2023,11,98390,47
PSE,2024,11,98262,8
PAC,2020,2,98938,8
PAC,2021,6,98901,51
PSE,2024,3,98506,54
PSE,2023,12,98240,9
NWN,2025,9,98620,0
NWN,2021,7,98683,0
CNG,2025,3,99337,130
PSE,2020,8,98446,2
CNG,2024,9,98282,13
CNG,2025,3,99344,227
PSE,2022,9,98010,4
PSE,2022,2,98112,6
PAC,2023,9,98902,1669
Avista,2020,9,99204,13
PSE,2023,11,98019,31
PSE,2020,4,98372,49
PSE,2025,6,98087,42
Avista,2025,8,99131,14
PSE,2025,1,98008,96
PSE,2025,6,98031,321
PSE,2021,4,98033,61
Avista,2025,9,99137,68
PSE,2021,1,98037,11
PSE,2023,4,98257,14
PSE,2021,12,98198,1165
PSE,2023,4,98023,93
PSE,2021,7,98057,54
CNG,2020,8,98233,11
CNG,2020,9,98284,6
NWN,2021,10,98661,3
Avista,2024,7,99207,426
Avista,2023,2,99026,6
PSE,2024,9,98597,67
PSE,2021,12,98155,52
PSE,2022,6,98370,27
PSE,2022,7,98058,39
PSE,2024,7,98087,5
PSE,2020,12,98498,52
PSE,2024,7,98012,21
Avista,2021,3,99005,17
PAC,2023,1,98938,43
Avista,2025,8,99151,32
PSE,2024,8,98106,8
PSE,2024,9,98502,90
PAC,2025,6,98950,1
PSE,2022,12,98022,459
PSE,2024,6,98166,6
PSE,2024,7,98002,238
PSE,2021,9,98004,64
NWN,2022,2,98684,8
PSE,2025,1,98532,8
PSE,2022,12,98407,83
PSE,2022,5,98366,34
PSE,2022,5,98439,13
PAC,2024,5,98935,140
Avista,2023,7,99160,1
PSE,2024,10,98273,21
PAC,2023,5,99328,98
CNG,2024,12,98310,416
PSE,2025,8,98223,1
Avista,2022,12,99110,6
Avista,2024,1,99181,31
PSE,2021,2,98260,5
PSE,2020,8,98198,59
CNG,2025,5,98848,2
PSE,2024,4,98118,63
Avista,2024,5,99113,2
PSE,2021,3,98047,24
PSE,2021,11,98121,1
PSE,2025,7,98294,10
Avista,2025,2,99326,18
PSE,2025,2,98108,21
PSE,2021,11,98946,1
Avista,2025,3,99202,2888
CNG,2024,11,98550,103
PSE,2024,3,98499,10
PSE,2024,8,98380,18
NWN,2021,6,97388,0
PSE,2022,12,98026,126
Avista,2021,10,99001,27
PAC,2023,7,99362,812
PSE,2021,10,98337,15
PSE,2025,2,98034,189
PSE,2022,12,98188,961
PAC,2024,3,98901,1225
PSE,2021,3,98946,3
CNG,2020,5,98801,2
Avista,2023,7,99326,1
PSE,2025,8,98056,173
PSE,2023,11,98407,1
PSE,2024,10,98337,24
CNG,2020,9,99353,0
PAC,2025,4,98936,104
PSE,2022,9,98934,2
PSE,2022,11,98144,3
PSE,2023,10,98221,42
CNG,2025,7,98295,54
PSE,2020,6,98270,24
PSE,2024,1,98233,79
Avista,2021,9,99025,7
PSE,2023,3,98255,2
CNG,2025,6,99350,36
PSE,2025,4,98288,2
Avista,2025,1,99207,5652
PSE,2023,9,98597,33
PAC,2024,9,98942,199
PAC,2022,11,99323,14
Avista,2023,10,99402,37
CNG,2025,2,98225,609
PSE,2021,2,98087,11
CNG,2023,1,98944,17
CNG,2021,10,98932,2
Avista,2020,10,99016,65
PSE,2020,4,98277,85
PSE,2020,11,98133,7
PSE,2023,6,98270,157
PSE,2022,7,98359,4
PSE,2023,7,98036,5
PSE,2022,7,98466,2
PSE,2022,5,98467,2
Avista,2021,1,99131,2
PSE,2022,11,98043,2
Avista,2021,5,99003,8
PSE,2023,8,98277,86
PSE,2021,6,98392,13
PSE,2023,7,98359,5
PSE,2022,5,98465,2
Avista,2024,10,99030,6
Avista,2024,4,99174,1
Avista,2021,12,99137,5
Avista,2025,1,99179,43
PSE,2023,11,98576,21
NWN,2024,3,97388,0
NWN,2022,10,98119,0
PSE,2023,6,98068,3
PSE,2020,12,98499,16
CNG,2020,5,99352,3
Avista,2025,2,99223,2661
CNG,2021,5,98274,51
CNG,2022,11,99336,5
NWN,2021,12,98601,0
CNG,2025,6,98520,203
PAC,2024,11,98953,108
Avista,2024,3,99181,18
Avista,2022,8,99128,4
Avista,2023,10,99134,26
Avista,2021,5,99218,42
PSE,2022,3,98260,11
PSE,2023,2,98260,3
NWN,2024,10,97031,0
PSE,2022,2,98439,26
PSE,2021,10,98576,15
PSE,2021,9,98030,353
PSE,2023,10,98532,1
PSE,2022,1,98591,1
PSE,2022,2,98295,3
PSE,2024,12,98236,26
NWN,2024,11,98648,0
NWN,2024,1,98620,0
PSE,2023,3,98033,30
NWN,2021,5,98675,0
PSE,2025,1,98240,13
PSE,2025,7,98406,36
PSE,2020,8,98328,1
NWN,2025,2,97301,0
PSE,2020,7,98380,5
Avista,2025,2,99159,119
PSE,2025,8,98077,5
PSE,2023,11,98115,12
PAC,2023,11,98902,1636
NWN,2025,7,98663,3
PSE,2023,4,98008,27
PSE,2022,6,98290,2
PSE,2025,2,98373,93
PSE,2021,8,98125,2
PSE,2022,2,98267,2
PAC,2024,7,99323,16
PSE,2022,6,98506,28
PSE,2023,4,98390,6
Avista,2022,10,99171,11
PSE,2025,6,98237,75
PSE,2021,4,98388,4
CNG,2025,5,98902,1458
PSE,2021,2,98235,1
PSE,2024,11,98359,9
CNG,2023,8,98233,21
PSE,2022,7,98010,2
Avista,2024,6,99204,58
PSE,2024,6,98253,7
PSE,2025,4,98204,50
CNG,2021,5,99352,14
Avista,2023,9,99016,43
PSE,2025,3,98597,203
PSE,2021,12,98274,267
CNG,2024,3,99362,159
PSE,2024,7,98110,56
PAC,2025,8,99323,26
PSE,2024,10,98388,8
PSE,2024,1,98050,2
PSE,2024,10,98367,52
CNG,2023,8,98337,2
NWN,2020,10,98620,0
PSE,2021,3,98342,4
PSE,2020,7,98225,93
PSE,2025,4,98105,9
PSE,2023,11,98288,1
PSE,2021,1,98359,5
PAC,2022,11,98942,194
PSE,2022,2,98443,2
NWN,2021,8,98672,0
PSE,2022,5,98579,34
NWN,2024,11,98617,0
PSE,2021,5,98168,19
PSE,2025,5,98558,2
PSE,2023,4,98118,21
PAC,2023,3,98947,118
Avista,2022,10,99012,3
PSE,2020,5,98465,6
PSE,2020,9,98056,37
PAC,2021,4,98937,8
PSE,2021,9,98021,12
PSE,2024,3,98087,24
CNG,2021,7,98273,11
NWN,2020,5,98864,0
PSE,2022,7,98201,4
CNG,2024,3,99338,3
Avista,2020,8,99141,18
CNG,2022,4,98801,4
PAC,2022,12,98953,86
PSE,2023,10,98530,4
PSE,2025,3,98253,13
PSE,2021,3,98230,31
PSE,2023,2,98512,36
NWN,2020,3,98672,0
PSE,2022,1,98294,4
PSE,2023,10,98513,34
PAC,2020,6,99362,29
PSE,2021,4,98439,26
CNG,2024,2,98367,22
CNG,2020,6,98632,2
PSE,2021,3,98221,23
Avista,2024,1,99032,16
PSE,2023,5,98032,187
PSE,2021,11,98105,2
Avista,2020,12,99157,11
PSE,2023,6,98926,38
Avista,2021,4,99032,9
NWN,2025,6,98125,0
PSE,2023,1,98934,6
PAC,2022,1,98902,1618
PSE,2025,1,98001,153
PSE,2024,3,98012,34
CNG,2020,8,98247,5
Avista,2022,10,99040,31
Avista,2022,1,99020,1
PSE,2024,5,98036,21
Avista,2025,11,99344,1194
Avista,2024,7,99344,66
PSE,2023,12,98230,34
Avista,2023,8,99022,7
Avista,2024,2,99160,3
PSE,2023,12,98501,60
PSE,2022,1,98499,12
NWN,2024,10,98127,0
PSE,2022,7,98177,4
PAC,2025,9,98930,139
PSE,2020,9,98117,3
PSE,2025,2,98038,72
NWN,2024,4,97301,0
Avista,2023,2,99006,29
PSE,2020,3,98118,37
Avista,2022,12,99134,5
PSE,2022,2,98260,15
PSE,2024,2,98380,4
CNG,2022,7,99354,1
NWN,2023,8,98661,5
PSE,2025,8,98001,207
PSE,2022,3,98387,40
PAC,2025,5,99361,22
NWN,2023,9,98666,0
PAC,2022,10,99360,5
PSE,2023,4,98940,2
PSE,2024,5,98026,15
NWN,2024,2,98660,6
CNG,2023,1,98274,13
Avista,2023,1,99128,5
PSE,2023,7,98022,19
NWN,2020,12,98601,0
PSE,2020,3,98338,11
PSE,2024,7,98926,9
PSE,2023,2,98155,8
Avista,2020,10,99151,3
PSE,2023,2,98230,27
Avista,2023,12,99149,6
PSE,2023,5,98012,6
PSE,2022,11,98252,1
PSE,2020,4,98391,86
CNG,2022,9,98902,19
PSE,2020,12,98002,151
CNG,2020,10,98802,1
Avista,2024,7,99022,47
CNG,2024,3,98366,103
CNG,2020,10,98284,13
CNG,2020,5,98276,0
Avista,2023,2,99151,2
NWN,2024,11,98672,0
CNG,2020,4,98232,1
Avista,2025,5,99134,84
Avista,2024,11,99138,29
PSE,2020,5,98512,78
PAC,2021,3,99326,0
PSE,2021,6,98277,74
PSE,2023,10,98058,110
NWN,2022,1,98208,0
PSE,2021,5,98327,1
PSE,2023,6,98208,61
Avista,2021,7,99004,3
PSE,2023,3,98270,17
PSE,2024,8,98321,89
PSE,2021,12,98439,328
PSE,2020,5,98014,12
CNG,2022,10,98948,5
PSE,2020,10,98283,2
Avista,2022,1,99032,7
Avista,2020,4,99130,1
PSE,2022,5,98229,55
PAC,2021,3,98936,5
NWN,2023,2,98629,2
PSE,2021,1,98244,11
PSE,2023,1,98024,4
Avista,2020,7,99014,1
PSE,2023,10,98385,1
Avista,2023,10,99224,427
PSE,2020,8,98036,8
PSE,2020,3,98337,22
NWN,2021,3,98682,19
Avista,2021,12,99103,5
PSE,2022,9,98101,1
PSE,2020,5,98106,10
PSE,2024,5,98295,1
PSE,2025,3,98296,9
PSE,2025,8,98249,20
Avista,2021,11,99169,17
PAC,2021,3,98937,2
Avista,2022,10,99204,17
PSE,2022,7,98155,7
PSE,2021,7,98532,2
CNG,2023,3,98257,2
PSE,2022,6,98236,5
PSE,2021,1,98022,44
Avista,2023,1,99218,103
PSE,2024,5,98311,55
PSE,2022,12,98034,657
PSE,2024,10,98366,105
Avista,2024,10,99114,76
Avista,2022,9,99129,10
PAC,2022,7,98903,477
Avista,2021,6,99205,186
Avista,2024,2,99174,1
CNG,2022,5,98312,3
PSE,2021,9,98596,1
PSE,2024,5,98092,303
PSE,2022,9,98043,1
CNG,2024,8,98366,152
PSE,2020,10,98002,221
PSE,2021,5,98023,222
NWN,2022,4,98604,1090
PSE,2024,3,98005,23
Avista,2024,7,99173,14
Avista,2025,10,99158,61
PSE,2024,1,98042,144
Avista,2022,1,99128,2
PSE,2022,2,98576,16
CNG,2024,3,98541,10
PSE,2021,5,98221,31
Avista,2025,8,99003,254
PSE,2020,11,98028,23
CNG,2023,8,98901,8
PSE,2023,1,98198,59
PSE,2022,3,98424,5
PAC,2024,10,99350,1
CNG,2023,11,99324,2
PSE,2024,8,98116,3
Avista,2021,12,99134,8
PSE,2023,3,98367,11
NWN,2025,9,98617,0
PSE,2024,7,98043,12
PSE,2021,4,98281,5
NWN,2023,3,98610,0
PSE,2021,4,98119,2
PSE,2025,9,98310,13
CNG,2021,7,98225,8
PSE,2021,1,98405,7
Avista,2022,1,99004,6
PSE,2025,6,98244,17
PSE,2023,2,98045,6
PAC,2024,5,99360,7
CNG,2023,4,98226,22
PSE,2020,12,98252,1
Avista,2023,1,99151,3
Avista,2023,8,99151,2
PSE,2022,1,98418,12
CNG,2020,7,98953,1
PSE,2025,2,98026,45
PSE,2020,5,98383,19
PSE,2021,11,98045,11
Avista,2022,9,99040,8
NWN,2022,10,98671,0
CNG,2023,4,99337,3
PSE,2020,6,98072,18
NWN,2024,3,98682,9
Avista,2024,3,99113,4
PSE,2024,5,98407,2
PSE,2023,8,98043,8
Avista,2023,12,99205,596
PSE,2024,8,98239,10
Avista,2022,7,99143,3
NWN,2024,6,98208,0
PSE,2025,6,98262,4
CNG,2020,5,98383,2
Avista,2022,4,99204,62
PSE,2024,6,98404,21
PSE,2025,2,98445,38
PSE,2025,5,98292,3
NWN,2022,4,98628,29
PSE,2020,7,98375,31
PSE,2023,5,98276,5
Avista,2021,12,99023,0
Avista,2025,4,99149,37
CNG,2021,3,98626,5
NWN,2021,11,98762,0
CNG,2020,10,98951,0
PSE,2022,2,98530,6
Avista,2021,4,99141,23
PSE,2023,3,98103,8
PAC,2022,11,98937,49
PAC,2022,10,99362,709
PAC,2022,1,98935,135
CNG,2025,3,98901,429
NWN,2025,1,98307,0
NWN,2021,3,98686,3
PAC,2025,3,98944,831
PSE,2022,9,98126,2
NWN,2021,3,98628,0
CNG,2021,11,98226,9
Avista,2025,9,99179,47
PSE,2022,7,98396,1
Avista,2025,11,99113,34
PSE,2022,8,98043,2
PSE,2025,9,98040,4
PSE,2021,11,98597,68
NWN,2020,7,98610,0
CNG,2023,8,98221,17
PSE,2024,12,98407,10
Avista,2020,3,99033,5
PAC,2024,1,98935,135
PSE,2021,2,98208,15
NWN,2022,7,97663,0
PSE,2023,4,98446,3
PSE,2020,3,98346,16
Avista,2021,2,99179,2
PSE,2025,1,98125,10
PSE,2023,3,98943,4
Avista,2024,8,99202,517
PSE,2025,7,98023,647
PSE,2020,12,98589,13
CNG,2020,3,99336,4
PSE,2024,4,98580,16
Avista,2021,4,99148,15
Avista,2020,12,99137,6
CNG,2022,11,98930,7
PSE,2023,7,98499,5
PSE,2022,11,98059,21
PAC,2021,6,98932,13
CNG,2025,5,98247,176
PSE,2024,5,98110,33
CNG,2025,9,99354,131
PSE,2023,7,98288,1
PSE,2023,11,98388,2
PSE,2020,10,98021,6
PSE,2024,9,98296,1
Avista,2020,12,99101,7
PSE,2023,6,98502,389
CNG,2023,4,99354,2
PSE,2024,5,98208,27
PSE,2025,3,98005,53
PSE,2022,12,98310,709
Avista,2025,6,99029,110
PSE,2025,6,98253,2
PSE,2020,8,98077,3
CNG,2025,3,98626,28
CNG,2024,9,98257,19
NWN,2025,7,98307,0
PSE,2023,1,98001,58
PSE,2020,7,98042,70
Avista,2023,1,99205,379
PAC,2020,11,99348,1
NWN,2022,5,97388,0
Avista,2023,7,99204,13
Avista,2020,11,99040,10
Avista,2023,6,99033,7
PSE,2025,7,98370,141
PSE,2024,7,98275,11
Avista,2020,8,99167,3
Avista,2025,4,99174,13
NWN,2020,12,98605,0
PAC,2024,1,98936,109
NWN,2023,4,98686,3
PSE,2020,12,98296,2
Avista,2023,3,99117,2
PSE,2023,10,98010,18
PSE,2022,5,98051,1
PSE,2020,12,98070,23
PSE,2022,11,98229,54
Avista,2025,10,99170,98
PAC,2020,1,99324,21
PAC,2023,9,98932,210
NWN,2021,11,98612,0
PSE,2021,6,98264,24
NWN,2025,7,98666,0
PSE,2022,8,98092,128
PAC,2024,11,99362,673
PSE,2020,11,98258,9
NWN,2022,8,98601,4
Avista,2025,4,99033,143
PAC,2023,11,99361,20
CNG,2024,5,98801,10
PSE,2025,6,98277,125
PSE,2022,11,98166,9
PAC,2025,1,99360,3
PSE,2024,12,98166,20
PSE,2020,4,98502,94
PSE,2025,4,98036,69
PSE,2025,1,98591,2
PSE,2025,2,98288,3
NWN,2025,9,98610,0
PSE,2021,4,98311,73
NWN,2025,5,98686,7
PAC,2021,1,98937,3
PSE,2020,7,98087,13
Avista,2023,1,99031,3
PSE,2022,4,98059,43
NWN,2024,2,98666,0
Avista,2024,9,99326,1
PAC,2025,9,98937,66
PSE,2025,9,98409,6
CNG,2021,4,98282,2
PSE,2022,9,98247,3
Avista,2022,5,99040,19
PSE,2023,4,98019,11
CNG,2021,5,98230,70
CNG,2025,9,98274,293
Avista,2025,2,99114,1521
NWN,2021,1,98665,17
PSE,2025,7,98284,194
Avista,2025,3,99005,349
PSE,2024,4,98074,9
PSE,2020,3,98274,19
PSE,2025,9,98360,5
PAC,2025,5,99324,75
NWN,2022,6,98610,58
PAC,2024,10,99361,16
Avista,2023,9,99181,2
PAC,2021,6,98935,14
PSE,2021,9,98006,65
NWN,2025,5,98648,0
Avista,2021,4,99179,4
CNG,2025,4,98345,8
CNG,2024,12,98550,152
PAC,2023,7,98902,1708
PSE,2025,1,98011,128
PSE,2023,12,98262,6
NWN,2024,12,98208,0
PSE,2023,1,98110,11
NWN,2020,11,98620,0
PAC,2024,11,98936,81
PSE,2025,7,98007,160
CNG,2020,4,98244,1
CNG,2022,6,98230,5
CNG,2022,4,98225,29
PSE,2021,3,98404,25
NWN,2024,7,98639,0
PSE,2022,12,98392,79
NWN,2024,11,98635,0
PSE,2022,7,98335,3
NWN,2023,5,97301,0
PSE,2020,8,98033,15
PSE,2020,3,98075,5
CNG,2020,8,98223,7
PSE,2025,2,98020,29
PSE,2021,9,98019,23
Avista,2024,1,99013,40
PSE,2024,6,98354,8
CNG,2020,6,98277,14
CNG,2024,8,98563,13
PSE,2021,12,98119,35
CNG,2021,7,98903,2
CNG,2023,5,98848,1
PSE,2025,1,98284,153
PSE,2022,9,98144,3
PSE,2021,11,98239,13
CNG,2024,3,98284,110
CNG,2021,3,98312,71
CNG,2022,6,99324,2
PAC,2020,7,98951,21
Avista,2023,4,99341,2
NWN,2023,7,98662,14
Avista,2020,10,99344,43
NWN,2024,11,97388,0
PSE,2021,9,98040,15
PSE,2022,5,98284,79
Avista,2025,2,99040,186
CNG,2025,2,98264,510
Avista,2021,2,99026,5
PSE,2024,3,98208,38
PSE,2025,3,98224,4
PSE,2023,7,98391,47
Avista,2021,1,99114,79
PSE,2023,5,98237,12
Avista,2025,7,99138,292
Avista,2023,7,99403,38
CNG,2021,2,98936,5
CNG,2025,1,98337,154
PSE,2020,4,98375,54
Avista,2025,8,99110,66
CNG,2020,6,98345,0
Avista,2025,1,99129,157
PSE,2021,10,98101,1
PSE,2022,1,98036,11
PSE,2023,11,98011,74
NWN,2024,11,98628,0
Avista,2025,8,99185,137
NWN,2023,11,98675,0
Avista,2024,7,99146,2
PAC,2023,6,99329,4
PSE,2022,1,98532,1
PSE,2022,2,98188,97
Avista,2025,12,99179,45
Avista,2021,5,99005,10
PSE,2024,1,98499,5
Avista,2025,5,99019,759
Avista,2025,8,99033,138
Avista,2023,6,99157,5
CNG,2023,1,98903,10
PSE,2022,5,98405,14
PSE,2022,4,98375,27
Avista,2022,8,99218,67
PSE,2024,5,98001,201
PSE,2021,3,98512,61
NWN,2021,4,98674,0
PSE,2024,6,98337,14
PSE,2024,4,98294,6
CNG,2025,7,98337,170
PAC,2023,5,98948,469
PSE,2021,4,98146,13
CNG,2025,8,98520,209
PSE,2020,7,98118,20
PSE,2020,10,98020,5
PSE,2021,8,98226,107
PSE,2022,7,98516,41
Avista,2025,10,99202,2938
Avista,2023,12,99158,6
Avista,2023,11,98648,1
CNG,2025,7,98903,183
PAC,2022,5,99350,2
Avista,2025,4,99138,307
PSE,2021,4,98109,4
PSE,2025,8,98092,324
PSE,2021,6,98077,2
PSE,2025,2,98011,87
PSE,2023,10,98439,7
PSE,2024,12,98418,13
PSE,2021,9,98237,55
PSE,2020,9,98342,2
CNG,2021,4,99353,1
CNG,2020,12,98801,3
Avista,2025,8,99202,2482
PSE,2024,2,98166,27
CNG,2025,4,98901,440
PSE,2023,11,98177,8
PAC,2023,2,98930,398
Avista,2021,12,99371,6
CNG,2024,5,98951,24
Avista,2025,10,99341,104
Avista,2022,2,99158,7
PAC,2022,10,98936,88
PSE,2025,7,98359,22
PSE,2023,11,98136,2
PSE,2024,9,98338,13
CNG,2025,4,98310,509
PSE,2020,8,98342,2
CNG,2025,5,99301,1376
PSE,2025,2,98295,6
Avista,2021,12,99131,2
PSE,2022,1,98047,35
Avista,2020,8,99040,7
CNG,2020,8,98930,0
PSE,2022,12,98503,1065
NWN,2025,3,98685,3
CNG,2021,4,99354,12
PSE,2020,10,98198,122
CNG,2020,7,98337,5
PSE,2024,6,98424,14
PSE,2021,5,98264,33
Avista,2024,9,99204,59
PSE,2023,3,98530,2
Avista,2023,4,99158,7
CNG,2025,5,99352,245
PSE,2022,8,98512,40
PSE,2022,7,98321,7
Avista,2021,6,99021,20
PSE,2024,4,98122,13
PSE,2022,9,98011,20
Avista,2024,1,99027,91
Avista,2023,1,99016,60
Avista,2023,11,99004,15
PSE,2024,7,98056,84
Avista,2024,8,99181,54
PAC,2020,10,98937,9
PSE,2025,5,98252,15
PSE,2020,8,98144,3
PSE,2023,11,98010,13
Avista,2023,1,99131,2
PSE,2023,8,98006,25
PSE,2022,11,98136,1
PSE,2024,4,98372,41
Avista,2025,11,99157,42
PSE,2025,9,98102,5
PSE,2021,11,98373,14
Avista,2020,8,99129,5
Avista,2024,7,99006,57
PSE,2023,12,98115,5
PSE,2020,6,98045,10
CNG,2024,7,98626,5
Avista,2022,12,99163,54
PSE,2021,4,98077,4
PSE,2025,5,98943,3
PSE,2022,8,98023,89
NWN,2022,11,98674,0
Avista,2023,6,99224,69
NWN,2021,11,98664,3
CNG,2023,9,98370,1
PAC,2025,3,99328,105
PSE,2024,2,98392,39
PSE,2025,6,98342,11
PSE,2021,10,98031,23
PSE,2025,5,98288,1
PAC,2024,10,98936,84
Avista,2023,12,99170,8
PSE,2022,11,98257,14
Avista,2020,12,99012,19
PSE,2022,7,98146,2
CNG,2025,5,98563,50
PAC,2022,6,98903,421
NWN,2025,9,98674,0
Avista,2025,5,99207,5842
PSE,2022,7,98580,3
NWN,2020,8,98208,0
PAC,2023,10,98951,381
PSE,2024,8,98925,2
PSE,2024,1,98105,5
Avista,2025,4,99130,103
NWN,2021,8,97031,0
PAC,2025,7,98903,263
PSE,2021,6,98589,20
PSE,2022,6,98055,34
PSE,2025,9,98387,12
Avista,2022,9,99103,4
Avista,2020,7,99031,1
PSE,2021,2,98036,10
PAC,2021,3,98948,31
NWN,2024,4,98666,0
PAC,2024,12,99361,18
CNG,2025,2,98312,456
Avista,2023,9,99201,31
PSE,2024,2,98225,169
PSE,2025,2,98208,79
PSE,2020,7,98004,13
PSE,2021,11,98342,3
PSE,2022,6,98446,2
NWN,2024,11,97301,0
Avista,2025,11,99109,415
PSE,2020,3,98037,1
PSE,2024,1,98037,31
PSE,2020,7,98166,7
PAC,2023,6,98935,134
NWN,2022,7,98642,0
PSE,2025,8,98271,9
NWN,2021,9,98626,0
PAC,2020,9,98935,8
PSE,2024,2,98342,8
PAC,2023,6,99350,2
PSE,2022,1,98531,11
CNG,2021,9,98584,4
Avista,2024,9,99149,5
PSE,2024,2,98387,30
PSE,2023,5,98122,5
PSE,2025,3,98516,157
PSE,2024,1,98065,26
PSE,2021,9,98043,12
Avista,2021,8,99157,5
PSE,2023,9,98372,18
CNG,2022,6,98284,34
CNG,2025,4,98282,27
PSE,2023,8,98053,8
PSE,2022,10,98371,27
NWN,2025,1,98606,1
Avista,2024,12,99101,10
PSE,2024,12,98274,9
Avista,2021,11,99149,1
PSE,2021,2,98019,8
Avista,2024,1,99146,1
PSE,2022,8,98408,8
PSE,2020,6,98513,60
Avista,2021,12,99029,12
Avista,2025,3,99037,364
NWN,2023,6,98604,4
PAC,2023,1,98901,1373
Avista,2024,10,99027,30
CNG,2024,4,99362,155
CNG,2025,3,98625,3
NWN,2025,2,98674,0
Avista,2024,5,99181,22
PSE,2020,8,98115,2
NWN,2024,9,97388,0
PSE,2022,5,98597,49
PSE,2021,6,98249,8
Avista,2021,1,99003,5
PSE,2024,9,98028,6
Avista,2021,11,99023,0
CNG,2024,5,98226,202
Avista,2021,8,99113,2
PSE,2025,7,98102,10
CNG,2021,1,98229,16
PSE,2025,4,98026,55
PSE,2025,4,98276,9
Avista,2020,4,99205,285
PSE,2022,1,98042,118
Avista,2024,4,99018,3
PSE,2023,2,98292,1
NWN,2022,3,98762,0
CNG,2024,11,98220,6
CNG,2020,5,99324,7
PSE,2020,8,98264,25
PAC,2024,6,98936,95
Avista,2025,11,99206,2940
CNG,2020,8,98312,4
PSE,2025,6,98251,4
PSE,2021,8,98406,4
PSE,2025,1,98292,3
PSE,2024,2,98223,2
PSE,2021,9,98221,73
PSE,2023,2,98579,21
CNG,2020,4,99338,1
Avista,2020,6,99032,6
PSE,2020,9,98103,2
PSE,2021,9,98038,82
PSE,2020,7,98133,11
Avista,2021,6,99033,8
PSE,2021,7,98004,8
Avista,2024,10,99128,1
PSE,2023,1,98077,1
PSE,2024,6,98439,28
PSE,2023,6,98087,51
CNG,2024,9,98951,31
PSE,2020,10,98239,19
PSE,2024,1,98198,150
NWN,2024,9,98607,0
PSE,2024,5,98255,2
PSE,2024,3,98404,28
PAC,2024,7,99347,44
PAC,2025,7,98930,144
PSE,2021,6,98354,2
PSE,2020,4,98032,167
Avista,2025,2,99218,1118
PSE,2024,10,98106,3
CNG,2022,12,98221,4
PSE,2025,4,98107,8
NWN,2024,1,98606,0
PSE,2021,12,98051,34
PAC,2024,7,98952,16
CNG,2024,4,98674,1
Avista,2024,7,99110,1
NWN,2022,8,98665,0
PSE,2024,12,98408,34
Avista,2025,2,99110,64
PSE,2022,12,98045,113
PSE,2023,8,98118,22
PAC,2025,2,98901,984
NWN,2022,8,97388,0
PSE,2021,3,98144,30
Avista,2024,1,99134,11
PSE,2024,6,98366,60
NWN,2025,9,98606,0
CNG,2025,3,98310,517
Avista,2021,12,99005,18
CNG,2022,8,99336,1
PSE,2025,7,98374,297
NWN,2024,5,98628,0
PSE,2023,10,98103,5
PSE,2025,7,98271,13
PSE,2022,7,98258,7
PSE,2020,8,98531,6
PSE,2021,8,98233,27
Avista,2020,8,99009,3
PSE,2024,2,98199,2
PSE,2025,7,98221,111
Avista,2020,3,99163,81
CNG,2025,6,98220,13
Avista,2024,5,99159,3
Avista,2023,4,99181,4
CNG,2024,6,98930,48
CNG,2024,6,98370,22
NWN,2022,8,98683,7
PSE,2023,1,98408,14
PSE,2023,7,98558,2
PSE,2020,12,98117,1
PSE,2022,7,98253,3
PSE,2022,1,98323,1
NWN,2023,2,98604,10
Avista,2023,12,99173,36
CNG,2021,7,98221,1
CNG,2025,6,98524,4
PSE,2023,11,98404,12
Avista,2022,7,99019,42
Avista,2020,6,99009,7
PSE,2022,6,98408,14
Avista,2024,2,99109,27
CNG,2025,3,98930,176
NWN,2021,5,98762,0
Avista,2023,2,99201,205
PSE,2022,11,98409,2
PSE,2021,7,98053,3
NWN,2023,3,98675,0
PSE,2023,3,98020,1
Avista,2020,8,99203,51
PSE,2020,8,98312,38
PSE,2023,6,98010,45
Avista,2020,8,99103,1
PSE,2024,1,98024,6
PSE,2024,6,98244,22
Avista,2022,7,99217,102
PSE,2021,9,98271,14
NWN,2023,3,97301,0
PSE,2025,2,98390,57
PAC,2022,10,98935,113
NWN,2023,6,98686,3
PAC,2020,12,99323,2
CNG,2024,8,98541,15
CNG,2025,3,98801,53
CNG,2025,2,98233,339
PSE,2021,6,98338,16
Avista,2021,8,99104,1
PSE,2021,10,98263,1
CNG,2021,5,98226,131
CNG,2024,1,98632,4
PSE,2020,3,98119,1
PSE,2024,4,98516,100
PSE,2025,5,98030,211
PSE,2023,9,98148,7
Avista,2021,10,99185,10
NWN,2021,4,98626,0
NWN,2023,2,98620,0
Avista,2023,3,99103,2
PSE,2023,1,98506,44
PSE,2020,7,98117,4
NWN,2020,9,98665,3
PSE,2024,4,98439,11
PSE,2022,11,98424,3
Avista,2021,1,99185,6
Avista,2022,3,99104,1
PAC,2020,4,99362,33
Avista,2025,12,99033,142
PSE,2022,4,98232,3
CNG,2022,3,98226,25
PSE,2021,2,98360,9
PSE,2022,6,98204,6
Avista,2020,12,99159,2
PSE,2024,10,98020,2
CNG,2021,12,98244,1
PSE,2023,12,98244,12
PSE,2024,5,98052,137
Avista,2024,3,99143,6
PSE,2022,12,98597,552
PSE,2021,12,98579,264
Avista,2024,2,99018,7
CNG,2021,5,98626,5
PSE,2020,9,98235,1
Avista,2021,2,99151,2
Avista,2022,6,99159,11
NWN,2024,3,98617,0
PSE,2024,9,98052,10
CNG,2023,8,98903,3
NWN,2023,5,98635,0
PSE,2021,1,98327,1
Avista,2023,7,99223,77
PAC,2023,8,99350,2
PSE,2025,8,98208,27
PAC,2024,6,98903,521
CNG,2024,2,98311,47
CNG,2021,2,98584,5
CNG,2020,7,98674,0
PSE,2021,11,98029,17
Avista,2024,9,99202,150
PSE,2020,4,98576,14
Avista,2020,11,99204,3
PSE,2023,4,98591,1
PSE,2020,9,98237,7
PSE,2024,3,98422,6
Avista,2021,2,99130,5
Avista,2023,1,99161,23
Avista,2021,3,99037,6
PSE,2024,7,98332,6
NWN,2023,5,98668,0
PAC,2024,10,98935,121
CNG,2022,11,98248,4
PSE,2021,5,98402,1
PSE,2020,4,98946,1
PSE,2025,5,98337,32
Avista,2025,2,99157,102
CNG,2024,11,98225,368
Avista,2020,6,99170,5
PSE,2024,9,98030,8
PSE,2021,6,98387,19
PSE,2020,5,98112,4
CNG,2021,6,99362,14
PSE,2020,6,98052,84
PSE,2025,2,98057,47
PSE,2021,12,98941,18
PSE,2023,5,98108,32
CNG,2022,11,98240,1
PAC,2025,3,98923,25
Avista,2021,1,99143,6
PSE,2023,2,98008,44
PSE,2022,7,98263,1
PSE,2024,1,98115,11
PSE,2021,1,98020,5
CNG,2025,7,98936,148
Avista,2023,9,99008,1
Avista,2023,10,99171,30
PSE,2025,3,98077,12
PSE,2020,11,98445,12
PSE,2021,5,98004,43
NWN,2021,9,98685,0
PSE,2023,12,98247,16
PSE,2023,3,98373,15
PSE,2020,7,98444,5
NWN,2020,11,97031,0
PSE,2022,4,98257,14
CNG,2022,8,98541,1
NWN,2025,4,98119,0
PSE,2020,7,98371,30
NWN,2024,2,98661,7
PSE,2024,8,98329,1
PAC,2023,12,98930,439
PSE,2023,2,98029,42
NWN,2021,11,98674,0
PSE,2021,8,98321,14
Avista,2021,9,99171,5
PSE,2025,2,98502,258
Avista,2022,9,99143,7
Avista,2024,4,99341,7
CNG,2020,7,98274,5
PSE,2024,6,98321,65
PAC,2024,7,98944,824
CNG,2020,11,98284,5
PSE,2023,3,98198,101
NWN,2020,10,98675,0
PSE,2020,5,98294,4
PSE,2022,10,98439,18
Avista,2020,5,99207,130
Avista,2022,12,99158,10
Avista,2024,6,99163,174
PAC,2021,2,98901,89
PSE,2020,11,98270,14
PSE,2023,11,98516,101
PSE,2024,10,98274,5
NWN,2025,6,98666,0
PSE,2023,11,98102,4
PSE,2020,12,98943,4
PAC,2021,3,99363,0
PSE,2022,10,98237,61
PSE,2020,10,98112,1
CNG,2020,7,98276,3
PSE,2023,6,98021,38
NWN,2021,5,98604,1
PAC,2022,7,98921,37
PSE,2022,12,98345,4
PAC,2022,12,98947,93
PSE,2025,5,98422,31
PSE,2021,7,98271,3
PSE,2023,12,98580,7
PSE,2025,7,98047,76
CNG,2024,7,98528,2
PSE,2020,8,98424,5
PAC,2020,4,98948,22
PSE,2023,4,98024,4
CNG,2022,10,98229,14
NWN,2022,2,98606,0
PAC,2022,5,98938,33
Avista,2021,12,98620,8
PSE,2024,8,98074,17
CNG,2025,2,98247,160
Avista,2020,4,99013,4
PSE,2021,12,98327,43
CNG,2022,10,98837,3
NWN,2024,8,98682,5
NWN,2020,11,98628,0
PSE,2021,8,98087,4
CNG,2020,3,98951,5
CNG,2024,2,98550,52
PSE,2023,9,98133,3
CNG,2025,4,98276,58
PSE,2024,1,98337,12
CNG,2021,6,98225,15
Avista,2023,6,99159,9
CNG,2024,9,98801,16
Avista,2024,5,99137,3
Avista,2022,7,99371,3
Avista,2020,9,99022,6
PSE,2024,11,98034,140
PAC,2022,8,98953,75
PSE,2023,2,98337,8
CNG,2025,8,98837,66
PSE,2022,6,98467,1
NWN,2022,7,98672,0
Avista,2021,3,99208,291
Avista,2021,11,99164,0
PSE,2020,11,98116,1
PSE,2025,3,98391,99
PAC,2023,5,98921,53
Avista,2025,4,99160,43
PSE,2022,12,98118,495
PSE,2020,6,98106,17
Avista,2024,8,99217,469
PSE,2022,12,98116,51
PSE,2025,2,98275,20
PSE,2025,8,98253,7
NWN,2021,3,98607,3
PSE,2022,2,98252,1
PSE,2021,3,98102,3
NWN,2022,9,98605,0
PSE,2024,5,98321,46
NWN,2025,4,98629,2
PSE,2025,7,98166,50
CNG,2021,9,98292,1
PSE,2024,8,98294,20
PSE,2023,11,98466,8
CNG,2024,6,98311,71
PSE,2025,8,98118,241
Avista,2021,9,99037,10
PAC,2020,2,98952,2
PSE,2025,6,98257,21
Avista,2024,1,99212,307
PSE,2020,7,98028,13
Avista,2022,9,99102,3
Avista,2022,7,99122,17
PSE,2021,7,98027,9
PAC,2025,3,98953,108
PSE,2022,4,98136,2
NWN,2020,5,98642,2
PSE,2020,10,98323,2
Avista,2020,5,99022,17
Avista,2024,12,99122,7
Avista,2022,3,99137,4
CNG,2024,10,98953,16
PSE,2023,7,98239,10
CNG,2024,10,98282,15
PSE,2021,4,98057,64
PSE,2022,11,98405,3
PSE,2022,12,98292,9
NWN,2021,8,98666,0
PSE,2021,8,98444,4
PSE,2025,4,98310,110
PAC,2020,12,99360,2
PSE,2022,8,98367,13
PAC,2021,1,98923,1
CNG,2021,10,98942,10
PAC,2020,7,98936,8
NWN,2022,6,98629,239
PSE,2022,11,98391,43
PSE,2024,3,98513,79
PAC,2024,12,98939,12
Avista,2022,10,99032,5
PAC,2021,4,98951,194
PSE,2025,7,98198,452
PSE,2025,7,98421,2
Avista,2020,6,99006,26
CNG,2024,11,99352,68
PSE,2022,7,98295,1
CNG,2020,11,99324,0
PSE,2023,5,98388,4
Avista,2020,4,99018,2
PSE,2024,8,98148,19
PSE,2023,10,98501,66
Avista,2022,9,99012,2
PSE,2023,4,98281,1
PSE,2021,4,98112,8
Avista,2025,8,99143,74
PSE,2023,3,98070,11
PSE,2024,10,98396,2
CNG,2023,12,98247,1
CNG,2024,10,99301,469
NWN,2022,1,98119,0
PSE,2023,5,98029,52
NWN,2025,9,98307,0
CNG,2024,8,98524,1
PSE,2024,5,98421,1
CNG,2022,7,98223,1
Avista,2021,4,99110,3
PSE,2022,9,98406,6
PSE,2021,12,98058,696
PSE,2024,10,98019,21
PSE,2022,6,98230,23
PAC,2024,4,98944,869
PSE,2025,4,98007,233
PSE,2025,3,98059,83
CNG,2020,3,98550,1
PSE,2023,5,98225,119
PSE,2020,6,98092,272
PSE,2020,10,98028,38
PSE,2024,3,98003,320
CNG,2020,11,98295,1
CNG,2021,2,98225,42
PSE,2024,7,98258,21
PSE,2022,1,98941,4
PSE,2023,11,98558,1
PSE,2021,3,98466,7
CNG,2021,12,98948,6
PSE,2024,12,98283,3
PSE,2021,3,98240,3
PAC,2020,5,99329,2
PSE,2024,9,98284,19
PSE,2020,5,98052,75
PSE,2024,3,98229,94
CNG,2025,2,98524,5
PSE,2020,8,98119,1
PSE,2025,2,98002,290
PAC,2022,2,98923,27
PAC,2021,1,99361,6
Avista,2025,8,99018,34
PSE,2021,6,98029,25
NWN,2022,12,98661,17
CNG,2024,10,98930,60
Avista,2021,12,99207,403
NWN,2021,3,98674,0
PSE,2022,1,98031,196
PAC,2021,2,98933,2
CNG,2024,4,98936,36
PSE,2023,6,98040,43
Avista,2021,5,99013,19
PSE,2023,12,98019,36
PSE,2024,11,98424,11
Avista,2023,7,99009,3
PSE,2023,2,98077,2
PSE,2020,6,98498,45
PSE,2021,1,98148,11
Avista,2025,11,99026,9
PSE,2022,2,98019,22
PSE,2022,8,98133,10
PSE,2020,3,98327,4
PSE,2022,12,98033,266
CNG,2020,12,98274,3
NWN,2023,9,98610,0
PAC,2024,7,99360,4
NWN,2025,7,98601,0
PSE,2024,7,98226,199
PAC,2025,8,99347,13
PSE,2024,12,98516,120
PSE,2021,11,98077,3
PSE,2023,9,98008,4
PSE,2020,3,98597,51
PSE,2020,5,98225,90
NWN,2022,3,98661,14
PSE,2022,11,98237,10
PSE,2025,6,98092,277
NWN,2020,12,98612,0
Avista,2020,6,99206,77
PSE,2023,11,98327,6
PAC,2023,10,99347,37
PSE,2021,9,98406,22
PSE,2024,2,98531,21
Avista,2020,12,99208,943
PSE,2022,11,98038,20
PSE,2020,5,98203,16
NWN,2020,8,98642,0
PSE,2024,2,98405,18
PSE,2021,12,98106,101
NWN,2022,3,98604,4
Avista,2020,10,99027,31
PSE,2025,6,98498,93
Avista,2021,9,99012,1
PSE,2020,11,98530,4
Avista,2025,3,99040,186
Avista,2021,11,99224,113
Avista,2025,8,99212,2850
Avista,2022,3,99110,4
PAC,2025,8,98951,60
NWN,2023,9,98683,3
NWN,2023,8,98685,2
CNG,2023,5,98370,1
Avista,2024,1,99170,6
PSE,2020,12,98513,59
CNG,2023,11,98273,1
Avista,2022,11,99122,9
PSE,2025,1,98030,301
PAC,2021,3,98947,6
PSE,2021,9,98267,4
PSE,2021,1,98042,58
PSE,2021,7,98253,1
PAC,2025,1,98944,838
PAC,2023,9,99350,2
PSE,2024,2,98116,7
PSE,2023,4,98296,1
NWN,2020,3,98762,0
PSE,2023,10,98390,15
PAC,2022,1,98903,521
Avista,2022,11,99173,10
NWN,2023,9,98119,0
Avista,2023,2,99111,10
Avista,2021,7,99157,7
PSE,2021,12,98178,136
Avista,2025,9,99033,138
PSE,2020,5,98501,111
CNG,2024,3,98930,36
PSE,2024,8,98503,141
PSE,2023,5,98407,3
PSE,2021,3,98125,24
NWN,2024,1,98675,0
PSE,2022,10,98226,74
PSE,2020,7,98255,2
PSE,2020,12,98466,6
PSE,2021,5,98122,15
PSE,2024,2,98251,2
CNG,2021,4,98541,3
PSE,2024,5,98327,6
PSE,2024,9,98125,44
PSE,2025,5,98056,107
PSE,2020,4,98240,4
NWN,2021,4,98682,19
Avista,2020,4,99143,3
PSE,2025,2,98281,6
PSE,2021,1,98284,47
CNG,2024,1,98233,120
PAC,2022,11,99329,3
PSE,2022,12,98166,191
Avista,2021,5,99217,69
PSE,2023,5,98373,31
PSE,2021,3,98373,28
CNG,2021,12,99337,3
Avista,2022,4,99103,7
NWN,2020,7,98683,6
PAC,2022,8,98942,179
Avista,2024,1,99171,13
Avista,2023,11,99223,236
Avista,2025,12,99018,35
Avista,2024,6,99157,3
Avista,2020,9,99006,13
PSE,2023,3,98116,2
Avista,2021,12,99205,378
Avista,2023,9,99204,13
PSE,2022,9,98387,11
PSE,2021,6,98233,28
CNG,2021,5,98903,47
PAC,2024,6,99329,4
Avista,2025,9,99126,138
PSE,2021,11,98370,13
Avista,2021,11,99134,9
Avista,2024,10,99371,1
Avista,2020,6,99371,1
NWN,2020,7,98612,0
Avista,2023,1,99148,13
PAC,2021,4,98903,138
NWN,2023,10,98601,0
CNG,2021,2,99344,9
PSE,2022,11,98065,6
CNG,2023,3,98292,2
PSE,2024,7,98007,65
PSE,2025,9,98271,4
PSE,2020,11,98030,115
NWN,2020,7,98668,0
Avista,2021,5,99402,6
CNG,2020,4,98903,0
Avista,2025,12,98648,44
PAC,2023,11,98937,42
Avista,2025,5,99143,75
Avista,2024,12,99018,2
Avista,2022,11,99029,5
PSE,2021,8,98108,12
NWN,2024,12,98026,0
PSE,2022,7,98288,1
NWN,2021,10,98671,0
Avista,2024,6,99025,8
PSE,2022,2,98502,125
PSE,2022,7,98281,2
PSE,2025,9,98443,1
NWN,2023,4,98685,4
PSE,2025,4,98264,71
Avista,2024,12,99029,5
PSE,2023,12,98225,154
PAC,2022,3,98944,732
PSE,2025,5,98034,239
CNG,2024,2,98951,9
PSE,2025,4,98406,12
PSE,2023,9,98512,26
Avista,2022,8,99131,1
PAC,2024,11,98933,18
Avista,2024,6,99161,10
PSE,2021,6,98498,16
PSE,2023,6,98418,58
Avista,2023,5,99218,29
Avista,2025,9,99207,5762
Avista,2024,7,99033,11
PAC,2022,6,99362,716
NWN,2023,8,98612,0
PSE,2024,12,98042,122
Avista,2024,5,99207,451
Avista,2025,3,99151,34
PSE,2021,2,98026,8
Avista,2024,7,99021,36
PSE,2020,10,98155,9
PSE,2020,3,98112,1
PSE,2024,12,98396,1
PAC,2023,2,98932,186
PSE,2023,5,98946,1
PSE,2021,12,98072,192
PSE,2021,9,98359,15
PSE,2024,2,98029,62
Avista,2021,7,99030,1
PSE,2022,10,98006,29
PSE,2020,3,98036,2
NWN,2024,10,97388,0
Avista,2020,4,99004,5
Avista,2024,4,99117,1
PSE,2020,3,98596,1
NWN,2020,8,98683,2
PSE,2021,2,98941,1
CNG,2024,11,99354,49
PAC,2022,6,99361,19
Avista,2024,12,99160,1
CNG,2024,3,99354,9
PSE,2024,5,98366,98
PSE,2021,2,98332,5
PSE,2025,4,98223,6
PSE,2021,3,98501,90
Avista,2022,9,99161,9
PSE,2021,3,98405,11
PSE,2025,5,98126,3
PSE,2024,1,98589,21
PSE,2022,3,98077,2
PSE,2022,7,98310,22
PSE,2023,8,98251,1
PSE,2020,11,98059,30
PAC,2020,8,98935,8
PSE,2022,2,98102,4
Avista,2020,10,99212,164
Avista,2024,12,99207,279
Avista,2023,10,99163,682
Avista,2025,12,99131,22
PSE,2025,6,98272,22
Avista,2020,3,99027,51
NWN,2023,4,98762,0
NWN,2023,12,97031,0
PSE,2024,11,98103,2
CNG,2025,7,98802,16
PSE,2022,3,98271,7
NWN,2025,6,98671,7
CNG,2025,8,98550,182
PSE,2022,3,98388,2
PAC,2023,10,99348,9
PSE,2024,9,98223,1
CNG,2022,12,98226,4
PSE,2022,9,98392,17
PSE,2023,4,98239,13
PSE,2021,1,98010,3
PSE,2025,2,98342,13
Avista,2021,10,99220,0
PSE,2023,7,98188,21
Avista,2025,2,99176,1
PSE,2022,7,98404,20
NWN,2022,4,98685,849
PAC,2020,12,99324,19
NWN,2023,9,98026,0
PSE,2022,12,98003,2359
PSE,2020,3,98276,1
PSE,2020,9,98106,1
PSE,2021,6,98070,12
PSE,2023,9,98118,8
PSE,2024,6,98294,2
PSE,2020,8,98418,2
NWN,2025,6,98612,0
Avista,2025,8,99146,6
CNG,2023,3,98264,11
PSE,2023,12,98359,5
PSE,2025,3,98498,49
PSE,2024,5,98031,285
CNG,2020,4,98550,3
PSE,2024,2,98056,131
PSE,2025,3,98033,51
PSE,2020,11,98342,3
PSE,2021,1,98290,2
PSE,2021,5,98257,16
PSE,2021,8,98422,7
PAC,2020,8,98923,3
PSE,2022,5,98244,13
Avista,2023,3,99001,32
PSE,2022,3,98296,5
PSE,2024,5,98027,48
Avista,2025,8,99163,2407
PAC,2022,5,99328,87
PSE,2025,1,98506,120
PSE,2021,3,98118,96
PSE,2024,11,98342,8
PSE,2020,6,98501,103
PSE,2024,4,98422,7
Avista,2023,9,99171,5
PSE,2023,2,98053,5
Avista,2024,10,99026,7
CNG,2025,7,98370,137
NWN,2020,4,98127,0
Avista,2023,1,99013,10
Avista,2025,4,99125,52
Avista,2025,4,99217,2379
Avista,2024,1,99001,64
CNG,2024,1,99352,11
NWN,2022,12,98628,0
PAC,2023,4,98932,212
Avista,2021,10,99130,14
PSE,2021,3,98272,1
PSE,2020,5,98012,32
NWN,2024,7,98664,8
CNG,2022,9,98366,3
Avista,2023,5,99018,2
PSE,2024,6,98199,1
CNG,2024,7,98951,27
PSE,2024,12,98466,30
PSE,2020,9,98371,29
Avista,2024,3,99130,10
CNG,2021,1,98370,1
CNG,2024,11,98584,98
PSE,2022,6,98021,5
CNG,2024,7,99301,391
PAC,2025,6,98942,412
PSE,2024,1,98058,115
PAC,2022,8,98947,79
NWN,2022,6,97663,0
PSE,2022,12,98239,105
CNG,2020,9,98625,0
Avista,2025,12,99149,36
PSE,2025,6,98058,244
CNG,2021,9,98277,1
Avista,2023,9,99203,39
NWN,2022,9,98642,0
PSE,2023,2,98043,2
PAC,2024,10,98932,201
PSE,2020,9,98501,33
PSE,2023,6,98359,26
PSE,2022,7,98406,2
NWN,2024,12,98664,5
Avista,2023,3,99341,6
PSE,2020,4,98010,7
PSE,2023,11,98467,6
PSE,2024,7,98294,7
PSE,2023,9,98006,5
PSE,2021,7,98074,1
PSE,2025,5,98248,104
PAC,2023,7,98942,213
PAC,2024,7,98923,25
PSE,2023,12,98045,28
PSE,2024,2,98221,34
CNG,2025,2,98366,516
NWN,2023,1,98601,0
Avista,2020,9,99113,2
CNG,2020,12,99354,1
PSE,2021,9,98070,23
NWN,2023,4,98620,0
CNG,2024,1,98944,108
Avista,2022,5,99138,10
CNG,2022,6,98948,4
PSE,2021,3,98077,1
CNG,2022,9,98273,4
PAC,2023,2,98933,15
CNG,2020,10,98220,1
Avista,2025,9,99025,262
Avista,2023,4,99130,9
Avista,2022,2,99212,149
Avista,2020,5,99204,25
Avista,2020,6,99158,2
PSE,2023,4,98270,11
PSE,2024,10,98375,89
Avista,2024,6,99102,2
PSE,2025,8,98922,12
PSE,2020,12,98253,5
NWN,2021,2,98612,0
Avista,2024,12,99114,68
CNG,2022,7,98244,1
PSE,2021,2,98014,7
PSE,2025,8,98338,30
PSE,2020,11,98340,4
CNG,2020,11,98274,6
NWN,2022,9,98672,0
Avista,2020,9,99103,4
Avista,2021,10,99216,102
PSE,2020,10,98026,16
PSE,2021,3,98255,1
PSE,2023,7,98392,33
CNG,2020,4,99354,0
Avista,2022,2,99138,53
PSE,2021,6,98074,10
PSE,2020,3,98011,23
Avista,2024,9,99114,87
Avista,2023,2,99109,31
PSE,2025,4,98122,23
PAC,2024,5,98923,32
PSE,2024,10,98941,3
CNG,2020,3,98625,0
NWN,2023,12,98639,0
NWN,2025,6,98208,0
PSE,2025,5,98589,32
PSE,2022,5,98255,1
PAC,2022,10,98937,49
PSE,2025,6,98024,10
PSE,2020,9,98226,123
PAC,2021,1,99350,1
NWN,2023,6,98660,7
PSE,2023,7,98934,14
PSE,2022,2,98271,16
PSE,2020,4,98065,9
PSE,2024,2,98579,57
CNG,2025,1,98233,307
NWN,2024,4,98127,0
PSE,2022,5,98007,57
PSE,2023,4,98370,29
Avista,2024,6,99122,3
NWN,2023,10,97031,0
PAC,2022,5,98939,13
NWN,2024,12,98612,0
PSE,2021,7,98052,29
NWN,2022,4,98127,0
PAC,2023,12,98933,18
CNG,2024,6,98282,8
CNG,2020,9,98248,18
PSE,2024,4,98940,5
PSE,2020,10,98005,23
PSE,2020,3,98178,3
NWN,2020,11,98639,0
PSE,2022,8,98188,29
NWN,2024,8,98119,0
CNG,2024,10,98541,17
Avista,2021,8,99403,40
PSE,2025,5,98002,339
CNG,2025,3,99301,1265
PSE,2023,6,98072,54
Avista,2025,12,99027,726
CNG,2025,4,98240,18
PSE,2021,1,98092,130
PSE,2020,9,98499,9
NWN,2024,9,98682,0
CNG,2025,6,98625,7
Avista,2024,3,99206,188
PAC,2022,8,99324,118
Avista,2025,5,99033,143
PAC,2022,12,98932,159
Avista,2021,12,99037,17
Avista,2021,1,99001,14
PAC,2020,12,99362,23
PSE,2021,9,98383,35
NWN,2023,4,98617,0
PSE,2023,3,98022,91
Avista,2025,6,99181,318
PSE,2022,8,98003,158
Avista,2021,11,99174,1
CNG,2025,3,98232,6
PSE,2024,8,98372,215
CNG,2021,2,98233,8
Avista,2024,12,99158,2
Avista,2021,7,98620,2
CNG,2023,2,99336,15
NWN,2021,4,98664,12
PSE,2024,11,98558,2
CNG,2023,5,98248,28
PSE,2022,4,98281,4
Avista,2023,9,99019,26
PSE,2022,1,98004,25
CNG,2022,5,98801,3
PSE,2024,1,98220,2
PSE,2021,6,98024,4
CNG,2023,4,98903,4
Avista,2022,12,99037,9
CNG,2024,3,98248,158
CNG,2024,12,98801,36
PSE,2024,10,98290,7
PSE,2025,2,98043,44
PSE,2021,1,98220,2
PSE,2022,1,98390,20
CNG,2022,1,98276,2
Avista,2023,3,99008,2
PAC,2024,10,98902,1442
Avista,2025,2,99134,77
PSE,2023,1,98136,5
PSE,2025,8,98221,63
PSE,2022,7,98589,9
PSE,2020,7,98372,36
Avista,2025,4,99204,1185
Avista,2021,2,99403,93
PSE,2022,11,98530,4
PSE,2020,12,98439,33
PAC,2025,9,98908,758
PSE,2025,9,98296,1
PSE,2023,8,98225,122
PAC,2025,7,99324,63
PSE,2023,6,98249,25
Avista,2025,4,99173,296
PSE,2023,12,98255,4
PAC,2020,2,99360,1
PSE,2024,5,98390,44
PSE,2024,10,98107,2
PSE,2021,6,98467,7
PSE,2021,6,98516,50
NWN,2023,3,98666,0
Avista,2024,1,99163,237
PSE,2020,4,98106,6
PSE,2023,6,98580,43
PSE,2020,7,98055,44
PSE,2022,1,98108,22
PAC,2025,3,98932,203
NWN,2024,12,97031,0
Avista,2020,10,99021,47
PSE,2020,3,98418,1
PSE,2025,2,98941,5
PSE,2024,4,98001,148
PSE,2023,10,98337,7
PSE,2021,11,98925,2
Avista,2023,1,99003,13
Avista,2022,5,99103,4
Avista,2024,8,99004,23
PSE,2023,2,98040,6
Avista,2021,1,99203,29
PSE,2020,8,98597,55
Avista,2021,5,99173,10
PSE,2024,8,98275,15
PSE,2021,12,98513,520
NWN,2023,8,98606,0
Avista,2023,2,99134,3
PSE,2024,3,98374,64
CNG,2020,9,98584,5
PSE,2025,8,98531,20
PAC,2021,4,98953,23
Avista,2024,7,99113,3
PSE,2023,12,98281,7
PSE,2022,7,98257,15
PSE,2021,9,98220,3
PAC,2023,3,98936,116
Avista,2023,5,99158,7
PSE,2022,5,98506,49
PSE,2022,1,98007,124
PSE,2024,9,98024,1
CNG,2024,5,98942,45
PAC,2024,7,98936,84
Avista,2021,11,98620,4
PSE,2022,8,98168,6
PAC,2020,2,99363,2
PSE,2020,11,98075,5
CNG,2024,1,98295,11
PSE,2023,8,98294,3
PSE,2022,3,98346,33
PSE,2021,3,98922,10
Avista,2022,8,99148,13
PSE,2023,5,98075,5
Avista,2023,7,99114,43
PSE,2023,6,98203,78
PSE,2021,8,98208,9
PSE,2025,9,98405,7
PSE,2025,5,98221,78
PSE,2025,3,98042,130
PSE,2022,10,98240,1
PSE,2025,8,98294,5
Avista,2022,8,99110,5
PSE,2024,2,98011,53
Avista,2022,3,99004,3
PSE,2022,7,98055,26
NWN,2024,11,98674,0
Avista,2023,2,99141,46
PSE,2025,2,98367,69
Avista,2023,12,99141,74
PSE,2021,5,98103,3
PSE,2022,5,98226,116
Avista,2021,8,99018,1
CNG,2021,1,98584,6
CNG,2021,2,98366,5
PSE,2020,3,98388,2
CNG,2022,4,99337,1
PSE,2021,2,98136,1
CNG,2024,5,98903,72
NWN,2023,5,98682,33
NWN,2024,11,98762,0
NWN,2024,3,98648,0
CNG,2022,3,98264,16
Avista,2020,3,99102,2
PSE,2023,3,98104,1
PSE,2020,4,98224,1
PSE,2024,7,98502,88
PSE,2023,8,98125,7
CNG,2024,6,98337,37
PAC,2020,9,98930,19
CNG,2022,5,99336,2
CNG,2022,2,99337,1
PSE,2022,10,98126,1
PSE,2021,5,98277,112
PAC,2020,11,99350,1
PSE,2025,2,98290,13
PSE,2024,3,98144,43
CNG,2020,9,98932,3
Avista,2020,8,99173,13
NWN,2021,7,98671,1
NWN,2020,6,98208,0
PSE,2024,10,98011,84
PSE,2023,6,98292,4
NWN,2021,5,98208,0
Avista,2022,1,99013,31
NWN,2025,3,97388,0
PSE,2021,5,98284,68
Avista,2024,2,99029,10
PAC,2022,5,98937,43
PSE,2023,7,98373,33
PSE,2022,9,98391,39
PSE,2020,11,98230,19
PSE,2023,3,98208,13
PSE,2022,9,98042,39
PSE,2025,1,98498,166
Avista,2023,3,99131,1
NWN,2021,8,98307,0
CNG,2020,4,98221,4
PSE,2024,9,98321,20
CNG,2022,6,98801,1
Avista,2022,6,99402,9
PSE,2025,8,98119,24
CNG,2023,8,98312,6
NWN,2023,4,98684,11
PSE,2023,1,98513,55
Avista,2024,9,99111,25
PSE,2021,7,98274,13
PAC,2020,6,98902,30
Avista,2025,2,99027,173
PSE,2020,10,98034,78
PAC,2024,2,98947,122
PAC,2023,11,98951,350
PSE,2021,12,98047,184
NWN,2024,3,98606,0
PSE,2020,3,98321,13
PSE,2025,9,98032,75
PSE,2021,8,98019,3
PSE,2022,5,98258,14
CNG,2025,6,98903,178
PSE,2020,3,98031,61
Avista,2023,9,99207,117
Avista,2022,1,99403,70
NWN,2020,5,98635,0
CNG,2024,6,98257,15
NWN,2023,11,98762,0
NWN,2020,3,98601,0
PSE,2021,5,98503,148
NWN,2022,5,98612,0
PSE,2023,3,98059,37
PSE,2023,7,98034,60
PAC,2023,7,98901,1212
PSE,2023,1,98240,5
NWN,2021,1,98664,9
PSE,2021,9,98255,6
PSE,2022,3,98580,19
PSE,2021,1,98262,5
Avista,2024,8,99151,3
Avista,2021,4,99014,2
CNG,2022,4,98942,2
NWN,2024,11,98612,0
Avista,2024,9,99037,16
PAC,2022,5,98932,162
NWN,2025,7,98661,3
Avista,2020,11,99025,6
CNG,2021,5,98221,58
PSE,2021,2,98043,4
PSE,2022,12,98272,83
PSE,2020,7,98178,8
PSE,2021,5,98087,12
PSE,2020,11,98233,15
Avista,2021,3,98648,1
Avista,2025,3,99217,2364
PSE,2025,9,98075,1
PSE,2022,9,98267,1
CNG,2024,2,98247,57
PSE,2025,1,98310,107
PSE,2024,7,98328,3
PSE,2023,1,98239,11
PSE,2021,12,98087,119
Avista,2020,3,99026,8
Avista,2023,6,99019,27
NWN,2020,10,98606,0
NWN,2022,4,98664,676
PSE,2022,2,98057,81
PSE,2025,3,98225,258
CNG,2025,2,98271,103
PAC,2022,9,98932,152
PSE,2023,12,98034,197
PAC,2021,2,98939,1
PSE,2025,6,98155,27
NWN,2021,10,97388,0
NWN,2022,5,98675,0
PSE,2020,3,98002,143
PAC,2022,11,99363,3
CNG,2025,5,98948,202
NWN,2020,11,98635,0
PAC,2023,7,99328,91
PSE,2021,7,98010,9
PSE,2023,12,98072,50
Avista,2024,10,99033,7
CNG,2022,3,98247,10
PSE,2021,9,98354,5
PSE,2022,6,98354,1
PSE,2024,8,98201,31
PSE,2023,9,98271,1
PSE,2021,3,98133,15
NWN,2024,12,98610,10
Avista,2021,6,99173,16
Avista,2021,11,99205,307
PSE,2023,1,98589,20
PSE,2020,10,98119,2
PSE,2020,6,98934,2
CNG,2020,12,98367,0
PSE,2022,10,98273,6
CNG,2024,5,98626,2
PSE,2025,2,98277,122
PSE,2023,7,98033,16
PSE,2024,1,98271,13
PSE,2022,8,98934,1
Avista,2021,9,99030,2
CNG,2020,9,98953,1
NWN,2022,12,97031,0
PSE,2020,5,98439,37
PSE,2024,10,98531,25
PSE,2025,7,98396,3
NWN,2022,2,98660,9
PSE,2023,5,98422,2
CNG,2024,2,98284,95
PSE,2022,6,98531,3
NWN,2021,4,98660,5
PSE,2021,11,98115,4
PSE,2020,6,98026,7
PSE,2020,9,98020,2
PSE,2025,5,98323,3
PSE,2021,5,98498,38
CNG,2022,3,99337,2
PSE,2022,7,98166,2
Avista,2022,10,99371,3
Avista,2022,3,99025,18
PSE,2021,7,98404,24
PSE,2023,12,98943,3
PSE,2021,11,98028,21
CNG,2024,3,98282,5
PSE,2021,8,98051,2
PSE,2023,6,98290,19
PSE,2025,1,98390,96
Avista,2020,9,99131,2
PSE,2022,5,98373,31
Avista,2023,3,99018,4
Avista,2021,10,99156,0
NWN,2021,7,98119,0
PAC,2025,2,99363,5
NWN,2024,9,98685,0
NWN,2021,9,98674,0
Avista,2024,4,99167,4
CNG,2021,11,99352,1
CNG,2025,2,98625,4
CNG,2025,4,98930,205
PSE,2023,7,98294,3
PSE,2024,12,98391,180
PSE,2024,7,98337,48
PSE,2020,5,98409,26
Avista,2021,6,99204,33
Avista,2020,6,99207,211
PSE,2024,6,98406,5
NWN,2024,8,98663,2
PSE,2022,2,98335,6
Avista,2025,12,99013,292
Avista,2023,9,99101,1
NWN,2020,8,98762,0
PSE,2023,10,98360,9
CNG,2024,9,98528,3
PSE,2022,4,98498,36
NWN,2024,4,98762,0
Avista,2022,12,99114,80
PSE,2024,3,98262,4
Avista,2024,12,99025,11
Avista,2023,5,99204,14
PSE,2025,4,98022,117
PSE,2021,3,98233,35
CNG,2024,5,98311,68
PSE,2023,7,98014,2
CNG,2022,8,98221,16
PSE,2021,10,98047,6
PSE,2021,3,98232,4
PSE,2023,6,98467,14
PSE,2022,5,98102,1
Avista,2022,7,99174,1
PSE,2024,2,98359,9
PSE,2024,6,98247,21
PSE,2022,4,98271,4
PAC,2022,9,98901,1110
PSE,2024,7,98532,3
PSE,2025,1,98446,25
PSE,2025,1,98014,26
NWN,2024,3,98671,0
PSE,2023,7,98226,135
PSE,2024,4,98323,3
Avista,2021,8,99125,1
PSE,2023,10,98119,2
PSE,2025,1,98404,19
Avista,2025,12,99176,10
Avista,2025,10,99013,290
PSE,2024,1,98055,92
NWN,2024,12,98642,4
Avista,2020,12,99179,1
PAC,2024,2,99363,4
Avista,2020,10,99102,5
Avista,2025,11,99181,261
PSE,2020,10,98367,24
PSE,2024,4,98311,47
PSE,2022,12,98223,30
PSE,2021,11,98499,10
PAC,2022,3,98948,496
CNG,2025,4,98284,417
Avista,2022,4,99102,5
PSE,2023,2,98052,62
CNG,2020,7,99352,1
NWN,2022,5,98665,916
PSE,2021,12,98405,234
Avista,2025,4,99032,108
PSE,2021,10,98387,22
NWN,2020,4,98675,0
CNG,2024,5,98345,4
PSE,2024,7,98374,185
Avista,2024,1,99149,5
CNG,2020,7,98625,0
NWN,2022,2,98682,13
Avista,2025,1,99029,107
NWN,2021,9,98864,0
PSE,2025,3,98092,252
PAC,2021,4,99324,57
PAC,2020,11,98923,4
Avista,2025,5,99022,596
PSE,2023,2,98126,8
NWN,2020,11,98642,0
Avista,2021,3,99130,3
PAC,2025,6,99361,21
Avista,2023,12,99130,5
CNG,2021,3,98220,3
PAC,2022,1,98907,2
NWN,2023,9,98629,0
PSE,2025,1,98006,140
CNG,2024,3,98276,14
PSE,2024,12,98499,49
PAC,2025,3,98939,12
Avista,2025,1,99030,74
PSE,2024,7,98506,49
Avista,2020,5,99125,1
Avista,2025,12,99341,108
NWN,2025,9,98685,3
PAC,2023,4,98953,106
PSE,2024,7,98240,6
PAC,2023,1,98921,49
PSE,2022,2,98031,221
PSE,2025,7,98074,23
PAC,2020,1,99362,34
NWN,2024,1,98125,0
PSE,2025,8,98023,261
PSE,2022,7,98199,1
CNG,2024,7,98247,75
PSE,2020,11,98375,21
PSE,2022,2,98023,212
PSE,2020,8,98338,17
PSE,2025,6,98558,3
PSE,2022,3,98258,22
PSE,2023,7,98103,3
PSE,2021,2,98106,9
PSE,2025,5,98290,17
PSE,2024,8,98204,26
PSE,2023,3,98512,30
Avista,2024,3,98648,1
Avista,2023,12,99160,3
PSE,2020,8,98506,42
NWN,2025,6,97301,0
CNG,2022,11,99354,1
PSE,2022,5,98501,84
PSE,2020,5,98092,253
Avista,2020,10,99179,6
PSE,2021,2,98597,89
PAC,2024,4,98923,31
NWN,2023,11,98664,0
PSE,2024,4,98367,33
PSE,2024,4,98136,3
CNG,2024,1,98837,15
CNG,2020,9,98902,19
PSE,2021,12,98576,87
CNG,2021,8,98550,2
PSE,2022,4,98221,24
CNG,2025,5,98223,425
PSE,2023,2,98311,14
PSE,2022,11,98373,16
PSE,2020,12,98074,8
Avista,2022,4,99027,45
CNG,2022,1,99336,2
Avista,2023,5,99001,12
PSE,2023,11,98240,13
PSE,2023,10,98011,93
PSE,2021,5,98226,294
PAC,2024,9,98953,111
PSE,2021,3,98155,10
CNG,2023,11,98520,5
CNG,2022,5,98248,13
PSE,2022,8,98072,13
PSE,2025,1,98075,38
Avista,2021,2,99206,94
PSE,2021,6,98103,3
Avista,2025,4,99018,35
Avista,2023,5,99027,21
PSE,2025,6,98001,198
PSE,2024,7,98230,44
Avista,2023,6,99170,3
CNG,2024,2,99323,2
PSE,2021,2,98264,24
PSE,2023,9,98240,3
PSE,2020,7,98027,26
PSE,2021,9,98033,83
Avista,2024,1,99128,1
CNG,2022,1,98248,12
NWN,2022,9,98682,1
PSE,2022,2,98371,58
PSE,2023,6,98421,1
CNG,2021,5,99337,13
PSE,2025,2,98589,42
PAC,2023,4,98921,53
Avista,2024,5,99029,8
Avista,2023,4,99208,112
PSE,2024,6,98359,3
CNG,2021,3,98942,23
PSE,2024,9,98109,19
PSE,2023,5,98558,1
CNG,2023,3,99362,61
PSE,2025,3,98579,81
NWN,2024,10,98612,0
PSE,2020,6,98208,23
PSE,2020,6,98310,29
PSE,2023,7,98232,4
PSE,2021,1,98346,7
PSE,2020,12,98118,37
Avista,2023,5,99131,1
PSE,2023,6,98272,26
PSE,2022,1,98589,24
PSE,2022,12,98031,1300
NWN,2020,5,98639,0
Avista,2021,1,99110,5
PSE,2021,12,98263,15
Avista,2022,5,99018,5
Avista,2020,11,99141,35
PSE,2021,12,98295,16
PSE,2022,4,98926,11
CNG,2025,5,98345,8
NWN,2022,3,98612,0
Avista,2025,5,99037,362
Avista,2025,12,99029,116
PSE,2022,8,98530,3
PSE,2025,3,98513,180
CNG,2025,7,99352,244
CNG,2025,4,99353,23
CNG,2022,4,98257,1
PSE,2020,7,98321,13
NWN,2023,10,98617,0
PAC,2021,5,99328,2
PSE,2022,9,98270,3
PSE,2023,11,98267,4
CNG,2022,6,98277,5
PSE,2023,8,98513,61
PSE,2021,5,98283,2
NWN,2020,10,98674,0
Avista,2022,8,99205,231
Avista,2024,10,99218,81
CNG,2021,7,98584,3
Avista,2022,6,99185,7
PSE,2020,3,98022,34
PSE,2021,8,98922,15
PAC,2025,7,98921,4
PSE,2024,6,98059,42
PSE,2024,11,98019,21
Avista,2020,5,99101,3
PAC,2021,1,98907,0
PSE,2025,4,98024,14
Avista,2021,8,99158,3
PSE,2025,7,98328,2
CNG,2022,2,98229,13
PSE,2021,11,98036,13
Avista,2022,2,99223,181
Avista,2021,8,99031,2
PSE,2023,1,98248,56
PSE,2024,5,98371,50
PSE,2024,10,98922,15
PSE,2022,5,98136,3
CNG,2024,6,98295,12
PSE,2023,12,98310,19
PSE,2023,8,98501,74
PSE,2021,8,98446,1
PSE,2023,3,98126,22
PSE,2022,11,98388,1
PAC,2022,8,99361,18
PSE,2025,8,98408,48
Avista,2025,4,99141,818
PSE,2024,9,98033,2
CNG,2020,7,98312,2
PSE,2021,4,98168,17
PSE,2023,11,98108,49
NWN,2023,9,98604,3
PAC,2021,4,98933,6
Avista,2024,4,99131,1
Avista,2021,2,99218,45
Avista,2021,1,99006,17
CNG,2025,7,98257,49
NWN,2025,9,98125,0
PSE,2021,5,98146,10
PSE,2024,7,98387,77
PSE,2024,7,98253,3
Avista,2023,9,99013,2
PSE,2021,4,98020,3
NWN,2025,2,98307,0
Avista,2023,3,99223,278
PSE,2025,9,98237,6
NWN,2024,6,98661,7
Avista,2025,1,99158,61
Avista,2020,4,99019,32
PSE,2024,11,98057,62
PSE,2021,2,98125,6
Avista,2022,3,99171,7
Avista,2020,3,99006,53
CNG,2023,3,99336,2
NWN,2024,11,98620,0
PSE,2024,6,98387,59
Avista,2025,4,99341,102
PSE,2021,3,98530,1
Avista,2025,3,99026,188
PSE,2022,4,98005,21
PSE,2023,4,98014,8
NWN,2023,6,98610,0
PSE,2022,4,98506,48
Avista,2024,8,99013,43
PSE,2021,1,98146,7
CNG,2025,3,98312,459
CNG,2023,6,98229,10
PAC,2025,6,99323,28
PSE,2023,1,98404,16
PAC,2024,11,99360,2
PSE,2020,5,98387,44
PSE,2023,8,98248,62
CNG,2021,1,98310,13
Avista,2023,3,99025,11
NWN,2022,10,98629,0
PSE,2021,4,98148,24
Avista,2020,8,99341,3
PSE,2022,12,98040,104
PSE,2025,6,98385,3
NWN,2021,11,98629,0
PSE,2022,1,98201,8
PAC,2022,10,99350,2
PSE,2020,11,98136,2
PSE,2025,1,98405,5
PSE,2021,1,98032,138
PSE,2025,2,98446,11
Avista,2023,2,99126,15
PSE,2022,1,98115,12
Avista,2023,9,99031,2
Avista,2023,12,99014,1
PSE,2021,12,98105,53
PSE,2021,3,98516,55
PSE,2021,12,98136,26
Avista,2024,5,99371,1
PSE,2024,8,98233,39
Avista,2024,8,98648,1
PSE,2021,9,98591,2
NWN,2020,7,98666,0
PSE,2024,4,98390,40
PSE,2021,7,98237,10
PSE,2020,5,98036,24
PSE,2022,5,98323,1
Avista,2022,3,99032,8
CNG,2021,8,98247,5
Avista,2022,1,99131,2
PSE,2022,1,98146,10
Avista,2022,3,99223,227
Avista,2024,12,99137,1
PSE,2020,3,98512,48
CNG,2021,4,98225,157
PSE,2021,5,98030,312
PAC,2024,5,98953,118
PSE,2021,6,98045,11
PSE,2023,2,98119,1
PSE,2023,3,98403,2
Avista,2023,7,99122,8
Avista,2025,12,99134,86
Avista,2023,3,99205,395
PSE,2022,1,98465,3
PAC,2025,9,99323,28
CNG,2024,3,98233,93
PSE,2023,8,98055,26
Avista,2024,2,99103,3
Avista,2024,8,99157,14
NWN,2024,4,98605,1
CNG,2020,5,99301,18
PSE,2023,7,98283,1
CNG,2024,6,98936,48
CNG,2025,1,98271,104
PSE,2024,11,98177,10
Avista,2024,12,99344,88
PSE,2021,6,98003,256
PSE,2020,5,98940,2
Avista,2025,5,99102,84
Avista,2023,6,99104,1
PSE,2024,3,98925,1
NWN,2025,3,98628,0
PSE,2022,12,98266,282
PSE,2023,4,98043,4
PSE,2023,10,98296,1
PSE,2021,8,98405,5
PSE,2023,11,98028,68
PSE,2020,9,98122,9
PAC,2024,11,99361,17
NWN,2021,6,98119,0
CNG,2021,8,98257,3
PAC,2022,5,98921,39
PAC,2024,2,98902,1747
NWN,2023,11,98026,0
NWN,2022,11,97388,0
NWN,2024,2,98674,0
PAC,2020,2,98903,23
PSE,2025,5,98020,24
NWN,2024,5,98660,11
NWN,2022,12,97301,0
PSE,2025,6,98115,7
PSE,2021,9,98275,11
Avista,2022,4,99170,8
Avista,2022,10,99029,6
PSE,2024,5,98233,120
Avista,2022,8,99122,20
NWN,2021,9,98605,0
Avista,2023,10,99001,211
Avista,2023,9,99030,1
Avista,2022,3,99018,4
PSE,2024,1,98444,10
PSE,2025,3,98332,3
PSE,2022,4,98146,9
NWN,2021,2,98639,0
PSE,2021,11,98203,7
NWN,2025,7,98639,0
NWN,2021,11,98601,0
Avista,2022,7,99403,73
PSE,2020,7,98003,248
PAC,2022,1,99350,4
CNG,2021,3,98557,4
Avista,2021,6,99208,219
PSE,2025,7,98274,107
PSE,2021,10,98513,61
CNG,2021,7,98948,5
Avista,2024,9,99212,165
PSE,2025,6,98036,33
NWN,2025,8,98666,0
Avista,2025,2,99203,1423
PSE,2021,9,98371,91
PSE,2023,9,98056,39
CNG,2021,2,98902,29
PSE,2023,10,98558,1
PSE,2020,12,98034,79
NWN,2021,12,98683,3
CNG,2023,3,98584,6
PSE,2020,9,98274,11
PSE,2021,4,98029,51
PSE,2023,10,98052,197
PSE,2025,7,98580,34
PSE,2024,10,98002,269
CNG,2020,11,98221,8
NWN,2025,9,98665,3
PSE,2025,4,98257,29
PSE,2020,10,98118,17
CNG,2020,12,98337,1
PSE,2025,4,98372,121
NWN,2021,8,98610,0
CNG,2023,2,98229,40
PSE,2024,11,98388,5
PSE,2025,1,98281,5
Avista,2024,6,99101,4
PSE,2020,12,98311,15
PSE,2024,12,98392,29
PSE,2022,8,98001,44
Avista,2025,9,99110,65
CNG,2024,12,98295,30
Avista,2022,4,99009,15
PSE,2024,4,98144,16
PSE,2021,3,98408,4
PSE,2022,11,98008,36
PAC,2024,10,98921,59
PSE,2020,5,98467,9
NWN,2020,5,98604,3
PSE,2023,9,98270,4
PSE,2021,6,98236,5
NWN,2022,11,98617,0
PSE,2022,11,98255,1
CNG,2021,5,98257,10
PSE,2021,1,98404,14
Avista,2023,2,99207,374
Avista,2025,2,99034,18
Avista,2022,1,99130,7
PAC,2025,2,98930,433
PSE,2021,3,98042,73
NWN,2021,3,98119,0
CNG,2024,2,98930,27
Avista,2021,1,99205,131
Avista,2021,9,99202,66
PSE,2024,12,98010,12
PSE,2024,7,98445,34
PSE,2024,1,98118,42
Avista,2025,4,99008,55
Avista,2023,6,99171,5
PSE,2023,12,98199,2
Avista,2023,7,99185,4
PSE,2020,12,98010,7
Avista,2025,7,99032,104
Avista,2023,1,99110,2
Avista,2024,12,99205,304
PSE,2024,1,98597,98
PSE,2024,4,98223,1
PSE,2020,12,98239,27
PSE,2025,1,98136,3
CNG,2022,2,98257,2
Avista,2022,12,99117,1
NWN,2023,5,98610,0
PSE,2023,1,98392,35
NWN,2022,8,98626,0
PSE,2023,10,98045,33
PSE,2021,4,98003,406
PSE,2020,9,98392,23
PAC,2023,10,98932,213
NWN,2025,8,98675,0
PAC,2025,8,98930,147
PSE,2024,11,98274,6
PSE,2020,3,98445,3
PSE,2025,8,98371,74
PSE,2020,10,98371,48
PSE,2024,1,98360,6
Avista,2023,10,99109,117
CNG,2025,9,98273,566
PSE,2024,10,98232,3
PSE,2024,4,98531,32
CNG,2024,6,98312,99
Avista,2023,11,99006,69
NWN,2020,12,98685,6
PSE,2022,5,98409,8
PSE,2025,6,98926,28
Avista,2025,7,99134,84
PAC,2024,12,98923,24
Avista,2024,5,99212,196
NWN,2024,4,98606,1
Avista,2022,11,99134,6
PSE,2022,8,98922,6
Avista,2022,6,99032,6
Avista,2024,11,99216,119
PSE,2020,6,98039,1
PSE,2023,5,98346,4
NWN,2022,10,98663,0
PSE,2025,3,98011,68
Avista,2021,3,99025,11
CNG,2024,5,98220,5
PSE,2020,11,98055,36
PSE,2021,2,98596,1
Avista,2023,2,99206,156
PSE,2024,8,98558,3
PSE,2023,3,98118,40
PSE,2024,11,98118,16
Avista,2020,9,99029,4
Avista,2025,4,99371,36
PSE,2023,7,98122,7
PAC,2023,1,98923,30
CNG,2020,7,98345,0
PSE,2024,1,98926,19
PSE,2021,2,98267,3
PSE,2020,3,98155,3
PSE,2024,10,98055,90
Avista,2021,8,99204,27
NWN,2024,6,98127,0
CNG,2022,3,98942,1
CNG,2024,12,98284,223
PSE,2020,3,98010,10
PSE,2021,7,98332,1
CNG,2021,1,98311,4
Avista,2025,11,99003,257
PSE,2022,3,98328,1
CNG,2025,2,98226,473
PSE,2020,4,98004,32
PSE,2024,10,98445,34
Avista,2023,2,99216,114
Avista,2022,5,99206,130
PAC,2021,5,98944,45
PSE,2023,6,98030,385
PAC,2024,3,98933,22
PSE,2020,12,98006,29
Avista,2022,10,99151,2
PSE,2025,8,98019,11
NWN,2021,4,98127,0
PSE,2025,5,98055,96
PAC,2024,1,99347,36
PSE,2021,7,98405,10
NWN,2022,7,98604,0
PSE,2020,12,98107,2
PSE,2025,3,98055,91
PSE,2023,7,98065,2
Avista,2020,5,99129,3
PAC,2023,8,98942,212
Avista,2020,5,99020,1
Avista,2023,10,99114,427
NWN,2020,12,98208,0
NWN,2025,4,98762,0
Avista,2024,4,99012,7
NWN,2023,3,98686,8
Avista,2025,1,99022,546
Avista,2023,3,99149,5
PSE,2020,3,98108,42
Avista,2021,10,99181,17
PSE,2021,6,98040,4
PSE,2023,12,98010,14
NWN,2023,10,98762,0
PSE,2025,4,98010,33
PAC,2023,8,99348,12
PSE,2024,8,98276,7
PSE,2024,9,98177,13
Avista,2023,7,99033,7
PSE,2020,12,98020,3
CNG,2024,8,99350,12
PSE,2023,7,98439,10
PSE,2023,6,98345,1
PSE,2024,11,98251,4
PSE,2025,8,98387,64
PSE,2021,2,98011,31
PSE,2024,6,98109,1
PSE,2021,8,98047,13
PSE,2023,5,98249,11
Avista,2023,11,99161,8
PSE,2023,12,98597,48
CNG,2024,2,98240,3
CNG,2025,9,98264,547
NWN,2024,8,98685,0
PAC,2020,2,98937,9
PSE,2020,9,98467,2
PSE,2020,6,98075,3
Avista,2022,3,99114,94
CNG,2021,6,98367,2
PSE,2020,12,98940,2
PSE,2025,4,98404,25
PSE,2023,6,98011,130
NWN,2024,1,98635,0
Avista,2022,9,99022,19
PSE,2025,8,98005,42
PSE,2022,5,98112,1
PSE,2024,3,98249,14
NWN,2021,9,97388,0
PSE,2021,9,98074,17
CNG,2024,11,98944,203
Avista,2024,2,99158,14
PSE,2023,3,98321,13
PSE,2025,3,98232,11
NWN,2024,2,98663,3
CNG,2025,8,98240,17
PSE,2024,10,98075,13
CNG,2021,8,98901,7
PSE,2023,9,98248,15
PSE,2021,5,98445,17
PSE,2024,9,98323,1
PSE,2023,9,98051,1
PSE,2021,7,98072,5
CNG,2024,7,98221,138
NWN,2023,1,98119,0
Avista,2020,12,99138,10
CNG,2024,4,98524,1
PSE,2024,12,98033,93
Avista,2023,12,99326,1
PSE,2020,10,98043,15
PSE,2022,11,98022,37
CNG,2024,6,98248,193
PSE,2022,11,98445,13
Avista,2024,8,99134,11
NWN,2025,4,98661,14
PSE,2025,9,98201,14
Avista,2025,12,99004,316
PSE,2022,8,98014,7
Avista,2021,12,99034,0
NWN,2020,3,98617,0
Avista,2022,10,99161,6
Avista,2025,8,99117,43
CNG,2025,5,98264,546
PSE,2020,9,98506,18
PAC,2023,9,98921,53
Avista,2022,9,99025,10
Avista,2020,12,99022,89
CNG,2023,1,98942,2
PSE,2021,7,98033,16
NWN,2023,1,98617,0
PAC,2025,8,98903,219
CNG,2022,3,99352,2
PSE,2021,2,98579,43
PSE,2023,1,98144,18
PSE,2022,3,98024,1
Avista,2021,9,99138,11
PSE,2021,1,98253,2
CNG,2025,4,98244,5
CNG,2020,7,98550,5
Avista,2024,7,99129,8
PSE,2021,1,98342,2
NWN,2025,7,98660,2
Avista,2022,4,99160,2
Avista,2025,2,99137,24
CNG,2023,4,98225,30
CNG,2024,10,98902,677
PAC,2024,12,98953,106
Avista,2022,8,99169,9
PAC,2020,11,99360,1
Avista,2023,10,99143,33
Avista,2020,3,99202,333
PSE,2023,7,98031,49
PSE,2022,5,98146,7
CNG,2025,3,99338,75
PSE,2025,5,98106,3
PSE,2023,4,98052,85
NWN,2024,5,98125,0
PAC,2025,3,98901,975
PSE,2024,11,98136,3
NWN,2023,8,98671,3
PSE,2025,5,98232,11
PSE,2024,10,98240,10
NWN,2021,5,98635,0
CNG,2020,10,98837,5
Avista,2021,7,99185,2
NWN,2024,11,98675,0
PSE,2023,6,98371,129
PSE,2020,6,98271,4
PSE,2022,12,98360,148
PSE,2023,9,98057,20
Avista,2022,4,99141,25
Avista,2024,2,99146,2
NWN,2021,9,98663,0
NWN,2023,12,98682,38
Avista,2020,10,99149,1
PAC,2022,11,98947,92
Avista,2021,8,99022,9
PSE,2020,11,98003,250
CNG,2024,11,98632,16
NWN,2020,8,98604,2
Avista,2025,9,99103,47
NWN,2020,7,98605,0
PAC,2023,5,98903,632
PSE,2020,3,98065,2
PAC,2024,8,98930,435
PSE,2021,9,98238,1
PAC,2023,12,98932,210
PSE,2024,4,98028,28
PSE,2022,5,98133,8
PSE,2023,5,98296,2
PAC,2020,9,98921,7
PSE,2023,1,98274,29
CNG,2025,9,98674,46
CNG,2025,3,98936,134
Avista,2023,11,99039,2
Avista,2022,3,99218,98
CNG,2025,4,98220,13
PSE,2022,11,98383,4
PSE,2022,2,98273,175
PSE,2022,4,98499,7
Avista,2025,3,99023,6
CNG,2023,4,98930,1
PSE,2021,9,98026,9
NWN,2022,11,98628,0
PSE,2020,7,98370,22
PSE,2022,12,98396,11
PSE,2025,5,98404,75
PAC,2024,3,99362,856
PSE,2022,8,98337,17
PSE,2020,6,98516,55
PSE,2025,8,98232,8
Avista,2024,4,99009,13
PSE,2024,2,98224,1
CNG,2024,9,98312,119
NWN,2020,4,98684,7
CNG,2024,2,98557,5
Avista,2022,7,99016,65
PSE,2022,8,98047,13
Avista,2024,3,99201,234
PAC,2025,3,99350,1
PAC,2021,5,98907,1
PAC,2022,3,98936,86
PSE,2025,4,98244,17
PSE,2020,12,98290,3
NWN,2021,6,98639,0
PSE,2024,2,98075,5
NWN,2022,6,98686,716
CNG,2024,9,98584,87
PSE,2024,9,98580,4
PSE,2024,4,98208,24
PAC,2023,4,99361,20
Avista,2023,10,99131,4
PSE,2021,12,98074,28
PSE,2020,9,98391,55
Avista,2022,5,98648,1
Avista,2021,7,99207,153
NWN,2021,4,98208,0
PSE,2024,4,98404,30
NWN,2022,4,97388,0
PAC,2023,12,98921,56
PSE,2025,9,98290,2
Avista,2021,7,99114,44
PSE,2022,1,98290,5
Avista,2022,6,99022,21
NWN,2025,1,98601,0
PSE,2023,1,98221,16
Avista,2025,10,99117,41
PSE,2022,10,98230,16
PSE,2023,10,98118,23
PSE,2022,1,98224,4
PSE,2025,7,98439,56
Avista,2020,4,99371,1
PSE,2021,10,98403,1
NWN,2020,7,98208,0
PSE,2020,5,98272,2
PSE,2023,1,98106,12
NWN,2023,7,98671,5
PSE,2023,5,98503,111
PAC,2023,1,99329,4
PSE,2025,3,98264,72
PSE,2022,9,98029,22
Avista,2023,10,99018,13
PSE,2022,2,98022,90
CNG,2025,1,98295,49
PSE,2020,8,98501,82
NWN,2025,7,98612,0
Avista,2022,7,99185,8
PSE,2023,8,98445,12
NWN,2023,9,98642,1
Avista,2025,9,99122,237
PSE,2025,3,98294,16
NWN,2025,9,97031,0
NWN,2022,9,98666,0
Avista,2020,6,99203,38
PSE,2021,9,98439,64
Avista,2021,12,99117,3
PSE,2024,2,98051,4
PSE,2020,4,98387,36
PSE,2024,2,98276,3
PSE,2023,8,98148,8
PSE,2024,4,98146,15
PSE,2025,5,98346,49
Avista,2022,4,99125,5
PSE,2022,4,98940,5
Avista,2025,9,99018,34
PSE,2023,3,98225,63
PSE,2024,2,98338,16
Avista,2020,5,99026,7
PSE,2025,9,98221,21
PSE,2021,1,98387,25
CNG,2025,5,98295,49
NWN,2021,1,98675,0
CNG,2022,1,99352,1
PSE,2021,12,98501,738
PSE,2025,2,98251,3
PSE,2023,11,98374,81
PSE,2025,9,98244,1
PSE,2020,3,98203,9
PAC,2022,12,98902,1629
CNG,2025,7,98901,450
Avista,2024,6,99341,2
CNG,2021,12,98271,1
NWN,2021,6,98664,4
PSE,2023,12,98032,173
PSE,2024,1,98107,4
PSE,2022,9,98446,1
PSE,2023,1,98021,10
Avista,2024,2,99170,23
CNG,2020,7,98541,0
PSE,2023,11,98403,1
Avista,2025,8,99020,8
PSE,2021,4,98204,10
PSE,2022,7,98597,36
Avista,2021,8,99203,35
Avista,2023,8,99185,4
Avista,2023,11,99129,11
PSE,2022,10,98155,9
PSE,2025,2,98312,124
PSE,2025,9,98226,57
PSE,2025,2,98055,81
Avista,2020,7,99129,1
PSE,2024,10,98262,3
Avista,2021,10,99158,14
CNG,2020,3,99353,0
PAC,2024,5,99347,42
Avista,2025,6,99176,1
PSE,2022,5,98940,2
Avista,2022,11,99021,29
PSE,2025,6,98065,34
Avista,2021,4,99040,24
PSE,2021,9,98296,8
PAC,2021,6,98903,17
Avista,2023,9,99134,2
Avista,2024,4,99206,217
Avista,2021,2,99223,94
CNG,2025,3,98226,531
PSE,2024,1,98422,3
PSE,2025,6,98501,193
PSE,2025,5,98040,24
PSE,2023,8,98045,4
NWN,2025,7,98635,0
PSE,2023,1,98005,8
PSE,2024,10,98294,5
Avista,2020,11,99181,9
CNG,2024,1,98264,134
PSE,2024,5,98332,2
Avista,2024,4,99204,106
PSE,2023,2,98346,28
PSE,2020,5,98576,9
Avista,2021,1,99163,22
PAC,2022,8,99362,662
PSE,2021,4,98359,9
NWN,2024,8,98683,1
PSE,2021,4,98926,16
PAC,2023,1,98936,117
NWN,2021,6,98672,0
PSE,2023,10,98346,4
PSE,2024,2,98036,16
PSE,2021,3,98004,13
NWN,2023,8,97388,0
PSE,2021,5,98276,4
NWN,2023,4,97301,0
PAC,2022,4,98936,80
NWN,2025,7,98620,0
CNG,2022,1,98903,3
Avista,2020,5,99159,7
Avista,2021,8,99032,3
Avista,2024,10,99138,9
PSE,2024,11,98199,1
NWN,2025,5,98620,0
NWN,2025,4,98635,0
CNG,2020,12,98311,3
PAC,2022,11,98935,115
PSE,2023,9,98011,2
NWN,2020,6,98675,0
PSE,2021,7,98034,35
PAC,2023,3,99360,5
CNG,2023,2,98953,4
Avista,2021,12,99402,5
Avista,2023,9,99006,21
PSE,2023,7,98043,4
PSE,2020,3,98003,153
CNG,2025,4,99354,139
PSE,2023,7,98589,8
Avista,2024,10,99170,10
PSE,2022,1,98204,11
CNG,2025,1,98611,3
CNG,2024,2,98221,86
PAC,2022,1,98908,507
Avista,2020,4,99027,25
CNG,2021,3,99336,31
Avista,2020,8,99146,1
CNG,2020,12,98848,1
PSE,2023,7,98136,1
PSE,2024,5,98108,27
PSE,2023,1,98058,47
PSE,2024,10,98321,38
PSE,2022,1,98052,79
CNG,2025,1,98284,367
PSE,2024,12,98340,5
PAC,2025,7,98901,404
CNG,2025,3,98311,399
CNG,2024,6,98541,12
Avista,2025,11,99151,33
PSE,2023,8,98033,19
PAC,2025,6,99350,2
Avista,2020,11,99006,9
PAC,2020,11,98903,22
PAC,2021,3,98909,0
NWN,2023,11,97388,0
NWN,2020,9,98684,2
Avista,2025,7,99129,155
PAC,2025,2,99360,3
PSE,2020,5,98332,4
NWN,2022,7,98629,0
Avista,2021,5,99163,15
CNG,2020,8,98274,7
Avista,2021,12,99223,191
Avista,2023,3,99138,17
PSE,2020,10,98055,80
PSE,2024,7,98255,3
PSE,2025,2,98019,30
PSE,2020,7,98232,2
PSE,2024,11,98065,20
PAC,2020,3,98935,10
PSE,2024,10,98022,62
Avista,2024,8,99114,265
PSE,2022,9,98112,2
PSE,2025,1,98596,1
CNG,2024,12,98248,460
PSE,2022,3,98501,131
PSE,2023,1,98925,2
PSE,2025,7,98272,11
NWN,2022,12,98604,0
PSE,2021,5,98335,5
PSE,2020,8,98273,66
PSE,2020,12,98424,7
PSE,2023,2,98038,22
CNG,2024,10,98611,1
PSE,2025,8,98532,8
PSE,2021,6,98597,66
Avista,2023,5,99173,7
Avista,2023,2,99158,8
Avista,2022,6,99102,3
PSE,2024,8,98408,20
PAC,2025,2,98951,375
PSE,2022,12,98077,37
PSE,2023,5,98294,2
Avista,2021,7,99122,11
PSE,2021,11,98941,5
Avista,2021,5,99203,46
PSE,2020,11,98506,35
NWN,2021,1,98628,1
PSE,2024,5,98335,3
CNG,2024,9,98220,5
Avista,2024,10,99157,4
CNG,2024,8,98948,78
CNG,2024,10,99362,294
CNG,2023,9,98930,1
CNG,2024,3,98223,93
Avista,2023,3,99179,4
CNG,2021,2,98221,11
PSE,2025,9,98274,10
NWN,2025,2,98601,0
Avista,2024,2,99131,4
PSE,2020,3,98366,51
PSE,2023,11,98045,31
Avista,2025,10,99185,137
PSE,2021,7,98277,54
Avista,2020,11,99341,2
Avista,2021,12,99176,2
PSE,2025,4,98028,91
NWN,2025,1,98639,0
NWN,2021,12,98671,1
Avista,2022,3,99122,18
NWN,2020,3,98666,0
PSE,2022,7,98040,2
PSE,2022,5,98335,1
PAC,2020,10,99362,27
PSE,2025,2,98444,13
PSE,2022,3,98056,89
CNG,2021,6,98948,6
Avista,2021,6,99344,34
PSE,2025,2,98260,19
PAC,2020,12,98923,4
PSE,2025,6,98310,115
CNG,2024,7,98226,223
PSE,2020,9,98233,18
PSE,2023,2,98251,1
CNG,2022,11,98273,6
CNG,2020,4,98557,1
NWN,2022,8,98617,0
Avista,2021,9,99402,3
PAC,2024,9,98938,50
PAC,2023,10,98936,102
PSE,2023,5,98934,19
Avista,2024,6,99403,43
PSE,2021,5,98387,35
PSE,2023,9,98444,4
Avista,2022,12,99223,135
NWN,2023,2,98125,0
PSE,2024,4,98115,10
CNG,2023,5,98942,4
PSE,2022,11,98576,14
PSE,2021,5,98014,13
PSE,2023,12,98338,8
PAC,2025,5,98942,420
PSE,2024,10,98074,19
NWN,2023,8,98601,0
CNG,2025,8,98310,521
Avista,2023,5,99122,8
Avista,2025,10,99207,5834
PAC,2025,6,98947,50
PSE,2023,11,98024,14
Avista,2023,10,99344,506
PSE,2020,12,98168,5
PSE,2024,8,98258,34
PAC,2020,4,98947,9
Avista,2023,6,99202,53
PSE,2023,3,98087,13
PSE,2025,1,98335,28
Avista,2022,7,99104,1
PSE,2024,1,98012,22
Avista,2023,5,99157,5
PSE,2022,1,98068,1
PSE,2024,6,98133,9
Avista,2024,7,99012,7
PAC,2020,9,99323,2
PAC,2022,5,99329,3
CNG,2021,1,98248,14
PSE,2023,4,98072,12
PSE,2025,2,98249,17
PSE,2022,6,98346,35
PAC,2022,3,99348,13
PSE,2021,3,98934,6
Avista,2024,6,99207,284
NWN,2024,6,97031,0
PSE,2023,6,98266,80
Avista,2023,7,99021,12
PSE,2023,3,98233,51
PSE,2020,6,98108,31
PSE,2025,4,98366,140
CNG,2022,11,99338,1
Avista,2020,8,99212,100
PSE,2025,8,98264,57
Avista,2024,12,99129,11
NWN,2022,11,98626,0
CNG,2025,7,98837,64
Avista,2025,7,99019,743
PSE,2023,3,98029,69
PSE,2021,6,98388,1
Avista,2023,8,99163,14
PSE,2023,2,98283,1
Avista,2020,4,99031,1
PSE,2021,12,98337,313
PSE,2025,4,98020,15
CNG,2025,9,98942,168
PSE,2022,4,98102,4
Avista,2022,2,99181,20
PSE,2020,7,98443,1
Avista,2020,8,99101,5
Avista,2022,6,99025,14
PSE,2023,12,98270,24
NWN,2022,4,98648,0
Avista,2025,3,99111,380
Avista,2022,10,99149,1
CNG,2023,6,98337,2
PAC,2023,9,98952,7
PSE,2021,12,98283,19
PSE,2020,4,98926,4
PSE,2024,10,98943,1
PSE,2022,5,98296,2
PAC,2020,8,99328,18
CNG,2021,1,98273,27
Avista,2024,11,99122,11
PSE,2025,6,98345,1
PSE,2024,12,98122,3
PSE,2024,3,98148,25
CNG,2025,2,98370,112
PSE,2020,9,98037,3
CNG,2025,3,99354,130
Avista,2022,8,99021,17
Avista,2020,7,99202,101
Avista,2024,11,99185,2
Avista,2020,12,99170,4
PSE,2021,4,98010,16
Avista,2023,5,99223,79
Avista,2021,10,99403,81
Avista,2022,11,99208,333
CNG,2020,7,99338,1
PAC,2025,5,99363,4
Avista,2022,4,99131,1
PSE,2024,6,98446,11
PSE,2020,6,98272,7
NWN,2024,6,98642,4
PSE,2021,12,98022,301
PAC,2022,5,98952,6
PAC,2025,4,98930,144
PSE,2024,10,98390,45
PSE,2022,2,98092,218
PSE,2025,3,98012,75
PSE,2020,11,98053,7
PSE,2025,2,98144,11
CNG,2025,4,98584,228
PSE,2022,10,98030,186
Avista,2021,8,99027,17
NWN,2023,11,98612,0
NWN,2021,2,98620,0
PSE,2023,1,98022,55
PSE,2025,1,98260,32
PSE,2025,6,98072,52
PSE,2024,12,98591,2
PSE,2021,9,98262,1
PSE,2022,8,98028,16
Avista,2025,1,99027,665
CNG,2020,10,98233,8
PSE,2022,5,98188,43
CNG,2023,3,98908,9
PSE,2020,8,98335,2
Avista,2022,3,99101,7
NWN,2023,12,98685,9
Avista,2023,12,99004,35
PAC,2022,8,98936,81
CNG,2023,1,99344,8
PAC,2023,10,98939,15
PSE,2023,8,98221,25
PSE,2021,7,98260,3
PSE,2022,5,98053,3
CNG,2023,8,98225,18
CNG,2021,5,98541,3
NWN,2025,1,98607,4
NWN,2024,9,98617,0
NWN,2021,6,98675,0
PSE,2020,8,98168,8
Avista,2020,6,99122,15
Avista,2021,8,99185,2
Avista,2022,3,99148,16
NWN,2020,12,98665,13
Avista,2020,11,99029,4
PSE,2020,11,98051,2
PSE,2023,9,98346,7
PSE,2021,4,98235,1
PSE,2020,8,98579,21
PSE,2025,2,98329,1
PSE,2021,10,98354,1
NWN,2023,12,98604,6
PAC,2024,11,98921,58
PSE,2020,4,98047,29
PSE,2021,10,98074,7
PSE,2021,12,98177,42
PAC,2023,9,98936,97
CNG,2020,6,99338,0
PSE,2020,3,98531,10
PSE,2021,9,98926,15
PAC,2022,3,98938,48
PAC,2024,11,98932,199
PSE,2022,8,98203,5
PSE,2020,5,98443,4
Avista,2021,8,99020,1
PSE,2022,6,98133,2
PSE,2025,6,98589,35
PSE,2022,3,98057,35
CNG,2024,10,98632,13
Avista,2024,7,99167,6
PAC,2020,3,98932,19
CNG,2023,10,98226,1
PSE,2024,10,98418,15
PSE,2024,9,98294,3
NWN,2022,3,97301,0
Avista,2024,12,99161,8
NWN,2021,1,97031,0
Avista,2023,7,99016,43
PSE,2023,11,98237,33
PSE,2021,4,98239,22
Avista,2021,8,99134,4
PSE,2020,11,98144,4
PSE,2025,9,98312,23
Avista,2025,2,99402,116
PSE,2022,12,98402,8
Avista,2021,8,99029,2
PSE,2020,3,98295,1
PAC,2023,6,98938,46
NWN,2022,3,98686,2
NWN,2023,11,98648,0
Avista,2025,1,99125,52
PSE,2025,5,98444,25
PSE,2024,3,98136,20
PSE,2020,11,98225,104
Avista,2022,2,99137,4
PAC,2025,2,98903,454
PSE,2021,8,98037,7
PAC,2024,5,98942,219
PSE,2021,9,98290,2
PAC,2022,12,98908,520
Avista,2024,2,99030,10
PAC,2025,7,98902,452
Avista,2025,3,99176,9
PSE,2023,11,98004,73
PSE,2022,6,98941,2
PSE,2021,11,98056,76
Avista,2021,8,99102,6
PAC,2023,8,99329,2
PSE,2024,4,98236,14
PSE,2020,8,98045,5
Avista,2024,12,99003,12
Avista,2024,5,99161,10
Avista,2022,9,99170,5
Avista,2024,8,99207,1056
NWN,2021,7,98685,2
PSE,2024,10,98466,17
NWN,2022,7,98119,0
CNG,2024,7,98563,12
PSE,2024,9,98360,8
PSE,2024,10,98335,19
PSE,2021,12,98221,175
PSE,2024,8,98075,22
Avista,2022,4,99101,7
Avista,2021,8,99344,31
PAC,2022,9,99323,15
Avista,2024,2,99203,99
CNG,2025,2,98284,380
PAC,2023,9,98930,446
PAC,2023,5,98944,827
PSE,2022,5,98267,1
PSE,2024,2,98597,80
Avista,2024,8,99164,1
PSE,2022,9,98225,48
Avista,2024,4,99040,15
PSE,2024,8,98323,10
PAC,2023,12,98953,102
PSE,2023,1,98121,4
CNG,2025,7,98226,572
PSE,2021,6,98503,122
Avista,2020,5,99114,68
NWN,2021,6,98683,2
CNG,2023,5,98247,9
PSE,2022,3,98502,131
CNG,2020,4,98273,12
Avista,2020,8,99169,6
PSE,2020,5,98295,4
Avista,2023,12,99040,39
Avista,2021,2,99014,1
PSE,2023,2,98439,4
Avista,2023,3,99167,6
Avista,2022,7,99216,102
CNG,2025,2,98902,1367
PSE,2023,9,98596,1
PSE,2021,4,98284,93
PSE,2023,5,98077,1
PSE,2023,1,98002,142
PAC,2023,1,99348,14
PSE,2023,7,98390,13
PSE,2021,7,98375,15
PSE,2021,4,98512,83
PSE,2023,8,98273,73
PSE,2022,5,98144,5
Avista,2020,10,99169,8
PSE,2025,3,98580,13
CNG,2022,4,98901,11
PAC,2023,11,98953,105
PSE,2021,9,98005,37
NWN,2025,5,98663,2
PSE,2024,8,98385,2
PSE,2022,7,98236,3
PAC,2025,2,98950,0
PAC,2020,12,98903,21
CNG,2021,9,98903,1
NWN,2022,2,98601,0
Avista,2024,2,99020,1
PSE,2021,4,98115,5
PSE,2021,8,98247,10
Avista,2025,9,99026,201
Avista,2025,10,99146,6
NWN,2022,8,98629,0
CNG,2020,4,98276,0
Avista,2022,11,99104,1
PSE,2025,7,98273,275
PSE,2021,2,98201,11
Avista,2024,8,99126,24
PSE,2025,1,98321,113
PSE,2021,3,98244,10
PSE,2022,2,98155,10
PSE,2022,6,98407,4
PSE,2024,10,98312,96
PSE,2021,7,98338,15
PAC,2022,5,98902,1316
PSE,2020,3,98407,2
Avista,2022,7,99169,10
PSE,2021,10,98271,3
PSE,2024,6,98530,2
PSE,2021,1,98221,27
PSE,2024,7,98249,15
PSE,2023,11,98264,80
Avista,2024,12,99021,37
Avista,2021,3,99173,14
CNG,2022,12,99301,7
PSE,2021,11,98244,5
PSE,2020,5,98204,32
PSE,2022,1,98408,17
PSE,2021,6,98065,17
PSE,2024,1,98290,9
PSE,2020,4,98589,18
Avista,2025,9,99004,290
PSE,2021,10,98059,12
Avista,2025,7,99030,84
PSE,2023,6,98032,498
Avista,2022,6,99179,2
Avista,2025,4,99005,357
Avista,2023,1,99208,373
PSE,2025,2,98263,3
CNG,2025,7,99336,338
Avista,2022,5,99203,49
PSE,2024,6,98338,44
PSE,2025,8,98388,5
NWN,2025,4,98663,4
Avista,2022,9,99224,94
PAC,2024,10,98944,784
PSE,2025,4,98516,86
PAC,2023,6,99363,4
PAC,2025,8,99324,60
Avista,2023,12,99169,18
PSE,2023,6,98004,88
Avista,2024,1,99137,10
PSE,2024,10,98119,1
Avista,2021,11,99125,5
PSE,2024,1,98406,3
PSE,2021,12,98392,69
CNG,2021,9,99336,1
NWN,2022,12,98666,0
PSE,2021,5,98011,53
PSE,2021,3,98387,30
CNG,2024,5,98944,126
PSE,2023,7,98020,2
PSE,2025,1,98221,56
CNG,2022,8,98932,1
CNG,2023,3,98930,7
PSE,2020,12,98267,2
PSE,2024,4,98275,11
CNG,2020,5,99350,2
Avista,2020,6,99126,4
PSE,2020,8,98065,9
PSE,2021,3,98281,3
CNG,2025,7,98932,46
PSE,2025,1,98178,23
PAC,2024,6,99328,119
PSE,2021,9,98121,8
Avista,2024,10,99016,80
Avista,2025,12,99371,40
PSE,2025,8,98224,1
Avista,2024,2,99167,5
PSE,2025,8,98101,2
Avista,2025,2,99202,2815
PSE,2021,2,98199,1
PSE,2023,8,98370,36
PSE,2022,3,98136,1
PSE,2020,12,98122,5
CNG,2023,3,98550,5
PSE,2021,4,98288,2
PSE,2022,8,98102,1
CNG,2023,5,98367,1
Avista,2020,10,99201,191
PSE,2024,4,98387,35
PSE,2025,4,98323,1
PSE,2025,5,98201,50
Avista,2022,2,99205,340
CNG,2024,12,98282,25
PSE,2021,6,98530,1
PSE,2023,2,98506,21
PAC,2023,10,99362,758
PSE,2025,6,98290,12
PSE,2023,7,98148,1
PSE,2022,10,98934,2
NWN,2021,12,98672,0
PSE,2020,8,98199,2
PSE,2024,2,98396,1
Avista,2023,10,99170,35
NWN,2020,3,98119,0
PSE,2021,10,98321,16
PSE,2022,1,98422,8
PSE,2021,9,98404,57
CNG,2024,5,98908,147
PSE,2023,7,98059,16
PSE,2023,10,98516,27
Avista,2023,4,99161,4
PSE,2023,8,98407,3
PSE,2025,9,98103,10
NWN,2021,1,98686,1
PSE,2024,5,98439,19
NWN,2021,9,98662,3
PSE,2021,10,98022,28
PSE,2021,3,98023,139
PSE,2023,5,98310,29
PSE,2021,10,98418,2
PSE,2024,3,98503,125
Avista,2024,3,99034,2
Avista,2023,2,99217,138
Avista,2020,6,99030,2
Avista,2025,5,98620,122
PSE,2021,2,98506,87
PSE,2022,12,98030,1430
PSE,2020,12,98558,1
NWN,2025,3,98642,4
Avista,2021,9,99206,87
PSE,2021,6,98001,65
Avista,2025,11,99217,2231
Avista,2020,5,99110,1
PSE,2024,5,98014,11
NWN,2022,3,98026,0
PSE,2024,7,98034,76
NWN,2024,9,97031,0
CNG,2023,1,99336,8
PSE,2022,9,98580,9
PSE,2025,2,98040,33
Avista,2022,3,99344,143
PSE,2021,9,98101,2
PSE,2021,11,98294,3
CNG,2022,12,98223,1
Avista,2020,4,99217,104
PSE,2023,12,98408,16
CNG,2025,1,98223,342
CNG,2022,3,99362,26
NWN,2024,5,98674,0
PAC,2023,5,98953,99
PAC,2020,7,98953,10
Avista,2021,11,99403,100
CNG,2025,9,98337,168
NWN,2022,4,98662,1238
CNG,2023,1,98936,4
Avista,2021,7,99137,1
PSE,2024,9,98199,13
Avista,2022,1,99005,10
PSE,2024,4,98934,9
PSE,2024,4,98290,6
CNG,2021,12,98276,2
PSE,2021,9,98277,209
PSE,2024,4,98388,3
Avista,2025,5,99114,1611
PAC,2022,11,98944,735
PSE,2021,12,98402,7
NWN,2022,9,98604,0
PSE,2021,1,98276,3
PSE,2021,7,98359,8
Avista,2024,11,99012,3
NWN,2023,11,97301,0
PSE,2023,4,98188,25
NWN,2021,10,98664,1
CNG,2020,6,98948,3
PSE,2024,9,98155,1
PSE,2022,8,98926,9
Avista,2020,7,99012,3
CNG,2024,9,99344,130
PSE,2022,1,98409,9
CNG,2020,4,98248,8
CNG,2023,4,98223,3
PSE,2022,8,98087,6
CNG,2025,1,99344,193
PSE,2025,3,98310,98
PSE,2023,5,98253,2
Avista,2021,2,99185,8
PSE,2022,4,98439,12
Avista,2023,3,99203,76
PSE,2024,1,98229,129
PSE,2024,6,98239,25
PSE,2023,11,98087,22
NWN,2020,12,98668,0
CNG,2024,11,98383,63
PSE,2025,6,98252,3
NWN,2020,7,98606,0
PSE,2020,3,98021,3
PSE,2022,3,98166,9
PAC,2021,3,98938,5
PSE,2021,4,98058,173
NWN,2022,10,98604,0
PSE,2022,11,98466,8
CNG,2022,6,98903,1
Avista,2020,3,99148,17
CNG,2024,11,98264,229
PSE,2025,5,98110,28
PSE,2021,2,98103,2
Avista,2020,4,99001,38
PSE,2023,5,98033,24
CNG,2024,7,98550,72
Avista,2024,11,99103,1
PSE,2024,12,98342,11
PAC,2021,4,99328,36
CNG,2020,4,98524,0
PSE,2025,4,98922,32
Avista,2023,2,99117,4
Avista,2020,7,99009,3
PSE,2024,4,98075,10
PSE,2022,10,98236,3
NWN,2021,8,97301,0
CNG,2024,12,99350,18
PSE,2021,7,98059,49
NWN,2023,1,98683,9
CNG,2020,9,98944,3
PSE,2022,5,98530,3
Avista,2022,4,99163,106
PSE,2020,6,98597,67
Avista,2021,3,99039,1
Avista,2022,5,99341,3
Avista,2020,7,99126,3
PSE,2020,9,98068,2
Avista,2021,5,99212,92
PSE,2022,6,98052,61
PSE,2021,2,98359,11
PSE,2023,8,98030,68
PSE,2020,11,98579,26
PSE,2023,5,98275,2
PSE,2024,5,98466,10
Avista,2025,6,99025,266
Avista,2023,9,99111,7
PSE,2022,12,98233,356
Avista,2025,10,99023,5
PAC,2023,9,99329,2
PAC,2020,10,99347,6
PAC,2024,3,99324,142
PAC,2023,1,98902,1911
CNG,2024,4,99337,13
PSE,2023,4,98498,24
NWN,2022,2,98672,0
PSE,2024,9,98446,2
PSE,2021,9,98922,40
PSE,2025,6,98467,9
Avista,2021,12,99104,2
NWN,2025,6,98664,6
Avista,2022,12,99128,3
PSE,2021,12,98223,20
PSE,2023,6,98253,6
PSE,2021,5,98077,6
Avista,2021,10,99173,20
Avista,2021,8,99223,72
Avista,2020,4,99218,52
NWN,2024,9,98628,0
Avista,2021,7,99016,37
PSE,2024,2,98203,20
PSE,2023,9,98136,1
PSE,2020,8,98038,16
PSE,2025,4,98340,6
Avista,2025,7,99027,690
PSE,2020,12,98051,3
PSE,2021,4,98922,31
CNG,2023,6,98292,1
PSE,2025,4,98146,31
Avista,2021,2,99137,1
PSE,2021,5,98530,4
CNG,2020,12,98944,16
PSE,2022,1,98934,19
Avista,2025,5,99224,1828
PSE,2023,8,98031,42
NWN,2020,11,98617,0
PSE,2022,6,98513,42
PSE,2024,12,98383,45
NWN,2024,11,98127,0
CNG,2021,12,98908,8
CNG,2024,11,98229,203
PSE,2023,7,98576,10
NWN,2025,5,98610,0
Avista,2020,9,99206,48
Avista,2021,9,99006,22
NWN,2021,10,98605,0
PSE,2021,10,98028,40
Avista,2023,6,99160,1
CNG,2024,2,99352,11
PSE,2024,1,98005,41
Avista,2020,8,99113,1
Avista,2021,6,99130,6
Avista,2021,3,99111,16
CNG,2025,4,98277,303
Avista,2022,10,99003,7
PSE,2024,10,98252,1
Avista,2024,7,99138,6
Avista,2024,10,99111,27
CNG,2021,2,98563,1
Avista,2023,11,99040,25
PSE,2020,9,98010,10
PSE,2022,12,98596,7
PSE,2021,9,98166,16
PSE,2023,8,98047,12
Avista,2021,11,99171,11
CNG,2023,2,99338,1
CNG,2023,2,98277,19
PAC,2025,6,99363,5
PSE,2020,9,98126,6
PSE,2021,2,98042,56
Avista,2024,5,99037,23
PSE,2020,5,98466,12
PAC,2020,10,98923,3
PSE,2022,12,98068,7
Avista,2024,2,99125,3
PSE,2025,7,98263,2
PSE,2021,6,98121,1
CNG,2024,8,98221,138
Avista,2020,7,99030,3
PSE,2023,5,98359,2
PSE,2025,1,98033,104
PSE,2025,3,98235,1
PSE,2024,9,98043,3
PSE,2020,9,98023,114
Avista,2020,12,99402,7
PSE,2023,2,98589,10
Avista,2025,2,99204,964
Avista,2021,6,99223,102
NWN,2021,1,98620,0
Avista,2025,6,99207,5840
Avista,2020,3,99141,33
PSE,2023,11,98311,30
PSE,2022,10,98248,38
PAC,2024,4,99363,5
NWN,2022,3,98626,0
PSE,2020,12,98244,6
PSE,2022,1,98027,55
NWN,2025,3,98675,0
PSE,2023,3,98155,10
PSE,2024,7,98108,28
NWN,2020,5,98612,0
PAC,2020,8,98953,9
PSE,2024,9,98051,1
NWN,2020,9,98648,0
PSE,2020,11,98516,53
PSE,2022,10,98513,41
PSE,2024,4,98409,27
PSE,2022,1,98943,4
CNG,2021,6,98274,9
PSE,2025,2,98311,77
PSE,2025,7,98531,13
PSE,2023,10,98055,77
PSE,2022,7,98033,23
NWN,2023,6,98601,0
PSE,2020,8,98146,4
NWN,2024,2,98026,0
PSE,2024,9,98498,24
PSE,2023,4,98108,20
CNG,2020,8,98953,0
CNG,2024,9,98345,5
PSE,2022,11,98188,29
PSE,2023,5,98021,3
NWN,2024,5,98605,1
CNG,2025,9,98528,8
PSE,2023,5,98103,4
Avista,2024,9,98620,3
Avista,2023,10,99014,5
PSE,2023,6,98258,75
Avista,2025,5,99217,2405
Avista,2020,6,99026,6
PSE,2024,7,98934,8
PSE,2020,9,98576,4
PSE,2022,11,98011,32
NWN,2024,5,98664,14
Avista,2023,9,99157,5
CNG,2021,4,99324,40
PAC,2025,1,98936,81
NWN,2024,8,98686,1
PSE,2020,4,98310,60
PSE,2022,10,98579,24
Avista,2022,9,99033,10
Avista,2020,12,99130,2
PSE,2023,2,98466,4
PSE,2021,3,98075,1
PSE,2020,3,98136,1
PAC,2022,5,98908,418
PSE,2024,1,98249,17
PSE,2020,10,98031,152
PSE,2024,7,98118,20
PSE,2023,5,98042,88
PSE,2025,8,98087,21
PSE,2021,3,98058,107
PSE,2021,2,98290,1
NWN,2022,12,98635,0
PSE,2025,6,98077,6
PSE,2020,4,98501,106
PSE,2024,5,98512,141
PSE,2025,7,98117,46
Avista,2025,10,99174,11
CNG,2022,9,98944,3
Avista,2022,6,99001,44
CNG,2020,5,99338,0
CNG,2024,6,98233,135
PSE,2024,8,98403,5
NWN,2025,3,98620,0
PSE,2021,2,98408,10
PSE,2023,11,98283,4
PSE,2025,7,98122,47
PSE,2022,1,98273,150
CNG,2020,11,99337,1
PSE,2020,7,98057,41
PSE,2021,11,98530,4
PSE,2025,9,98359,6
PSE,2024,6,98512,104
Avista,2021,2,99203,40
PSE,2021,7,98148,23
PSE,2023,2,98940,2
NWN,2024,5,98307,0
PSE,2024,6,98249,10
NWN,2024,2,98606,0
PSE,2023,7,98374,38
PSE,2025,4,98946,3
NWN,2020,11,98626,0
Avista,2020,4,99021,33
PSE,2022,1,98225,171
PSE,2025,4,98290,16
PSE,2020,12,98237,35
PSE,2020,6,98226,167
NWN,2024,9,98665,0
PSE,2023,10,98029,57
Avista,2022,4,99151,4
PSE,2022,12,98466,99
PAC,2022,3,98932,185
Avista,2020,6,99159,6
Avista,2022,11,99001,44
Avista,2025,11,99141,794
PAC,2025,4,98952,6
PSE,2023,8,98391,71
PSE,2023,9,98327,1
CNG,2021,1,98550,7
CNG,2024,8,98951,31
Avista,2021,4,99025,12
PSE,2022,7,98247,13
NWN,2025,9,98607,1
PSE,2020,3,98026,2
PAC,2022,1,98942,197
PSE,2023,4,98292,1
Avista,2021,9,99224,61
PSE,2023,8,98311,38
PSE,2020,11,98408,3
PSE,2023,9,98199,2
PSE,2023,4,98020,1
PSE,2022,9,98327,1
NWN,2024,9,98663,0
CNG,2021,4,97801,1
CNG,2024,1,98240,4
Avista,2025,10,99036,3
CNG,2022,5,99354,3
PSE,2023,1,98177,1
CNG,2025,6,99352,240
PSE,2023,11,98321,28
PSE,2025,8,98248,97
PSE,2021,4,98367,30
PAC,2020,3,99348,2
PSE,2022,6,98229,76
CNG,2024,4,98944,114
PSE,2022,9,98106,4
PSE,2020,4,98103,5
PSE,2021,5,98108,30
PSE,2025,4,98102,3
PAC,2022,10,98952,6
PSE,2024,6,98576,15
PAC,2024,4,99360,7
PSE,2025,8,98022,86
Avista,2025,3,99138,300
PAC,2025,3,99347,41
Avista,2021,7,99104,1
Avista,2025,12,99169,268
PSE,2024,1,98502,153
CNG,2022,3,98520,5
PSE,2022,3,98236,10
PSE,2021,5,98133,15
CNG,2020,8,98229,14
CNG,2024,3,98292,32
PAC,2022,4,98953,83
Avista,2024,6,99021,20
CNG,2022,1,98225,22
NWN,2024,11,98606,0
PSE,2021,7,98075,3
Avista,2023,9,99205,129
PSE,2024,9,98010,1
PAC,2020,2,98936,8
PSE,2024,1,98516,73
PSE,2022,1,98506,47
CNG,2021,12,98801,4
PAC,2020,7,99360,2
Avista,2021,8,99159,5
Avista,2020,4,99403,38
PSE,2020,3,98277,80
NWN,2022,6,98683,1048
PSE,2021,11,98030,175
PAC,2025,3,99324,124
Avista,2020,11,99138,2
PSE,2022,9,98941,1
PSE,2024,9,98146,3
Avista,2022,8,99006,28
CNG,2025,6,99337,143
PAC,2024,6,98923,30
PSE,2023,8,98374,64
PSE,2021,7,98499,5
PSE,2021,12,98239,86
PSE,2021,10,98188,17
PSE,2024,3,98117,25
NWN,2021,5,98664,6
Avista,2022,7,99137,2
NWN,2021,11,97031,0
CNG,2020,8,98295,0
CNG,2025,2,99354,127
PSE,2020,7,98188,71
PAC,2022,6,98947,75
Avista,2021,4,99030,4
NWN,2021,11,98605,0
PSE,2022,10,98053,9
PSE,2025,8,98247,28
Avista,2024,3,99029,7
PSE,2021,3,98224,1
PSE,2021,10,98240,2
PSE,2020,12,98059,31
Avista,2023,11,99208,416
PSE,2023,4,98283,1
CNG,2025,5,98953,55
Avista,2025,9,99217,2227
CNG,2020,10,98930,1
CNG,2024,9,99353,4
Avista,2020,12,99207,837
Avista,2022,1,99101,8
PSE,2022,9,98312,64
PSE,2025,1,98253,7
PSE,2022,7,98266,24
PAC,2022,12,99328,95
PSE,2021,10,98466,4
Avista,2020,4,99171,3
PSE,2021,9,98057,78
Avista,2020,9,99169,6
PSE,2020,11,98177,3
CNG,2021,7,98902,12
Avista,2021,11,99114,112
NWN,2025,6,98668,0
PSE,2020,11,98188,24
NWN,2022,3,98864,0
PSE,2023,6,98408,74
PSE,2022,4,98122,3
PSE,2022,5,98232,3
PSE,2022,11,98446,3
NWN,2020,5,98674,0
Avista,2020,6,99012,3
PSE,2022,10,98391,23
Avista,2024,1,99004,29
Avista,2025,11,99208,4505
PSE,2022,4,98946,1
CNG,2021,3,99354,12
PSE,2024,11,98230,58
Avista,2022,10,99006,26
NWN,2024,5,98686,7
PSE,2025,2,98467,7
Avista,2024,5,99111,22
CNG,2024,10,98837,14
Avista,2020,3,99109,29
Avista,2023,3,99029,11
NWN,2022,6,98674,0
Avista,2024,1,99016,151
PSE,2024,1,98403,1
PSE,2020,12,98249,14
PSE,2022,10,98531,19
PSE,2020,7,98239,19
PAC,2025,4,99348,6
PSE,2023,3,98037,7
PAC,2024,1,98944,835
CNG,2021,1,99324,5
Avista,2025,8,99027,697
Avista,2025,7,99110,66
PSE,2025,1,98263,3
PSE,2024,8,98006,56
PSE,2021,3,98264,37
PSE,2024,2,98925,6
NWN,2023,9,98686,1
PAC,2023,1,98933,18
CNG,2020,3,98632,1
PAC,2023,9,99363,5
PSE,2024,6,98024,2
NWN,2022,7,98661,8
PSE,2025,5,98249,21
CNG,2020,8,98903,3
Avista,2021,4,99138,10
PSE,2025,5,98136,2
CNG,2021,12,98930,5
Avista,2023,3,99032,8
Avista,2025,9,99206,2861
NWN,2025,4,98685,4
PSE,2024,1,98467,1
PSE,2023,7,98166,2
PSE,2023,11,98118,49
PSE,2020,10,98030,237
Avista,2022,9,99201,85
PSE,2024,5,98144,6
PAC,2020,4,99348,3
Avista,2022,5,99022,21
PSE,2020,5,98117,8
PAC,2023,6,98936,126
PSE,2023,12,98020,3
PSE,2022,7,98375,13
Avista,2025,7,99169,262
PSE,2023,11,98329,2
CNG,2025,9,98584,233
PSE,2023,7,98126,17
Avista,2021,10,99143,11
PSE,2022,9,98053,8
PSE,2025,4,98294,21
Avista,2024,11,99003,11
PSE,2021,6,98110,9
PSE,2023,10,98446,3
PSE,2020,9,98327,2
CNG,2022,8,99344,6
PSE,2024,5,98272,12
PSE,2024,6,98125,8
CNG,2024,3,98802,6
Avista,2022,5,99126,9
NWN,2023,1,98607,5
PAC,2024,5,98944,858
CNG,2023,5,98276,3
CNG,2024,2,98233,87
NWN,2024,5,98635,0
CNG,2020,5,98292,3
CNG,2023,7,98276,1
Avista,2022,7,99202,156
PSE,2022,5,98177,1
PSE,2024,6,98266,47
PSE,2023,8,98042,35
PSE,2024,8,98404,35
PSE,2024,6,98022,37
Avista,2023,11,99157,5
PSE,2025,1,98276,6
PSE,2020,3,98332,1
PSE,2024,8,98366,234
PSE,2024,5,98056,180
Avista,2020,7,99018,1
CNG,2023,4,98932,1
CNG,2020,10,98625,0
PSE,2021,2,98040,8
PSE,2021,1,98201,21
Avista,2022,9,99167,2
Avista,2025,9,99027,454
NWN,2023,1,97388,0
NWN,2022,3,98672,0
PSE,2023,2,98359,5
PSE,2020,10,98370,20
PSE,2021,10,98040,6
NWN,2022,2,98620,0
Avista,2023,8,99021,12
PSE,2025,4,98940,2
CNG,2020,12,98837,1
PSE,2024,8,98010,6
PSE,2021,9,98042,178
PSE,2020,3,98375,16
Avista,2022,1,99006,24
Avista,2022,9,99032,5
Avista,2023,3,99101,7
Avista,2023,11,99030,2
PSE,2023,4,98501,39
PSE,2025,9,98408,11
PSE,2020,5,98252,5
PSE,2024,4,98360,15
NWN,2020,12,98026,0
Avista,2022,3,99205,399
CNG,2024,4,98901,182
NWN,2023,11,98607,1
CNG,2023,12,98221,1
PSE,2022,4,98503,106
Avista,2021,9,99019,35
PSE,2025,6,98074,19
Avista,2024,1,99126,18
Avista,2020,6,99137,1
PSE,2022,5,98116,2
PSE,2021,2,98053,8
Avista,2021,6,99149,2
PAC,2023,1,98939,12
CNG,2025,1,98383,151
NWN,2023,1,98612,0
NWN,2024,1,98683,10
Avista,2020,3,99012,8
PSE,2025,1,98589,55
CNG,2021,6,98944,4
PAC,2021,3,99328,2
Avista,2022,7,99131,1
CNG,2025,4,98953,53
Avista,2024,9,99009,7
CNG,2022,9,98563,1
PSE,2022,3,98372,46
CNG,2021,2,98311,3
PSE,2023,9,98253,3
PSE,2022,11,98568,1
NWN,2024,2,98626,0
PSE,2023,1,98204,23
CNG,2022,3,98230,12
PAC,2024,2,98908,604
PSE,2023,10,98126,8
NWN,2023,7,98666,0
Avista,2024,12,99005,23
PSE,2022,2,98208,25
PSE,2023,7,98380,3
Avista,2025,9,99181,297
CNG,2022,8,99301,6
PSE,2025,9,98023,81
NWN,2022,12,98208,0
PSE,2020,8,98188,36
PSE,2022,5,98367,14
PSE,2022,10,98260,5
Avista,2022,4,99146,1
CNG,2021,9,98520,2
CNG,2021,10,98953,1
PAC,2025,9,99360,18
Avista,2025,8,99206,2856
CNG,2023,4,98632,2
PSE,2021,1,98277,95
NWN,2022,12,98648,9
PSE,2020,4,98051,3
Avista,2020,3,99130,5
PAC,2023,8,98921,54
PSE,2023,12,98367,16
PAC,2020,12,98933,3
Avista,2025,1,99008,54
PAC,2020,2,98947,9
PSE,2025,8,98136,52
PSE,2023,5,98332,2
CNG,2021,2,98257,1
PSE,2023,1,98360,3
Avista,2025,2,99025,252
Avista,2021,5,99113,1
PSE,2024,8,98115,14
PSE,2024,7,98276,2
PSE,2023,6,98020,17
CNG,2020,8,98908,5
PAC,2020,4,99329,2
PAC,2023,3,98923,30
CNG,2024,5,99352,17
Avista,2023,12,99138,36
PAC,2024,4,99348,11
PSE,2021,10,98233,40
PSE,2021,5,98178,17
Avista,2023,4,99008,1
CNG,2024,7,98232,2
PSE,2024,3,98198,178
PSE,2020,10,98146,16
CNG,2021,3,99323,2
PSE,2021,6,98372,27
Avista,2020,7,99173,7
NWN,2021,4,98684,13
NWN,2025,4,98660,6
PSE,2021,9,98125,13
CNG,2021,8,99324,2
PSE,2023,4,98252,2
CNG,2024,10,98370,38
CNG,2024,11,98282,14
NWN,2022,4,98665,918
CNG,2022,6,98550,3
PSE,2022,1,98012,14
Avista,2025,4,99029,108
Avista,2021,7,99019,32
PAC,2022,2,99323,24
PSE,2022,11,98047,16
PSE,2024,8,98136,6
PSE,2024,7,98133,9
PSE,2023,8,98019,5
CNG,2024,2,99324,25
PSE,2024,8,98198,141
PSE,2024,10,98028,56
PSE,2023,4,98065,17
PAC,2020,7,99323,2
CNG,2020,5,98221,13
NWN,2023,10,98629,0
PSE,2021,2,98284,122
NWN,2023,4,98604,3
NWN,2022,6,97301,0
Avista,2022,1,99371,2
CNG,2025,3,98611,5
PSE,2025,3,98117,4
CNG,2023,2,99362,52
PSE,2021,11,98532,6
Avista,2025,11,99201,2001
NWN,2022,10,98606,0
NWN,2025,1,98628,0
NWN,2021,7,98686,1
PSE,2025,1,98010,20
CNG,2020,5,98524,0
PSE,2020,3,98266,32
PSE,2022,10,98337,15
PSE,2021,10,98465,1
CNG,2020,6,98271,3
CNG,2020,6,98541,0
PSE,2021,4,98340,4
NWN,2025,1,98674,0
CNG,2021,5,98930,38
NWN,2022,9,98662,0
NWN,2021,3,98660,7
CNG,2024,12,98273,405
PSE,2025,3,98047,37
PSE,2020,11,98446,2
PSE,2024,6,98012,17
PSE,2022,3,98335,6
PSE,2023,11,98059,64
PSE,2025,1,98327,41
Avista,2024,6,99109,11
PSE,2021,3,98338,12
NWN,2020,5,98665,6
CNG,2020,7,98626,1
PSE,2024,1,98166,22
PSE,2025,8,98312,151
Avista,2023,4,99169,7
CNG,2021,6,98310,25
NWN,2025,8,98629,0
Avista,2024,12,99125,1
PSE,2021,6,98294,3
Avista,2021,6,99134,4
CNG,2020,10,98337,2
PSE,2022,7,98121,2
PAC,2024,12,99329,2
NWN,2022,11,98208,0
Avista,2023,12,99030,8
PSE,2021,11,98005,13
PSE,2020,10,98407,3
CNG,2022,6,99350,1
PSE,2025,8,98579,37
PSE,2024,8,98026,28
CNG,2023,5,98225,37
CNG,2024,3,98257,10
PSE,2025,4,98409,10
PSE,2020,3,98310,52
Avista,2022,7,99013,28
PSE,2020,5,98220,3
NWN,2021,11,98642,2
CNG,2025,8,98276,57
PSE,2023,6,98102,24
PSE,2022,10,98109,1
PAC,2024,9,98932,203
PSE,2021,8,98579,27
PSE,2021,1,98247,11
PSE,2022,7,98467,1
Avista,2024,7,99212,177
PAC,2022,4,98902,1331
CNG,2022,1,99362,13
NWN,2023,8,98674,0
CNG,2023,3,98284,24
Avista,2022,6,99117,2
PSE,2022,10,98166,9
PSE,2024,5,98058,189
CNG,2025,6,98273,571
PAC,2024,11,98942,204
PSE,2021,5,98405,31
PSE,2020,7,98051,4
PAC,2020,10,98933,2
CNG,2025,1,98226,457
PSE,2021,10,98030,24
PSE,2025,9,98177,5
NWN,2025,6,98674,0
Avista,2021,9,99371,1
PSE,2023,6,98396,10
CNG,2022,1,98366,2
CNG,2020,12,98273,10
PSE,2023,5,98366,23
CNG,2020,5,98233,7
PSE,2020,6,98056,143
PSE,2025,6,98236,16
PAC,2022,10,99323,16
PSE,2025,8,98057,105
PSE,2023,6,98403,12
Avista,2020,12,99114,66
PAC,2020,10,98935,10
NWN,2020,3,98671,4
PSE,2021,10,98273,60
PSE,2021,8,98338,13
PSE,2023,9,98038,14
PSE,2024,1,98501,147
PSE,2023,5,98255,3
Avista,2024,6,99037,5
PSE,2021,10,98503,122
PSE,2023,2,98177,4
NWN,2023,5,98307,0
PSE,2023,4,98273,75
PSE,2025,9,98338,12
PSE,2025,6,98274,99
PSE,2024,11,98125,2
PSE,2023,5,98198,134
PSE,2023,2,98925,3
PAC,2020,9,98908,20
PSE,2022,4,98294,9
PAC,2022,5,99324,129
PAC,2025,2,98933,17
Avista,2020,5,99223,77
Avista,2025,3,99110,65
PSE,2022,12,98366,952
Avista,2023,10,99181,75
PSE,2024,7,98354,3
Avista,2020,11,99402,8
Avista,2021,12,99129,6
PSE,2023,11,98340,1
PSE,2022,12,98591,6
CNG,2022,8,98312,2
Avista,2022,3,99208,395
PSE,2021,9,98029,100
PSE,2023,3,98332,1
PSE,2020,6,98199,2
PSE,2020,11,98092,119
PSE,2022,6,98445,13
PSE,2021,12,98359,60
PSE,2020,11,98208,12
PSE,2022,10,98263,1
NWN,2021,4,98662,22
CNG,2024,5,98563,11
PSE,2021,1,98065,8
CNG,2025,2,98520,185
PSE,2021,4,98155,15
PSE,2022,2,98499,23
Avista,2024,12,99013,6
PSE,2022,12,98274,300
PSE,2021,11,98003,212
CNG,2021,9,98233,3
PSE,2023,2,98092,122
PSE,2022,2,98024,8
CNG,2021,11,98901,5
Avista,2020,9,99402,2
NWN,2020,3,98606,0
PAC,2025,7,98944,150
PSE,2024,7,98146,8
Avista,2023,4,99344,27
Avista,2023,11,99001,52
Avista,2025,10,99128,14
PSE,2022,7,98499,3
Avista,2020,5,99130,1
CNG,2024,3,98584,49
Avista,2021,7,99344,39
NWN,2023,9,98635,0
PSE,2024,12,98337,26
PSE,2024,5,98372,58
PAC,2025,4,99360,17
PSE,2020,10,98270,18
PSE,2022,4,98119,2
PSE,2024,5,98021,15
PSE,2023,7,98281,2
PSE,2025,6,98203,41
PSE,2024,12,98057,48
NWN,2022,6,98648,0
CNG,2024,12,98557,13
CNG,2022,12,98936,1
PSE,2020,8,98346,41
PSE,2021,5,98380,1
PSE,2020,3,98019,9
Avista,2025,12,99202,3007
Avista,2022,2,99006,36
PAC,2025,5,98901,418
NWN,2020,6,98610,0
CNG,2022,7,98932,1
PSE,2022,11,98270,10
PSE,2022,3,98030,172
PSE,2025,8,98443,1
PAC,2022,2,98935,135
PSE,2021,4,98408,24
Avista,2023,6,99326,1
CNG,2025,3,98248,562
PSE,2021,1,98155,2
PSE,2024,6,98136,3
NWN,2022,8,98684,3
NWN,2022,7,98606,4
CNG,2021,8,98221,4
PSE,2022,9,98133,5
PSE,2021,12,98045,75
PAC,2020,3,98933,4
PSE,2022,3,98201,22
PSE,2020,7,98337,9
CNG,2022,9,98520,1
PSE,2021,1,98506,104
NWN,2022,11,98685,1
Avista,2020,12,99201,493
CNG,2021,8,98930,2
CNG,2023,11,98901,31
PSE,2022,7,98012,6
NWN,2021,10,98864,0
NWN,2023,3,98628,0
Avista,2021,3,99206,140
CNG,2025,9,98903,173
PSE,2021,1,98264,27
CNG,2020,11,98233,3
PSE,2025,1,98019,71
CNG,2021,12,98248,7
CNG,2024,2,98541,8
PSE,2025,4,98057,128
PSE,2022,7,98105,1
PAC,2025,7,99362,468
Avista,2022,5,99158,7
PSE,2022,6,98045,16
Avista,2020,8,99004,6
PSE,2023,12,98576,10
PSE,2021,12,98421,1
PSE,2021,6,98036,10
PSE,2020,5,98277,80
PSE,2022,12,98337,303
PSE,2025,1,98270,68
PSE,2021,7,98941,1
NWN,2021,1,98660,6
PSE,2022,2,98166,17
PAC,2020,11,98942,15
CNG,2024,1,99344,111
PSE,2024,7,98030,221
PSE,2021,3,98444,11
CNG,2021,11,98247,4
PAC,2024,5,99323,14
CNG,2024,12,98520,157
PAC,2025,4,98944,198
Avista,2024,3,99204,94
CNG,2021,5,98284,105
CNG,2024,5,98292,25
Avista,2025,12,99122,256
PSE,2020,12,98047,19
CNG,2023,4,98230,10
PSE,2024,5,98010,21
PSE,2024,10,98108,15
PAC,2024,12,98947,95
CNG,2020,8,98626,0
PSE,2020,3,98579,15
Avista,2022,2,99033,6
Avista,2020,6,99021,14
PSE,2024,1,98074,16
PSE,2024,11,98108,12
PAC,2023,4,98952,17
NWN,2025,2,98026,0
PAC,2024,5,99328,118
PSE,2023,5,98166,7
NWN,2021,10,98617,0
PSE,2023,9,98513,24
Avista,2024,5,99223,206
NWN,2023,7,97031,0
Avista,2020,8,99171,5
CNG,2020,7,98902,14
PSE,2021,3,98070,18
NWN,2023,6,98605,0
PSE,2023,5,98199,5
Avista,2022,7,99026,7
NWN,2023,7,98607,1
Avista,2020,7,99181,10
PSE,2023,4,98506,22
PSE,2022,3,98506,82
PSE,2021,6,98075,2
PSE,2021,8,98260,6
PSE,2024,9,98403,9
PSE,2022,12,98374,651
PSE,2020,6,98225,90
Avista,2025,9,99019,495
PSE,2020,7,98010,6
Avista,2025,1,99014,16
PSE,2023,10,98146,9
PSE,2020,10,98247,12
PSE,2025,3,98295,4
NWN,2021,2,98635,0
PSE,2021,7,98232,2
PSE,2021,7,98201,8
PSE,2025,8,98499,10
PSE,2022,3,98439,25
PSE,2023,7,98366,36
PSE,2020,4,98390,22
Avista,2022,12,99208,264
Avista,2022,3,99026,7
PSE,2023,4,98262,3
PSE,2022,12,98405,243
PSE,2022,3,98267,3
Avista,2022,6,99013,25
Avista,2021,5,99223,105
PSE,2025,9,98031,63
PAC,2025,3,99323,16
NWN,2023,11,98606,0
PSE,2022,4,98004,23
Avista,2023,11,99137,3
Avista,2025,1,99160,44
CNG,2023,6,98284,18
PSE,2021,5,98940,3
Avista,2021,4,99016,54
PSE,2023,6,98057,149
CNG,2024,11,98953,20
PSE,2020,10,98403,3
Avista,2024,4,99125,4
PSE,2024,9,98589,14
NWN,2022,7,97388,0
PSE,2020,5,98008,38
CNG,2023,6,99301,18
PSE,2023,11,98047,40
PSE,2025,9,98580,5
PSE,2021,4,98465,2
Avista,2024,11,99208,274
PSE,2025,3,98223,3
CNG,2024,7,99324,52
PSE,2021,8,98340,1
PAC,2020,8,98908,20
Avista,2022,9,99185,4
CNG,2022,11,98295,1
Avista,2022,1,99206,80
PSE,2025,5,98233,84
PSE,2022,1,98148,29
Avista,2024,10,99151,4
PAC,2024,11,99350,1
Avista,2022,8,99102,7
PSE,2023,6,98146,60
CNG,2022,11,98903,4
CNG,2024,4,98233,116
PSE,2025,7,98040,33
PSE,2024,9,98233,4
Avista,2021,10,99171,15
CNG,2022,8,98550,1
NWN,2020,9,98671,0
PAC,2023,2,99350,2
PSE,2021,8,98052,29
PSE,2024,11,98036,10
PSE,2020,7,98053,10
PSE,2025,6,98188,139
PSE,2025,1,98403,1
Avista,2023,4,99131,1
CNG,2021,3,98625,1
PSE,2024,12,98943,3
PSE,2023,11,98925,8
PSE,2025,9,98501,49
Avista,2025,10,99113,33
PSE,2021,1,98014,4
PSE,2020,7,98312,58
PSE,2025,8,98596,2
NWN,2022,3,98119,0
CNG,2022,5,98948,4
Avista,2022,12,99104,1
PSE,2024,4,98345,1
PAC,2022,4,98930,343
PSE,2024,8,98499,43
PSE,2023,2,98105,1
PAC,2023,12,98939,14
NWN,2022,8,98664,8
PSE,2020,9,98270,14
NWN,2023,7,98026,0
CNG,2020,5,98295,1
Avista,2024,4,99208,429
Avista,2023,4,99202,51
Avista,2025,10,99224,1853
NWN,2024,12,98686,1
NWN,2020,11,98127,0
PSE,2023,8,98589,12
PSE,2024,5,98057,76
PSE,2021,4,98001,123
CNG,2023,2,98284,48
Avista,2021,10,99151,6
NWN,2020,12,97301,0
Avista,2024,10,99160,4
CNG,2025,8,98248,535
PSE,2020,11,98387,16
Avista,2022,5,99034,1
Avista,2020,12,99403,61
PSE,2023,1,98388,3
PSE,2020,11,98109,1
Avista,2021,1,99032,4
PSE,2021,9,98115,13
PSE,2021,5,98396,1
NWN,2022,6,98762,0
PAC,2021,1,99328,3
PSE,2023,3,98026,8
PSE,2021,2,98022,53
PAC,2023,12,99360,7
PSE,2025,7,98391,233
PSE,2022,2,98342,7
PSE,2024,10,98029,75
PSE,2021,5,98198,188
CNG,2020,9,99336,2
PSE,2023,9,98198,72
Avista,2021,5,99204,41
PSE,2020,4,98034,88
CNG,2022,5,98247,3
PSE,2022,8,98119,1
CNG,2022,12,98520,4
NWN,2022,6,98604,984
PSE,2025,2,98406,2
PSE,2025,1,98407,7
PSE,2022,5,98276,1
PAC,2020,8,98944,21
CNG,2025,9,98563,53
PSE,2024,1,98274,50
Avista,2024,1,99205,643
PSE,2022,4,98208,13
PAC,2025,5,99329,3
PSE,2022,9,98294,1
PSE,2021,10,98922,16
PSE,2022,6,98597,39
PSE,2023,2,98922,13
NWN,2021,10,98026,0
PSE,2023,6,98059,194
PAC,2020,8,98936,8
CNG,2021,7,98901,7
Avista,2022,6,99134,4
CNG,2021,5,99324,40
CNG,2023,8,98520,6
PSE,2021,2,98502,166
Avista,2024,11,99170,2
PSE,2024,12,98371,123
CNG,2022,12,98367,1
PSE,2021,3,98178,16
CNG,2022,4,98632,1
PSE,2021,8,98346,18
PSE,2024,12,98284,40
Avista,2025,4,99025,269
CNG,2025,9,98233,347
PSE,2020,8,98257,9
PAC,2024,9,98902,1465
Avista,2025,9,99009,176
PSE,2025,6,98119,2
PSE,2024,10,98178,31
PSE,2021,4,98466,6
PSE,2021,4,98596,3
Avista,2020,4,99224,93
PSE,2021,4,98338,41
Avista,2020,11,99022,3
CNG,2022,3,98903,3
CNG,2024,8,99323,1
PSE,2021,6,98106,7
NWN,2021,4,98617,0
CNG,2022,3,98277,22
Avista,2024,12,99159,5
CNG,2023,9,98240,1
PSE,2021,7,98166,9
Avista,2023,7,99001,12
Avista,2021,2,99148,12
PSE,2022,7,98208,6
PAC,2023,11,99328,98
PSE,2024,2,98568,2
PSE,2021,2,98512,83
Avista,2025,1,99223,2911
PSE,2021,8,98232,4
PSE,2020,8,98002,89
PSE,2022,6,98118,27
Avista,2023,1,99004,3
PSE,2022,12,98005,201
CNG,2020,3,98932,2
PAC,2021,5,99361,2
PSE,2021,6,98126,14
PSE,2025,8,98204,12
PSE,2024,11,98296,6
CNG,2020,4,98226,6
PSE,2021,11,98354,3
PSE,2025,4,98255,4
PSE,2024,12,98019,27
NWN,2021,11,98662,5
NWN,2025,3,98663,5
PSE,2022,3,98531,11
PSE,2022,11,98005,16
Avista,2024,2,99033,27
PSE,2021,9,98311,113
PSE,2022,1,98198,130
CNG,2022,7,98310,6
PSE,2020,6,98391,75
PSE,2023,5,98204,9
PSE,2021,4,98240,3
PSE,2020,5,98392,35
CNG,2020,12,98284,15
NWN,2023,6,98639,0
PSE,2024,6,98277,111
PSE,2022,12,98020,34
NWN,2024,11,98671,3
Avista,2024,9,99141,35
PSE,2025,2,98388,3
PSE,2025,6,98372,147
PSE,2021,12,98065,111
PSE,2023,3,98011,46
PSE,2024,7,98405,16
PSE,2024,3,98042,130
CNG,2024,8,98264,183
PAC,2023,8,98901,1208
PSE,2021,12,98024,55
CNG,2023,8,98277,8
PSE,2022,8,98406,3
NWN,2025,6,98119,0
PSE,2021,6,98188,47
PSE,2023,1,98030,103
CNG,2023,6,98901,11
CNG,2024,11,98233,172
PSE,2022,6,98107,1
CNG,2021,4,98284,105
PSE,2022,8,98311,18
PSE,2020,12,98116,1
PSE,2024,2,98321,22
PSE,2021,1,98323,1
PSE,2023,7,98117,1
PSE,2021,3,98126,40
PSE,2025,9,98087,7
PSE,2021,4,98039,2
PSE,2024,6,98020,2
Avista,2020,12,99029,2
PSE,2022,5,98396,1
PSE,2020,11,98284,22
PSE,2022,7,98284,18
PSE,2023,11,98502,186
CNG,2020,10,98274,3
PSE,2023,2,98237,9
PSE,2022,10,98404,15
CNG,2021,3,99324,40
CNG,2025,1,98903,139
PSE,2023,5,98506,22
PAC,2024,8,98939,13
PSE,2023,8,98424,5
Avista,2021,8,99202,73
PSE,2023,9,98239,6
PSE,2023,1,98273,65
PSE,2020,3,98262,1
PSE,2021,7,98354,2
NWN,2021,2,98671,1
PSE,2023,4,98105,2
CNG,2021,1,98337,1
PSE,2021,10,98005,20
PSE,2023,11,98360,31
PSE,2025,3,98032,232
PSE,2024,1,98116,5
PAC,2024,12,98921,58
Avista,2024,11,99031,2
PSE,2020,6,98264,30
PSE,2023,12,98257,7
Avista,2024,10,99208,299
CNG,2020,4,98233,6
Avista,2021,11,99109,47
PSE,2022,7,98119,1
PSE,2021,10,98264,15
CNG,2020,8,98244,0
PAC,2021,6,99328,3
PSE,2022,3,98146,9
NWN,2025,5,98671,3
NWN,2020,5,98610,0
PSE,2020,11,98359,6
NWN,2021,9,98660,0
PAC,2024,1,98908,607
CNG,2021,4,98903,47
Avista,2022,6,99009,13
NWN,2022,8,98682,4
Avista,2025,6,99126,146
Avista,2022,4,99025,15
PSE,2023,9,98021,2
Avista,2021,7,99205,150
Avista,2022,4,99006,65
CNG,2021,4,98273,119
NWN,2024,1,98208,0
Avista,2023,8,99030,1
CNG,2023,1,98273,21
CNG,2020,5,98337,2
Avista,2024,9,99173,13
Avista,2025,5,99014,17
NWN,2025,4,98639,0
PSE,2024,6,98155,12
PSE,2020,3,98513,35
NWN,2021,2,98762,0
PAC,2020,2,98930,25
PAC,2024,1,99323,16
NWN,2023,5,98208,0
PAC,2022,9,98951,280
PSE,2021,5,98499,9
PSE,2022,5,98233,44
PAC,2023,4,98938,47
PSE,2020,6,98281,2
PAC,2022,3,98933,18
PSE,2020,5,98125,9
Avista,2022,10,99031,2
PSE,2020,10,98252,2
PSE,2022,6,98077,3
CNG,2023,4,98221,9
PSE,2023,1,98057,14
Avista,2020,11,99159,12
Avista,2020,8,99117,2
PAC,2022,5,98942,161
PSE,2024,10,98251,1
PAC,2024,1,98923,35
PSE,2022,5,98198,102
PSE,2025,2,98072,46
Avista,2022,3,99027,41
PAC,2023,11,98921,57
PSE,2021,9,98249,22
PSE,2022,5,98311,18
NWN,2023,9,98671,1
Avista,2020,3,99158,1
NWN,2025,9,98666,0
Avista,2023,12,99208,519
PSE,2022,9,98056,20
PSE,2024,7,98264,43
CNG,2020,11,99352,0
PSE,2022,7,98029,25
PSE,2020,5,98223,3
NWN,2025,1,98675,0
PSE,2023,9,98126,5
PSE,2022,5,98418,8
PSE,2020,7,98275,1
PAC,2025,5,98902,435
CNG,2020,10,98948,0
PSE,2023,1,98271,13
PSE,2020,10,98065,13
PSE,2022,10,98208,6
PSE,2023,2,98199,1
Avista,2025,9,99163,2007
PSE,2024,6,98925,5
Avista,2021,11,99202,178
CNG,2022,12,98550,4
CNG,2021,6,99337,2
PSE,2022,1,98237,19
PSE,2024,7,98512,52
Avista,2024,3,99125,5
CNG,2024,1,98367,19
Avista,2021,7,99033,4
Avista,2023,2,99181,20
PSE,2021,6,98115,3
PSE,2023,7,98019,6
Avista,2023,8,99201,33
Avista,2020,3,99206,189
Avista,2023,9,99025,9
PSE,2023,12,98345,2
Avista,2025,3,99206,2812
CNG,2024,9,98563,18
PSE,2022,3,98373,48
PSE,2022,11,98380,1
PSE,2023,4,98366,31
NWN,2022,12,98606,4
PSE,2022,7,98220,1
Avista,2022,12,99224,90
CNG,2024,8,98801,15
PSE,2022,6,98014,9
PSE,2021,1,98580,8
PSE,2024,12,98934,17
PSE,2024,7,98008,27
PSE,2025,7,98380,22
Avista,2023,3,99026,10
PAC,2022,11,99348,15
CNG,2025,1,98902,1196
PSE,2021,5,98110,20
PSE,2023,2,98366,26
Avista,2025,5,99174,13
PSE,2024,11,98360,30
Avista,2024,12,99181,11
Avista,2021,9,99201,50
NWN,2020,12,98617,0
Avista,2024,5,99205,358
NWN,2023,2,98686,8
NWN,2020,10,98642,0
CNG,2024,12,99352,158
Avista,2022,12,99181,12
PSE,2020,5,98087,35
PSE,2022,1,98512,60
CNG,2022,2,98233,16
Avista,2023,5,99206,58
PSE,2022,5,98070,3
PSE,2025,6,98941,7
PSE,2023,4,98208,12
PSE,2022,8,98052,51
CNG,2023,2,99344,36
CNG,2024,4,98370,16
PSE,2021,8,98042,57
PSE,2023,9,98558,1
NWN,2021,10,98684,2
PSE,2021,6,98258,8
Avista,2021,11,99203,68
PSE,2024,2,98208,26
PSE,2022,9,98405,7
PSE,2022,11,98258,11
PSE,2021,3,98388,2
PSE,2023,9,98070,5
PSE,2022,12,98290,45
Avista,2021,12,99036,0
PSE,2023,6,98360,46
PSE,2021,7,98065,5
CNG,2021,3,98345,2
Avista,2024,6,99169,5
Avista,2025,8,99009,177
PSE,2020,5,98039,1
CNG,2024,5,98837,11
PSE,2021,3,98267,3
PSE,2023,9,98502,54
PSE,2024,5,98275,10
CNG,2024,8,98295,14
Avista,2025,9,99159,117
PAC,2025,6,98939,6
PSE,2020,9,98255,2
PSE,2023,8,98408,9
CNG,2025,7,98273,596
PSE,2024,2,98065,18
PSE,2022,8,98501,58
PSE,2022,2,98249,15
CNG,2020,12,98248,10
PSE,2022,3,98053,10
PSE,2023,4,98047,19
PSE,2024,9,98424,5
Avista,2021,9,99212,75
NWN,2023,10,98663,0
NWN,2023,6,98629,0
Avista,2020,10,99110,3
PSE,2024,9,98530,6
PSE,2023,8,98340,1
PAC,2024,12,98902,1383
PSE,2020,6,98396,2
PSE,2020,5,98388,1
CNG,2024,11,98292,56
CNG,2022,6,98233,7
Avista,2025,1,99130,98
PAC,2020,2,98901,32
Avista,2023,1,99176,1
PSE,2021,6,98042,67
PSE,2021,5,98273,103
PSE,2020,9,98208,11
PSE,2025,4,98506,95
CNG,2025,8,98271,107
PSE,2024,6,98028,18
PSE,2025,1,98003,399
NWN,2024,4,98648,0
Avista,2022,1,99110,5
Avista,2020,6,99201,90
CNG,2024,1,98563,6
PAC,2020,4,98903,21
NWN,2020,4,98672,0
CNG,2021,5,98367,12
PSE,2021,9,98001,137
CNG,2022,12,98942,1
CNG,2024,10,98274,127
PAC,2023,4,99328,97
PAC,2021,3,98921,7
PSE,2021,1,98380,1
PSE,2023,10,98359,5
NWN,2022,10,98674,0
PSE,2025,1,98396,1
PSE,2024,9,98225,20
Avista,2025,3,99006,841
Avista,2023,1,99403,131
PSE,2024,2,98418,5
Avista,2025,8,99014,17
PAC,2025,8,98921,5
PSE,2020,9,98405,5
PSE,2021,3,98001,74
Avista,2020,4,99103,1
PSE,2022,10,98178,10
CNG,2021,2,98370,1
PSE,2023,5,98391,58
PSE,2020,7,98007,60
CNG,2022,6,99353,1
NWN,2023,7,97301,0
PSE,2022,8,98057,13
PSE,2024,3,98125,39
PSE,2020,7,98226,125
PSE,2020,4,98029,37
PSE,2024,11,98105,1
PSE,2023,6,98260,31
Avista,2025,9,99341,98
PSE,2022,1,98020,4
CNG,2023,9,98366,4
PSE,2022,7,98264,24
PSE,2021,5,98109,3
PSE,2024,9,98042,8
NWN,2021,6,98620,0
Avista,2024,8,99179,6
PSE,2023,10,98258,7
PSE,2023,2,98258,16
Avista,2020,7,99113,2
PSE,2020,5,98057,65
PAC,2022,9,98921,36
CNG,2024,3,98528,1
PSE,2021,8,98199,1
NWN,2023,9,98612,0
Avista,2024,6,99173,9
Avista,2024,5,99006,39
NWN,2025,1,98026,0
PSE,2025,5,98264,47
PSE,2025,9,98247,5
CNG,2020,8,98541,0
Avista,2023,4,99104,1
PSE,2022,3,98038,37
NWN,2021,5,98605,0
PSE,2025,3,98375,47
PSE,2025,5,98374,200
PSE,2021,3,98188,50
NWN,2024,5,98662,21
PSE,2022,7,98106,4
PSE,2024,3,98109,14
PSE,2020,4,98108,5
PSE,2021,9,98230,63
Avista,2025,7,99207,5767
CNG,2020,12,99338,1
PSE,2021,7,98051,4
PSE,2023,7,98024,5
Avista,2020,10,99224,116
NWN,2024,8,98684,4
Avista,2020,7,99006,20
PSE,2025,1,98177,17
Avista,2021,1,99170,5
Avista,2025,6,99006,608
PSE,2023,12,98383,15
Avista,2024,2,99130,9
Avista,2022,8,99022,20
CNG,2021,3,98274,51
CNG,2022,5,98274,13
Avista,2021,7,99018,1
NWN,2020,8,98639,0
PSE,2023,10,98345,1
PSE,2025,7,98168,68
PSE,2023,9,98010,3
PSE,2024,1,98236,19
Avista,2024,1,99003,28
PSE,2024,2,98589,23
Avista,2024,9,99026,10
NWN,2021,2,97388,0
PSE,2022,7,98117,1
PAC,2023,2,99363,4
PSE,2021,7,98531,8
PAC,2024,1,98947,124
PSE,2023,6,98501,314
Avista,2022,8,99114,76
PSE,2024,3,98055,87
PAC,2025,7,98951,106
PSE,2020,4,98105,1
PSE,2022,10,98591,1
PSE,2024,4,98110,33
PSE,2024,4,98579,57
PSE,2023,9,98106,4
PSE,2021,2,98922,10
PSE,2023,12,98117,4
PSE,2020,10,98106,8
CNG,2024,10,98903,98
PSE,2025,1,98296,18
Avista,2022,5,99001,41
PSE,2023,9,98233,17
Avista,2024,5,99027,26
PSE,2023,8,98576,11
CNG,2025,3,98292,158
PSE,2021,4,98226,266
PSE,2023,1,98092,176
PSE,2020,10,98391,44
PAC,2023,10,99350,2
NWN,2022,8,98648,4
PSE,2023,10,98077,7
PSE,2021,1,98087,11
Avista,2020,10,99009,8
NWN,2022,12,98671,0
PSE,2022,4,98103,4
PSE,2022,2,98240,4
Avista,2021,9,99113,2
Avista,2021,12,99040,7
Avista,2025,3,99201,2414
CNG,2022,9,98221,3
PSE,2024,7,98028,59
NWN,2021,8,98665,6
PSE,2023,4,98006,42
PSE,2020,5,98373,82
CNG,2024,5,98674,2
CNG,2023,9,98550,3
Avista,2025,12,99110,70
PSE,2020,4,98275,3
NWN,2023,9,98307,0
PSE,2021,8,98380,1
PSE,2021,6,98274,20
Avista,2024,6,99151,2
PSE,2021,12,98203,145
PSE,2022,6,98271,6
PSE,2025,9,98043,2
PSE,2023,6,98283,4
PSE,2020,4,98264,26
PSE,2025,5,98311,81
PSE,2020,3,98501,66
PAC,2023,8,98902,1696
PAC,2020,5,99361,8
Avista,2021,7,99131,2
CNG,2025,2,98232,5
PSE,2021,2,98030,140
Avista,2023,10,98620,17
CNG,2022,12,99336,1
PSE,2025,5,98019,63
PAC,2025,5,99362,515
PAC,2020,5,98923,3
PSE,2021,5,98337,29
PAC,2024,2,98951,352
NWN,2023,3,98612,0
Avista,2025,8,99031,43
Avista,2020,11,99217,30
Avista,2020,9,99163,45
CNG,2021,6,98366,7
CNG,2022,8,98942,1
PSE,2023,10,98115,4
PSE,2024,1,98370,33
PSE,2021,11,98267,1
PSE,2022,10,98390,13
CNG,2023,4,98366,1
CNG,2021,9,98271,2
PSE,2023,9,98002,136
PSE,2022,6,98946,1
PSE,2022,6,98024,5
PSE,2024,4,98065,13
NWN,2023,2,98671,6
PSE,2022,8,98375,19
CNG,2024,9,98247,78
Avista,2021,3,99016,77
PSE,2020,9,98288,2
PSE,2020,4,98133,9
Avista,2025,12,99036,3
PSE,2021,3,98270,16
PSE,2022,2,98233,62
NWN,2024,11,98685,5
PSE,2023,2,98047,18
CNG,2025,2,98901,411
Avista,2025,6,99125,54
PSE,2025,7,98008,50
PSE,2024,12,98072,42
PSE,2024,6,98360,36
PAC,2024,1,99360,7
CNG,2025,9,98220,13
CNG,2024,6,99323,2
Avista,2022,7,99037,14
Avista,2022,8,99027,31
PSE,2020,8,98024,2
Avista,2021,9,99341,2
PAC,2020,8,99347,6
CNG,2023,3,98277,8
PSE,2024,11,98328,1
PSE,2021,11,98236,4
Avista,2021,1,99158,2
PAC,2024,4,98903,533
PAC,2022,8,99360,4
CNG,2021,4,98524,2
PSE,2023,7,98087,8
Avista,2025,2,99160,44
Avista,2021,8,99025,9
PSE,2024,3,98342,15
PAC,2025,2,98935,124
CNG,2025,1,98528,8
PAC,2023,8,98937,48
CNG,2024,4,98528,2
CNG,2022,6,98295,1
PAC,2022,3,98952,31
PSE,2022,9,98057,11
CNG,2021,2,98264,25
CNG,2020,10,99323,0
PSE,2020,5,98070,30
CNG,2022,4,98312,9
Avista,2022,9,99208,225
Avista,2021,11,99107,0
PSE,2025,8,98310,118
PSE,2021,1,98047,10
PSE,2020,8,98037,4
PSE,2025,8,98501,194
CNG,2023,6,99344,19
PSE,2021,7,98383,10
PSE,2025,4,98370,111
Avista,2023,8,99157,5
NWN,2025,5,98642,3
Avista,2021,7,99003,9
PSE,2021,8,98403,1
PSE,2023,1,98203,16
Avista,2025,5,99167,106
PSE,2020,10,98342,1
PSE,2021,8,98407,3
PSE,2023,10,98941,1
PAC,2021,4,99326,0
PSE,2021,1,98117,2
Avista,2022,4,99114,75
CNG,2021,6,99324,2
Avista,2020,9,99018,2
CNG,2020,7,99301,19
NWN,2025,8,98684,6
PSE,2021,4,98028,45
PSE,2020,10,98036,27
CNG,2021,1,99344,9
CNG,2023,3,99337,3
NWN,2021,10,98607,1
PSE,2022,8,98116,3
PSE,2024,2,98266,54
PSE,2024,12,98030,177
PSE,2022,7,98249,5
NWN,2021,5,98663,1
Avista,2024,4,99130,8
CNG,2020,7,98271,1
NWN,2020,3,98629,1
Avista,2025,4,99013,292
Avista,2022,6,99027,35
Avista,2024,6,99206,107
PSE,2021,7,98284,30
PSE,2023,2,98360,13
PSE,2023,12,98166,10
PSE,2020,12,98922,19
NWN,2020,10,98635,0
CNG,2022,8,98230,13
PSE,2022,11,98122,7
PSE,2022,2,98125,16
PSE,2021,11,98391,28
PSE,2025,4,98258,82
PSE,2020,8,98407,1
CNG,2023,12,98948,7
NWN,2020,7,98642,6
NWN,2020,12,98660,10
CNG,2024,1,98370,9
PAC,2024,10,98908,503
PSE,2020,9,98465,1
Avista,2023,9,99163,14
CNG,2023,2,98541,1
Avista,2022,11,99218,104
PSE,2022,7,98498,14
PSE,2025,9,98257,11
PSE,2023,8,98092,116
PSE,2021,2,98003,234
CNG,2020,6,98944,14
PSE,2024,2,98367,35
Avista,2023,12,99122,30
Avista,2025,6,99170,87
CNG,2024,6,98221,119
PSE,2024,8,98229,55
Avista,2025,7,99034,19
PSE,2025,5,98247,24
PSE,2025,3,98388,1
CNG,2020,9,98295,2
PSE,2022,10,98580,4
PSE,2020,9,98264,33
Avista,2025,3,99137,73
PAC,2023,3,98951,356
NWN,2022,10,98127,0
PSE,2024,4,98512,139
CNG,2024,5,98244,1
PSE,2025,7,98223,3
CNG,2020,9,98837,0
PAC,2024,4,98953,119
PSE,2024,12,98266,71
NWN,2023,3,98762,0
PSE,2023,3,98273,92
PSE,2025,7,98155,38
PSE,2021,5,98424,5
PSE,2022,3,98465,1
PSE,2020,12,98946,1
PSE,2025,5,98388,6
PAC,2023,4,99363,4
Avista,2020,8,99026,5
Avista,2023,7,99013,2
CNG,2020,4,99352,0
CNG,2021,5,98220,3
Avista,2023,7,99037,9
PSE,2025,7,98043,17
PSE,2023,6,98115,38
PSE,2021,12,98512,535
PAC,2021,5,99360,0
PSE,2023,11,98077,9
Avista,2022,12,99185,6
CNG,2024,8,98240,3
Avista,2021,10,99224,126
PSE,2025,5,98144,2
PSE,2025,3,98034,133
PSE,2025,1,98925,4
CNG,2024,12,98277,248
Avista,2025,3,99029,111
Avista,2020,9,99371,2
Avista,2023,4,99128,2
NWN,2022,7,98127,0
PSE,2024,8,98267,3
Avista,2025,3,99027,681
PSE,2023,9,98531,2
Avista,2023,2,99019,42
Avista,2025,7,99037,360
PSE,2025,2,98119,3
CNG,2024,5,98310,146
NWN,2021,10,98620,0
PSE,2021,10,98370,26
Avista,2020,4,99185,5
PAC,2022,3,98901,1255
PAC,2024,5,98947,102
PSE,2024,12,98008,73
CNG,2023,11,97801,1
Avista,2021,10,99228,0
PSE,2025,5,98267,4
PSE,2024,10,98058,139
PSE,2025,2,98053,40
PSE,2025,8,98263,1
NWN,2022,10,98626,0
PSE,2023,11,98532,8
PAC,2025,4,98921,8
CNG,2021,1,98367,1
Avista,2021,7,99224,64
PSE,2023,8,98516,38
Avista,2025,12,99326,19
PAC,2020,8,98930,20
PSE,2023,8,98229,65
Avista,2024,2,99143,20
PSE,2020,3,98345,1
PSE,2023,1,98027,32
PSE,2022,9,98597,41
PSE,2022,6,98310,36
NWN,2022,11,98026,0
PSE,2024,5,98224,2
PSE,2022,2,98108,38
PSE,2024,3,98346,37
PSE,2024,3,98270,49
CNG,2024,4,98557,5
PAC,2020,2,99324,21
PAC,2022,4,98938,33
NWN,2025,8,98686,2
PSE,2024,3,98020,10
PSE,2025,3,98204,46
CNG,2025,1,98240,14
CNG,2023,6,98247,4
NWN,2022,2,98683,3
PSE,2020,4,98323,1
NWN,2021,3,98664,7
PSE,2024,9,98531,10
PSE,2022,4,98263,1
PSE,2020,4,98247,16
PSE,2024,5,98424,8
Avista,2022,12,99130,10
PSE,2022,7,98011,30
NWN,2025,4,98648,0
PSE,2020,5,98290,1
CNG,2024,9,98311,101
Avista,2021,9,98620,2
PSE,2025,4,98375,97
PSE,2020,3,98101,1
PSE,2023,12,98375,13
CNG,2020,7,98292,1
CNG,2021,4,98345,2
Avista,2024,7,99203,111
PSE,2021,2,98409,10
PSE,2020,12,98503,102
PSE,2022,4,98922,17
PSE,2020,11,98388,1
PSE,2022,1,98372,35
Avista,2023,1,99008,2
NWN,2022,3,97031,0
NWN,2021,9,98026,0
NWN,2025,5,98665,8
PSE,2023,11,98224,1
PSE,2021,7,98125,2
PSE,2022,6,98116,1
PSE,2021,7,98146,7
PSE,2020,12,98342,4
PSE,2024,11,98106,6
PSE,2021,2,98310,22
CNG,2025,3,98632,64
Avista,2021,3,99012,7
PSE,2025,2,98922,30
PSE,2021,10,98498,23
PSE,2021,4,98354,1
PSE,2025,5,98294,15
PSE,2020,5,98328,4
PSE,2021,7,98597,51
PSE,2024,2,98516,66
Avista,2021,12,99148,22
PAC,2024,3,99361,24
CNG,2023,6,98520,3
CNG,2021,3,98541,3
Avista,2022,7,99004,3
PSE,2020,5,98926,5
PSE,2021,3,98019,14
Avista,2025,1,99148,322
PSE,2024,7,98262,4
PSE,2020,8,98247,16
CNG,2024,2,98277,84
CNG,2020,10,98292,0
NWN,2022,1,98604,12
Avista,2025,8,99129,154
PSE,2025,7,98418,31
PSE,2021,1,98119,1
Avista,2021,4,99122,11
NWN,2023,9,98660,0
PSE,2021,3,98359,9
PSE,2024,5,98263,1
CNG,2022,7,98901,3
PSE,2022,12,98109,53
CNG,2020,6,98230,12
CNG,2024,9,98901,206
PSE,2022,10,98530,2
PSE,2020,11,98004,28
PSE,2021,5,98404,36
PSE,2020,9,98230,22
PSE,2021,8,98038,29
PSE,2024,7,98597,58
PSE,2023,4,98466,5
PAC,2022,3,99361,28
Avista,2024,4,99158,4
PSE,2024,5,98274,86
Avista,2025,2,99037,321
CNG,2020,3,98233,11
NWN,2020,8,98660,1
Avista,2023,8,99148,9
Avista,2025,5,99185,137
PSE,2024,11,98275,8
PAC,2022,6,98948,353
PSE,2024,6,98396,3
PSE,2025,9,98036,6
PSE,2021,4,98166,9
PAC,2022,1,99363,5
PSE,2022,12,98332,20
PSE,2022,2,98203,22
PSE,2025,4,98327,17
PSE,2021,9,98105,6
PSE,2020,7,98277,85
NWN,2020,9,98635,0
PSE,2023,8,98941,2
PSE,2020,6,98467,7
NWN,2021,1,98864,0
PSE,2024,4,98373,46
Avista,2025,8,99111,327
PSE,2024,12,98007,175
PSE,2025,8,98226,206
PSE,2023,7,98501,95
CNG,2024,5,98221,116
PSE,2023,6,98240,16
PSE,2024,5,98074,15
PSE,2025,6,98038,108
Avista,2025,7,99001,575
Avista,2022,3,99143,13
Avista,2022,7,99034,1
Avista,2022,8,99032,5
PSE,2022,12,98105,57
PSE,2022,6,98101,1
PSE,2022,12,98499,236
PSE,2023,3,98008,40
CNG,2020,11,98524,1
PSE,2025,9,98337,3
PSE,2021,12,98023,1174
PSE,2020,9,98055,29
PSE,2020,10,98359,5
Avista,2024,9,99207,239
Avista,2024,5,99157,9
CNG,2024,6,98310,165
PSE,2025,8,98110,36
PSE,2024,2,98263,1
PSE,2023,12,98070,51
PSE,2024,7,98178,11
NWN,2025,3,98762,0
PSE,2022,9,98239,5
CNG,2025,7,98276,63
PSE,2025,4,98072,49
Avista,2024,5,99033,7
Avista,2023,12,99403,284
Avista,2022,1,99122,20
Avista,2024,7,99161,3
CNG,2024,11,98310,198
PSE,2025,5,98023,208
PSE,2024,8,98178,11
PSE,2024,6,98040,10
CNG,2023,2,99324,6
PSE,2020,7,98052,52
PSE,2020,8,98008,35
PAC,2021,1,98935,13
PSE,2020,5,98004,42
PSE,2022,2,98498,58
CNG,2024,6,98264,166
NWN,2024,7,98684,6
PSE,2024,4,98077,2
PSE,2021,11,98106,10
PSE,2025,7,98225,255
PSE,2022,3,98168,10
PSE,2022,7,98031,69
Avista,2024,6,99223,128
CNG,2020,3,98232,0
PSE,2022,4,98283,3
Avista,2020,4,99006,34
PSE,2021,11,98264,30
NWN,2024,6,98675,0
Avista,2025,6,99148,334
Avista,2025,7,99159,115
PSE,2025,6,98042,193
PSE,2023,2,98367,10
PAC,2025,7,99329,3
NWN,2021,2,98665,10
PSE,2024,2,98310,38
NWN,2020,10,97031,0
NWN,2020,8,98684,4
Avista,2021,3,99402,6
NWN,2025,5,98684,10
CNG,2024,8,98311,85
PAC,2020,9,98937,8
PSE,2022,3,98276,2
PSE,2020,7,98366,31
NWN,2024,11,98601,0
PSE,2024,6,98014,9
PSE,2023,4,98031,97
NWN,2021,4,98610,0
Avista,2023,9,99159,8
PSE,2020,9,98045,5
PSE,2020,12,98125,5
PSE,2024,1,98208,33
CNG,2022,5,98226,9
PSE,2021,11,98109,2
Avista,2022,4,99113,6
PSE,2020,6,98166,12
PSE,2023,12,98005,48
PSE,2024,12,98329,1
PAC,2021,3,98903,38
PSE,2025,6,98103,4
PSE,2020,11,98405,2
PSE,2022,7,98922,5
PSE,2022,7,98005,9
CNG,2020,11,98550,2
PSE,2021,5,98321,24
Avista,2021,9,99032,3
PSE,2022,8,98354,1
Avista,2025,3,99344,1540
PSE,2021,5,98116,2
Avista,2025,4,99134,83
NWN,2025,6,98307,0
PAC,2020,7,98939,5
PSE,2022,9,98148,6
PSE,2025,6,98226,221
PSE,2021,11,98418,2
Avista,2023,9,99179,1
Avista,2022,3,99201,179
PSE,2023,11,98424,8
NWN,2021,6,98864,0
Avista,2022,12,99005,16
Avista,2023,12,99223,298
Avista,2021,10,99206,125
PSE,2021,7,98056,85
Avista,2023,4,99143,4
CNG,2024,11,98902,648
Avista,2024,9,99344,84
CNG,2024,12,98948,164
PSE,2023,6,98092,410
PSE,2022,8,98118,20
PSE,2024,6,98272,10
CNG,2024,11,98901,202
PSE,2024,12,98270,25
PSE,2024,8,98255,3
PSE,2020,4,98020,3
PSE,2022,2,98011,45
Avista,2023,8,99181,5
PSE,2023,11,98275,7
CNG,2025,8,98903,175
Avista,2025,11,99160,42
PSE,2023,8,98052,62
NWN,2022,6,98665,931
PSE,2024,9,98311,45
Avista,2025,3,99018,35
PSE,2024,12,98375,74
PAC,2025,9,98944,149
Avista,2021,9,99203,33
PSE,2023,11,98312,52
PSE,2020,10,98513,60
PSE,2023,6,98110,57
CNG,2023,8,98310,12
Avista,2020,11,99037,4
PSE,2021,7,98116,1
CNG,2023,12,98292,1
PSE,2021,5,98027,50
PSE,2025,4,98208,87
PSE,2022,9,98374,37
PSE,2020,5,98020,8
Avista,2022,3,99157,7
Avista,2020,12,98648,1
NWN,2021,9,98601,0
Avista,2025,6,99402,122
CNG,2023,8,98902,20
NWN,2025,9,98208,0
PSE,2021,11,98002,120
PSE,2023,12,98031,140
NWN,2023,2,98606,1
NWN,2022,4,98307,0
Avista,2022,4,99216,132
Avista,2023,6,99022,7
PSE,2023,1,98032,89
PSE,2021,1,98077,5
PSE,2020,3,98367,16
PSE,2023,5,98226,148
Avista,2020,3,99032,7
PSE,2022,11,98239,10
PSE,2025,6,98405,19
CNG,2021,12,98936,2
PSE,2023,1,98922,20
PSE,2024,8,98155,9
PAC,2024,9,99324,121
Avista,2024,8,99022,116
Avista,2025,10,99101,213
NWN,2024,4,98617,0
PSE,2025,8,98032,405
CNG,2020,6,98295,2
NWN,2024,2,98607,3
PSE,2022,5,98391,42
NWN,2024,12,98661,12
CNG,2024,8,98271,33
Avista,2025,9,99174,11
Avista,2023,5,99134,2
PSE,2023,8,98532,3
PAC,2025,3,98951,381
CNG,2021,9,98944,6
NWN,2020,7,98127,0
PSE,2021,3,98371,38
PSE,2021,8,98012,14
Avista,2024,1,99371,3
PAC,2025,1,98948,451
Avista,2021,11,99009,8
NWN,2020,10,98864,0
PSE,2024,3,98576,17
Avista,2023,7,99159,9
PSE,2021,1,98296,3
NWN,2023,7,98762,0
NWN,2022,7,98617,0
PSE,2021,5,98531,14
NWN,2020,11,98662,3
PSE,2024,1,98340,5
CNG,2021,11,98930,6
CNG,2025,2,98801,47
Avista,2021,6,99029,4
CNG,2022,3,99344,11
Avista,2023,12,99137,5
PSE,2023,9,98034,12
PSE,2023,3,98257,17
PSE,2021,3,98107,6
CNG,2025,4,98229,397
PAC,2023,4,98939,14
PSE,2024,6,98941,6
PSE,2022,11,98028,20
PSE,2022,5,98589,14
PSE,2025,6,98499,26
PSE,2022,10,98117,1
PSE,2025,6,98403,4
NWN,2025,1,98671,7
Avista,2025,10,99001,597
NWN,2020,8,98665,4
CNG,2025,8,98944,381
PSE,2021,11,98465,2
PSE,2024,6,98273,161
PSE,2021,11,98295,3
CNG,2020,8,98230,13
CNG,2023,4,98902,36
CNG,2024,8,98802,5
Avista,2022,2,99403,174
PSE,2020,12,98346,14
PSE,2020,5,98596,1
Avista,2020,8,99020,1
PSE,2022,7,98122,1
Avista,2022,5,99113,3
PSE,2022,8,98383,16
NWN,2024,9,98684,2
PAC,2024,4,99350,1
Avista,2023,9,99129,3
NWN,2020,11,98612,0
NWN,2021,10,98674,0
Avista,2022,1,99137,2
PSE,2023,9,98005,4
NWN,2021,4,98668,0
Avista,2023,8,99208,135
PAC,2021,2,98937,3
Avista,2025,10,99029,111
PSE,2022,3,98277,146
PSE,2024,10,98532,4
PSE,2024,5,98266,33
PSE,2021,11,98232,4
NWN,2025,8,98607,2
PSE,2025,3,98058,135
PSE,2021,7,98311,21
PAC,2020,5,99323,1
PSE,2025,9,98284,19
CNG,2025,1,98541,37
CNG,2025,3,98951,81
Avista,2021,8,99131,2
NWN,2021,5,98642,1
PSE,2021,7,98118,8
PSE,2024,9,98310,34
NWN,2023,4,97031,0
Avista,2020,11,99122,14
PSE,2021,2,98005,16
PSE,2021,2,98295,2
PSE,2025,5,98003,342
PSE,2020,5,98033,41
Avista,2025,9,99031,42
PAC,2023,6,99328,93
CNG,2022,11,99352,1
PSE,2022,10,98499,9
NWN,2023,9,98663,0
Avista,2025,6,99159,122
PSE,2023,1,98580,2
PSE,2020,6,98074,14
PSE,2023,6,98296,19
NWN,2023,5,98620,0
Avista,2021,1,99122,13
PSE,2023,9,98092,140
Avista,2020,3,99223,226
CNG,2021,5,98908,70
CNG,2022,7,98226,34
PSE,2022,3,98115,2
Avista,2024,12,99138,9
PSE,2024,10,98406,9
NWN,2023,2,97388,0
Avista,2024,11,98620,7
PSE,2021,12,98260,67
PSE,2025,6,98105,6
Avista,2024,5,99008,2
Avista,2023,10,99102,32
PSE,2021,4,98244,16
Avista,2025,9,99012,96
Avista,2021,9,99173,10
Avista,2021,9,99004,1
NWN,2025,2,98606,0
PSE,2024,6,98004,25
CNG,2025,2,99338,66
CNG,2020,4,98367,4
PAC,2020,12,99348,1
PSE,2022,9,98272,1
PSE,2025,9,98034,15
CNG,2020,9,98541,0
PAC,2022,2,98930,387
CNG,2021,5,98337,26
NWN,2023,4,98606,0
PSE,2022,11,98312,15
PSE,2024,11,98288,3
Avista,2021,10,99003,14
NWN,2020,9,98606,0
Avista,2021,8,99224,57
PSE,2025,2,98059,65
PSE,2024,6,98409,9
CNG,2023,10,98277,1
PSE,2020,6,98012,23
CNG,2025,2,98584,199
PSE,2025,6,98392,40
Avista,2024,10,99148,16
Avista,2025,1,99212,2741
Avista,2020,11,99148,14
Avista,2025,1,99217,2308
Avista,2024,3,99005,19
PSE,2022,1,98203,9
PSE,2023,8,98409,1
CNG,2021,3,98930,38
PSE,2023,2,98335,2
Avista,2021,11,99148,20
Avista,2023,5,99013,2
Avista,2023,2,99004,7
PSE,2021,9,98934,22
CNG,2020,4,99353,0
Avista,2022,6,99003,14
PSE,2024,1,98258,38
Avista,2021,8,99163,54
PAC,2020,12,99347,7
NWN,2021,8,98660,2
PSE,2022,9,98007,48
PSE,2020,12,98027,49
NWN,2021,7,98626,0
Avista,2025,10,99208,6235
PSE,2024,6,98506,66
PSE,2024,4,98043,14
PSE,2020,11,98008,49
PAC,2024,10,98930,418
CNG,2024,11,99337,54
PAC,2022,3,99328,120
Avista,2025,7,99012,96
PSE,2023,5,98027,33
CNG,2024,11,98312,164
PAC,2022,10,98930,357
PSE,2021,8,98465,2
Avista,2025,1,99021,585
PSE,2023,1,98421,1
PSE,2022,11,98499,15
NWN,2023,8,98605,0
PSE,2024,12,98220,3
CNG,2023,9,98282,1
Avista,2023,4,99013,2
PSE,2021,5,98057,75
Avista,2020,3,98620,2
PSE,2021,9,98177,17
PSE,2020,12,98024,6
PSE,2025,2,98118,32
PAC,2021,5,98942,7
PSE,2022,12,98029,251
PSE,2024,3,98057,49
NWN,2025,1,98635,0
PSE,2025,2,98371,110
PSE,2024,6,98226,219
PSE,2023,5,98354,3
PSE,2022,9,98576,6
NWN,2022,6,98620,0
NWN,2020,5,98606,0
PSE,2023,8,98126,18
PSE,2025,6,98028,91
Avista,2021,2,99039,1
PSE,2023,11,98199,6
Avista,2021,12,99033,22
PSE,2024,7,98235,2
CNG,2022,10,98902,41
PSE,2020,11,98271,3
NWN,2023,1,98663,9
PSE,2023,1,98926,7
PSE,2022,3,98011,32
CNG,2020,8,98584,2
PSE,2023,3,98201,14
Avista,2020,8,99216,93
PSE,2024,12,98579,72
Avista,2025,9,99212,2863
PAC,2022,4,98921,38
PSE,2021,8,98327,2
NWN,2023,10,98026,0
Avista,2021,4,99207,329
PSE,2024,8,98354,9
PSE,2021,8,98103,1
PSE,2020,11,98406,1
NWN,2020,4,98629,0
PSE,2021,7,98335,4
Avista,2023,3,98620,1
Avista,2021,6,99171,9
PSE,2022,10,98043,2
PSE,2021,6,98136,2
NWN,2023,7,98665,11
CNG,2025,7,98230,415
PSE,2023,11,98418,4
CNG,2021,10,98230,9
PSE,2023,5,98057,34
PSE,2021,7,98225,55
CNG,2021,1,98271,3
Avista,2025,10,99160,41
PSE,2021,5,98052,106
Avista,2020,11,99224,34
Avista,2025,7,99203,1471
PSE,2023,7,98198,58
PSE,2023,6,98028,93
Avista,2024,11,99014,1
CNG,2022,7,98264,20
PSE,2023,1,98126,25
CNG,2023,6,98271,1
Avista,2023,1,99129,14
Avista,2023,4,99212,78
PAC,2025,6,99324,66
CNG,2025,3,99336,319
Avista,2020,3,99167,6
Avista,2022,10,99224,79
PSE,2021,7,98168,13
CNG,2021,2,98312,11
CNG,2020,6,98557,1
CNG,2025,8,98626,29
PSE,2022,12,98359,86
PSE,2024,6,98284,133
Avista,2023,4,99040,6
PAC,2025,3,99363,5
PSE,2020,6,98340,1
PSE,2022,1,98034,114
PSE,2024,6,98589,25
CNG,2021,2,98901,8
PSE,2022,12,98199,48
Avista,2024,2,99218,127
CNG,2025,9,98908,563
PSE,2020,8,98262,1
PSE,2025,3,98383,52
Avista,2021,7,99217,60
PAC,2023,9,98903,557
PSE,2020,9,98053,5
PSE,2021,8,98003,248
PSE,2025,5,98070,34
CNG,2023,9,98248,27
PSE,2022,4,98251,3
CNG,2021,11,98936,1
CNG,2021,3,98292,11
PAC,2020,4,98935,10
PSE,2024,4,98024,12
Avista,2024,7,99019,44
PSE,2021,9,98224,4
NWN,2024,4,98119,0
NWN,2020,10,98208,0
PAC,2024,1,98937,46
PSE,2022,7,98373,12
PSE,2024,5,98281,3
Avista,2021,2,99117,7
PSE,2025,2,98010,23
NWN,2025,9,98675,0
PSE,2023,8,98597,46
NWN,2020,3,98604,3
PSE,2022,2,98465,1
NWN,2025,4,98684,8
NWN,2023,11,98683,1
PSE,2021,2,98383,5
NWN,2020,11,98664,3
Avista,2023,4,99179,1
PSE,2024,3,98043,14
PSE,2021,5,98121,2
CNG,2024,9,98626,10
PAC,2020,5,98936,7
Avista,2024,8,99341,16
Avista,2021,2,99114,82
PSE,2025,9,98943,2
PSE,2022,11,98247,8
CNG,2025,8,98223,432
Avista,2024,1,99110,9
NWN,2020,8,98864,0
PSE,2025,8,98229,111
PSE,2024,1,98443,1
PSE,2023,1,98576,11
PSE,2022,5,98068,1
PSE,2020,5,98027,47
CNG,2022,3,98902,31
PSE,2022,5,98443,2
NWN,2022,2,98686,2
PSE,2025,4,98295,3
Avista,2021,11,99144,0
Avista,2024,6,99205,229
Avista,2021,7,99102,2
PSE,2021,7,98576,6
Avista,2025,8,99158,61
PSE,2025,6,98337,41
PSE,2021,5,98576,12
PSE,2022,2,98406,7
PSE,2025,7,98288,1
Avista,2021,6,99013,16
Avista,2021,11,99036,0
PSE,2022,9,98258,2
Avista,2021,4,99143,6
Avista,2020,9,99004,2
PSE,2025,3,98501,261
Avista,2025,9,99204,970
PSE,2023,11,98445,26
CNG,2022,6,98520,3
PSE,2023,12,98941,3
Avista,2024,2,99202,224
PSE,2024,3,98177,17
CNG,2021,12,98229,12
Avista,2023,10,99202,1060
PAC,2022,9,98953,73
Avista,2023,12,99143,4
PSE,2025,8,98374,123
CNG,2024,11,98221,163
PAC,2022,4,98947,75
NWN,2021,7,98605,0
Avista,2021,5,99216,60
Avista,2025,2,99004,268
PSE,2025,2,98155,25
PSE,2021,12,98288,7
PSE,2021,3,98502,86
PSE,2025,3,98311,90
PSE,2024,9,98056,2
CNG,2024,1,98223,57
PSE,2022,3,98244,18
CNG,2025,4,98942,169
PSE,2021,4,98404,37
PSE,2021,4,98390,25
Avista,2024,7,99202,229
Avista,2022,3,99203,82
Avista,2022,1,99169,8
PSE,2025,6,98374,204
PSE,2024,1,98146,13
PSE,2021,10,98506,45
NWN,2023,3,98208,0
PSE,2025,8,98266,34
CNG,2020,11,98951,6
NWN,2020,8,98607,4
Avista,2025,5,99218,1497
PSE,2021,1,98056,54
PSE,2022,4,98107,1
CNG,2020,9,98292,2
PSE,2020,4,98148,25
CNG,2023,1,99324,2
PSE,2024,2,98117,2
CNG,2022,1,98948,3
CNG,2021,7,98367,2
CNG,2024,11,98903,78
PSE,2022,11,98168,9
PSE,2020,8,98126,11
PSE,2024,12,98087,15
PSE,2022,11,98002,122
PSE,2025,2,98335,14
NWN,2024,1,98668,0
PSE,2023,3,98177,5
Avista,2022,6,99212,136
Avista,2023,5,99111,9
Avista,2024,10,99141,33
Avista,2024,1,99148,32
Avista,2021,11,99011,0
NWN,2025,9,98664,3
Avista,2025,10,99025,275
PSE,2023,11,98103,16
Avista,2021,10,98620,4
NWN,2022,6,98661,868
CNG,2023,2,98837,8
PSE,2020,8,98047,9
Avista,2023,12,99224,178
NWN,2025,1,98629,1
PSE,2024,11,98922,15
Avista,2025,12,99128,16
Avista,2022,11,99131,2
PSE,2022,5,98108,17
PSE,2022,5,98502,104
Avista,2023,3,99170,24
PSE,2020,7,98310,34
Avista,2021,11,99212,163
PSE,2021,12,98052,459
CNG,2022,9,98936,1
PSE,2020,6,98022,68
PSE,2025,8,98106,106
PAC,2025,1,99328,104
Avista,2021,3,99157,12
PSE,2025,7,98277,145
PAC,2020,6,98923,3
Avista,2022,11,99026,12
PSE,2021,1,98270,10
PSE,2023,6,98466,40
PSE,2020,4,98267,2
PAC,2025,9,99347,12
NWN,2025,2,98686,4
PSE,2024,12,98022,78
PSE,2021,5,98058,206
NWN,2023,4,98628,0
PSE,2021,7,98077,1
PSE,2024,5,98405,3
PSE,2020,4,98338,17
PSE,2023,8,98335,6
PSE,2025,7,98296,4
NWN,2021,12,98605,0
PSE,2020,12,98354,2
Avista,2022,6,99218,81
Avista,2021,1,99037,5
NWN,2020,12,98610,8
PSE,2021,8,98030,191
PSE,2025,6,98030,364
PAC,2025,7,98950,1
PAC,2025,5,99347,15
PSE,2024,9,98439,13
PSE,2023,11,98236,27
PAC,2020,4,98902,35
CNG,2021,2,98295,7
PSE,2021,8,98002,173
Avista,2022,7,99003,11
PSE,2025,1,98037,44
CNG,2022,11,98908,3
PSE,2022,11,98204,8
PSE,2020,11,98589,13
Avista,2020,6,99129,2
CNG,2024,4,98226,183
PSE,2025,5,98032,234
NWN,2022,2,98685,2
Avista,2024,5,99341,4
PSE,2023,11,98372,68
Avista,2021,4,99185,5
Avista,2024,1,99030,7
PSE,2024,4,98019,21
Avista,2025,3,99160,44
NWN,2023,7,98664,9
PSE,2024,1,98530,4
PSE,2023,11,98568,1
Avista,2021,5,99131,2
PSE,2020,4,98208,26
PSE,2024,3,98106,27
NWN,2023,7,98620,0
PSE,2025,1,98465,1
CNG,2025,1,98524,3
PSE,2025,3,98112,3
Avista,2020,3,99218,110
PSE,2023,9,98277,34
PSE,2022,11,98118,22
Avista,2025,1,99176,9
PSE,2025,4,98354,4
PSE,2022,11,98503,111
NWN,2020,8,98602,0
PSE,2021,10,98310,21
PSE,2022,11,98087,6
CNG,2024,3,98932,15
Avista,2025,6,99009,178
PSE,2024,7,98229,93
NWN,2022,9,98601,2
NWN,2025,5,98601,0
PSE,2021,11,98374,35
CNG,2021,4,98802,5
Avista,2025,4,99001,588
CNG,2025,7,98902,1475
Avista,2025,1,99036,1
CNG,2025,1,98367,130
PSE,2020,4,98580,11
PSE,2025,2,98122,5
PSE,2025,1,98133,36
PSE,2025,5,98006,115
PSE,2022,10,98005,25
PSE,2025,4,98220,1
CNG,2024,4,98632,4
PSE,2023,5,98288,2
PSE,2020,11,98266,29
PSE,2025,6,98922,44
Avista,2021,12,99102,13
PSE,2024,12,98380,7
PAC,2020,4,98930,24
CNG,2024,5,98282,7
CNG,2025,5,98273,568
PSE,2024,5,98119,1
Avista,2024,2,99016,93
CNG,2024,11,98366,210
Avista,2021,1,99179,2
Avista,2022,2,99013,31
PSE,2025,3,98075,15
PSE,2021,11,98335,5
Avista,2024,5,99016,85
PSE,2025,4,98498,101
Avista,2020,10,99181,10
PSE,2021,7,98226,97
PSE,2023,5,98221,16
CNG,2025,1,98311,347
PSE,2022,7,98226,103
NWN,2025,3,98607,3
PSE,2020,7,98030,214
PSE,2023,8,98258,13
CNG,2024,1,98292,14
Avista,2024,3,99101,9
CNG,2024,1,98550,51
PSE,2024,1,98255,2
Avista,2024,2,99101,16
Avista,2024,7,99371,3
PSE,2022,7,98037,6
PAC,2025,8,98939,4
NWN,2023,3,98626,0
Avista,2024,8,99016,259
PSE,2023,6,98116,19
PSE,2024,2,98404,31
PSE,2025,5,98332,8
PSE,2020,11,98224,1
PSE,2025,3,98502,288
PSE,2020,4,98321,27
PSE,2024,3,98038,71
PSE,2024,5,98232,15
Avista,2025,1,99371,38
Avista,2023,4,99129,2
PSE,2024,10,98374,176
NWN,2022,7,98684,0
NWN,2025,9,98682,8
PSE,2020,6,98144,8
PSE,2025,1,98375,150
Avista,2024,1,99034,2
PAC,2022,1,98933,19
NWN,2021,3,98661,6
CNG,2025,1,98276,44
PSE,2023,6,98252,9
Avista,2023,7,99224,64
NWN,2024,5,98606,0
PAC,2024,5,99348,11
PSE,2023,7,98531,7
NWN,2023,2,98642,9
CNG,2024,1,98244,3
CNG,2023,5,98908,10
PAC,2025,6,98902,347
Avista,2021,9,99176,1
Avista,2023,10,99157,43
PSE,2023,12,98155,27
PSE,2025,1,98188,90
PSE,2024,5,98380,12
PSE,2022,1,98258,19
CNG,2025,1,98220,16
CNG,2022,1,98312,1
PSE,2024,7,98021,7
PSE,2020,11,98312,32
PSE,2025,2,98498,94
PSE,2020,9,98148,10
CNG,2022,8,98257,1
PSE,2023,4,98512,25
PAC,2022,12,98933,15
CNG,2021,11,98273,13
NWN,2025,1,98125,0
PSE,2020,6,98371,36
PSE,2020,3,98446,1
PSE,2020,12,98225,147
Avista,2021,11,99004,8
PSE,2020,10,98372,45
NWN,2025,6,98628,0
Avista,2022,5,99021,23
PSE,2021,2,98006,38
NWN,2022,4,98606,57
PAC,2022,9,99350,2
PSE,2024,7,98105,3
PAC,2022,3,98909,3
CNG,2023,4,98908,11
CNG,2021,7,98908,5
Avista,2024,3,99159,9
PSE,2021,6,98374,42
PSE,2022,4,98262,2
PSE,2024,6,98926,5
PSE,2025,4,98166,39
PSE,2022,11,98311,15
PSE,2022,12,98102,55
CNG,2020,7,98295,0
PSE,2024,7,98204,14
Avista,2020,11,99151,2
PSE,2020,9,98004,12
PSE,2023,6,98273,329
Avista,2024,11,99101,12
Avista,2023,4,99117,1
Avista,2025,3,99148,323
PSE,2022,1,98446,3
NWN,2020,9,98026,0
PSE,2024,9,98230,10
PSE,2024,10,98146,22
PSE,2025,3,98467,5
Avista,2024,2,99117,8
PAC,2024,4,98942,222
Avista,2023,11,99169,27
PSE,2023,11,98001,168
PSE,2023,2,98112,3
PSE,2025,3,98251,3
NWN,2024,9,98675,0
PSE,2022,7,98360,8
PSE,2021,1,98366,26
PSE,2025,5,98274,73
PSE,2024,9,98040,2
PSE,2023,6,98284,216
PSE,2022,11,98235,2
PSE,2020,4,98284,51
CNG,2021,2,98220,1
NWN,2021,4,98671,3
PSE,2024,1,98177,12
PSE,2023,4,98346,23
PAC,2022,4,98952,9
PSE,2021,6,98244,10
PSE,2021,2,98373,25
PSE,2024,6,98006,34
PSE,2024,4,98375,36
NWN,2023,4,98208,0
PAC,2020,6,98903,18
PSE,2020,7,98121,3
PSE,2022,6,98237,4
PSE,2020,11,98940,1
PAC,2025,4,98938,17
Avista,2025,1,99138,301
PSE,2020,4,98290,7
Avista,2025,12,99403,2403
PSE,2024,10,98530,5
Avista,2024,5,99158,1
CNG,2025,9,98557,17
Avista,2024,2,99159,11
PSE,2023,1,98946,1
PSE,2022,9,98034,32
PAC,2023,6,98932,210
PSE,2020,4,98115,8
PSE,2020,8,98270,6
NWN,2022,6,98607,1121
PSE,2020,12,98506,48
PSE,2025,5,98295,3
PSE,2025,7,98052,250
NWN,2022,5,98663,353
NWN,2025,2,98663,1
PSE,2024,12,98405,18
PSE,2021,1,98274,13
Avista,2024,9,99109,21
PSE,2023,8,98498,36
CNG,2020,11,98936,0
Avista,2024,2,99201,186
PAC,2023,12,98908,531
PSE,2021,6,98375,23
PSE,2022,5,98065,10
PSE,2023,3,98237,14
NWN,2022,5,98601,0
Avista,2024,1,99218,176
CNG,2020,3,98366,2
PSE,2023,9,98466,1
Avista,2024,10,99129,3
Avista,2021,7,99223,63
PSE,2023,10,98354,2
PSE,2023,4,98922,11
CNG,2022,1,98953,2
PSE,2020,4,98036,21
PSE,2024,10,98115,4
PSE,2023,7,98208,9
CNG,2020,8,98345,0
PSE,2022,8,98033,19
CNG,2023,3,98337,1
NWN,2022,10,98668,0
PSE,2024,4,98177,7
PSE,2023,7,98002,70
CNG,2023,11,98247,3
PAC,2020,7,98942,15
Avista,2022,7,99040,27
PSE,2021,10,98422,7
PSE,2022,1,98119,2
NWN,2024,3,98672,0
PAC,2024,5,98902,1617
Avista,2021,10,99163,122
PSE,2021,6,98422,8
PSE,2022,6,98270,15
PSE,2021,9,98405,53
PSE,2020,5,98366,79
PSE,2024,8,98008,49
CNG,2024,5,98276,16
PAC,2020,3,98939,5
PSE,2020,4,98019,20
PSE,2021,9,98188,132
Avista,2021,10,99179,4
PSE,2025,7,98019,31
PSE,2020,8,98922,4
Avista,2024,12,99403,80
PSE,2023,5,98102,2
PSE,2022,8,98125,6
Avista,2025,2,99113,31
PSE,2023,3,98110,17
PSE,2020,3,98239,9
PSE,2025,9,98922,9
Avista,2025,1,99174,13
CNG,2022,3,99354,4
PSE,2025,6,98224,2
PSE,2025,9,98342,10
CNG,2023,5,98902,44
PSE,2022,8,98255,1
PSE,2024,3,98204,22
CNG,2021,7,98226,10
PSE,2020,7,98126,13
CNG,2025,3,98902,1431
PSE,2024,11,98003,296
Avista,2020,3,99201,296
PSE,2020,4,98116,2
CNG,2024,11,98524,1
PSE,2024,1,98030,218
PSE,2021,10,98004,35
PSE,2023,12,98007,180
PSE,2024,12,98512,118
Avista,2025,7,99185,136
PSE,2025,8,98008,38
PSE,2025,8,98030,407
CNG,2021,3,98902,279
PSE,2021,1,98226,140
NWN,2025,4,98307,0
NWN,2024,10,98208,0
Avista,2020,3,99104,1
PSE,2021,5,98040,7
NWN,2022,10,98662,0
Avista,2022,9,99176,1
PSE,2024,11,98422,4
PSE,2022,5,98283,1
NWN,2022,4,98601,0
Avista,2022,11,99157,4
PSE,2023,11,98065,34
PSE,2023,9,98359,5
CNG,2022,9,98277,1
PSE,2024,8,98345,1
PAC,2020,2,99361,8
PSE,2025,7,98323,4
PSE,2021,3,98340,1
PAC,2022,1,98923,27
CNG,2023,3,99324,5
PSE,2025,9,98503,55
PSE,2023,4,98011,32
Avista,2025,2,99006,499
Avista,2024,10,99206,144
Avista,2023,8,99001,12
PSE,2023,9,98059,22
PSE,2022,3,98274,31
CNG,2025,5,98276,58
Avista,2021,9,99026,5
Avista,2020,12,99033,6
PSE,2021,11,98422,5
Avista,2020,10,99001,51
PAC,2021,6,98938,8
NWN,2020,6,98682,17
Avista,2022,12,99217,93
CNG,2021,5,98295,9
PSE,2025,7,98051,20
CNG,2025,3,98233,365
CNG,2020,8,98801,0
CNG,2020,5,98674,1
PSE,2021,5,98275,3
PSE,2023,2,98580,5
CNG,2022,4,98292,1
CNG,2024,11,98908,218
Avista,2021,6,99009,6
PAC,2021,5,98921,7
PSE,2022,12,98311,522
PSE,2023,12,98276,3
PSE,2024,4,98408,9
Avista,2021,12,99326,0
CNG,2022,5,98271,1
PSE,2021,1,98115,4
Avista,2023,12,99113,2
PSE,2025,9,98532,1
PSE,2021,5,98072,27
PSE,2022,12,98388,23
Avista,2023,1,99371,3
CNG,2025,7,98625,8
PSE,2025,5,98310,83
PSE,2021,9,98443,5
PSE,2020,7,98011,29
PSE,2024,2,98445,9
PSE,2025,7,98940,4
PSE,2025,3,98443,2
Avista,2020,9,99037,6
PSE,2021,7,98312,53
Avista,2023,8,99039,2
PSE,2022,9,98439,9
CNG,2023,11,98310,1
Avista,2022,7,99206,126
PSE,2020,11,98112,1
PSE,2021,12,98335,31
Avista,2022,2,99103,4
PSE,2020,6,98107,3
CNG,2025,5,99344,237
PSE,2020,6,98053,17
PSE,2024,9,98591,1
PSE,2025,7,98070,79
PSE,2024,12,98498,122
PSE,2022,9,98498,21
PSE,2020,3,98225,88
PSE,2025,8,98220,2
CNG,2025,5,99353,23
PSE,2025,8,98597,132
PSE,2021,11,98118,25
NWN,2023,8,98628,0
PSE,2021,9,98374,156
Avista,2021,2,99029,3
Avista,2024,2,99216,171
PSE,2024,6,98498,73
Avista,2025,6,99110,67
PSE,2023,6,98934,28
Avista,2025,8,99005,336
PSE,2021,5,98024,6
PSE,2023,9,98166,4
Avista,2021,6,99143,5
Avista,2025,10,99131,24
NWN,2022,12,98665,0
PSE,2023,10,98201,9
PSE,2021,10,98277,47
Avista,2020,5,99104,1
PSE,2023,4,98010,7
Avista,2022,5,99109,31
NWN,2022,5,98127,0
PSE,2023,1,98003,124
PSE,2023,8,98037,13
PSE,2024,1,98168,19
CNG,2022,1,98520,1
PSE,2020,8,98224,2
PSE,2024,9,98354,1
PSE,2022,4,98277,102
PSE,2024,3,98251,1
PSE,2022,9,98943,1
NWN,2020,7,98602,0
CNG,2020,6,98257,0
PSE,2024,11,98512,96
PSE,2022,7,98087,3
PSE,2024,12,98360,55
PAC,2020,6,98951,22
NWN,2020,9,98672,0
PSE,2022,3,98072,8
PSE,2022,9,98503,95
PSE,2021,10,98406,1
PSE,2020,7,98110,7
PSE,2022,8,98010,5
PSE,2022,6,98047,14
PSE,2020,12,98467,3
PSE,2025,2,98360,33
Avista,2022,10,99008,1
NWN,2024,12,98605,2
PSE,2025,3,98335,7
PSE,2020,3,98392,32
NWN,2021,2,98601,0
PAC,2022,6,99360,5
CNG,2025,6,98312,467
CNG,2025,6,98901,440
CNG,2024,5,98520,55
PAC,2020,6,98939,5
Avista,2023,5,99160,1
PSE,2025,4,98403,4
PAC,2023,4,99360,7
Avista,2020,6,99218,36
PAC,2024,5,99350,1
PSE,2021,11,98337,7
PSE,2022,4,98042,83
PSE,2022,1,98226,222
PSE,2021,11,98136,1
Avista,2025,1,99161,128
PSE,2024,11,98466,16
Avista,2021,2,99167,4
PSE,2024,3,98029,61
NWN,2021,6,98662,11
PSE,2021,7,98392,25
PSE,2025,5,98327,17
CNG,2020,6,98801,0
PSE,2022,5,98374,44
NWN,2020,10,98686,0
PSE,2020,8,98055,28
PSE,2024,6,98074,8
Avista,2020,10,99026,7
PAC,2022,10,99324,128
CNG,2022,2,99354,2
Avista,2021,7,99203,31
Avista,2025,10,99005,363
PSE,2024,5,98467,4
PSE,2024,1,98148,25
PSE,2022,9,98008,27
PSE,2020,12,98409,11
Avista,2025,9,99022,584
CNG,2025,1,98626,23
PSE,2022,12,98512,590
Avista,2023,8,99207,120
NWN,2023,12,98127,0
NWN,2024,8,98672,0
CNG,2021,9,98563,1
Avista,2023,12,99021,66
PSE,2023,6,98237,79
PSE,2025,4,98444,17
Avista,2020,5,99013,8
Avista,2023,6,99151,2
PAC,2022,1,98937,49
PSE,2023,8,98247,16
PSE,2020,5,98058,180
CNG,2021,4,98312,71
NWN,2024,10,98620,0
PSE,2020,12,98248,59
CNG,2021,6,98247,1
PSE,2024,1,98053,34
NWN,2022,11,98127,0
PSE,2025,2,98236,26
CNG,2022,10,98901,15
PSE,2021,8,98074,1
PSE,2021,10,98226,117
PSE,2022,3,98178,16
PSE,2020,4,98033,50
PSE,2023,12,98024,8
Avista,2023,10,99161,35
PSE,2021,9,98332,6
CNG,2024,10,98248,231
PSE,2020,10,98103,5
PSE,2025,5,98229,115
Avista,2025,8,99114,1537
Avista,2022,12,99170,8
PSE,2020,7,98506,49
NWN,2021,4,98639,2
Avista,2021,5,99151,2
CNG,2023,3,99344,26
CNG,2025,9,99336,314
CNG,2023,10,99301,1
CNG,2021,3,98383,13
PSE,2022,12,98125,102
PSE,2021,8,98244,3
CNG,2021,4,99301,161
PSE,2021,1,98596,4
PSE,2022,6,98146,7
Avista,2024,7,99005,22
Avista,2024,5,99173,18
Avista,2023,7,99161,4
PSE,2020,11,98366,25
Avista,2021,4,99212,123
PSE,2022,1,98106,13
PSE,2021,12,98422,51
Avista,2022,8,99149,1
PSE,2022,11,98342,7
PSE,2024,4,98108,57
CNG,2024,1,99338,3
PSE,2022,6,98281,3
PSE,2024,10,98109,1
PSE,2020,4,98028,32
PSE,2022,12,98112,57
PSE,2022,2,98070,32
PSE,2021,5,98056,120
CNG,2023,1,98541,1
Avista,2021,9,99027,20
PSE,2024,12,98003,265
NWN,2023,1,97031,0
PSE,2023,6,98125,51
Avista,2020,6,99205,206
NWN,2022,10,98601,0
CNG,2021,1,99350,1
NWN,2023,10,97301,0
NWN,2023,10,98610,0
NWN,2023,6,97301,0
NWN,2022,3,98307,0
PSE,2025,1,98275,12
PSE,2021,4,98177,8
PSE,2022,6,98576,11
Avista,2022,1,99040,36
PSE,2025,2,98126,21
NWN,2024,10,98635,0
NWN,2022,9,98686,0
PSE,2023,2,98188,23
Avista,2022,10,99163,38
PSE,2025,3,98014,16
NWN,2022,5,97663,0
Avista,2023,2,99224,114
NWN,2021,1,98610,0
PSE,2024,11,98026,18
PSE,2023,3,98941,3
PSE,2022,2,98580,11
Avista,2021,10,99212,147
PSE,2021,6,98116,5
PSE,2021,9,98045,23
NWN,2020,6,98127,0
PSE,2022,3,98354,2
PSE,2020,5,98105,4
NWN,2021,3,98601,0
PAC,2025,2,99328,105
CNG,2020,3,98944,11
PSE,2023,6,98443,4
PAC,2024,3,98937,51
PSE,2025,8,98344,1
PSE,2021,1,98408,10
Avista,2025,2,99102,79
PSE,2023,8,98102,2
PAC,2024,8,98902,1488
PSE,2024,4,98003,389
Avista,2025,8,99019,749
PSE,2022,4,98007,63
PAC,2024,9,98903,475
PSE,2024,12,98323,1
Avista,2021,7,99113,3
Avista,2021,6,99001,27
PSE,2024,8,98087,40
PSE,2023,3,98045,14
CNG,2021,9,98902,16
NWN,2021,10,98663,0
PSE,2021,2,98198,82
PAC,2025,2,99362,763
NWN,2024,9,98629,0
PAC,2021,3,98933,0
NWN,2021,7,98607,3
PSE,2025,8,98074,11
Avista,2025,7,99004,293
NWN,2024,7,98127,0
PSE,2021,8,98370,27
PSE,2025,3,98037,47
PSE,2025,2,98934,12
Avista,2024,9,99371,8
PSE,2020,8,98276,1
CNG,2020,10,98367,2
PSE,2025,4,98311,96
Avista,2020,5,99201,60
PSE,2022,11,98233,29
CNG,2022,4,98541,1
CNG,2021,5,98953,3
PSE,2021,9,98295,3
CNG,2024,6,98284,141
Avista,2020,7,99001,18
PSE,2021,12,98264,300
PSE,2022,2,98036,16
PSE,2023,11,98530,7
PSE,2025,2,98105,1
PSE,2024,1,98001,140
PSE,2021,10,98230,21
CNG,2025,6,98611,4
Avista,2021,4,99125,3
PAC,2020,5,99350,1
PSE,2022,4,98422,5
Avista,2021,10,99036,0
PSE,2025,7,98512,71
PSE,2021,5,98925,4
PSE,2024,9,98065,3
CNG,2020,5,98310,16
Avista,2024,3,99205,452
PSE,2020,10,98589,17
NWN,2024,6,98626,0
Avista,2021,5,99001,19
PSE,2022,6,98022,50
CNG,2024,5,98230,120
CNG,2023,1,98366,1
PSE,2025,3,98337,23
CNG,2022,4,98557,1
NWN,2020,5,98602,0
CNG,2020,12,98951,2
PSE,2023,1,98010,3
CNG,2024,9,98524,1
PAC,2023,4,99324,163
PSE,2024,11,98023,173
CNG,2021,9,98284,11
Avista,2020,8,99170,6
PSE,2020,9,98043,4
PSE,2024,12,98199,3
PAC,2025,8,99361,21
PSE,2025,5,98203,66
PAC,2024,3,98948,475
NWN,2021,9,97031,0
NWN,2023,7,98675,0
PSE,2024,6,98108,34
PSE,2020,6,98117,6
CNG,2023,2,98848,1
CNG,2024,3,98345,4
NWN,2024,9,98119,0
CNG,2021,1,98284,21
PSE,2022,7,98065,10
CNG,2021,12,98942,3
CNG,2020,11,98310,2
Avista,2020,6,99003,8
Avista,2021,2,99207,236
Avista,2022,5,99033,8
PSE,2020,3,98032,90
Avista,2020,12,99212,443
PSE,2023,9,98072,3
CNG,2020,9,98383,1
Avista,2024,1,99217,245
PSE,2024,9,98922,5
CNG,2021,9,98247,1
PSE,2023,11,98446,3
NWN,2020,4,98683,3
PSE,2022,4,98236,7
PSE,2020,11,98597,50
Avista,2021,3,99201,146
Avista,2025,1,99018,32
PSE,2023,9,98204,1
PSE,2021,3,98237,20
PSE,2022,11,98055,37
PAC,2021,2,98908,33
PAC,2023,2,99348,13
PAC,2025,4,99350,2
Avista,2022,5,99218,63
PSE,2023,12,98371,19
PSE,2021,8,98445,10
PSE,2020,6,98008,38
PSE,2023,5,98338,20
PSE,2022,8,98360,4
Avista,2020,5,99170,1
Avista,2020,12,99341,4
PSE,2021,10,98053,16
PSE,2024,2,98148,33
Avista,2025,10,99009,179
PSE,2021,11,98405,10
Avista,2025,3,99009,184
CNG,2022,6,98908,4
Avista,2025,9,99020,8
PSE,2023,3,98027,49
CNG,2022,7,98229,22
NWN,2021,9,98612,0
PSE,2023,3,98249,8
PSE,2023,4,98943,5
CNG,2023,1,98295,2
PSE,2023,2,98332,1
PSE,2024,10,98327,20
PSE,2022,1,98023,183
PSE,2025,7,98203,23
PSE,2021,4,98074,12
Avista,2024,3,99149,4
PSE,2024,12,98366,132
Avista,2020,7,99003,4
PSE,2024,7,98010,7
CNG,2024,7,99350,13
PSE,2022,12,98011,390
Avista,2024,2,99157,8
Avista,2022,3,99151,6
Avista,2022,11,99020,1
Avista,2020,9,99129,12
Avista,2020,11,99125,1
Avista,2024,9,99014,3
PSE,2020,4,98037,18
Avista,2022,10,99025,11
PSE,2025,1,98247,34
Avista,2023,4,99001,12
Avista,2024,3,99212,189
PSE,2020,6,98005,21
PSE,2021,7,98501,74
PSE,2025,6,98235,6
PSE,2022,4,98925,3
PSE,2023,2,98024,3
PSE,2021,5,98240,5
PSE,2022,4,98346,27
PSE,2024,7,98271,9
PSE,2025,8,98020,4
NWN,2022,1,98026,0
PSE,2025,4,98117,23
CNG,2025,9,98276,54
CNG,2025,7,98247,181
CNG,2024,1,98284,129
CNG,2021,3,98232,1
PSE,2024,10,98024,12
PSE,2022,5,98087,17
PSE,2022,9,98342,3
PSE,2024,10,98439,23
NWN,2025,9,98626,0
CNG,2024,8,98274,124
CNG,2024,3,99336,26
NWN,2021,12,97301,0
PSE,2023,4,98375,14
PSE,2023,12,98038,51
PSE,2020,11,98022,40
PAC,2025,9,98938,20
PSE,2024,11,98107,3
CNG,2021,1,98953,1
PSE,2023,9,98236,4
PSE,2023,6,98323,5
PSE,2024,6,98010,13
PSE,2024,12,98026,19
Avista,2025,11,99216,2153
PSE,2022,10,98051,3
PSE,2024,3,98292,2
NWN,2023,8,98125,0
PAC,2023,8,99360,7
CNG,2023,1,98584,6
CNG,2021,4,98557,4
NWN,2023,9,98620,0
PSE,2024,3,98444,7
CNG,2020,8,98550,2
Avista,2020,10,99128,3
PSE,2024,4,98391,78
Avista,2025,7,99157,114
PSE,2021,1,98229,67
NWN,2023,1,98662,27
PSE,2022,4,98065,14
PAC,2025,1,98902,1378
PAC,2021,2,99348,3
PSE,2024,7,98360,49
PSE,2021,6,98047,21
Avista,2024,7,99341,6
PSE,2020,5,98075,8
PAC,2020,1,98901,34
PAC,2022,7,99323,14
PSE,2021,9,98253,4
Avista,2024,4,99004,14
NWN,2023,7,98629,1
PSE,2024,2,98102,2
PSE,2023,9,98422,1
Avista,2025,10,99022,598
CNG,2024,11,98520,96
PSE,2023,1,98264,23
PSE,2022,4,98040,3
PSE,2023,9,98391,28
NWN,2024,12,98620,0
PSE,2025,6,98021,13
PSE,2023,1,98424,3
Avista,2022,10,99141,24
CNG,2025,9,98524,5
PSE,2024,9,98372,32
PSE,2024,10,98338,54
PSE,2020,6,98418,1
NWN,2024,3,98666,0
Avista,2021,8,99129,9
PSE,2020,4,98024,3
PSE,2022,1,98260,12
CNG,2021,5,98848,1
PSE,2021,2,98204,11
PSE,2023,1,98270,53
NWN,2025,9,98648,0
PAC,2022,7,98902,1469
NWN,2025,4,98666,0
PSE,2022,2,98103,8
Avista,2024,7,99032,6
PSE,2020,11,98168,6
Avista,2025,1,99149,36
PSE,2022,11,98115,3
PSE,2023,11,98034,170
CNG,2022,3,98295,1
CNG,2024,6,99337,37
PAC,2025,7,98908,790
CNG,2023,1,98277,4
PSE,2025,8,98027,46
PSE,2023,9,98108,14
PSE,2024,5,98925,3
PSE,2024,5,98070,33
PAC,2020,8,99323,2
PSE,2022,12,98059,512
Avista,2025,12,99161,138
NWN,2023,5,98606,0
PSE,2024,11,98579,35
PSE,2025,4,98387,71
PSE,2023,7,98444,1
PSE,2022,8,98257,28
PSE,2023,2,98056,48
PSE,2020,4,98230,21
NWN,2023,1,98605,0
PSE,2024,9,98106,32
CNG,2024,9,98367,38
NWN,2020,8,98620,0
PSE,2022,10,98467,1
PSE,2020,11,98105,1
Avista,2021,10,99005,20
PSE,2025,8,98409,44
NWN,2021,5,98601,0
PSE,2023,8,98177,3
PSE,2023,11,98244,15
CNG,2022,6,98936,1
PSE,2021,10,98248,40
CNG,2024,11,99350,16
PSE,2024,5,98059,105
NWN,2022,4,98605,30
PSE,2022,12,98926,82
PSE,2025,3,98118,23
PSE,2025,6,98011,112
Avista,2023,10,99004,48
PSE,2023,1,98249,5
PSE,2023,9,98001,48
Avista,2024,3,99208,391
PSE,2020,11,98277,64
CNG,2020,10,98226,27
PSE,2024,12,98027,103
Avista,2023,6,99008,1
PAC,2024,8,98923,24
CNG,2025,9,98366,600
PSE,2021,3,98106,24
Avista,2024,1,99341,14
PSE,2023,3,98465,2
PSE,2021,5,98366,85
PAC,2022,6,98933,13
PSE,2023,4,98002,160
Avista,2020,5,99122,12
PSE,2020,3,98188,24
PSE,2025,1,98238,1
NWN,2024,7,98642,2
CNG,2023,8,98367,2
PSE,2024,1,98374,31
PSE,2022,7,98338,9
CNG,2020,4,98225,13
PSE,2022,8,98040,9
PSE,2020,7,98077,1
PSE,2020,9,98311,31
Avista,2023,10,99026,26
PAC,2025,7,99350,2
PSE,2021,8,98354,1
NWN,2022,11,98629,0
Avista,2022,11,99223,200
PSE,2023,7,98201,10
PSE,2021,12,98068,5
PSE,2020,6,98367,32
CNG,2021,6,98229,8
CNG,2022,5,99362,13
PAC,2020,3,99361,7
PSE,2023,5,98074,13
PSE,2025,1,98233,83
PSE,2022,3,98396,2
Avista,2021,3,99131,2
Avista,2023,12,99018,7
PSE,2022,6,98371,31
PSE,2020,5,98247,19
NWN,2023,1,98665,20
CNG,2023,8,98247,10
PSE,2021,12,98036,104
Avista,2020,10,99109,21
PSE,2022,9,98337,18
PSE,2021,2,98038,28
Avista,2023,9,99104,1
PSE,2022,12,98201,326
PSE,2024,10,98125,3
Avista,2021,12,99171,22
CNG,2021,1,98632,2
NWN,2023,1,98660,13
Avista,2024,6,99126,7
PSE,2023,2,98204,12
Avista,2025,5,99341,101
Avista,2022,1,99125,9
PSE,2021,11,98466,5
PSE,2020,10,98051,7
PSE,2022,1,98360,20
PSE,2024,3,98359,8
PSE,2021,12,98257,85
Avista,2025,8,99034,19
PSE,2020,6,98247,11
PSE,2022,8,98274,13
PSE,2023,7,98004,17
PSE,2025,5,98402,1
CNG,2020,10,98942,6
Avista,2023,12,99217,244
PSE,2024,12,98146,26
PAC,2025,9,98923,19
Avista,2023,2,99170,4
NWN,2021,12,98648,0
PSE,2023,11,98295,10
Avista,2022,3,99006,50
Avista,2021,6,99030,1
Avista,2021,10,99113,5
PSE,2022,12,98008,282
PSE,2023,12,98027,78
Avista,2023,3,99110,6
PSE,2020,7,98031,152
NWN,2023,10,98661,0
PAC,2024,10,99348,7
CNG,2020,6,98311,7
PSE,2022,3,98290,1
PSE,2022,1,98406,7
NWN,2021,1,98666,0
PSE,2022,3,98266,31
PAC,2022,2,98938,49
PSE,2024,11,98283,2
Avista,2022,3,99167,4
PAC,2024,2,99329,3
NWN,2025,2,98628,0
CNG,2021,7,98229,4
PAC,2020,1,99328,18
Avista,2021,2,99022,12
PSE,2023,12,98277,99
Avista,2024,8,99026,35
PSE,2020,7,98105,4
NWN,2021,8,98675,0
PSE,2024,5,98007,109
CNG,2022,4,98248,22
PSE,2023,5,98233,36
PSE,2024,6,98232,6
PSE,2023,7,98273,58
PSE,2025,5,98112,1
PSE,2023,9,98125,1
PAC,2022,5,99361,19
PSE,2022,4,98502,101
Avista,2025,5,99173,296
PSE,2025,7,98346,88
Avista,2023,3,99158,15
PSE,2020,10,98327,3
CNG,2024,6,98903,80
PSE,2022,6,98296,3
Avista,2024,8,99158,6
CNG,2024,5,99338,3
CNG,2022,7,98948,5
PSE,2024,3,98516,68
PAC,2023,11,99323,14
NWN,2021,8,98612,0
PSE,2020,7,98146,6
PSE,2021,12,98281,39
Avista,2024,12,99218,87
Avista,2020,10,99005,9
Avista,2020,7,99032,4
PSE,2025,9,98380,1
PSE,2022,8,98126,18
CNG,2024,1,98310,110
PSE,2022,11,98390,25
Avista,2020,12,99206,487
PSE,2023,6,98277,252
PSE,2024,9,98465,6
CNG,2020,11,98271,1
NWN,2022,3,98664,7
CNG,2023,7,98284,10
PSE,2024,5,98403,2
PSE,2020,9,98408,2
PSE,2020,6,98311,35
PAC,2025,1,98937,46
Avista,2025,11,99148,337
Avista,2020,6,99143,3
PSE,2023,3,98034,89
Avista,2022,10,99030,1
PSE,2022,5,98023,95
Avista,2025,1,99040,186
PSE,2021,4,98043,9
PSE,2024,6,98418,9
PSE,2021,1,98074,10
Avista,2023,4,99151,2
CNG,2021,9,98930,1
PSE,2021,4,98266,61
NWN,2021,12,98665,4
PSE,2021,1,98070,8
PSE,2020,10,98579,29
PSE,2024,5,98023,373
PSE,2024,3,98022,80
Avista,2024,11,99205,255
NWN,2022,7,98665,0
Avista,2020,7,99169,14
PSE,2024,12,98168,26
PSE,2023,6,98177,38
Avista,2023,3,99134,4
NWN,2024,10,98307,0
Avista,2023,2,99102,2
PSE,2020,10,98512,66
Avista,2021,10,99341,5
PSE,2023,12,98136,3
PSE,2022,8,98597,41
PAC,2022,12,99347,38
CNG,2020,10,98277,4
Avista,2022,5,99125,4
Avista,2025,1,99039,19
PSE,2024,1,98122,14
CNG,2025,4,98528,8
PSE,2023,6,98188,248
CNG,2024,10,98220,5
PSE,2023,5,98367,11
NWN,2023,12,98125,0
Avista,2025,4,99146,5
CNG,2021,1,98930,8
PSE,2021,5,98373,38
CNG,2024,1,98229,139
PSE,2024,10,98498,102
NWN,2020,11,98648,0
Avista,2025,10,99114,1648
CNG,2025,3,98802,17
Avista,2025,6,99158,61
PSE,2023,10,98943,1
PAC,2020,1,98948,22
PSE,2022,3,98367,29
PSE,2023,2,98530,3
PSE,2024,6,98107,5
Avista,2022,8,99030,3
NWN,2020,4,98307,0
Avista,2021,12,99157,7
PSE,2023,6,98446,20
PSE,2025,8,98273,213
Avista,2025,11,99126,147
PSE,2022,9,98321,13
NWN,2021,1,98685,4
PSE,2021,10,98257,5
CNG,2023,7,98311,3
Avista,2022,11,99141,36
Avista,2024,12,99134,1
CNG,2022,3,99301,18
PSE,2025,1,98501,251
NWN,2021,9,98671,0
Avista,2022,12,99141,36
CNG,2024,8,98930,62
PSE,2022,5,98010,3
NWN,2023,9,97388,0
PSE,2021,9,98946,2
PSE,2023,1,98439,7
PAC,2022,3,98935,134
PSE,2021,6,98342,4
PSE,2024,5,98020,6
PSE,2021,7,98055,67
PSE,2020,11,98390,25
CNG,2022,7,98284,14
PSE,2022,12,98346,177
PSE,2020,8,98266,22
PSE,2024,8,98224,3
Avista,2021,6,99181,9
CNG,2025,7,98848,2
PSE,2025,4,98439,35
CNG,2025,7,98223,431
PSE,2021,4,98295,3
PSE,2023,10,98005,44
PSE,2022,12,98032,1721
CNG,2024,9,98221,144
PSE,2020,10,98075,5
PAC,2022,4,98935,120
Avista,2025,4,99019,755
Avista,2023,7,99128,2
CNG,2024,4,98932,17
Avista,2025,2,99022,555
PSE,2025,5,98036,42
Avista,2020,4,99109,23
CNG,2025,4,98292,162
Avista,2022,5,99006,33
PSE,2024,4,98340,4
PSE,2024,11,98260,12
Avista,2020,9,99403,38
PAC,2020,8,98947,9
PSE,2024,12,98925,3
PSE,2022,8,98027,29
NWN,2021,11,98663,1
NWN,2024,2,98610,1
PSE,2023,8,98383,8
NWN,2024,11,98026,0
NWN,2021,4,98620,0
Avista,2022,6,99143,7
PSE,2021,3,98439,13
Avista,2025,4,99161,142
CNG,2020,6,98383,1
Avista,2023,3,99206,160
Avista,2025,6,99185,136
PSE,2024,7,98116,5
PSE,2021,9,98257,29
Avista,2025,5,99003,256
PSE,2022,10,98424,1
PSE,2024,12,98372,115
Avista,2022,7,99039,2
CNG,2024,3,98936,35
PSE,2024,3,98008,33
CNG,2022,10,98271,1
NWN,2022,7,98648,5
Avista,2022,5,99020,1
CNG,2022,4,99301,15
PSE,2020,3,98229,59
PSE,2023,7,98012,5
PSE,2022,8,98247,8
Avista,2023,1,99174,1
PSE,2023,6,98262,3
PSE,2025,7,98513,81
NWN,2024,9,98664,0
PSE,2021,7,98112,2
PSE,2025,2,98225,200
CNG,2021,8,98903,2
NWN,2024,8,98606,0
Avista,2021,7,99141,16
PSE,2023,3,98024,3
CNG,2022,1,98274,13
PSE,2025,4,98103,16
PSE,2022,5,98230,32
NWN,2021,6,97031,0
PSE,2023,7,98513,58
Avista,2023,6,99129,3
PSE,2024,2,98058,188
Avista,2025,3,99224,1780
PSE,2024,1,98418,5
PSE,2020,10,98296,1
Avista,2025,5,99009,182
PAC,2023,6,98942,237
Avista,2024,6,99131,1
NWN,2021,2,98610,0
NWN,2022,1,98648,0
PSE,2025,8,98337,63
Avista,2022,8,99129,11
PSE,2025,9,98372,14
PSE,2020,11,98371,47
CNG,2025,3,98528,9
CNG,2021,10,98936,1
PSE,2023,10,98112,1
PAC,2022,9,99347,33
Avista,2023,1,99157,13
PSE,2020,10,98253,3
PSE,2020,3,98406,3
CNG,2025,8,98244,5
Avista,2025,10,99126,147
PSE,2023,6,98058,285
PSE,2025,9,98264,5
NWN,2023,9,98626,0
NWN,2023,11,98674,0
CNG,2022,8,98837,1
Avista,2020,10,99006,44
PSE,2025,8,98115,100
Avista,2022,4,99344,86
PAC,2021,5,98935,16
PAC,2022,2,98907,2
PSE,2022,6,98422,2
PSE,2024,5,98596,1
PSE,2024,7,98166,30
PSE,2021,9,98310,149
Avista,2020,12,99158,3
PSE,2021,10,98926,8
NWN,2021,8,98026,0
Avista,2022,4,99206,176
Avista,2023,4,99009,3
PSE,2024,5,98373,48
NWN,2020,7,98675,0
PSE,2023,9,98407,2
Avista,2024,5,99217,176
CNG,2020,6,98908,6
PSE,2022,6,98512,36
PSE,2022,9,98027,15
PAC,2020,3,98908,22
PSE,2020,9,98005,6
PSE,2022,6,98337,13
NWN,2021,3,98665,16
PSE,2021,9,98014,15
PSE,2025,5,98531,43
PSE,2020,4,98248,75
PSE,2024,9,98221,16
PSE,2020,9,98051,1
PSE,2020,7,98002,182
NWN,2024,6,98668,0
CNG,2024,12,99338,43
PSE,2025,5,98372,139
Avista,2025,9,99013,280
PSE,2024,10,98385,1
PSE,2023,3,98028,28
PSE,2020,12,98177,4
PAC,2024,10,98939,13
PAC,2022,7,99361,18
PSE,2020,10,98166,7
PSE,2020,9,98252,2
PSE,2023,1,98036,37
Avista,2024,6,99111,29
PSE,2022,8,98503,84
PSE,2022,7,98943,1
PSE,2022,2,98418,15
Avista,2025,12,99040,189
PSE,2025,7,98276,8
Avista,2021,5,99344,64
Avista,2025,7,99402,122
CNG,2021,3,98257,10
Avista,2023,7,99012,2
PAC,2020,4,98942,18
PSE,2022,2,98503,163
PSE,2021,2,98021,1
CNG,2020,4,98951,0
PSE,2023,5,98244,7
Avista,2025,11,99012,103
NWN,2021,5,98610,1
PSE,2021,1,98251,1
PSE,2022,4,98337,12
NWN,2021,6,98686,2
Avista,2021,12,99212,197
PSE,2024,11,98038,55
Avista,2025,8,99138,267
PSE,2023,7,98257,7
PSE,2022,3,98043,11
PSE,2025,5,98253,4
CNG,2023,6,98541,1
PSE,2023,5,98264,39
PSE,2022,11,98040,4
CNG,2024,10,99338,25
PSE,2023,5,98418,3
CNG,2024,8,98383,46
Avista,2022,6,99181,16
PSE,2025,2,98424,11
Avista,2025,2,99018,34
PAC,2020,10,98953,9
PSE,2023,5,98516,51
PSE,2025,8,98058,209
CNG,2020,6,98229,27
PSE,2021,12,98208,135
PSE,2025,7,98922,25
PSE,2021,10,98107,1
PSE,2025,3,98122,6
PAC,2022,4,99361,20
PSE,2024,4,98501,185
PSE,2024,1,98033,51
PSE,2025,1,98338,93
PAC,2020,7,98921,9
Avista,2025,6,99157,119
PSE,2020,10,98271,6
PSE,2022,2,98065,20
PAC,2022,7,99328,93
Avista,2020,3,99129,5
PSE,2020,10,98188,85
PSE,2025,4,98188,133
PSE,2022,6,98332,1
CNG,2025,9,98936,143
NWN,2024,6,98686,1
Avista,2024,9,99129,8
CNG,2021,8,98277,19
Avista,2022,2,99163,13
PSE,2021,8,98498,22
PSE,2020,3,98342,6
PSE,2025,5,98281,5
Avista,2022,5,98620,3
PSE,2024,5,98201,30
CNG,2021,12,98292,1
Avista,2021,9,99170,3
PSE,2020,6,98198,233
Avista,2022,12,99344,125
Avista,2025,8,99159,117
PSE,2023,1,98220,2
Avista,2020,3,99122,14
PSE,2022,7,98232,2
PSE,2022,1,98296,3
CNG,2022,8,99362,10
PSE,2021,8,98236,5
Avista,2024,8,99371,7
PSE,2021,3,98043,2
Avista,2020,9,99208,104
CNG,2021,8,98229,25
PSE,2023,12,98273,124
PSE,2024,9,98506,37
PSE,2023,11,98354,2
CNG,2025,3,98383,197
PSE,2020,11,98155,11
PSE,2020,7,98513,61
CNG,2024,10,98244,1
CNG,2022,2,98901,16
PSE,2023,8,98310,44
PSE,2024,9,98117,26
CNG,2024,11,98370,36
PSE,2025,8,98038,96
Avista,2024,10,99216,118
PSE,2021,4,98223,2
Avista,2024,11,99110,8
PSE,2025,2,98385,1
Avista,2023,1,99027,34
PSE,2025,8,98052,122
PSE,2024,8,98133,9
NWN,2024,9,98642,0
PSE,2020,5,98408,33
CNG,2025,8,98848,2
Avista,2021,6,99341,2
PSE,2021,9,98499,21
Avista,2023,12,99031,1
Avista,2021,8,99033,3
PSE,2022,9,98023,64
PSE,2020,5,98370,52
CNG,2023,8,98550,3
PSE,2025,3,98366,153
CNG,2024,7,98225,299
CNG,2022,6,99301,16
PSE,2024,8,98292,1
PSE,2022,8,98148,8
PSE,2021,5,98255,2
PSE,2025,6,98408,21
PSE,2020,4,98233,29
PSE,2020,4,98168,17
PAC,2022,11,98932,161
Avista,2020,8,99174,1
PSE,2024,1,98108,28
PSE,2025,6,98022,100
CNG,2025,2,99344,220
PSE,2020,3,98244,6
PSE,2023,8,98117,2
Avista,2023,11,99163,176
CNG,2024,11,98230,148
Avista,2025,7,99176,9
Avista,2022,6,99169,11
Avista,2025,9,99203,1497
CNG,2022,10,98903,10
PSE,2023,3,98032,177
CNG,2021,2,98284,14
CNG,2025,3,98563,51
CNG,2021,10,98292,1
Avista,2022,1,99021,16
PSE,2023,9,98229,13
CNG,2023,5,98674,1
Avista,2021,12,99006,61
PAC,2021,2,98944,51
PSE,2024,12,98338,58
NWN,2023,2,98307,0
Avista,2024,8,99148,58
NWN,2024,5,98683,13
PSE,2022,12,98406,57
PSE,2024,1,98387,16
PSE,2022,8,98270,15
PAC,2020,9,99328,18
NWN,2023,9,98605,0
PSE,2021,2,98516,92
PSE,2021,12,98092,727
CNG,2024,6,98273,181
Avista,2023,3,99004,9
NWN,2020,6,98606,0
Avista,2020,8,99158,1
PSE,2021,12,98292,2
PSE,2021,12,98034,517
PSE,2024,1,98383,8
Avista,2025,2,99208,4138
PSE,2024,10,98052,181
CNG,2020,3,98295,4
PSE,2024,3,98203,22
Avista,2023,12,99009,15
PSE,2022,6,98144,4
PSE,2021,9,98513,158
PSE,2020,9,98338,15
PSE,2022,8,98037,1
PSE,2020,11,98941,4
PSE,2024,3,98119,8
PSE,2023,6,98248,209
NWN,2021,7,98629,0
PSE,2025,3,98288,1
NWN,2022,1,98307,0
CNG,2022,11,98271,1
Avista,2022,12,99031,4
Avista,2023,2,99130,8
PAC,2024,11,98902,1408
PSE,2024,3,98260,12
CNG,2023,7,98273,15
PSE,2023,6,98103,42
PSE,2022,3,98273,102
PSE,2024,2,98122,4
CNG,2021,10,98837,3
Avista,2020,3,99004,6
PSE,2020,10,98178,16
CNG,2022,3,98584,1
NWN,2023,9,98607,1
PAC,2021,6,98902,72
PSE,2020,7,98056,64
PSE,2022,8,98405,5
PAC,2021,2,99363,0
PSE,2021,5,98051,5
PSE,2023,8,98346,3
PSE,2024,6,98118,37
PSE,2025,7,98404,55
PSE,2024,11,98940,3
PSE,2020,3,98051,2
CNG,2020,12,99352,2
Avista,2022,7,99207,325
PSE,2022,6,98366,28
Avista,2023,9,99026,5
PSE,2022,4,98126,20
PSE,2022,2,98136,2
Avista,2021,1,99025,9
CNG,2022,10,98953,1
Avista,2024,5,99021,65
PSE,2021,7,98371,22
CNG,2025,8,98312,464
PSE,2024,6,98597,97
CNG,2021,4,98277,58
PSE,2023,6,98239,50
NWN,2020,10,98604,0
NWN,2024,4,98620,0
PSE,2024,3,98240,6
Avista,2023,1,99102,14
Avista,2020,9,99158,1
PSE,2022,10,98443,1
NWN,2024,9,98620,0
PSE,2020,7,98237,18
NWN,2023,6,98685,6
Avista,2023,12,99013,32
PSE,2022,6,98148,8
PSE,2024,11,98502,142
CNG,2024,10,98801,17
PAC,2023,7,98933,19
PSE,2025,4,98230,48
PSE,2025,3,98934,21
CNG,2020,12,98247,6
PSE,2023,5,98439,13
PSE,2021,6,98203,10
PSE,2023,8,98010,6
PSE,2021,11,98168,6
PSE,2023,1,98312,20
CNG,2023,3,99338,1
PSE,2024,12,98281,15
Avista,2025,2,99201,2134
PSE,2022,11,98106,7
NWN,2025,4,98671,3
PSE,2025,1,98255,4
NWN,2020,3,98605,0
PSE,2023,7,98030,66
PSE,2023,5,98374,71
Avista,2024,7,99003,20
CNG,2020,9,98337,2
NWN,2025,7,98026,0
PSE,2024,5,98005,41
NWN,2025,3,98601,0
NWN,2025,4,98617,0
NWN,2022,6,98605,24
PSE,2025,6,98070,76
PSE,2020,5,98166,11
CNG,2023,3,98902,58
PSE,2020,7,98422,6
CNG,2021,1,98541,2
PSE,2021,8,98312,36
PSE,2025,6,98422,25
Avista,2023,4,99206,56
PSE,2024,7,98059,47
PSE,2022,3,98530,6
Avista,2023,1,99113,2
PSE,2025,3,98004,49
PAC,2025,5,98950,1
PAC,2020,6,99328,18
PSE,2025,1,98118,37
Avista,2022,2,99040,21
PSE,2024,7,98023,186
PSE,2022,6,98342,3
PSE,2020,9,98248,59
Avista,2020,8,99134,3
PSE,2021,10,98026,2
Avista,2025,11,99134,86
PSE,2022,7,98422,5
PSE,2020,6,98328,1
PSE,2022,8,98288,1
Avista,2021,12,99014,1
PSE,2023,6,98335,19
PSE,2025,5,98270,117
CNG,2024,10,98901,226
NWN,2021,2,98664,8
Avista,2021,4,99202,185
PSE,2022,9,98021,5
PSE,2024,7,98390,62
NWN,2024,2,98683,1
Avista,2021,11,99207,335
PSE,2024,5,98042,175
PSE,2025,6,98391,167
CNG,2021,5,98345,2
NWN,2024,6,98620,0
Avista,2022,10,99158,7
PSE,2023,9,98467,1
Avista,2022,8,99009,5
PSE,2020,5,98310,59
PSE,2024,6,98148,13
PSE,2023,10,98498,26
PSE,2025,4,98027,98
PSE,2020,8,98233,22
Avista,2024,4,99216,159
PSE,2020,10,98092,153
PAC,2021,5,98909,1
CNG,2020,3,98902,32
CNG,2021,4,98801,8
Avista,2023,10,99169,66
PSE,2024,1,98576,14
Avista,2021,2,99012,3
PSE,2025,9,98112,7
Avista,2023,12,99341,10
CNG,2021,5,98550,34
PSE,2022,5,98946,1
PSE,2023,11,98926,25
NWN,2025,7,98684,9
Avista,2020,4,99037,9
PSE,2025,7,98118,111
Avista,2023,9,99018,2
Avista,2022,2,99179,1
PSE,2023,8,98934,4
Avista,2023,7,99003,7
PAC,2023,5,99324,159
Avista,2025,12,99170,98
PSE,2023,8,98257,8
NWN,2021,5,98864,0
PSE,2024,7,98112,1
PAC,2022,3,98930,382
NWN,2022,12,98601,10
PSE,2024,8,98274,34
PSE,2022,2,98133,14
PSE,2022,8,98407,3
PSE,2021,6,98385,1
PSE,2024,4,98102,3
NWN,2020,3,98683,6
PSE,2024,4,98107,7
CNG,2020,5,98312,18
PSE,2024,4,98260,16
PSE,2021,4,98233,64
PSE,2020,7,98204,8
Avista,2023,4,99157,5
CNG,2023,6,98801,1
Avista,2023,2,99163,42
Avista,2021,12,99174,1
PSE,2021,10,98332,1
PSE,2020,12,98408,7
Avista,2024,11,99167,2
PSE,2021,3,98208,11
PSE,2022,3,98249,12
NWN,2022,9,98620,0
NWN,2022,7,98662,0
PSE,2020,12,98295,1
PSE,2022,11,98226,282
Avista,2025,10,99034,21
NWN,2022,1,98675,0
CNG,2024,2,98273,124
PSE,2025,6,98531,25
Avista,2022,6,99126,4
CNG,2024,3,98273,142
PSE,2021,3,98092,181
Avista,2023,8,99143,4
NWN,2020,4,98119,0
PSE,2020,3,98580,7
PAC,2025,9,98901,319
PSE,2021,7,98003,375
CNG,2025,9,98271,101
PSE,2021,3,98027,31
PSE,2021,7,98372,23
CNG,2022,2,99362,25
PAC,2020,2,99323,2
Avista,2020,3,99204,101
PSE,2025,1,98148,30
PSE,2024,8,98387,114
Avista,2022,2,99014,2
Avista,2022,8,99031,3
PSE,2023,11,98260,30
NWN,2025,1,98682,20
CNG,2023,1,98901,22
PSE,2023,4,98125,3
NWN,2025,1,98762,0
PSE,2024,11,98943,5
PSE,2021,5,98338,25
CNG,2024,9,98948,80
PSE,2022,5,98001,46
Avista,2021,11,98857,0
NWN,2023,12,98642,4
NWN,2023,12,98662,28
CNG,2020,3,98524,0
PSE,2021,6,98943,1
PSE,2025,1,98383,63
PSE,2020,7,98284,58
Avista,2021,6,99003,7
PSE,2024,8,98118,38
Avista,2022,11,99019,42
PSE,2022,11,98117,4
NWN,2025,4,98665,11
NWN,2025,4,98612,0
PSE,2021,11,98580,13
Avista,2021,10,99170,15
PSE,2021,9,98236,19
Avista,2023,3,99125,8
NWN,2025,2,98675,0
PSE,2022,5,98121,1
CNG,2025,7,98632,76
PSE,2024,3,98107,15
PSE,2022,3,98404,25
Avista,2021,6,99131,2
PSE,2024,3,98501,122
PSE,2024,12,98021,6
PSE,2025,2,98021,24
PSE,2020,11,98360,11
PSE,2023,5,98596,2
CNG,2020,8,98366,4
NWN,2021,9,98617,0
Avista,2022,8,99141,29
PSE,2024,7,98119,1
CNG,2024,7,98801,15
Avista,2025,8,99039,20
PSE,2024,10,98087,14
PSE,2021,10,98284,55
NWN,2022,6,98606,61
PSE,2024,10,98224,3
PSE,2021,12,98144,112
PSE,2020,8,98532,1
PSE,2021,8,98390,8
Avista,2022,10,99019,33
CNG,2021,4,98930,38
CNG,2022,2,98230,13
NWN,2023,10,97388,0
Avista,2023,6,99402,2
PSE,2022,8,98031,78
PSE,2024,10,98039,1
PSE,2020,8,98229,50
NWN,2025,3,98682,23
PAC,2020,5,98903,20
PSE,2025,9,98925,1
PSE,2021,6,98144,2
PAC,2024,9,98952,14
PSE,2024,5,98102,2
PSE,2023,7,98275,3
Avista,2023,12,99026,18
Avista,2023,3,99033,18
CNG,2023,1,98264,10
PSE,2021,7,98370,30
NWN,2025,8,98606,0
CNG,2024,7,99338,17
CNG,2023,5,98944,8
Avista,2025,11,99029,4
Avista,2023,8,99134,2
NWN,2022,5,98604,1053
NWN,2021,6,98682,14
PSE,2024,10,98359,11
NWN,2020,7,98864,0
PSE,2022,8,98110,13
Avista,2021,2,99169,4
Avista,2022,5,99157,6
PSE,2021,7,98946,2
PSE,2022,9,98033,16
NWN,2020,6,98612,0
PSE,2025,2,98087,46
CNG,2022,5,98295,1
NWN,2023,9,98668,0
Avista,2023,8,99204,13
PSE,2023,7,98107,2
Avista,2022,4,99003,18
PSE,2021,4,98070,19
PAC,2024,3,99363,3
Avista,2025,5,99403,2370
CNG,2025,7,98292,158
PSE,2024,7,98466,17
Avista,2022,9,99163,75
PSE,2025,8,98203,19
PSE,2023,4,98337,9
Avista,2023,11,99371,4
PSE,2023,12,98146,8
PSE,2023,4,98275,2
Avista,2023,9,99032,4
PSE,2020,8,98311,26
PSE,2024,11,98332,3
CNG,2024,7,98337,40
CNG,2024,3,98220,4
PSE,2022,3,98385,1
CNG,2023,9,98383,1
PSE,2024,3,98267,1
Avista,2024,7,99016,98
Avista,2025,11,99176,1
PSE,2021,12,98596,7
PSE,2023,1,98208,42
NWN,2022,6,98628,31
PSE,2020,12,98056,55
PSE,2023,8,98568,1
PAC,2022,7,98933,14
PSE,2020,12,98201,19
Avista,2020,9,99122,21
Avista,2022,3,99176,1
PAC,2022,8,99328,91
PSE,2022,7,98513,40
PSE,2021,6,98383,12
PSE,2022,3,98370,31
CNG,2024,10,98345,4
Avista,2023,1,99033,38
PSE,2023,9,98014,1
PSE,2023,6,98019,39
PSE,2020,11,98115,6
PSE,2025,7,98310,195
PSE,2024,7,98270,31
PAC,2022,1,99362,1036
PSE,2024,1,98204,25
Avista,2022,12,99101,10
CNG,2023,9,98902,8
PSE,2022,3,98311,30
CNG,2022,6,99354,4
CNG,2025,9,98226,561
PAC,2023,1,99323,20
PSE,2024,11,98029,69
CNG,2023,9,98584,2
PSE,2024,9,98274,2
CNG,2024,3,98948,58
NWN,2022,4,98671,709
PAC,2020,8,98938,7
PSE,2020,5,98237,7
PSE,2025,7,98290,4
PSE,2024,9,98021,3
PSE,2022,9,98404,9
PSE,2023,3,98125,9
Avista,2024,7,99148,14
PSE,2025,1,98340,9
NWN,2021,12,98606,0
Avista,2024,6,99149,2
PSE,2025,5,98283,3
PSE,2022,7,98043,7
Avista,2023,6,99216,45
NWN,2023,3,98663,10
Avista,2025,6,99326,19
PSE,2024,9,98335,1
PSE,2022,9,98445,9
PSE,2023,4,98070,12
PAC,2023,9,98947,110
PAC,2024,2,98953,111
NWN,2020,11,97301,0
NWN,2023,5,98604,9
CNG,2023,2,98221,18
PSE,2023,3,98338,9
CNG,2020,12,98366,5
PSE,2025,5,98102,1
PSE,2021,9,98444,42
PSE,2023,3,98424,5
PSE,2022,12,98934,48
NWN,2020,9,98605,0
PSE,2022,9,98260,1
PSE,2025,4,98247,35
NWN,2024,8,98125,0
Avista,2025,9,99371,37
PSE,2022,3,98253,2
PSE,2020,6,98499,11
PSE,2021,12,98296,22
PSE,2023,8,98276,2
PAC,2025,5,98903,247
PSE,2025,7,98465,7
NWN,2022,10,97031,0
PSE,2023,8,98946,4
CNG,2023,5,98951,1
PSE,2022,4,98249,9
Avista,2022,3,99113,3
PSE,2021,7,98045,8
Avista,2025,6,99203,1489
PSE,2023,2,98275,5
Avista,2022,6,99125,5
Avista,2025,7,99170,100
NWN,2024,12,97301,0
PAC,2022,9,98923,22
PSE,2020,6,98116,5
PAC,2022,11,98908,529
PSE,2022,7,98006,14
PSE,2021,7,98087,3
PSE,2021,9,98360,45
PAC,2023,5,98937,61
PSE,2024,8,98020,16
Avista,2021,1,99018,2
NWN,2020,3,98127,0
PSE,2022,8,98030,85
PSE,2020,8,98107,1
PSE,2023,8,98531,9
PAC,2025,5,98953,137
PSE,2025,3,98007,93
PSE,2023,6,98109,32
PSE,2023,10,98926,2
Avista,2023,11,99158,5
Avista,2025,4,99151,35
PAC,2020,10,98951,21
NWN,2023,12,98119,0
CNG,2020,4,98337,10
CNG,2024,12,98367,123
PSE,2021,5,98031,210
Avista,2025,6,99208,4578
Avista,2025,3,99030,82
PSE,2024,8,98506,65
CNG,2023,5,98310,3
NWN,2020,4,98606,0
Avista,2022,2,99202,220
Avista,2021,4,99131,2
PSE,2024,11,98033,69
CNG,2020,12,99301,19
PSE,2020,4,98380,6
CNG,2023,7,98903,6
PSE,2021,12,98012,101
PSE,2021,3,98146,10
PSE,2021,8,98388,2
Avista,2022,6,99141,30
NWN,2022,10,98684,0
PSE,2023,4,98323,3
PSE,2021,5,98204,13
PSE,2023,4,98003,186
PSE,2024,7,98375,96
PAC,2020,11,98939,5
NWN,2025,4,98601,0
PSE,2025,5,98408,77
PSE,2020,4,98516,50
NWN,2022,3,98675,0
CNG,2023,9,98311,3
PAC,2023,4,99329,5
CNG,2023,1,99337,1
PSE,2021,2,98118,32
PAC,2024,5,98903,524
PSE,2021,8,98404,19
PSE,2022,2,98225,161
NWN,2021,10,98665,1
Avista,2024,5,99022,28
Avista,2022,2,99122,16
PSE,2022,9,98332,1
PSE,2023,1,98311,14
NWN,2022,12,98662,3
PSE,2025,5,98199,1
PSE,2023,3,98466,1
Avista,2022,2,99143,3
Avista,2025,7,99005,349
Avista,2022,5,99217,111
CNG,2020,8,98257,1
PAC,2023,8,99361,21
CNG,2023,8,98944,5
CNG,2025,1,98264,479
PSE,2023,3,98112,3
CNG,2024,7,98345,4
CNG,2021,3,99338,7
PAC,2022,7,98947,80
PAC,2023,10,98938,46
PSE,2022,4,98198,180
PSE,2021,6,98247,22
Avista,2024,9,99130,4
PSE,2021,9,98053,21
PSE,2021,5,98512,81
PSE,2021,11,98934,11
NWN,2022,9,98635,0
PSE,2021,11,98444,11
CNG,2022,10,98383,1
PSE,2022,7,98501,88
Avista,2025,8,99341,99
PSE,2022,11,98248,64
CNG,2024,2,98295,11
PSE,2023,7,98077,1
NWN,2020,3,98661,10
PSE,2023,5,98247,14
PSE,2024,3,98050,1
PSE,2025,2,98052,218
PSE,2023,4,98499,14
CNG,2023,5,99301,12
PSE,2023,6,98499,61
CNG,2021,5,98225,157
Avista,2023,8,99103,2
Avista,2022,2,99344,139
PSE,2021,12,98375,271
PAC,2020,1,98951,21
Avista,2025,12,99138,307
PSE,2025,2,98926,16
PSE,2025,6,98271,14
NWN,2023,8,98648,0
PSE,2025,1,98020,16
PSE,2024,8,98237,24
Avista,2025,7,99009,174
PSE,2020,5,98235,1
PSE,2023,9,98370,23
CNG,2024,2,98345,3
PSE,2024,1,98031,160
PSE,2021,1,98107,3
Avista,2024,5,99224,117
CNG,2025,4,98233,375
PSE,2023,7,98247,12
CNG,2024,9,98264,189
PSE,2022,4,98404,30
PSE,2022,7,98926,6
CNG,2020,3,99324,3
CNG,2023,2,98901,80
PSE,2023,6,98247,78
PSE,2021,12,98418,134
PSE,2024,8,98531,14
PSE,2021,12,98409,193
PSE,2022,2,98072,20
PSE,2023,4,98513,22
PSE,2023,10,98004,62
NWN,2022,1,98661,18
CNG,2024,5,98948,71
PSE,2020,12,98284,91
Avista,2022,3,99022,27
CNG,2020,11,98625,0
PSE,2021,2,98312,37
Avista,2024,12,99170,6
PSE,2024,9,98422,37
Avista,2021,5,99004,6
Avista,2025,10,99109,506
Avista,2020,8,99001,33
CNG,2024,3,98520,50
PSE,2025,2,98271,26
PSE,2021,12,98366,842
PSE,2024,2,98105,3
PSE,2024,1,98277,154
Avista,2025,4,99207,5823
PSE,2021,7,98103,4
PSE,2025,6,98223,2
PSE,2020,5,98007,94
Avista,2024,1,99176,2
PSE,2020,10,98225,52
PSE,2023,2,98295,2
PAC,2024,3,98944,862
PSE,2021,3,98055,64
Avista,2020,12,99006,94
PSE,2020,12,98029,36
CNG,2025,6,98229,414
Avista,2022,9,99204,32
PAC,2022,11,98936,89
Avista,2024,3,99403,154
PSE,2024,6,98392,35
PSE,2023,5,98597,47
PSE,2024,12,98047,32
PSE,2021,3,98372,30
PSE,2020,5,98943,1
Avista,2024,9,99217,111
PSE,2024,5,98106,15
PSE,2024,1,98020,6
PSE,2023,10,98002,218
PSE,2020,10,98053,10
PSE,2022,8,98019,5
PAC,2024,1,98933,20
PAC,2020,2,98939,5
CNG,2023,6,98908,7
PSE,2022,12,98177,64
CNG,2024,3,98563,8
Avista,2024,4,99137,5
PSE,2024,4,98002,323
Avista,2025,7,99031,44
NWN,2022,6,98026,0
NWN,2023,6,98620,0
PAC,2023,4,98908,655
PSE,2021,11,98146,7
PSE,2022,4,98354,2
PSE,2025,6,98240,7
PSE,2020,3,98576,11
CNG,2020,9,99301,8
PSE,2022,4,98342,10
CNG,2022,10,98944,5
Avista,2022,6,99029,7
CNG,2025,6,98223,440
NWN,2024,5,98119,0
PSE,2023,8,98024,2
NWN,2025,9,98612,0
Avista,2021,8,99012,2
Avista,2023,4,99205,126
PSE,2025,7,98387,88
Avista,2024,7,99163,222
PSE,2021,12,98253,16
Avista,2025,10,99014,19
PAC,2021,4,98947,17
PAC,2023,5,98933,18
Avista,2020,10,99402,3
PSE,2024,5,98277,118
NWN,2023,8,98675,0
PSE,2022,12,98502,902
PSE,2022,7,98403,1
Avista,2021,10,99004,6
PSE,2024,1,98112,3
PSE,2025,2,98257,38
NWN,2020,10,98119,0
PSE,2021,2,98155,7
PSE,2022,12,98439,231
PSE,2023,3,98014,7
PSE,2020,8,98332,3
CNG,2022,2,98276,1
Avista,2024,5,99018,5
PSE,2025,3,98065,20
PSE,2025,9,98502,49
Avista,2024,8,99103,5
Avista,2024,7,99103,4
PSE,2020,12,98276,1
CNG,2021,5,98248,91
PSE,2020,10,98404,11
CNG,2020,6,99362,18
PSE,2021,8,98503,123
PAC,2020,8,98921,9
Avista,2022,6,99021,31
PSE,2021,1,98925,6
NWN,2025,6,98605,0
PSE,2023,11,98359,5
Avista,2025,11,99030,84
CNG,2025,8,98367,177
Avista,2023,2,99005,17
NWN,2022,10,97663,0
PSE,2021,6,98284,36
NWN,2020,6,98648,0
CNG,2024,4,98903,64
PSE,2024,12,98059,69
PAC,2024,10,99347,44
Avista,2022,5,99159,14
PSE,2024,5,98002,438
NWN,2020,3,98602,0
CNG,2023,5,98801,1
PSE,2023,1,98118,52
PSE,2022,6,98503,106
PAC,2020,3,98936,7
PAC,2020,8,99329,2
PSE,2025,1,98121,1
CNG,2021,1,98223,8
PSE,2022,10,98407,1
PSE,2020,9,98934,4
PSE,2021,6,98033,31
NWN,2025,1,98127,0
NWN,2020,4,98660,4
PSE,2024,7,98244,17
Avista,2025,8,99218,1467
PSE,2023,2,98072,14
PSE,2022,4,98148,16
PAC,2023,5,98935,137
Avista,2024,8,99163,500
Avista,2021,3,99134,8
Avista,2025,4,99201,2457
Avista,2022,4,99039,3
Avista,2023,4,99125,2
PAC,2022,6,99347,35
PSE,2023,3,98580,7
PSE,2025,4,98043,35
Avista,2021,3,99158,4
NWN,2021,9,98762,0
CNG,2021,9,98273,7
PSE,2022,2,98002,268
Avista,2025,11,99101,198
PSE,2024,1,98296,9
PSE,2023,4,98229,70
PSE,2022,6,98005,17
PSE,2020,3,98166,1
PSE,2022,1,98354,1
Avista,2025,3,99143,74
PSE,2023,3,98055,49
NWN,2022,11,98648,0
PSE,2022,4,98444,10
PAC,2022,5,98901,1032
PAC,2024,9,99360,4
PSE,2025,7,98405,62
Avista,2024,4,99016,92
NWN,2020,8,98674,0
PSE,2022,2,98392,35
PSE,2021,6,98925,1
PSE,2020,3,98053,9
PSE,2024,5,98273,248
NWN,2021,9,98675,0
PAC,2020,11,99347,7
PSE,2023,8,98323,1
PSE,2023,7,98237,11
PSE,2020,10,98257,74
PSE,2023,3,98072,18
Avista,2020,4,99009,12
PSE,2023,8,98249,5
Avista,2020,8,99160,1
PSE,2020,4,98513,64
PSE,2023,7,98498,24
PSE,2023,11,98233,66
PSE,2025,3,98168,28
Avista,2025,2,99216,2152
Avista,2025,6,98648,43
NWN,2024,5,98682,28
PSE,2020,7,98328,1
Avista,2020,4,99157,11
PSE,2021,5,98359,4
NWN,2024,1,98663,5
Avista,2020,7,99008,1
CNG,2022,7,98221,14
PSE,2022,12,98383,257
PSE,2022,5,98224,1
NWN,2024,4,97031,0
PSE,2024,12,98117,5
PSE,2024,4,98274,75
CNG,2023,2,98264,28
PSE,2023,2,98277,33
Avista,2023,11,99130,8
PSE,2024,4,98321,33
CNG,2023,3,98901,25
Avista,2023,8,99037,9
PSE,2024,9,98226,44
CNG,2021,2,98948,4
NWN,2022,1,98605,0
PSE,2025,1,98274,57
PSE,2023,9,98576,5
PSE,2022,9,98059,8
Avista,2025,8,99102,85
NWN,2025,6,97388,0
Avista,2021,12,99027,60
CNG,2025,4,99337,134
PSE,2024,5,98260,16
Avista,2025,12,99160,42
PSE,2021,5,98005,24
Avista,2020,5,98620,2
PSE,2024,7,98273,86
NWN,2021,8,98668,0
NWN,2023,3,98639,0
PSE,2021,2,98032,138
CNG,2022,10,98337,5
PSE,2025,4,98335,8
PSE,2025,6,98232,12
PSE,2025,8,98444,28
Avista,2024,5,98648,3
PAC,2025,5,98951,151
PSE,2021,12,98077,26
PSE,2023,9,98392,33
PSE,2022,8,98392,18
PSE,2024,2,98366,53
PSE,2023,3,98418,1
PSE,2022,10,98340,3
PSE,2025,2,98007,154
PSE,2022,3,98391,78
PSE,2021,3,98337,18
PSE,2025,7,98144,49
CNG,2020,8,98524,0
NWN,2020,11,98668,0
PSE,2023,9,98589,7
PSE,2024,4,98229,79
PSE,2021,1,98023,95
Avista,2021,6,99102,4
PAC,2025,5,99348,7
CNG,2024,7,99336,81
PSE,2023,6,98047,68
Avista,2023,1,99141,34
PSE,2023,10,98136,3
Avista,2021,9,99158,2
Avista,2025,3,99216,2239
NWN,2022,9,98606,1
PSE,2024,11,98126,3
PSE,2021,5,98406,6
PSE,2024,4,98380,4
CNG,2024,2,98276,13
PSE,2022,1,98247,16
CNG,2024,8,98248,209
PSE,2024,7,98338,46
PSE,2020,9,98375,16
PSE,2025,8,98380,14
PSE,2023,6,98329,1
PSE,2021,1,98568,1
CNG,2024,11,98247,95
NWN,2025,5,98639,0
PSE,2024,1,98512,76
PSE,2024,11,98270,32
PSE,2023,4,98288,3
PSE,2025,9,98466,2
PSE,2022,9,98038,17
PSE,2020,3,98059,23
PSE,2024,8,98444,26
PSE,2021,3,98367,6
PSE,2023,9,98040,1
PSE,2022,9,98501,70
PSE,2025,4,98003,676
Avista,2020,4,99181,10
CNG,2025,8,98247,171
PSE,2023,10,98323,3
PSE,2025,1,98232,10
CNG,2025,9,99352,251
PSE,2022,5,98055,27
Avista,2021,11,99022,17
NWN,2025,9,98684,2
PSE,2020,3,98236,4
PSE,2020,6,98103,5
Avista,2024,11,99158,5
Avista,2022,9,99004,2
PSE,2021,4,98230,45
PSE,2021,7,98032,229
PSE,2021,12,98030,1158
PSE,2022,4,98072,11
PSE,2025,2,98327,12
PSE,2025,2,98006,91
Avista,2025,10,99004,297
PSE,2021,12,98396,13
PSE,2024,4,98502,204
PSE,2022,8,98267,1
PSE,2025,2,98224,1
PSE,2023,7,98236,9
PSE,2020,7,98439,22
PSE,2025,6,98122,17
PSE,2025,2,98568,2
PSE,2024,6,98391,158
PSE,2023,3,98404,16
NWN,2023,1,98208,0
PSE,2023,2,98288,1
Avista,2022,3,99185,10
PSE,2022,6,98033,20
Avista,2023,6,99208,142
PSE,2020,5,98042,138
PSE,2021,3,98273,116
CNG,2023,4,98292,1
Avista,2020,3,99212,208
PSE,2022,12,98421,1
Avista,2025,11,99161,136
CNG,2025,7,98520,207
CNG,2021,5,98223,52
PSE,2024,2,98168,38
PSE,2025,1,98052,298
PSE,2023,8,98579,16
PSE,2023,2,98201,18
PAC,2022,2,98948,503
CNG,2021,8,98264,16
PSE,2023,2,98019,11
CNG,2023,6,98584,2
PSE,2021,6,98321,15
PSE,2024,1,98391,27
Avista,2025,9,99029,107
PSE,2021,8,98366,38
PSE,2021,11,98052,47
PSE,2020,3,98240,1
PSE,2024,1,98077,9
PAC,2024,3,99350,2
PAC,2022,6,98937,45
PSE,2023,10,98039,1
CNG,2025,8,98292,157
CNG,2020,3,98367,0
PAC,2024,9,98930,433
PAC,2022,4,99323,18
PSE,2021,10,98203,1
CNG,2024,8,98942,51
CNG,2022,7,99344,3
PSE,2024,1,98596,2
Avista,2025,7,99022,582
PSE,2025,6,98106,11
PSE,2024,12,98290,5
PSE,2023,4,98045,5
NWN,2020,4,98648,0
PSE,2022,9,98226,36
Avista,2021,9,99344,40
CNG,2020,3,98226,17
NWN,2024,4,98668,0
PSE,2020,10,98237,23
PSE,2021,1,98239,16
CNG,2022,12,98274,7
PSE,2021,4,98506,62
PAC,2021,5,98932,17
PSE,2024,5,98934,17
Avista,2024,10,99403,123
PSE,2023,7,98005,9
NWN,2020,3,98026,0
Avista,2021,11,99001,35
PSE,2025,2,98946,2
PSE,2021,7,98070,13
Avista,2021,12,99181,21
NWN,2022,2,97388,0
Avista,2022,8,99157,7
PSE,2024,12,98065,35
Avista,2023,2,99037,10
Avista,2025,6,99344,1439
CNG,2024,7,98274,109
PSE,2024,7,98224,1
NWN,2020,3,98635,0
CNG,2020,11,98802,2
PAC,2020,10,98936,10
Avista,2024,4,99148,14
PSE,2024,3,98340,6
PAC,2023,11,98930,445
Avista,2024,11,99341,3
PSE,2021,5,98021,5
PSE,2021,11,98531,18
PSE,2025,4,98284,170
PSE,2020,5,98224,2
PSE,2020,12,98028,31
PSE,2024,1,98342,10
Avista,2021,2,99212,114
Avista,2023,8,99403,56
PSE,2024,10,98506,59
Avista,2020,8,99012,6
Avista,2025,2,99032,103
NWN,2023,12,98675,0
CNG,2023,3,98520,9
PSE,2023,10,98028,64
Avista,2025,7,99101,192
PAC,2023,6,98901,1429
Avista,2020,11,99012,3
PSE,2025,5,98004,88
CNG,2021,5,98837,11
PSE,2024,8,98940,3
PSE,2021,12,98262,9
PSE,2021,2,98110,8
PSE,2021,7,98360,7
NWN,2025,7,98604,2
PSE,2024,10,98422,9
PSE,2024,7,98047,30
NWN,2024,10,98675,0
PSE,2024,3,98580,12
PSE,2021,8,98188,66
Avista,2024,2,99025,15
PSE,2020,8,98237,7
Avista,2021,2,99159,6
CNG,2025,9,99324,146
PSE,2025,1,98237,46
PSE,2022,1,98030,274
PSE,2022,10,98040,3
PSE,2021,6,98168,10
Avista,2025,12,99137,76
PSE,2025,6,98198,304
NWN,2021,12,98660,1
Avista,2022,1,99029,6
Avista,2023,10,99012,22
PSE,2023,12,98284,75
PSE,2024,2,98580,9
Avista,2024,9,99148,22
PSE,2022,3,98516,71
CNG,2022,10,98277,1
CNG,2022,7,99336,1
PSE,2022,4,98312,46
PAC,2022,7,98938,37
PSE,2024,3,98532,4
PSE,2024,7,98272,4
PSE,2025,1,98342,12
PSE,2025,4,98047,65
Avista,2024,8,99171,16
PSE,2025,3,98144,6
PAC,2024,3,99348,11
Avista,2025,1,99004,262
Avista,2023,8,99110,2
PSE,2024,3,98272,10
PSE,2022,12,98579,303
PSE,2022,7,98405,13
PSE,2023,10,98188,39
CNG,2021,4,98257,10
PSE,2024,2,98087,21
PSE,2021,3,98311,22
PSE,2020,8,98277,98
PSE,2025,8,98580,14
NWN,2022,8,98663,4
CNG,2020,3,98229,9
CNG,2021,1,98233,10
CNG,2020,3,98230,10
PSE,2022,12,98390,346
PSE,2022,4,98203,9
PSE,2025,7,98059,214
PSE,2022,4,98244,12
PAC,2025,1,98939,11
Avista,2020,12,99122,5
CNG,2023,9,98367,1
NWN,2020,8,98671,0
Avista,2020,8,99403,61
PSE,2023,12,98144,10
PSE,2023,2,98144,3
Avista,2022,10,99217,73
Avista,2025,6,99122,249
PSE,2022,4,98327,1
NWN,2023,3,98635,0
PSE,2025,6,98116,1
CNG,2022,11,98282,1
Avista,2024,4,99025,15
CNG,2024,9,98310,177
PSE,2021,2,98002,164
CNG,2022,2,98310,6
PSE,2023,6,98943,7
Avista,2021,5,99032,3
PAC,2023,5,98947,127
PSE,2021,4,98446,6
PSE,2021,12,98055,536
CNG,2025,6,98370,128
CNG,2024,5,99354,13
NWN,2021,2,98663,2
Avista,2022,5,99008,4
NWN,2025,8,97031,0
CNG,2021,2,98383,1
NWN,2025,9,97388,0
PSE,2021,4,98375,40
PSE,2024,11,98056,123
PSE,2020,4,98117,3
PSE,2022,2,98126,35
PSE,2023,12,98407,3
Avista,2022,11,99159,10
PSE,2022,1,98271,8
NWN,2021,4,98607,3
PSE,2021,11,98276,2
PSE,2023,3,98178,9
Avista,2021,10,99102,10
Avista,2022,4,99158,9
PAC,2024,1,98930,453
Avista,2021,5,99109,22
PSE,2022,1,98003,424
CNG,2020,4,98908,5
CNG,2021,5,98276,10
PSE,2023,4,98059,20
PSE,2023,2,98010,12
PSE,2023,8,98360,16
CNG,2024,9,98550,75
PSE,2025,3,98940,4
Avista,2024,12,99027,27
PSE,2022,4,98092,177
PSE,2024,1,98019,31
PSE,2024,10,98513,105
Avista,2023,1,99001,24
PAC,2025,3,99362,762
PSE,2020,4,98498,36
NWN,2021,11,97301,0
Avista,2023,1,99171,18
NWN,2024,6,97301,0
NWN,2022,12,97663,0
PSE,2022,2,98296,6
PSE,2023,6,98255,6
NWN,2024,6,98617,0
CNG,2021,9,98225,6
PAC,2022,12,99329,3
PAC,2024,12,98944,777
CNG,2023,2,98902,232
Avista,2022,2,99207,423
CNG,2025,6,98908,583
CNG,2025,7,98908,578
NWN,2025,5,98629,1
PSE,2024,7,98045,7
Avista,2021,1,99021,16
PSE,2023,2,98310,15
NWN,2023,1,98127,0
CNG,2024,8,98232,3
NWN,2025,3,98125,0
CNG,2021,1,99352,4
Avista,2021,4,99022,39
NWN,2021,5,97301,0
PSE,2021,12,98266,274
Avista,2021,4,99114,66
Avista,2022,5,99114,99
Avista,2021,6,99039,2
PSE,2025,8,98270,38
Avista,2021,9,99205,132
PSE,2021,7,98031,171
Avista,2023,3,99022,24
PAC,2022,7,98944,653
Avista,2023,10,99179,13
PSE,2021,4,98236,11
CNG,2020,11,98557,0
PSE,2022,1,98072,24
NWN,2020,3,98660,5
PSE,2020,7,98579,25
Avista,2021,9,99020,1
PSE,2025,6,98396,5
PSE,2024,1,98262,2
PSE,2024,8,98092,227
PSE,2022,12,98321,235
PAC,2024,11,99324,118
PSE,2020,6,98042,126
PSE,2023,5,98327,2
CNG,2021,8,98557,1
PSE,2023,5,98118,29
NWN,2023,12,98635,0
Avista,2021,11,99204,38
PSE,2024,5,98391,102
NWN,2024,6,98660,7
CNG,2024,12,99354,99
PSE,2021,2,98112,1
CNG,2023,2,98801,6
PSE,2020,12,98271,5
NWN,2025,6,98617,0
CNG,2020,8,98311,2
CNG,2021,2,99354,1
PSE,2020,12,98133,11
PSE,2021,11,98221,38
CNG,2022,10,99362,2
PSE,2021,11,98040,2
NWN,2025,3,98683,3
Avista,2025,10,99016,1531
PSE,2022,6,98294,3
Avista,2021,10,99031,4
PSE,2021,7,98229,35
NWN,2024,3,98686,6
PAC,2020,7,98952,2
PSE,2025,3,98273,239
PAC,2022,2,99360,9
PSE,2022,6,98092,130
Avista,2023,9,99141,19
PSE,2023,5,98070,16
PSE,2021,11,98021,4
PSE,2025,2,98199,1
CNG,2025,2,98632,57
NWN,2024,12,98617,0
CNG,2025,1,98563,47
CNG,2021,7,98930,2
PSE,2025,9,98012,8
PSE,2021,10,98198,36
PSE,2021,11,98058,135
Avista,2025,2,98648,37
Avista,2020,3,99371,3
PSE,2024,11,98010,28
CNG,2025,5,98837,61
Avista,2024,1,99207,638
PSE,2023,7,98003,104
PSE,2020,11,98118,24
Avista,2024,11,99111,11
PSE,2024,6,98208,16
Avista,2023,2,99012,3
CNG,2021,6,98277,4
Avista,2024,4,99205,456
PSE,2023,3,98506,24
PSE,2023,7,98053,6
PSE,2022,8,98516,33
PSE,2023,1,98466,6
NWN,2025,2,98664,8
NWN,2022,10,98664,0
PSE,2023,6,98409,61
CNG,2025,7,98366,594
PSE,2021,2,98117,3
CNG,2022,4,98233,20
Avista,2021,3,99021,34
CNG,2025,2,98229,352
NWN,2023,11,98628,0
PSE,2023,6,98121,9
CNG,2023,9,98908,2
PSE,2024,12,98367,93
NWN,2020,7,98639,0
PSE,2021,11,98133,5
PAC,2023,9,98944,811
PSE,2021,7,98198,101
NWN,2024,11,98668,0
PSE,2021,10,98446,2
CNG,2021,8,98944,7
PSE,2022,3,98026,13
PAC,2025,6,99362,479
PAC,2023,6,99361,21
PSE,2020,3,98074,4
PAC,2023,6,98953,97
PSE,2022,2,98052,100
PSE,2021,2,98075,4
Avista,2025,1,99218,1392
PSE,2025,4,98501,187
CNG,2020,10,98908,10
Avista,2024,4,99138,42
PSE,2021,1,98106,10
Avista,2025,4,99163,2643
PSE,2023,3,98346,34
PAC,2020,12,98948,20
CNG,2021,3,98674,2
PSE,2021,11,98312,22
Avista,2022,12,99030,1
PSE,2024,4,98155,9
CNG,2025,2,98674,37
PSE,2020,11,98236,9
Avista,2025,7,98620,123
PSE,2024,6,98070,9
PSE,2022,1,98284,58
Avista,2025,9,99185,137
PAC,2023,5,98901,1456
NWN,2021,10,98648,0
PSE,2020,10,98199,1
PSE,2025,1,98208,48
PSE,2024,11,98027,102
PSE,2024,4,98040,14
PSE,2025,1,98108,39
PSE,2021,8,98230,21
PSE,2023,12,98327,1
PSE,2025,5,98045,38
PSE,2025,9,98121,4
PSE,2025,2,98405,11
PSE,2022,9,98047,12
Avista,2020,8,99034,1
PSE,2022,1,98029,39
NWN,2025,8,97388,0
NWN,2020,11,98684,1
Avista,2024,12,99014,4
PSE,2021,4,98011,52
Avista,2024,10,99126,5
Avista,2025,5,99016,1521
PAC,2025,2,98942,200
Avista,2023,7,99167,2
Avista,2021,6,99111,15
PAC,2025,5,98948,145
PSE,2024,1,98221,46
CNG,2023,9,99337,1
CNG,2021,3,98848,1
Avista,2023,8,99167,2
PAC,2024,4,99328,117
PAC,2021,3,98944,52
CNG,2024,10,98247,87
PAC,2023,5,98951,369
PSE,2024,11,98255,1
PSE,2023,7,98010,3
NWN,2020,6,98671,1
Avista,2022,12,99216,96
PSE,2025,6,98264,60
NWN,2023,12,98660,11
Avista,2025,7,99131,22
NWN,2020,12,98664,5
Avista,2022,2,99020,1
PSE,2023,3,98312,32
Avista,2024,3,99170,13
PSE,2025,4,98513,115
Avista,2025,12,99223,3113
PSE,2021,8,98014,1
PSE,2023,9,98105,1
NWN,2022,5,98666,0
CNG,2023,5,98220,3
Avista,2021,1,99138,3
Avista,2020,8,99143,5
Avista,2022,3,99008,4
PSE,2022,3,98925,1
PSE,2021,12,98027,276
PSE,2023,10,98276,1
CNG,2020,4,99337,3
PAC,2022,1,98936,86
Avista,2024,7,99181,19
PSE,2024,7,98346,84
CNG,2025,1,98951,66
Avista,2021,6,99006,29
PSE,2025,7,98266,39
CNG,2024,11,98674,9
Avista,2024,9,99122,15
PSE,2020,7,98576,11
PAC,2020,7,99347,6
CNG,2024,7,98257,16
PSE,2021,2,98134,1
CNG,2021,6,98951,2
PAC,2021,2,98938,3
Avista,2025,12,99201,2455
PSE,2021,6,98271,6
NWN,2022,11,98661,0
Avista,2023,11,99025,12
PSE,2025,4,98051,19
Avista,2023,11,99138,29
CNG,2022,7,98944,5
PSE,2024,2,98271,12
CNG,2020,6,98248,19
NWN,2020,8,98628,0
PAC,2025,1,99363,5
Avista,2025,6,99033,142
PSE,2025,7,98034,224
PSE,2020,6,98284,46
PAC,2022,4,99350,2
CNG,2021,4,98632,8
PSE,2023,5,98260,6
Avista,2021,3,99217,147
PSE,2025,8,98372,87
PSE,2023,4,98236,6
PSE,2024,7,98072,16
PSE,2024,11,98052,150
PSE,2024,10,98036,7
NWN,2025,5,97031,0
PSE,2024,5,98579,60
Avista,2020,8,99163,58
Avista,2022,12,99207,289
PSE,2024,9,98579,22
NWN,2024,10,98639,0
Avista,2024,6,99158,5
NWN,2022,4,98663,357
Avista,2021,1,99201,44
Avista,2020,12,99134,3
Avista,2025,9,99036,2
PSE,2020,7,98943,1
CNG,2020,12,98232,0
CNG,2022,8,98295,1
Avista,2022,10,99216,82
Avista,2020,4,99212,128
NWN,2020,12,98672,1
PSE,2025,5,98405,59
PAC,2022,8,98948,360
CNG,2025,9,98541,38
Avista,2025,11,99117,41
PSE,2022,12,98236,82
PSE,2023,11,98053,32
CNG,2023,7,98221,10
CNG,2024,6,98801,10
PSE,2022,7,98370,22
PSE,2021,1,98057,33
PSE,2021,6,98021,5
PSE,2021,8,98310,31
NWN,2020,6,98607,6
CNG,2020,9,99362,12
NWN,2020,10,98026,0
NWN,2022,9,97301,0
CNG,2025,5,98901,437
Avista,2022,4,99179,2
Avista,2023,8,99158,7
NWN,2021,12,98626,0
Avista,2025,6,99039,21
NWN,2023,7,98604,8
PSE,2021,10,98155,10
PSE,2024,3,98337,30
CNG,2022,1,98932,2
PSE,2025,3,98255,2
Avista,2022,4,99021,41
PSE,2022,8,98338,11
PAC,2020,2,98932,18
Avista,2021,10,99111,29
PSE,2023,3,98925,4
NWN,2023,3,98660,6
PSE,2022,9,98346,86
PSE,2021,9,98579,66
CNG,2023,4,98273,18
PAC,2021,2,98909,0
PSE,2023,11,98337,17
PSE,2024,4,98292,2
Avista,2024,1,99202,378
Avista,2021,3,99030,2
CNG,2020,7,98264,15
PSE,2022,2,98922,24
CNG,2020,11,99350,0
PSE,2021,10,98253,2
Avista,2025,6,99173,290
PSE,2023,7,98253,3
CNG,2020,9,98230,5
PSE,2025,1,98112,7
Avista,2021,2,99104,1
PSE,2021,4,98008,75
NWN,2022,3,98642,3
PSE,2022,6,98198,103
NWN,2024,11,98607,3
PSE,2023,11,98221,73
PSE,2021,9,98422,14
PSE,2024,3,98036,13
Avista,2024,1,99403,238
PSE,2023,3,98271,6
Avista,2020,10,99033,12
PSE,2020,5,98390,34
NWN,2021,1,98684,11
CNG,2022,8,98247,8
PSE,2024,9,98020,1
NWN,2021,7,98664,8
PSE,2020,3,98168,8
NWN,2021,5,98607,3
PAC,2025,7,98939,6
Avista,2021,4,99039,3
PSE,2021,2,98020,3
Avista,2024,3,99402,5
PSE,2021,3,98226,267
PSE,2023,3,98019,16
PAC,2020,6,98948,23
PSE,2021,4,98133,14
Avista,2020,11,99031,1
PSE,2022,3,98503,137
PSE,2021,1,98230,22
PAC,2022,2,99328,123
CNG,2024,11,99324,66
PSE,2023,7,98467,3
Avista,2024,6,99129,2
CNG,2023,7,99352,1
PSE,2024,12,98051,4
CNG,2024,3,98848,1
CNG,2020,10,99324,3
PSE,2020,11,98106,4
PAC,2020,10,98903,22
Avista,2021,10,99026,8
PSE,2025,1,98332,15
CNG,2021,3,98244,2
PSE,2023,4,98596,1
CNG,2020,7,98944,8
PSE,2024,4,98424,5
Avista,2020,5,99224,52
PSE,2020,6,98236,5
PAC,2024,7,99324,126
PSE,2023,10,98177,7
PSE,2025,2,98136,3
CNG,2022,3,98233,20
PSE,2022,2,98029,49
PSE,2025,3,98370,97
PSE,2020,12,98338,23
PSE,2025,4,98260,20
PSE,2022,4,98230,26
PSE,2024,7,98391,179
CNG,2024,7,98802,5
PAC,2025,2,99361,18
PSE,2022,7,98444,4
PSE,2021,11,98008,30
Avista,2025,9,99101,191
Avista,2022,1,99018,2
PSE,2022,1,98558,1
PSE,2020,12,98232,6
PSE,2024,4,98406,5
PSE,2021,9,98077,8
CNG,2025,9,98232,6
PSE,2022,12,98229,532
PSE,2024,11,98439,18
Avista,2021,12,99344,106
Avista,2021,10,99009,10
PSE,2021,4,98267,3
NWN,2022,6,98666,0
PSE,2023,8,98345,1
PSE,2022,12,98531,207
PAC,2023,12,99361,21
PSE,2023,7,98029,30
PSE,2021,12,98466,86
Avista,2022,7,99031,2
Avista,2024,9,99005,16
PSE,2025,2,98267,1
PSE,2022,10,98106,1
PSE,2020,3,98466,2
PSE,2025,9,98934,6
NWN,2020,10,98682,1
CNG,2022,11,99362,6
Avista,2025,12,99212,2986
NWN,2021,5,98684,6
CNG,2021,1,98276,2
PSE,2021,3,98014,5
CNG,2023,5,99338,1
PSE,2024,2,98118,31
Avista,2023,1,99022,19
Avista,2022,2,99111,8
PSE,2024,11,98220,2
NWN,2021,3,98610,2
Avista,2021,11,99128,4
PSE,2025,6,98008,60
PSE,2022,4,98445,12
NWN,2020,5,98629,0
Avista,2025,7,99161,142
CNG,2022,5,98942,2
PSE,2024,8,98338,86
PAC,2021,1,98942,10
PSE,2020,12,98023,116
PSE,2023,10,98006,65
PSE,2024,4,98006,60
PSE,2020,4,98244,4
PSE,2022,1,98530,3
NWN,2021,9,98648,0
PSE,2025,6,98004,74
PSE,2022,1,98321,17
PAC,2023,8,98953,97
PSE,2020,8,98122,2
CNG,2021,2,98944,15
PSE,2023,10,98332,5
PSE,2025,2,98247,27
PSE,2020,11,98248,46
PSE,2025,2,98106,11
PSE,2020,5,98144,9
CNG,2024,8,98233,157
PSE,2025,8,98589,25
CNG,2024,11,98367,50
CNG,2025,1,99301,981
PSE,2020,6,98201,12
Avista,2025,7,99206,2829
PSE,2023,3,98244,6
Avista,2020,8,99207,277
PSE,2021,6,98232,1
Avista,2021,1,99008,2
Avista,2022,2,99027,36
Avista,2020,10,99203,72
PSE,2020,3,98284,39
PSE,2020,8,98019,4
PSE,2025,9,98011,4
PSE,2024,12,98596,4
Avista,2025,1,99326,17
CNG,2024,1,98903,77
CNG,2020,4,98932,2
Avista,2020,12,99203,208
PSE,2020,6,98257,12
NWN,2020,12,98607,4
PSE,2022,2,98198,167
PSE,2025,2,98045,30
PSE,2024,8,98576,16
CNG,2020,11,98292,2
Avista,2023,1,99009,9
NWN,2023,7,98127,0
PSE,2023,8,98373,30
CNG,2021,1,99336,9
Avista,2020,9,99173,16
Avista,2025,3,98620,118
NWN,2020,11,98610,0
NWN,2022,3,98668,0
Avista,2021,5,99101,4
CNG,2023,3,98312,3
PSE,2023,8,98022,34
Avista,2023,4,99016,36
PSE,2023,11,98503,197
Avista,2020,6,99022,11
Avista,2024,7,99111,21
PAC,2022,11,98933,12
PSE,2020,11,98260,10
PSE,2023,9,98031,77
Avista,2021,6,99138,13
PSE,2023,9,98580,5
PSE,2020,4,98056,54
PSE,2025,7,98366,283
CNG,2024,10,99336,110
Avista,2021,8,99130,3
Avista,2025,8,99103,47
PSE,2025,3,98019,26
PAC,2022,2,98901,1265
Avista,2023,5,99016,44
NWN,2021,12,98612,0
PSE,2022,5,98201,11
Avista,2021,11,99219,0
PSE,2022,9,98422,2
Avista,2020,6,99185,2
Avista,2021,5,99039,2
NWN,2024,4,98671,5
Avista,2025,5,99208,6168
CNG,2020,10,98936,2
Avista,2021,1,99216,45
NWN,2023,1,98604,11
Avista,2023,4,99022,8
PSE,2020,9,98146,6
CNG,2024,8,98230,135
PSE,2023,2,98042,54
PSE,2023,4,98531,11
PSE,2021,8,98023,146
PAC,2022,8,98901,1113
CNG,2023,6,98221,9
Avista,2025,10,99169,266
Avista,2024,9,99157,10
Avista,2020,4,99137,3
PSE,2024,6,98221,51
Avista,2021,8,99111,8
PSE,2022,7,98077,1
CNG,2024,7,98557,5
PSE,2022,3,98006,26
PSE,2024,3,98188,85
Avista,2025,12,99217,2511
PAC,2020,4,98901,28
PSE,2020,6,98530,2
PAC,2025,3,99360,4
PAC,2024,2,99324,151
PSE,2024,6,98374,180
PSE,2025,9,98370,17
PSE,2021,4,98443,2
CNG,2024,11,99362,320
NWN,2020,7,98629,0
PSE,2022,4,98941,2
PSE,2025,3,98249,26
Avista,2022,10,99169,14
PSE,2020,4,98404,15
PSE,2023,6,98391,260
CNG,2024,8,98674,5
PSE,2024,4,98034,96
PSE,2022,9,98006,17
PSE,2021,7,98007,23
PAC,2025,4,98948,76
Avista,2020,11,99131,3
Avista,2024,3,99004,14
PSE,2022,2,98270,56
PSE,2020,6,98251,1
PAC,2020,8,99348,3
CNG,2025,8,98801,49
Avista,2023,11,99179,1
NWN,2024,1,98639,2
Avista,2023,10,99130,34
PSE,2025,1,98371,165
CNG,2022,2,98930,5
Avista,2022,10,99020,1
PSE,2022,2,98940,3
PAC,2021,5,98952,1
CNG,2023,11,98550,2
Avista,2022,11,99224,114
PSE,2021,2,98374,53
PSE,2025,7,98267,6
CNG,2024,8,98229,174
PSE,2021,11,98126,7
Avista,2023,9,99117,1
PSE,2023,11,98387,43
PAC,2020,4,99360,2
Avista,2021,5,99114,45
CNG,2024,6,98244,1
PSE,2023,9,98498,20
PSE,2022,4,98116,2
Avista,2021,5,99020,1
PSE,2020,12,98445,22
Avista,2024,8,99031,10
PSE,2024,1,98119,1
PSE,2021,11,98596,1
PSE,2023,11,98012,22
CNG,2024,4,98942,51
PSE,2022,10,98019,5
PSE,2024,2,98270,39
PSE,2024,8,98023,171
PSE,2025,7,98109,13
Avista,2024,8,99039,1
Avista,2022,1,99111,15
Avista,2021,11,99176,2
PSE,2022,12,98023,1424
Avista,2022,11,99138,6
PSE,2020,6,98266,25
Avista,2023,10,99208,1630
Avista,2022,12,99003,10
PAC,2025,8,98952,3
Avista,2025,2,99143,69
PSE,2021,1,98011,34
CNG,2021,1,98274,10
PSE,2021,10,98117,1
PSE,2024,2,98188,79
Avista,2025,8,99157,113
Avista,2022,6,99170,9
PSE,2021,5,98391,51
Avista,2024,2,99126,14
CNG,2025,9,98802,16
NWN,2023,7,98635,0
Avista,2024,8,99161,24
PSE,2021,8,98294,5
PSE,2023,10,98335,2
CNG,2022,7,98311,2
PSE,2024,5,98392,46
Avista,2025,12,98620,126
PSE,2022,6,98051,1
Avista,2023,12,99006,107
Avista,2024,8,99125,7
PAC,2022,2,98952,31
PSE,2021,8,98257,88
NWN,2022,4,98639,50
PSE,2022,12,98946,11
PSE,2023,11,98223,1
PSE,2020,9,98372,30
CNG,2020,9,98520,1
PSE,2021,10,98118,2
PAC,2022,6,98953,81
PSE,2021,10,98516,57
CNG,2023,8,98802,1
Avista,2022,7,99205,274
NWN,2021,5,98674,0
PSE,2024,11,98070,22
PSE,2021,9,98327,10
CNG,2020,5,98902,13
PSE,2024,4,98201,20
PSE,2022,2,98226,258
PSE,2022,3,98283,2
Avista,2024,5,99218,114
Avista,2024,7,99013,13
PSE,2021,5,98465,2
Avista,2020,6,99131,2
PSE,2020,12,98032,138
Avista,2025,10,99030,83
PSE,2025,4,98597,120
PSE,2020,3,98335,3
CNG,2024,6,98220,4
CNG,2020,5,98247,5
PSE,2022,5,98239,5
PAC,2021,4,98942,49
PSE,2023,12,98003,275
PSE,2021,2,98148,12
NWN,2024,9,98604,0
PSE,2023,6,98070,53
Avista,2023,4,99030,2
Avista,2022,6,99157,4
PSE,2025,6,98230,43
PSE,2023,1,98290,3
Avista,2021,6,99170,4
PSE,2022,11,98177,1
PSE,2025,1,98373,184
NWN,2025,9,97301,0
PSE,2023,7,98177,2
CNG,2020,3,98901,27
CNG,2021,5,98625,1
CNG,2020,6,98232,0
PSE,2021,6,98199,4
Avista,2023,6,99012,2
Avista,2021,8,99141,22
Avista,2025,4,99185,136
PAC,2022,5,98933,13
CNG,2023,6,99337,2
PSE,2023,9,98226,53
PSE,2025,1,98101,1
Avista,2020,7,99110,1
PSE,2025,7,98208,37
NWN,2022,5,98685,829
PAC,2024,7,98901,1078
PAC,2020,9,98936,8
PSE,2023,12,98340,2
NWN,2025,7,98675,0
PSE,2021,1,98375,22
NWN,2022,3,98606,1
NWN,2025,8,98127,0
Avista,2025,4,99164,1
PSE,2025,6,98465,4
Avista,2021,12,99202,205
Avista,2020,7,99125,2
PSE,2020,8,98203,6
CNG,2024,3,98557,5
CNG,2020,5,98903,1
CNG,2022,1,98273,26
CNG,2023,4,98936,2
PAC,2025,9,99363,5
PAC,2022,12,98951,316
CNG,2020,8,98837,2
PSE,2024,5,98296,6
Avista,2024,5,99109,14
CNG,2020,8,98292,0
CNG,2023,2,98802,4
PSE,2021,6,98037,5
PSE,2022,4,98247,21
CNG,2024,11,98948,101
PSE,2021,11,98225,107
Avista,2023,9,99326,1
PSE,2024,12,98406,8
Avista,2021,11,99111,17
Avista,2022,12,99122,14
Avista,2025,1,98620,113
PSE,2024,10,98940,3
PSE,2021,12,98530,30
Avista,2021,6,99126,4
PSE,2022,1,98467,3
Avista,2023,9,99102,2
PAC,2020,10,99350,1
Avista,2023,9,99110,2
Avista,2024,6,99167,5
PSE,2021,6,98295,3
PSE,2021,2,98258,14
CNG,2022,4,98229,16
CNG,2023,10,98223,6
PSE,2022,4,98108,36
Avista,2020,7,99040,3
PSE,2025,8,98024,7
PSE,2021,9,98264,69
PSE,2025,1,98022,126
Avista,2024,4,99101,10
PSE,2022,9,98040,3
PAC,2020,11,99363,1
Avista,2022,12,99148,15
PSE,2025,7,98004,103
PSE,2024,3,98021,13
CNG,2020,10,98524,0
CNG,2024,8,98520,75
CNG,2024,10,98944,157
PSE,2020,4,98296,4
CNG,2020,9,98674,0
PSE,2025,8,98021,12
PSE,2023,6,98042,289
PSE,2020,9,98424,1
PSE,2024,8,98328,3
PSE,2022,1,98032,240
PSE,2023,6,98531,55
Avista,2021,1,99040,17
Avista,2024,2,99111,36
PAC,2023,4,98935,135
NWN,2023,2,98664,17
Avista,2021,11,99027,46
PSE,2022,10,98037,1
PSE,2024,1,98021,13
PSE,2022,3,98922,25
Avista,2024,11,99181,12
NWN,2023,3,98119,0
PSE,2022,3,98008,30
CNG,2024,10,98277,121
Avista,2023,5,99130,9
Avista,2021,7,99181,7
CNG,2024,3,98225,201
Avista,2022,11,98620,2
Avista,2022,6,99006,44
PSE,2024,1,98531,20
Avista,2021,8,98620,2
CNG,2025,6,98936,143
Avista,2022,7,99126,7
PSE,2023,11,98294,5
Avista,2025,2,99109,458
CNG,2025,1,98312,435
PSE,2021,9,98580,22
PSE,2022,7,98001,38
PAC,2022,11,99361,19
Avista,2021,10,99218,60
NWN,2020,12,98682,20
PSE,2022,10,98503,78
NWN,2021,3,98606,0
NWN,2020,8,98686,2
CNG,2024,7,99323,2
PSE,2024,6,98367,28
Avista,2024,5,99185,9
PSE,2024,7,98422,7
PSE,2024,2,98074,18
PAC,2021,6,98953,5
PSE,2022,7,98367,14
PSE,2020,8,98056,41
PSE,2020,4,98941,3
NWN,2021,8,98864,0
PSE,2023,8,98338,15
PSE,2022,1,98005,35
PSE,2020,7,98198,89
PSE,2023,9,98033,7
PSE,2025,9,98249,4
Avista,2022,6,99176,1
NWN,2020,12,98671,9
PAC,2024,6,98908,558
Avista,2022,10,99344,60
CNG,2023,11,98951,5
NWN,2021,7,98642,1
PSE,2023,3,98444,5
PSE,2024,6,98296,4
PSE,2023,9,98052,9
NWN,2024,3,98607,0
PSE,2025,2,98042,143
CNG,2020,6,99337,0
PSE,2020,6,98275,6
CNG,2020,9,98226,22
PSE,2025,5,98021,40
Avista,2023,4,99031,2
PSE,2024,8,98003,272
Avista,2022,2,99130,8
PSE,2025,9,98148,12
CNG,2024,1,98366,74
Avista,2020,3,99171,14
PSE,2021,12,98236,66
CNG,2020,6,98550,6
PSE,2021,12,98258,85
Avista,2022,9,99030,2
CNG,2023,8,98248,13
Avista,2022,3,99134,8
CNG,2025,9,98345,8
Avista,2021,11,99033,18
PAC,2022,4,98939,10
PSE,2021,4,98407,6
PSE,2020,6,98273,69
CNG,2022,11,98276,3
PSE,2024,1,98043,13
CNG,2021,10,99362,11
PAC,2024,5,98908,564
Avista,2024,1,99223,396
PSE,2020,7,98346,48
Avista,2025,11,99032,112
PSE,2025,6,98270,70
Avista,2023,2,99008,1
PSE,2024,2,98226,223
Avista,2024,11,99223,113
PSE,2020,11,98240,4
PSE,2022,12,98258,169
PSE,2021,1,98236,10
PAC,2023,2,98938,43
PSE,2023,2,98264,23
PSE,2021,6,98405,7
CNG,2024,6,98232,1
PSE,2023,5,98043,5
PSE,2022,8,98106,6
PSE,2024,8,98038,54
PSE,2022,10,98418,4
Avista,2021,7,99006,23
NWN,2023,7,98606,0
PSE,2023,4,98199,2
Avista,2022,6,99040,17
PSE,2022,6,98277,36
PSE,2020,9,98532,2
PSE,2024,11,98014,11
PAC,2022,4,98903,436
CNG,2023,5,98948,4
PSE,2021,9,98273,181
CNG,2024,12,98292,121
NWN,2021,6,98663,2
PSE,2023,7,98072,11
PSE,2022,5,98002,144
PSE,2022,5,98380,1
CNG,2023,8,98295,1
PSE,2020,10,98926,15
NWN,2020,9,98686,1
PSE,2022,8,98271,1
PSE,2020,12,98230,25
PAC,2022,6,98935,120
CNG,2023,8,99336,2
Avista,2022,10,99218,38
PAC,2023,8,99347,30
PAC,2023,3,99329,4
CNG,2022,7,98230,23
PSE,2022,7,98024,1
NWN,2021,4,98665,11
CNG,2021,9,98223,4
NWN,2022,11,98672,0
Avista,2023,5,99026,6
Avista,2021,10,98857,0
PSE,2021,8,98065,4
PSE,2024,8,98166,18
Avista,2023,5,99012,2
NWN,2024,7,98662,5
PAC,2023,3,99361,21
CNG,2024,4,98257,10
PSE,2025,6,98266,40
PSE,2022,9,98512,41
CNG,2025,6,98221,414
PSE,2025,2,98418,2
CNG,2022,10,98274,1
PSE,2025,6,98418,15
Avista,2025,5,99109,491
PSE,2023,10,98503,54
PSE,2023,5,98059,48
PSE,2020,4,98466,8
CNG,2021,5,99338,7
PSE,2020,8,98166,8
Avista,2024,10,99005,19
Avista,2024,12,99208,310
Avista,2024,2,99151,3
CNG,2025,7,98229,418
PSE,2024,8,98028,56
PAC,2023,4,98936,125
PSE,2023,2,98532,1
PSE,2025,6,98371,97
PSE,2022,3,98466,11
CNG,2024,8,99344,129
PSE,2022,4,98276,3
CNG,2025,8,98951,69
Avista,2022,12,99157,10
PSE,2022,12,98327,35
Avista,2023,11,99126,10
NWN,2022,10,97301,0
PAC,2024,10,99324,123
Avista,2022,11,99008,2
NWN,2025,3,98671,1
PSE,2020,7,98012,14
Avista,2022,3,99031,4
CNG,2020,6,99344,16
PSE,2024,6,98372,112
CNG,2024,3,99350,3
PSE,2024,7,98373,127
PSE,2025,4,98248,101
Avista,2025,10,99102,86
PSE,2024,7,98404,22
PSE,2023,5,98178,7
CNG,2024,4,98225,243
PSE,2023,9,98043,1
PSE,2023,6,98346,65
PSE,2023,8,98226,175
Avista,2022,7,99018,3
PSE,2022,10,98007,105
PSE,2022,10,98058,151
PSE,2023,6,98444,68
CNG,2023,3,98802,1
PSE,2023,11,98002,273
PSE,2025,3,98229,149
PSE,2020,7,98257,14
Avista,2020,10,99158,3
CNG,2023,6,98550,5
PSE,2024,9,98253,1
PSE,2021,6,98005,18
PSE,2025,6,98201,38
Avista,2020,12,99025,37
PSE,2021,3,98943,1
NWN,2020,7,98672,0
PSE,2020,3,98940,3
PSE,2024,2,98294,8
Avista,2022,4,99203,66
Avista,2023,12,99146,1
Avista,2021,6,99101,7
PSE,2025,9,98022,40
PSE,2023,8,98444,7
PSE,2023,6,98155,55
Avista,2021,2,99129,7
PSE,2022,11,98224,3
PSE,2024,3,98056,104
Avista,2021,8,99201,47
PAC,2023,7,98944,829
PSE,2025,5,98579,60
Avista,2020,11,99207,60
PSE,2024,3,98284,85
PSE,2023,10,98075,11
PSE,2021,3,98446,4
Avista,2024,5,99208,377
PSE,2020,9,98404,8
PSE,2025,2,98005,70
PSE,2022,6,98074,4
PSE,2025,3,98036,65
PAC,2024,9,99323,14
PSE,2024,2,98257,18
NWN,2022,10,98026,0
PSE,2020,4,98188,58
Avista,2025,5,99012,97
Avista,2024,11,99131,1
Avista,2022,8,99173,16
NWN,2020,11,98208,0
PSE,2021,8,98225,76
PSE,2021,3,98385,1
Avista,2022,8,99163,94
PSE,2021,12,98388,19
PSE,2023,8,98253,2
PSE,2023,6,98168,120
PSE,2023,7,98502,61
PSE,2022,9,98444,4
CNG,2020,7,98233,10
PAC,2023,12,98902,1624
NWN,2023,2,98607,7
PSE,2020,3,98045,7
Avista,2025,3,99001,586
Avista,2022,10,99103,3
Avista,2025,5,99034,18
NWN,2025,8,98642,3
CNG,2020,6,98902,27
PSE,2024,4,98443,5
PSE,2020,6,98375,42
Avista,2024,10,99179,1
PSE,2022,7,98445,7
PSE,2022,8,98346,6
PSE,2025,4,98275,31
PAC,2021,1,98947,6
PSE,2023,10,98233,46
PSE,2025,3,98503,316
PSE,2022,7,98409,4
PSE,2020,5,98251,2
Avista,2022,4,98620,8
PSE,2021,1,98934,18
NWN,2025,7,98606,0
NWN,2023,11,98685,0
NWN,2021,10,97301,0
CNG,2024,3,98383,32
PSE,2025,7,98027,84
Avista,2020,5,99216,48
PSE,2025,2,98296,25
PSE,2023,10,98106,8
PSE,2024,6,98263,3
PSE,2020,11,98370,19
Avista,2025,11,99185,140
Avista,2025,6,99206,2870
PSE,2024,8,98252,9
PSE,2024,8,98011,53
PAC,2023,6,99347,42
PSE,2024,10,98591,4
PSE,2022,11,98271,4
PSE,2025,9,98117,16
Avista,2021,5,99103,2
PSE,2021,3,98087,10
PSE,2025,2,98074,28
PSE,2023,6,98498,214
PSE,2021,4,98178,16
PSE,2022,4,98225,113
PSE,2025,9,98391,19
PSE,2025,5,98117,2
CNG,2025,4,99301,1330
PSE,2024,3,98230,43
Avista,2025,6,99001,581
PAC,2025,2,98938,48
PSE,2024,3,98225,142
Avista,2021,8,99171,7
Avista,2025,5,99004,301
PSE,2021,9,98031,270
Avista,2023,7,99402,2
PSE,2025,2,98925,2
PSE,2023,12,98133,13
PSE,2021,3,98346,11
PSE,2022,12,98198,1459
Avista,2022,3,99109,26
PSE,2025,2,98037,55
PSE,2024,9,98204,3
PSE,2021,11,98366,19
Avista,2020,10,99117,2
PSE,2021,3,98277,78
PSE,2022,9,98108,8
PSE,2021,2,98418,5
PSE,2022,3,98383,19
PSE,2025,8,98026,10
Avista,2024,5,99143,4
Avista,2021,8,99205,140
PSE,2023,10,98110,3
PSE,2022,3,98232,7
PSE,2025,5,98198,149
PSE,2021,4,98272,4
PSE,2024,8,98040,32
Avista,2025,7,99163,2392
PSE,2024,11,98934,5
CNG,2025,6,98226,548
CNG,2025,3,98240,16
PSE,2020,5,98032,247
Avista,2024,3,99202,271
PSE,2025,3,98596,2
CNG,2022,2,98295,2
CNG,2023,3,98311,1
PAC,2023,4,99348,14
PAC,2024,2,99350,2
CNG,2024,7,98936,55
Avista,2023,5,99019,27
PSE,2023,7,98284,35
PSE,2025,6,98943,5
NWN,2023,5,97388,0
PAC,2024,3,98947,106
NWN,2023,5,98675,0
Avista,2025,6,99129,164
PSE,2024,3,98372,33
PSE,2021,5,98446,4
PSE,2023,9,98310,13
Avista,2022,2,99203,65
PSE,2024,1,98266,46
PSE,2021,3,98513,50
Avista,2025,5,99023,6
NWN,2023,10,98307,0
Avista,2023,12,99148,35
CNG,2025,2,98903,168
NWN,2022,2,98663,4
PSE,2023,7,98047,8
PSE,2024,1,98075,19
PSE,2022,6,98390,20
PSE,2024,8,98439,50
NWN,2020,10,98629,0
PSE,2021,9,98225,111
CNG,2020,7,98244,0
PSE,2023,2,98020,1
PSE,2020,9,98201,3
PSE,2024,9,98408,69
PSE,2025,5,98022,88
PAC,2022,6,99348,11
NWN,2023,1,98620,0
NWN,2023,5,98683,8
Avista,2023,8,99216,43
Avista,2023,4,99032,4
NWN,2021,1,98604,7
PSE,2025,9,98053,2
NWN,2023,6,98642,4
PSE,2020,4,98288,2
PSE,2021,1,98043,6
PSE,2023,4,98272,1
NWN,2024,7,97031,0
Avista,2023,3,99016,76
PSE,2022,2,98047,35
PSE,2022,12,98220,14
PSE,2025,3,98008,34
Avista,2025,7,99171,99
Avista,2022,6,99101,4
PSE,2024,5,98940,3
Avista,2023,10,99104,1
Avista,2025,4,99014,17
PSE,2021,1,98396,1
NWN,2022,1,98620,0
PSE,2024,10,98008,87
CNG,2024,11,98611,1
Avista,2021,11,99003,19
PSE,2024,9,98445,28
Avista,2020,11,99003,4
NWN,2024,12,98635,0
CNG,2021,4,98232,1
CNG,2020,10,98312,4
PSE,2020,8,98281,4
PSE,2023,8,98321,19
PSE,2024,6,98146,8
Avista,2022,4,99128,3
PSE,2023,4,98503,58
NWN,2021,12,98684,4
NWN,2024,11,98663,1
PAC,2023,8,98936,98
Avista,2024,10,99006,27
PSE,2021,10,98943,2
PSE,2022,12,98144,131
PSE,2022,1,98126,7
PSE,2023,5,98240,6
PSE,2023,8,98233,31
PSE,2023,6,98392,60
PSE,2025,6,98059,143
PSE,2022,4,98034,65
PSE,2023,11,98383,15
PSE,2023,9,98387,12
PSE,2023,2,98030,116
Avista,2025,2,99181,291
CNG,2021,6,99301,17
NWN,2023,6,98208,0
PSE,2021,8,98224,2
CNG,2020,11,98801,2
PAC,2025,5,99360,17
PSE,2024,12,98068,1
Avista,2023,6,99117,1
PAC,2021,1,98939,0
Avista,2020,12,99218,216
NWN,2022,7,98307,0
PSE,2023,2,98531,14
Avista,2025,5,99216,2266
PSE,2020,6,98021,7
PSE,2021,11,98240,4
PSE,2022,6,98239,8
PSE,2021,9,98403,4
PSE,2023,10,98284,33
PSE,2021,1,98281,2
PSE,2022,3,98262,4
PSE,2024,4,98055,97
Avista,2023,9,99131,1
Avista,2021,6,99016,45
PSE,2025,3,98373,51
PSE,2023,4,98004,20
PAC,2020,6,98932,16
CNG,2024,12,98626,11
Avista,2024,8,99006,154
NWN,2023,9,98208,0
NWN,2021,11,98626,0
Avista,2022,7,99008,2
Avista,2020,4,99173,6
CNG,2021,3,98524,2
PSE,2025,3,98258,83
PSE,2023,2,98004,21
PSE,2025,6,98260,9
CNG,2022,6,98944,8
Avista,2025,6,99169,263
PSE,2025,9,98055,37
PSE,2024,10,98117,1
PSE,2022,10,98052,61
PSE,2023,9,98424,2
PSE,2020,12,98391,50
PSE,2022,8,98024,2
PSE,2020,6,98136,4
PSE,2022,4,98057,36
PAC,2020,12,98944,21
Avista,2023,1,99201,214
PSE,2023,12,98236,7
PSE,2025,4,98328,3
PSE,2020,6,98277,87
PSE,2023,5,98498,39
Avista,2023,10,99201,830
PSE,2023,9,98004,5
PSE,2023,9,98087,4
Avista,2022,11,99117,1
PSE,2025,7,98345,1
Avista,2021,6,99020,1
PSE,2025,6,98513,120
PSE,2025,5,98335,19
PAC,2021,6,98952,2
PSE,2022,5,98021,6
Avista,2023,10,99039,6
PSE,2020,7,98466,3
NWN,2022,9,98668,3
Avista,2024,2,99003,22
PSE,2025,9,98311,11
PSE,2022,12,98422,59
NWN,2021,9,98642,0
PAC,2022,2,98953,105
NWN,2022,10,98605,0
PSE,2021,9,98087,24
Avista,2020,4,99163,35
PSE,2025,2,98203,41
PSE,2021,1,98116,1
PSE,2024,11,98375,67
Avista,2025,1,99122,239
PSE,2025,4,98240,12
PSE,2020,3,98028,9
CNG,2025,2,98383,173
NWN,2023,8,98684,7
Avista,2025,10,99006,872
PSE,2025,4,98466,18
CNG,2025,3,98274,303
Avista,2020,12,99181,14
Avista,2025,12,99157,111
Avista,2023,12,99016,126
PSE,2024,5,98199,1
CNG,2024,6,98848,2
PSE,2022,12,98418,140
PSE,2021,4,98372,43
Avista,2024,1,99173,33
Avista,2021,11,99158,13
PSE,2023,4,98201,12
PSE,2021,11,98201,8
CNG,2024,9,98520,78
PSE,2023,1,98168,3
PSE,2022,11,98244,6
PSE,2023,5,98926,11
PAC,2024,9,98933,15
Avista,2025,11,99111,297
PSE,2025,4,98042,274
Avista,2024,7,99176,2
Avista,2022,6,99030,8
Avista,2024,10,99149,1
CNG,2021,2,99362,31
PSE,2020,4,98070,11
NWN,2025,1,98119,0
NWN,2020,11,98686,2
Avista,2022,10,99131,2
PSE,2024,4,98374,93
PSE,2022,12,98424,48
Avista,2021,2,99031,4
NWN,2021,3,98635,0
CNG,2024,9,98944,146
PAC,2025,2,99324,126
PSE,2022,8,98372,20
CNG,2024,1,98902,477
Avista,2021,11,99181,14
Avista,2025,5,99005,359
Avista,2025,7,99033,138
Avista,2025,2,99039,19
PAC,2025,5,98933,16
PSE,2020,8,98406,4
PAC,2020,7,99348,2
PSE,2020,5,98028,40
Avista,2024,2,99039,1
PSE,2022,3,98070,15
PSE,2021,6,98253,1
PSE,2020,4,98383,18
Avista,2021,6,99207,192
PSE,2021,3,98036,13
PSE,2022,9,98024,2
NWN,2024,5,98604,6
CNG,2025,4,98626,28
CNG,2025,9,99338,84
PSE,2022,8,98281,2
Avista,2025,11,99143,81
PAC,2024,3,98932,230
PSE,2022,9,98372,26
Avista,2024,11,99019,23
PSE,2024,6,98371,92
Avista,2021,7,99020,1
CNG,2022,5,98902,15
NWN,2022,10,98686,0
PSE,2023,1,98148,7
Avista,2023,12,99012,8
NWN,2024,9,98662,0
PSE,2021,7,98506,34
Avista,2022,2,99009,10
CNG,2025,8,98233,357
PSE,2020,9,98030,74
PSE,2022,9,98506,24
Avista,2021,6,99005,13
CNG,2023,6,98948,2
NWN,2021,11,98648,0
PSE,2021,1,98235,1
CNG,2020,11,98932,4
PSE,2022,4,98424,6
PSE,2022,9,98002,106
NWN,2024,3,98628,0
PSE,2025,2,98253,5
PSE,2023,12,98252,1
Avista,2021,10,99128,4
NWN,2024,6,98610,0
CNG,2024,3,98264,137
Avista,2021,1,99134,6
Avista,2023,4,99224,68
PSE,2022,5,98338,17
PSE,2025,4,98005,76
NWN,2022,5,98208,0
CNG,2024,3,98370,16
NWN,2023,3,98617,0
PSE,2025,2,98075,19
PSE,2020,6,98110,13
CNG,2020,11,98220,0
Avista,2025,10,99167,108
Avista,2023,8,99117,1
NWN,2023,11,98626,0
NWN,2021,12,98119,0
CNG,2022,8,98944,5
Avista,2020,6,99014,3
PSE,2022,10,98028,25
PSE,2023,7,98102,1
PSE,2024,3,98045,9
Avista,2025,1,99110,67
CNG,2024,8,98284,163
Avista,2022,9,99202,105
PSE,2022,11,98108,12
PSE,2024,9,98107,16
CNG,2022,12,99324,3
PSE,2024,12,98070,20
Avista,2025,7,99143,73
PSE,2024,6,98115,7
PAC,2022,3,98937,49
PSE,2020,12,98406,1
PSE,2021,4,98277,115
NWN,2021,6,98660,0
PSE,2021,9,98270,82
Avista,2025,10,99402,124
PSE,2023,6,98038,168
PSE,2024,8,98056,101
CNG,2024,9,98273,231
PSE,2020,11,98108,15
CNG,2021,8,98932,1
PSE,2020,5,98925,6
CNG,2020,11,99323,0
PSE,2021,10,98502,148
CNG,2023,2,98257,4
PSE,2021,3,98052,62
NWN,2020,4,98642,1
PSE,2021,6,98251,1
Avista,2022,7,99030,4
CNG,2022,7,99362,7
PSE,2025,2,98422,6
CNG,2023,9,99301,6
Avista,2021,10,99012,4
NWN,2021,12,98762,0
PSE,2023,2,98445,11
PSE,2022,5,98359,5
PSE,2020,7,98270,17
PSE,2025,8,98926,9
Avista,2022,5,99012,7
PSE,2023,1,98295,5
PSE,2025,9,98188,24
PSE,2025,9,98144,13
Avista,2025,4,99102,83
CNG,2021,2,98337,1
PSE,2021,2,98146,6
Avista,2025,9,99158,60
Avista,2022,10,99185,6
PSE,2021,6,98008,53
Avista,2022,4,99143,7
CNG,2024,8,98936,55
PSE,2021,10,98002,61
PAC,2024,8,98937,42
Avista,2021,2,98620,2
PSE,2025,1,98034,283
PSE,2020,11,98146,6
PAC,2024,11,99348,7
PSE,2022,8,98466,6
PSE,2022,1,98424,4
CNG,2021,6,98284,17
Avista,2024,12,99022,22
Avista,2025,9,99148,325
PSE,2023,11,98271,9
CNG,2020,3,98277,6
PSE,2025,9,98003,94
PSE,2025,1,98074,50
Avista,2023,10,99126,35
Avista,2020,4,99344,39
Avista,2025,5,99176,10
Avista,2024,5,99020,1
PSE,2024,10,98258,17
PSE,2022,2,98204,22
PSE,2025,3,98589,57
PSE,2025,4,98467,11
CNG,2020,6,98674,0
NWN,2023,8,98119,0
PSE,2024,4,98327,6
PSE,2023,4,98335,3
PAC,2021,3,99350,0
PAC,2021,5,99326,1
CNG,2022,10,98233,1
PSE,2020,9,98439,20
NWN,2024,2,98684,12
PSE,2023,10,98373,42
Avista,2023,2,99173,19
PSE,2023,4,98332,2
Avista,2025,9,99003,256
PSE,2022,12,98267,18
Avista,2023,3,99216,146
CNG,2020,12,99362,37
PSE,2024,7,98001,104
Avista,2024,2,99031,2
PSE,2021,1,98050,1
PSE,2023,10,98057,72
NWN,2023,1,98671,7
CNG,2024,11,99323,2
PSE,2021,12,98188,862
PSE,2021,6,98012,12
PSE,2025,2,98380,9
PSE,2023,2,98387,16
Avista,2024,6,99203,50
PSE,2020,8,98109,1
NWN,2021,6,97301,0
PSE,2023,2,98516,29
PAC,2020,6,98953,10
PSE,2020,12,98011,46
PSE,2023,12,98208,24
PSE,2024,1,98922,50
PSE,2022,11,98004,22
Avista,2025,5,99204,1172
PSE,2024,9,98576,7
CNG,2022,12,98284,10
PSE,2024,11,98446,8
PSE,2022,12,98012,161
Avista,2022,4,99217,151
CNG,2020,4,98902,14
PSE,2022,11,98029,29
NWN,2020,8,98612,0
NWN,2023,6,98648,0
Avista,2021,7,99143,2
PSE,2022,5,98346,13
PSE,2020,6,98940,2
PSE,2022,3,98392,25
CNG,2020,9,98276,5
PSE,2023,5,98125,8
PSE,2020,6,98503,151
Avista,2022,3,99131,1
PAC,2025,4,98947,52
PSE,2020,8,98112,3
Avista,2023,6,99130,9
CNG,2020,3,98541,0
PSE,2021,7,98058,147
PSE,2024,6,98106,3
PSE,2023,6,98407,47
CNG,2020,10,99350,0
NWN,2021,1,98668,0
PSE,2021,10,98148,6
PSE,2025,7,98926,13
PSE,2024,11,98499,20
Avista,2024,6,99216,98
NWN,2024,5,98642,5
Avista,2025,5,99164,1
NWN,2023,7,98682,22
PAC,2021,2,98948,42
Avista,2023,1,99111,38
CNG,2023,4,98942,1
CNG,2022,3,98244,1
PSE,2024,6,98002,194
PSE,2021,12,98166,178
CNG,2020,12,98520,7
NWN,2023,5,98686,5
NWN,2020,12,98674,0
PSE,2023,1,98294,6
PSE,2021,4,98498,54
PSE,2023,5,98236,7
CNG,2024,6,98366,123
PSE,2021,12,98220,13
PSE,2021,10,98075,3
CNG,2025,6,98944,377
PAC,2021,6,98933,1
NWN,2023,7,98617,0
PSE,2023,5,98109,1
Avista,2021,10,99023,0
PAC,2020,7,99361,6
Avista,2025,8,99149,32
PSE,2021,11,98272,5
NWN,2020,10,97301,0
CNG,2025,2,98942,154
PAC,2024,11,98935,119
PAC,2022,7,98908,450
PAC,2023,12,98923,30
PSE,2023,11,98392,45
PSE,2023,10,98236,6
PSE,2020,11,98045,6
NWN,2022,12,98684,8
NWN,2021,8,98620,0
NWN,2020,5,98675,0
PSE,2025,4,98177,16
NWN,2024,12,97388,0
PSE,2021,12,98465,14
PSE,2021,12,98122,185
Avista,2022,1,99204,39
NWN,2023,4,98307,0
PSE,2024,7,98406,4
NWN,2023,5,98601,0
NWN,2023,1,98626,0
PSE,2021,4,98108,40
CNG,2024,11,99353,6
CNG,2023,2,98944,20
PSE,2021,9,98390,63
PSE,2021,12,98443,8
PAC,2021,1,98903,24
CNG,2024,5,98370,16
Avista,2025,10,99027,720
Avista,2021,4,99013,31
PSE,2021,3,98236,7
Avista,2023,11,99102,6
PSE,2022,5,98034,43
CNG,2023,4,99362,21
PSE,2021,8,98360,15
PSE,2024,7,98027,37
PSE,2022,5,98392,30
PSE,2020,4,98367,37
PSE,2021,12,98294,28
CNG,2020,10,98902,68
Avista,2024,4,99402,9
NWN,2023,4,98674,0
NWN,2024,8,98307,0
PSE,2025,9,98277,8
PSE,2022,5,98294,4
PSE,2023,3,98274,30
PSE,2025,5,98366,148
PSE,2022,9,98110,18
PAC,2024,3,98923,36
PSE,2022,4,98513,68
PSE,2024,12,98311,69
PSE,2024,2,98022,129
PAC,2023,6,98944,827
PSE,2025,1,98445,43
Avista,2023,5,99006,23
PAC,2024,12,99350,1
Avista,2024,1,99014,1
Avista,2025,5,98648,39
Avista,2025,11,99138,267
CNG,2023,9,98274,4
PSE,2025,5,98225,172
PSE,2021,12,98323,6
PSE,2024,4,98045,14
PSE,2020,4,98409,11
Avista,2020,4,99022,26
PSE,2021,8,98367,15
PAC,2022,3,99362,988
PSE,2025,3,98201,61
Avista,2021,11,99117,2
PSE,2021,1,98922,13
PSE,2024,10,98030,201
PSE,2020,9,98014,6
PSE,2024,11,98580,19
NWN,2025,7,98127,0
PSE,2021,7,98199,1
NWN,2024,7,98601,0
PSE,2020,6,98237,18
PSE,2024,12,98345,1
Avista,2022,9,99128,5
PAC,2022,7,98935,106
PSE,2023,1,98040,3
NWN,2021,7,98864,0
PSE,2020,12,98332,1
PSE,2025,2,98332,10
PSE,2025,7,98501,139
CNG,2024,1,98337,28
PSE,2023,1,98233,29
PSE,2024,10,98168,34
Avista,2022,1,99181,18
PSE,2021,11,98057,35
NWN,2021,5,98648,0
PAC,2022,10,98951,294
PSE,2024,10,98503,159
Avista,2021,7,99167,2
PSE,2024,5,98513,139
PSE,2025,5,98029,105
PSE,2024,9,98277,17
NWN,2023,6,98663,1
PSE,2023,5,98925,3
PSE,2025,3,98244,21
NWN,2020,9,98685,1
Avista,2020,9,99179,2
NWN,2021,12,98661,7
PSE,2020,11,98034,53
PSE,2023,3,98204,10
NWN,2025,3,98666,0
PAC,2021,2,98935,6
PSE,2021,10,98580,4
PSE,2021,12,98226,1072
NWN,2023,7,98674,0
PAC,2025,8,98936,107
PSE,2022,10,98272,1
CNG,2021,3,98936,14
PSE,2021,10,98367,13
PSE,2021,2,98247,17
CNG,2024,8,99362,267
Avista,2022,5,99208,284
PSE,2023,5,98467,1
PSE,2021,4,98332,4
PSE,2025,8,98236,25
CNG,2023,1,98247,9
Avista,2024,12,98648,4
PSE,2020,12,98502,94
NWN,2022,8,98762,0
PSE,2024,2,98007,149
Avista,2021,11,99402,6
PSE,2025,3,98031,153
CNG,2024,2,98264,123
CNG,2022,7,98295,7
Avista,2023,11,99012,2
PSE,2024,3,98126,60
PSE,2025,9,98122,19
PSE,2022,6,98037,6
PSE,2022,2,98262,2
Avista,2020,7,99131,2
NWN,2020,5,98686,4
PAC,2023,10,98952,11
PSE,2021,7,98240,7
PSE,2020,6,98178,15
CNG,2024,10,98550,82
PSE,2024,9,98391,48
PSE,2025,8,98033,42
PAC,2025,4,98932,56
PSE,2021,10,98409,8
PSE,2023,10,98272,3
PSE,2024,1,98424,6
PAC,2024,2,98952,10
PSE,2020,6,98126,16
Avista,2022,7,99148,14
PSE,2024,9,98249,2
PSE,2020,6,98047,30
PSE,2025,3,98424,8
CNG,2025,7,98312,498
PSE,2023,3,98051,4
PSE,2022,6,98288,2
PSE,2023,11,98106,11
PSE,2022,2,98579,34
PSE,2024,5,98072,29
PSE,2021,2,98239,7
PSE,2020,11,98275,3
PSE,2022,4,98032,159
Avista,2025,6,99012,98
PSE,2024,6,98112,2
PSE,2022,8,98253,1
PSE,2024,7,98031,152
Avista,2024,4,99170,6
NWN,2023,11,98601,0
PSE,2022,4,98390,13
PSE,2025,3,98407,24
PSE,2025,8,98558,1
PSE,2022,9,98380,3
PSE,2020,9,98052,21
PSE,2020,7,98934,3
CNG,2022,7,98274,4
CNG,2025,4,98366,569
CNG,2024,8,98901,212
Avista,2024,7,99018,3
PAC,2022,7,98930,327
Avista,2023,2,99125,2
NWN,2024,4,98601,0
PSE,2022,1,98373,58
Avista,2023,11,99149,5
CNG,2024,10,98528,3
PSE,2024,2,98281,6
Avista,2022,4,99171,9
NWN,2024,8,98662,7
PSE,2023,11,98109,3
PSE,2020,6,98055,117
PSE,2022,2,98244,13
PSE,2024,4,98178,13
PSE,2022,5,98273,80
PAC,2025,6,98901,349
PSE,2021,9,98941,8
PSE,2022,10,98946,1
NWN,2025,3,98662,12
NWN,2023,7,98661,9
PAC,2024,5,99363,5
CNG,2020,9,98550,1
PAC,2022,8,98921,36
PSE,2024,6,98052,68
PSE,2024,7,98003,313
CNG,2022,7,98273,14
PSE,2020,4,98023,183
Avista,2020,6,99029,5
PAC,2021,3,98930,40
CNG,2025,8,99354,137
Avista,2024,6,99171,3
NWN,2020,12,98626,0
PSE,2020,10,98502,133
PAC,2021,3,98953,6
Avista,2023,11,99022,33
Avista,2024,12,99111,17
PSE,2021,10,98404,10
Avista,2021,10,99141,46
NWN,2020,5,98661,4
PSE,2021,12,98010,88
PSE,2020,8,98359,5
PSE,2024,8,98144,14
PSE,2024,2,98946,1
Avista,2023,1,99341,2
Avista,2022,1,99001,26
NWN,2024,10,98662,0
CNG,2023,3,98367,1
PSE,2022,12,98103,108
PAC,2023,7,99348,12
PSE,2022,8,98374,43
Avista,2022,10,99022,11
CNG,2021,7,98230,6
PSE,2021,4,98034,113
PSE,2020,11,98011,31
PSE,2021,6,98312,47
PSE,2021,4,98051,5
PSE,2022,8,98004,21
PSE,2024,2,98233,60
NWN,2022,1,98674,0
PSE,2021,12,98558,4
CNG,2024,4,98223,90
Avista,2021,3,99207,383
PSE,2022,7,98371,23
PSE,2022,11,98155,4
CNG,2024,9,98366,161
PSE,2023,6,98337,99
PSE,2023,6,98310,239
CNG,2025,2,98276,51
PSE,2025,6,98055,160
Avista,2020,5,99126,3
Avista,2023,2,99208,316
PSE,2020,4,98011,43
PSE,2020,7,98070,11
Avista,2020,7,99161,7
PSE,2025,9,98110,6
CNG,2021,7,98292,2
NWN,2024,11,98626,0
PSE,2021,1,98004,15
PAC,2025,2,98948,450
PSE,2020,11,98934,10
PSE,2023,7,98404,10
PSE,2020,3,98439,27
NWN,2022,6,98626,0
PSE,2020,11,98036,6
PSE,2021,6,98346,18
NWN,2022,9,98612,0
PSE,2023,4,98374,32
PSE,2023,3,98513,40
Avista,2024,2,99137,7
PSE,2025,4,98512,140
PSE,2024,5,98148,42
PSE,2024,11,98589,19
Avista,2020,3,99020,1
Avista,2023,5,99102,2
Avista,2021,1,99176,1
CNG,2020,11,99301,5
PSE,2024,7,98058,118
PSE,2024,1,98002,380
NWN,2024,7,98307,0
PSE,2022,6,98589,13
PSE,2021,5,98271,10
CNG,2020,11,98953,0
Avista,2022,3,99012,3
PSE,2021,3,98030,215
PSE,2020,7,98327,6
CNG,2020,4,98632,1
NWN,2025,4,98672,1
PSE,2023,7,98342,5
PSE,2023,9,98940,1
PSE,2020,9,98257,18
NWN,2021,2,98864,0
Avista,2025,11,99341,104
PSE,2022,7,98579,18
NWN,2025,6,98661,12
CNG,2024,4,98584,60
PSE,2022,1,98087,12
PSE,2020,12,98597,57
PSE,2024,11,98024,9
NWN,2022,2,98629,2
CNG,2022,8,98563,2
CNG,2020,11,98370,0
PSE,2020,12,98136,3
Avista,2020,11,98648,1
PSE,2023,7,98264,28
Avista,2020,10,99104,1
PAC,2023,7,98923,29
PSE,2021,5,98115,9
PSE,2024,12,98501,221
PSE,2025,5,98235,2
PSE,2025,2,98283,2
NWN,2022,10,98307,0
PSE,2020,9,98029,19
PSE,2023,2,98003,170
PSE,2024,10,98247,40
PSE,2021,10,98058,23
PSE,2020,4,98075,9
PSE,2024,6,98943,3
CNG,2023,8,98264,17
PSE,2023,9,98012,4
PSE,2023,7,98258,11
PSE,2024,6,98264,52
PSE,2020,6,98579,20
PSE,2023,5,98146,6
PSE,2025,1,98116,4
Avista,2021,7,99022,10
Avista,2025,3,99134,81
PSE,2025,9,98004,1
CNG,2024,2,98903,69
PSE,2023,4,98405,6
PSE,2022,5,98387,33
Avista,2025,5,99402,123
PSE,2023,8,98354,1
PSE,2021,7,98037,5
PSE,2021,11,98007,71
CNG,2024,5,98550,65
PSE,2025,1,98283,7
PSE,2023,11,98253,3
PSE,2025,4,98021,38
CNG,2022,3,98953,3
PSE,2020,4,98465,2
PAC,2020,12,98932,14
PSE,2020,8,98249,10
PSE,2022,10,98047,18
CNG,2021,5,98383,13
PSE,2021,10,98294,2
PSE,2024,10,98340,5
CNG,2024,5,98257,12
NWN,2020,11,98119,0
NWN,2022,1,98628,0
NWN,2025,6,98648,0
PSE,2020,7,98040,6
PSE,2022,10,98118,4
Avista,2025,10,99204,1160
CNG,2022,5,98584,6
PSE,2022,7,98224,1
PSE,2024,2,98943,5
PSE,2023,12,98021,6
CNG,2021,6,99352,1
NWN,2025,5,98119,0
PSE,2024,9,98513,42
Avista,2022,4,99001,56
Avista,2021,2,99109,27
PSE,2021,9,98032,324
Avista,2023,8,99224,67
PSE,2022,4,98405,8
Avista,2025,1,99103,45
PSE,2020,10,98925,4
PAC,2021,6,98923,4
Avista,2025,11,99218,1461
PSE,2021,4,98252,3
CNG,2020,8,98276,0
PSE,2020,9,98031,58
PSE,2021,4,98406,10
Avista,2023,4,99134,2
PSE,2023,12,98513,49
CNG,2025,6,98948,179
Avista,2025,4,99223,3037
CNG,2021,9,98264,4
PAC,2020,9,98901,21
PAC,2025,6,98952,14
PSE,2025,7,98057,174
Avista,2024,6,99040,2
PSE,2023,10,98580,5
PSE,2024,1,98034,150
Avista,2025,1,99025,251
PSE,2024,6,98390,58
PSE,2025,4,98281,12
Avista,2024,2,99110,7
Avista,2022,9,99021,19
Avista,2023,2,99003,10
Avista,2022,7,99181,11
CNG,2021,1,98221,11
PSE,2021,11,98501,83
PSE,2022,10,98360,16
PSE,2022,6,98110,2
Avista,2023,1,99130,16
PSE,2024,11,98354,7
NWN,2021,6,98628,0
Avista,2022,3,99163,98
PAC,2023,1,99324,147
PSE,2023,11,98934,15
Avista,2024,10,98620,10
Avista,2020,8,99030,2
Avista,2021,4,99174,1
CNG,2021,6,98312,8
PSE,2025,7,98240,8
PSE,2022,5,98371,27
PSE,2023,1,98272,9
PAC,2023,10,98944,823
PSE,2020,7,98103,1
PSE,2023,11,98444,16
Avista,2022,2,98620,2
PSE,2023,2,98122,6
PSE,2021,10,98003,82
Avista,2020,4,99203,53
PSE,2020,5,98922,16
PSE,2023,12,98579,23
PSE,2022,3,98021,9
Avista,2021,10,99169,23
PSE,2024,3,98168,23
PSE,2023,3,98445,13
PSE,2023,8,98290,5
Avista,2021,8,99004,2
PSE,2022,5,98249,11
PSE,2021,4,98232,7
PSE,2021,8,98220,2
PSE,2023,8,98146,5
Avista,2022,2,99030,3
CNG,2022,9,98930,1
PSE,2024,5,98045,20
Avista,2024,8,99027,139
CNG,2023,5,98221,5
NWN,2021,10,98682,2
Avista,2020,5,99151,3
NWN,2025,6,98675,0
PSE,2020,10,98288,1
PSE,2025,3,98110,26
Avista,2021,12,99032,12
CNG,2023,4,98277,11
NWN,2025,8,98663,1
CNG,2022,4,98903,3
PSE,2022,1,98383,22
PAC,2025,5,98947,52
PSE,2025,4,98392,53
PSE,2025,7,98103,58
CNG,2024,6,98901,201
PSE,2024,5,98116,1
PAC,2022,2,99347,47
PSE,2021,4,98296,1
Avista,2022,6,99130,10
PSE,2021,4,98346,30
Avista,2024,9,99025,8
PAC,2023,3,99324,146
PSE,2022,12,98043,121
PSE,2021,1,98275,3
PSE,2020,7,98424,6
PSE,2023,1,98422,5
CNG,2020,10,98223,1
PAC,2025,2,98953,108
PSE,2025,9,98223,1
PSE,2021,2,98115,9
PSE,2024,7,98107,2
PSE,2023,5,98030,210
CNG,2022,10,99301,1
PSE,2024,8,98579,43
NWN,2023,6,98662,11
NWN,2025,3,98672,0
PSE,2025,9,98092,145
PSE,2021,9,98337,44
Avista,2021,3,99341,5
Avista,2023,5,99110,2
PAC,2023,5,99329,5
PSE,2022,7,98107,1
Avista,2025,1,99208,5812
PSE,2021,10,98501,87
Avista,2025,1,99164,1
CNG,2025,6,98584,231
PSE,2020,5,98372,59
CNG,2022,12,98295,1
PSE,2025,9,98512,25
PSE,2023,12,98445,11
PSE,2023,1,98354,4
PSE,2025,5,98226,273
PSE,2022,4,98311,21
PSE,2023,11,98375,51
Avista,2025,8,99160,38
PSE,2022,6,98260,4
PSE,2020,8,98439,18
Avista,2024,1,99026,13
PSE,2025,3,98166,30
CNG,2025,8,98901,435
Avista,2022,8,99403,81
PSE,2023,2,98236,5
PSE,2025,4,98251,4
PSE,2025,4,98253,4
PSE,2021,8,98146,6
PSE,2021,9,98116,5
PSE,2021,6,98072,10
PSE,2022,9,98058,35
PSE,2021,6,98224,1
PSE,2024,7,98371,96
PSE,2021,9,98136,3
NWN,2022,10,98682,0
PSE,2024,2,98055,125
PSE,2023,12,98203,10
NWN,2022,3,98127,0
PSE,2021,12,98516,551
Avista,2025,12,99117,44
PSE,2020,8,98052,47
PSE,2020,3,98006,13
PSE,2024,7,98038,37
PSE,2025,5,98122,2
PSE,2024,9,98247,4
PSE,2024,7,98530,3
PSE,2022,1,98077,2
NWN,2022,11,98605,0
Avista,2021,8,99005,9
PAC,2022,1,99324,188
CNG,2020,8,98902,11
PSE,2021,6,98360,12
Avista,2023,12,99102,5
PSE,2020,6,98027,33
Avista,2022,1,99030,3
PSE,2021,4,98940,3
CNG,2020,12,98584,15
PSE,2021,8,98110,5
NWN,2020,3,98684,4
NWN,2020,11,98607,2
PSE,2022,2,98589,16
PSE,2023,8,98296,1
PSE,2025,1,98337,43
PSE,2020,8,98226,123
Avista,2021,2,99217,91
PSE,2021,3,98040,2
NWN,2022,3,98684,11
PSE,2022,6,98247,25
PSE,2023,11,98070,21
CNG,2020,8,99362,8
NWN,2024,12,98648,0
Avista,2021,12,98857,0
NWN,2023,12,98612,0
Avista,2022,1,99141,41
PSE,2021,2,98925,4
PSE,2023,7,98070,1
PSE,2024,7,98465,1
PSE,2024,4,98247,22
Avista,2023,7,99109,17
PAC,2025,1,98908,461
PSE,2020,8,98003,138
NWN,2025,2,98682,25
PSE,2020,6,98359,3
Avista,2020,10,99173,7
PSE,2025,7,98037,22
PSE,2023,6,98126,92
Avista,2023,10,99005,67
Avista,2020,4,99003,8
NWN,2025,3,98684,6
Avista,2021,12,99161,13
PSE,2025,2,98240,7
PSE,2020,5,98406,15
PSE,2024,3,98039,1
PSE,2024,2,98274,36
PSE,2024,6,98168,15
PSE,2024,3,98407,2
PSE,2021,12,98371,428
PSE,2025,8,98252,2
Avista,2024,1,99402,8
CNG,2025,8,99353,23
Avista,2021,6,99141,21
CNG,2020,8,98273,17
PSE,2024,10,98040,19
Avista,2025,11,99371,38
CNG,2025,5,98284,419
Avista,2024,4,99212,206
PAC,2021,2,98907,0
PSE,2023,1,98276,2
NWN,2025,5,98661,7
PSE,2024,12,98248,141
PSE,2023,8,98270,27
PSE,2021,11,98247,11
NWN,2020,11,98864,0
PSE,2020,10,98168,19
Avista,2023,11,99020,1
PSE,2022,10,98597,45
PSE,2025,9,98498,12
PSE,2023,5,98940,1
NWN,2023,11,98682,6
NWN,2024,8,98675,0
Avista,2023,8,99203,38
CNG,2022,2,98541,1
PAC,2025,8,98932,47
NWN,2023,6,98307,0
CNG,2024,4,98345,4
PSE,2024,2,98126,10
CNG,2024,9,98942,53
Avista,2022,7,99029,6
PSE,2025,3,98057,44
NWN,2020,9,98662,6
PSE,2022,11,98092,94
PSE,2024,5,98188,119
PSE,2024,6,98116,4
PSE,2021,8,98106,5
PSE,2022,6,98498,28
Avista,2023,8,99205,132
CNG,2020,9,99344,1
NWN,2020,8,98668,0
PSE,2022,6,98443,2
Avista,2023,12,99134,7
Avista,2021,7,99111,4
PSE,2021,8,98221,13
PSE,2025,5,98057,70
PAC,2020,1,98921,10
PSE,2022,1,98058,180
PSE,2021,11,98311,17
CNG,2022,3,98221,15
PAC,2022,11,99324,127
PSE,2021,4,98122,13
Avista,2023,10,99022,119
Avista,2021,11,99179,2
PSE,2022,11,98406,2
Avista,2023,1,99206,172
Avista,2020,3,99037,11
PSE,2025,4,98077,11
PSE,2022,5,98204,4
CNG,2021,2,98908,10
PSE,2023,6,98166,76
PAC,2023,1,99328,97
Avista,2023,1,99018,4
Avista,2021,3,99019,41
Avista,2020,11,99114,56
PAC,2021,6,99362,96
PSE,2025,9,98230,4
CNG,2020,6,98292,2
CNG,2020,6,98936,4
NWN,2024,5,98208,0
PSE,2023,11,98020,5
Avista,2021,5,99018,2
CNG,2022,1,98264,5
PSE,2025,4,98059,170
NWN,2025,4,98668,0
Avista,2025,12,99148,347
PSE,2021,1,98288,2
NWN,2020,9,98620,0
PSE,2023,4,98198,85
PAC,2025,2,99350,1
PSE,2024,5,98235,2
NWN,2025,4,98610,0
PSE,2021,11,98512,60
Avista,2022,6,99224,128
NWN,2023,1,98642,6
CNG,2024,5,98953,12
CNG,2020,3,98271,2
NWN,2024,7,97388,0
PSE,2021,9,98103,12
PSE,2021,1,98026,10
Avista,2022,3,99126,6
CNG,2020,8,98944,2
PSE,2024,1,98328,1
PSE,2024,5,98118,33
PSE,2021,8,98029,17
CNG,2020,5,98951,1
Avista,2021,8,99148,12
PSE,2024,10,98226,223
NWN,2024,5,98661,20
PSE,2023,6,98244,26
PSE,2021,12,98240,35
Avista,2023,7,99158,7
PSE,2024,3,98010,21
PSE,2022,6,98532,1
CNG,2021,3,98837,11
PAC,2025,4,99323,29
CNG,2023,1,98902,57
Avista,2023,7,99170,2
CNG,2024,1,98953,6
PSE,2024,3,98366,119
Avista,2021,5,99128,1
Avista,2023,3,99128,3
PSE,2021,4,98366,100
Avista,2025,2,99125,54
PSE,2021,12,98006,223
PSE,2025,6,98934,16
PSE,2021,7,98204,4
Avista,2022,2,99151,4
NWN,2023,4,98642,0
PSE,2024,5,98006,63
PSE,2025,1,98346,40
PSE,2021,4,98116,8
CNG,2020,4,98944,8
PSE,2022,4,98168,9
NWN,2020,5,98626,0
PSE,2025,9,98374,21
CNG,2025,2,98345,8
Avista,2025,4,99030,79
Avista,2025,6,99171,102
CNG,2025,9,98953,46
PSE,2022,5,98005,20
PAC,2020,1,98939,4
PSE,2020,6,98372,51
PSE,2022,5,98040,4
Avista,2025,2,99012,91
PSE,2022,11,98922,10
PSE,2024,4,98272,10
PSE,2022,1,98024,8
Avista,2023,9,99208,129
PSE,2025,5,98103,1
CNG,2022,2,98366,2
PSE,2024,6,98408,14
Avista,2023,6,99218,29
CNG,2024,3,98801,11
Avista,2020,7,99341,5
CNG,2025,9,98520,207
Avista,2021,9,99117,1
Avista,2023,7,99151,2
PAC,2022,5,98951,286
PSE,2022,2,98074,15
CNG,2022,12,98225,9
Avista,2023,9,99217,51
Avista,2020,11,99218,13
PSE,2023,12,98039,2
PAC,2021,6,98907,0
Avista,2025,5,99161,143
PAC,2023,3,98944,777
NWN,2023,7,98307,0
PSE,2020,3,98029,29
PSE,2021,12,98225,779
PSE,2022,3,98042,78
Avista,2025,7,99205,6092
PSE,2022,8,98112,4
PSE,2022,11,98580,9
Avista,2021,9,99102,1
PSE,2021,8,98028,6
PSE,2024,1,98047,40
CNG,2024,6,99362,259
PSE,2020,4,98294,2
NWN,2025,1,98626,0
PSE,2020,12,98007,106
NWN,2023,9,98675,0
PSE,2024,12,98403,1
Avista,2024,9,98648,1
Avista,2023,10,99125,19
NWN,2023,7,98642,3
PSE,2025,1,98103,8
Avista,2021,12,99149,0
Avista,2022,3,99034,1
PSE,2021,7,98040,3
PSE,2022,3,98407,2
PSE,2023,2,98375,18
Avista,2020,9,99111,5
PSE,2020,6,98403,1
Avista,2024,1,99009,21
PSE,2020,10,98530,5
NWN,2020,11,98605,0
Avista,2021,1,99224,51
PAC,2023,4,98942,240
PSE,2020,6,98392,35
PSE,2025,4,98271,34
PSE,2023,2,98055,26
CNG,2022,11,98247,2
PSE,2024,7,98233,36
PSE,2020,12,98072,15
PAC,2021,4,98939,1
PSE,2023,11,98513,114
Avista,2025,7,99167,100
Avista,2022,5,99148,22
NWN,2024,10,98605,0
Avista,2021,3,99022,38
PSE,2021,3,98203,6
Avista,2022,6,99171,8
PSE,2023,8,98040,3
PSE,2025,4,98446,17
Avista,2023,3,99037,11
PAC,2022,11,98939,8
PAC,2024,1,99329,4
NWN,2021,7,98662,5
PAC,2022,9,98936,80
CNG,2023,8,98292,1
PSE,2024,5,98498,65
PSE,2024,11,98405,19
CNG,2020,8,99350,1
PSE,2021,12,98229,467
PSE,2024,8,98108,51
CNG,2025,9,98248,547
PSE,2022,4,98409,12
PSE,2023,10,98406,1
CNG,2025,3,98848,2
Avista,2023,8,99161,4
PSE,2024,10,98589,26
PSE,2021,7,98467,2
Avista,2025,12,99158,60
PSE,2020,7,98036,13
Avista,2021,10,99040,6
PSE,2024,12,98260,30
PAC,2024,4,98930,466
Avista,2023,3,99169,15
PSE,2021,12,98502,921
Avista,2023,6,99179,1
CNG,2023,2,98366,1
Avista,2025,4,99403,2351
PSE,2021,12,98332,15
PSE,2021,2,98027,31
CNG,2021,7,98337,3
PSE,2022,2,98236,19
PSE,2022,4,98201,10
CNG,2023,7,98223,6
CNG,2022,4,98948,2
PSE,2023,2,98406,8
PSE,2022,10,98294,2
CNG,2020,4,98626,1
Avista,2025,4,99148,332
PSE,2020,4,98221,35
PSE,2024,3,98027,36
PSE,2025,7,98402,2
Avista,2025,7,99208,6098
PSE,2022,2,98144,12
PSE,2025,4,98926,30
PSE,2022,3,98941,5
Avista,2022,1,99151,4
PSE,2021,2,98444,13
PSE,2024,11,98208,23
PAC,2021,1,98921,6
NWN,2021,1,98606,0
Avista,2024,8,99001,115
PSE,2024,3,98102,8
Avista,2022,9,99037,8
PSE,2024,3,98065,9
Avista,2021,12,99022,25
PSE,2024,6,98204,13
Avista,2023,2,99001,29
Avista,2022,10,99126,3
PSE,2024,12,98258,15
PSE,2025,6,98014,19
Avista,2025,3,99114,1601
PAC,2022,10,98923,23
PSE,2024,8,98445,42
PAC,2025,1,99324,126
PSE,2021,2,98390,12
NWN,2023,12,98683,8
PSE,2022,8,98445,13
PSE,2024,3,98383,22
PSE,2024,5,98004,45
PSE,2025,3,98125,11
NWN,2023,10,98604,0
CNG,2025,7,98557,15
PSE,2024,2,98340,5
PSE,2024,9,98101,2
PSE,2024,7,98321,53
PSE,2023,6,98225,393
Avista,2020,11,99206,54
Avista,2025,5,99171,105
NWN,2024,8,98610,0
PSE,2023,11,98031,215
PSE,2024,10,98424,9
Avista,2021,3,99029,3
PAC,2020,5,98939,4
PSE,2024,4,98312,81
CNG,2025,2,98936,138
CNG,2025,6,99301,1381
PSE,2025,1,98012,62
PSE,2020,5,98345,2
CNG,2025,9,99344,224
CNG,2020,8,98936,0
PAC,2022,5,98944,658
CNG,2024,11,98277,126
Avista,2021,5,99009,5
PSE,2022,3,98337,12
PSE,2023,7,98249,8
Avista,2025,8,99344,1397
CNG,2021,2,98674,1
Avista,2025,9,99171,97
CNG,2021,7,98520,1
PAC,2023,7,99361,21
PSE,2020,6,98105,2
CNG,2025,7,98611,5
Avista,2022,11,99402,2
Avista,2021,2,99171,7
PSE,2024,2,98014,17
Avista,2020,5,99141,26
NWN,2021,8,98119,0
NWN,2025,1,98684,6
PSE,2025,7,98104,1
Avista,2022,6,99344,42
PSE,2022,10,98247,8
CNG,2025,6,98276,61
PSE,2020,12,98272,1
PSE,2020,7,98404,10
Avista,2024,12,99009,13
PSE,2025,4,98110,34
CNG,2024,6,98229,146
Avista,2020,4,99129,2
PSE,2020,5,98001,101
CNG,2025,3,98370,121
NWN,2022,7,98675,10
PSE,2024,5,98237,47
CNG,2025,4,98257,50
PSE,2022,12,98235,6
PSE,2022,11,98023,94
Avista,2022,11,99027,51
PSE,2024,4,98036,12
PSE,2024,5,98922,20
Avista,2024,12,99143,4
Avista,2023,9,99103,2
PAC,2020,11,99361,5
PSE,2023,5,98342,11
Avista,2022,2,99001,36
NWN,2025,5,98635,0
PSE,2020,9,98221,17
PSE,2023,1,98019,8
NWN,2020,10,98663,1
PSE,2022,8,98404,24
PSE,2020,4,98346,25
CNG,2020,5,98953,1
PSE,2021,1,98002,125
PSE,2021,10,98092,93
PSE,2020,11,98043,2
PSE,2020,3,98199,2
PSE,2023,7,98260,5
Avista,2022,2,99026,6
PSE,2024,8,98340,11
Avista,2020,12,99040,13
NWN,2024,7,98607,3
Avista,2024,7,99102,5
CNG,2024,1,98557,4
Avista,2024,8,99403,433
NWN,2024,2,98127,0
Avista,2021,2,99134,8
CNG,2021,6,98248,13
PSE,2022,4,98387,21
PSE,2025,5,98501,207
Avista,2025,4,99344,1550
PSE,2022,5,98030,109
Avista,2020,10,99208,413
Avista,2025,5,99163,2647
PSE,2020,4,98039,1
PSE,2020,8,98408,3
PSE,2022,5,98019,9
Avista,2025,1,99134,77
Avista,2022,3,99212,153
PSE,2021,2,98946,2
Avista,2025,9,99164,1
Avista,2023,8,99138,1
PAC,2022,8,99323,14
Avista,2023,8,99159,8
PSE,2023,7,98597,28
Avista,2023,2,99160,2
PSE,2022,10,98022,79
Avista,2024,5,99216,166
PAC,2023,12,98935,135
PSE,2021,5,98295,1
PSE,2021,10,98020,1
PSE,2022,3,98012,13
PSE,2025,6,98108,40
NWN,2024,4,98626,0
PAC,2023,5,99362,890
PSE,2024,3,98226,228
CNG,2020,6,98366,15
CNG,2022,1,98282,1
Avista,2023,10,99159,30
PSE,2022,9,98579,12
PSE,2025,6,98466,16
CNG,2025,2,98257,47
Avista,2020,4,99025,15
PSE,2024,3,98047,40
PSE,2023,1,98072,14
PSE,2023,11,98370,48
PSE,2020,11,98007,94
CNG,2023,5,98936,1
PSE,2024,9,98029,6
PSE,2023,8,98281,2
Avista,2025,10,99206,2898
NWN,2023,5,98628,0
PSE,2020,10,98335,7
PSE,2025,7,98204,26
NWN,2022,2,98208,0
Avista,2023,11,99027,41
NWN,2024,12,98307,0
Avista,2023,9,99001,12
PAC,2023,8,98944,823
PSE,2021,11,98409,7
Avista,2025,3,99122,245
CNG,2023,2,98220,2
PSE,2021,2,98296,4
PSE,2023,12,98235,1
PSE,2023,8,98057,14
NWN,2023,8,98639,0
PSE,2022,12,98248,490
CNG,2024,2,98953,5
Avista,2025,6,99020,8
PSE,2023,8,98133,6
PSE,2022,12,98232,36
PSE,2023,5,98531,16
PSE,2024,12,98444,21
CNG,2023,8,98274,16
CNG,2022,3,98276,1
Avista,2025,11,99008,3
NWN,2024,5,98639,0
PSE,2022,11,98116,1
PSE,2025,4,98087,74
Avista,2025,12,99021,674
PSE,2025,8,98012,35
NWN,2021,2,98682,10
CNG,2023,10,99362,1
PSE,2024,2,98053,29
PAC,2022,2,98909,3
NWN,2024,1,98617,0
Avista,2025,5,99212,2875
PSE,2022,2,98056,131
PSE,2025,6,98294,16
PSE,2022,5,98236,12
NWN,2023,3,97388,0
PSE,2025,8,98311,97
PSE,2023,11,98252,1
PSE,2024,6,98233,88
PSE,2023,6,98445,69
PAC,2021,3,98939,1
PAC,2023,5,98932,209
PSE,2021,1,98038,13
PSE,2025,5,98272,35
Avista,2020,5,99033,5
NWN,2022,8,98666,0
PSE,2024,10,98233,9
Avista,2025,9,99114,1551
NWN,2025,2,97388,0
NWN,2022,4,97031,0
PSE,2024,12,98247,32
PSE,2025,4,98499,28
PSE,2024,6,98290,2
PSE,2020,9,98310,31
PSE,2020,6,98512,82
PSE,2023,10,98271,4
PSE,2021,3,98028,33
NWN,2020,11,98675,0
PSE,2020,7,98112,3
PSE,2024,8,98373,196
Avista,2024,6,99032,2
Avista,2023,10,99146,1
PSE,2023,3,98267,1
PAC,2025,4,98939,5
PSE,2024,8,98112,5
Avista,2022,4,99185,11
PSE,2021,7,98512,43
PSE,2022,8,98026,1
PSE,2020,6,98037,9
PAC,2020,10,99328,20
PAC,2020,8,99363,1
PSE,2025,3,98925,1
NWN,2022,6,98685,779
PSE,2020,10,98133,9
PSE,2023,11,98512,107
CNG,2025,6,98240,14
NWN,2024,1,98666,0
Avista,2021,11,99371,2
PSE,2022,3,98226,184
NWN,2022,2,98626,0
Avista,2021,8,99179,1
Avista,2025,9,98648,43
PSE,2023,7,98040,6
PAC,2023,12,98937,42
CNG,2023,2,98520,9
NWN,2022,6,98617,0
PSE,2022,12,98010,88
Avista,2025,6,99036,3
Avista,2023,5,99125,2
PSE,2025,7,98108,82
PSE,2023,1,98178,8
CNG,2020,5,98948,8
PSE,2024,3,98026,18
PSE,2020,9,98266,33
PSE,2021,5,98188,78
PSE,2024,12,98249,22
PSE,2020,10,98281,1
Avista,2025,4,99169,261
Avista,2020,8,99122,12
NWN,2022,2,98127,0
Avista,2020,8,99006,25
Avista,2021,9,99122,14
PSE,2025,5,98499,26
PSE,2020,3,98516,29
PSE,2022,1,98366,41
Avista,2020,10,99130,7
Avista,2022,5,99019,33
NWN,2022,11,98668,0
PSE,2021,5,98134,1
Avista,2024,5,99167,6
PAC,2024,4,98937,45
PSE,2022,8,98294,1
PSE,2023,4,98277,47
PSE,2024,8,98004,39
PSE,2022,5,98031,91
CNG,2025,9,99350,34
PSE,2024,10,98512,93
PSE,2020,10,98312,35
PSE,2023,3,98229,53
PSE,2023,3,98266,18
CNG,2021,11,98248,4
PSE,2022,2,98033,38
NWN,2024,1,98684,6
CNG,2020,3,98520,2
PSE,2021,2,98446,2
Avista,2023,1,99021,36
PSE,2020,3,98311,23
Avista,2020,5,99040,3
CNG,2023,2,98948,13
PSE,2025,2,98102,1
Avista,2021,8,99026,4
PSE,2020,9,98047,13
PSE,2021,12,98070,148
PSE,2020,4,98532,3
NWN,2021,2,98662,13
PSE,2022,10,98275,2
PAC,2023,4,98902,2016
PSE,2020,7,98034,66
PSE,2023,8,98396,1
PAC,2025,5,98952,6
Avista,2021,7,99126,7
PSE,2024,8,98230,35
PSE,2025,8,98422,23
CNG,2020,5,99353,0
PSE,2025,7,98026,29
PSE,2021,1,98224,1
Avista,2022,1,99008,1
PSE,2020,10,98940,7
NWN,2022,10,98612,0
Avista,2020,3,99039,1
PSE,2024,1,98036,23
PSE,2022,9,98168,3
PSE,2021,7,98028,6
PSE,2023,7,98403,1
PSE,2025,5,98407,42
PAC,2020,9,98939,4
CNG,2021,12,98944,17
PAC,2023,8,99324,142
Avista,2025,3,99104,1
PSE,2022,3,98445,12
NWN,2022,4,98686,693
CNG,2021,8,99350,1
CNG,2020,5,98284,18
CNG,2024,5,98233,131
PSE,2024,2,98934,8
Avista,2023,10,99174,5
NWN,2022,8,98686,0
NWN,2023,12,98762,0
Avista,2020,5,99185,5
Avista,2021,11,99013,17
PSE,2024,12,98296,6
PSE,2020,10,98037,20
Avista,2020,9,99201,32
PAC,2020,9,98923,4
PAC,2024,11,98947,93
PSE,2024,3,98031,167
PSE,2025,2,98294,19
NWN,2024,12,98762,0
PSE,2020,6,98221,21
CNG,2025,4,98295,49
PSE,2025,2,98366,114
Avista,2024,10,99025,16
CNG,2021,2,99337,4
NWN,2022,7,98607,1
Avista,2021,6,99163,128
PSE,2025,7,98133,40
PSE,2021,1,98058,75
PSE,2023,8,98230,17
PAC,2021,5,99347,0
CNG,2022,10,98230,13
Avista,2022,2,99113,2
NWN,2025,9,98629,0
PAC,2024,11,98901,1015
Avista,2020,10,99125,5
PSE,2024,2,98252,4
Avista,2022,3,99158,12
PSE,2025,1,98926,30
PSE,2024,1,98498,19
PSE,2022,4,98589,16
CNG,2025,4,98837,59
PSE,2023,1,98367,10
PSE,2022,7,98387,9
PSE,2024,3,98070,24
PSE,2024,7,98342,17
PSE,2023,12,98065,26
CNG,2024,11,98311,133
CNG,2021,3,98221,58
PSE,2024,7,98589,9
PSE,2023,6,98424,14
NWN,2021,3,98629,1
PSE,2024,4,98366,82
CNG,2022,5,98221,14
PSE,2021,7,98328,2
Avista,2025,6,99224,1844
Avista,2020,9,99125,5
PSE,2023,7,98274,20
Avista,2020,5,99134,5
PSE,2024,3,98121,3
PSE,2022,4,98087,11
Avista,2021,10,99020,2
CNG,2025,7,99350,37
PSE,2024,3,98019,28
PSE,2022,8,98579,29
NWN,2021,3,98683,4
Avista,2021,4,99008,2
CNG,2020,12,98295,2
PSE,2024,7,98295,4
Avista,2021,12,99001,41
PSE,2023,3,98371,17
CNG,2020,3,98908,6
PSE,2021,11,98208,12
PSE,2024,2,98249,14
PAC,2025,9,99328,42
PAC,2022,9,98948,367
PSE,2025,8,98340,8
PAC,2023,1,98903,611
PSE,2022,5,98327,3
PSE,2024,7,98239,23
PSE,2024,2,98408,15
PSE,2024,9,98467,2
PSE,2021,9,98102,2
CNG,2023,2,98942,10
PSE,2024,4,98596,1
PSE,2022,1,98112,1
PSE,2025,1,98941,9
NWN,2024,11,98208,0
PSE,2024,1,98407,2
Avista,2024,1,99025,36
PSE,2020,4,98087,19
Avista,2024,5,99169,11
PSE,2025,9,98021,4
PSE,2021,5,98033,53
PSE,2024,5,98028,35
CNG,2022,9,98310,11
NWN,2021,6,98626,0
PSE,2025,6,98530,5
Avista,2023,8,99217,52
Avista,2025,5,99008,55
PSE,2024,4,98262,2
CNG,2021,12,98274,6
PAC,2025,1,99350,1
Avista,2025,8,99170,98
NWN,2021,2,98686,2
Avista,2020,8,99027,32
NWN,2022,3,98671,3
PSE,2023,9,98022,31
Avista,2024,4,99026,10
PSE,2024,9,98244,4
PSE,2021,8,98418,5
PSE,2020,11,98031,116
PSE,2021,2,98530,6
PSE,2023,9,98405,1
PSE,2024,10,98007,203
NWN,2023,2,98635,0
PSE,2022,4,98597,69
PSE,2022,11,98178,8
NWN,2023,9,98127,0
PSE,2021,9,98366,161
CNG,2025,4,98802,15
PSE,2025,2,98166,27
PAC,2024,5,98937,47
CNG,2024,6,98932,15
PSE,2021,2,98337,7
PSE,2020,8,98220,2
Avista,2021,5,99037,9
Avista,2024,3,99025,16
NWN,2024,8,98617,0
PSE,2023,1,98031,62
Avista,2022,5,99122,15
PSE,2020,5,98072,27
NWN,2020,8,98648,0
CNG,2024,4,99354,10
Avista,2021,4,99037,9
CNG,2024,1,99336,23
PSE,2021,12,98589,136
PSE,2023,4,98443,1
PSE,2024,4,98022,95
Avista,2022,9,99006,29
PSE,2025,6,98039,1
PAC,2025,1,98953,109
PSE,2020,8,98387,24
CNG,2023,8,99352,4
PSE,2024,6,98380,6
PSE,2024,7,98225,163
NWN,2020,9,98607,2
CNG,2025,5,99324,133
CNG,2022,8,98232,1
NWN,2024,10,98683,0
PSE,2021,4,98925,2
Avista,2020,9,99101,12
PSE,2020,4,98332,3
PSE,2022,5,98221,27
PSE,2021,6,98235,1
PAC,2022,5,99362,725
Avista,2023,2,99137,5
PSE,2022,11,98019,13
PSE,2020,5,98031,224
Avista,2023,9,99033,7
Avista,2021,1,99016,31
CNG,2025,4,98541,38
PSE,2025,8,98007,97
CNG,2025,2,98550,183
PSE,2023,3,98101,1
NWN,2021,9,98607,0
PSE,2024,1,98946,5
Avista,2025,8,99125,54
PSE,2023,6,98512,193
Avista,2022,1,99171,12
Avista,2022,1,99160,1
NWN,2022,4,97663,0
PSE,2024,12,98221,36
Avista,2023,6,99122,8
PSE,2021,6,98201,11
NWN,2021,11,98610,0
Avista,2023,7,99371,2
PSE,2023,8,98422,5
PSE,2025,4,98019,42
CNG,2025,6,98277,316
Avista,2025,7,99014,17
PSE,2024,12,98006,73
CNG,2024,1,98274,93
Avista,2021,2,99341,4
Avista,2023,11,99151,2
PSE,2025,8,98466,23
NWN,2022,5,98606,57
PAC,2024,10,99362,722
Avista,2021,1,99137,3
Avista,2023,2,99203,66
PSE,2020,11,98337,6
Avista,2021,11,98648,0
PSE,2020,10,98007,146
NWN,2024,9,98606,0
PSE,2023,5,98290,3
PSE,2023,5,98011,44
Avista,2022,10,99181,7
PSE,2020,6,98230,22
PSE,2021,7,98042,92
NWN,2025,8,98626,0
PSE,2023,7,98112,1
PSE,2025,8,98941,4
Avista,2023,2,99013,9
PSE,2021,9,98409,32
CNG,2020,12,99336,3
PSE,2023,9,98260,2
PSE,2022,1,98501,118
PSE,2025,9,98125,12
Avista,2022,7,99159,9
Avista,2023,9,99176,1
Avista,2022,8,99151,2
PSE,2022,7,98116,2
PSE,2020,10,98004,41
CNG,2024,11,98232,4
PSE,2024,4,98270,30
PSE,2025,8,98010,12
PSE,2024,5,98323,4
CNG,2024,6,98520,62
PSE,2024,4,98444,9
PSE,2024,11,98338,49
CNG,2020,5,98944,7
PAC,2024,9,99329,2
PSE,2021,10,98036,3
CNG,2025,2,99301,1172
PSE,2022,5,98375,21
PSE,2023,11,98146,18
PSE,2025,7,98229,130
PSE,2024,6,98502,154
PSE,2021,9,98072,38
PSE,2024,11,98404,27
CNG,2020,6,98225,33
PSE,2023,9,98115,2
PSE,2023,2,98057,17
PSE,2021,3,98424,7
PSE,2023,10,98053,28
PSE,2024,3,98387,17
PSE,2023,10,98375,43
Avista,2025,12,99026,213
NWN,2021,7,98620,0
CNG,2025,3,98550,192
Avista,2023,10,99176,4
PAC,2023,9,99360,8
CNG,2020,10,99344,18
PSE,2023,6,98024,34
Avista,2021,12,99169,13
PSE,2025,8,98321,39
PSE,2025,6,98597,118
PSE,2023,11,98032,216
Avista,2021,11,99019,51
PSE,2023,4,98354,3
PSE,2024,10,98057,53
PSE,2025,1,98198,226
PSE,2020,5,98257,5
PSE,2025,2,98014,11
Avista,2025,3,99126,146
PAC,2021,5,99324,4
PSE,2022,2,98257,17
PSE,2024,9,98105,17
PSE,2023,9,98338,9
CNG,2021,7,99336,2
PSE,2020,10,98934,14
Avista,2025,1,99224,1703
CNG,2020,4,98277,7
PSE,2025,1,98119,1
CNG,2020,11,98367,0
PSE,2024,9,98387,16
Avista,2024,6,99137,1
PSE,2023,5,98201,10
PSE,2022,1,98403,4
CNG,2023,10,98902,1
PSE,2024,1,98390,13
PSE,2021,6,98102,1
PSE,2021,3,98072,11
PSE,2024,10,98295,7
PSE,2023,1,98372,24
PSE,2021,12,98232,29
PSE,2023,1,98366,15
PSE,2021,4,98276,3
PSE,2024,2,98047,52
PSE,2024,10,98144,5
PSE,2021,6,98032,175
PSE,2025,7,98408,33
PSE,2025,8,98014,18
PSE,2022,2,98118,61
NWN,2023,6,98672,0
PSE,2020,5,98221,28
NWN,2020,11,98672,0
Avista,2023,12,99402,13
PSE,2023,2,98198,84
PSE,2025,6,98406,19
Avista,2023,3,99143,7
NWN,2022,2,98635,0
PSE,2024,5,98024,7
PSE,2022,11,98260,7
PSE,2021,9,98498,123
PAC,2020,5,98930,22
NWN,2020,8,98661,6
PSE,2023,4,98409,4
Avista,2025,7,99146,4
PSE,2022,10,98385,1
PAC,2023,9,98948,447
NWN,2021,4,98683,12
PSE,2022,6,98406,3
PSE,2025,8,98037,6
PSE,2023,11,98405,2
NWN,2024,2,98605,0
NWN,2020,5,98628,0
PAC,2024,9,98935,122
CNG,2025,8,98541,41
PSE,2024,12,98312,115
CNG,2025,1,98801,41
PAC,2023,3,98932,201
NWN,2021,3,98642,0
PSE,2021,2,98335,5
PSE,2021,3,98148,20
PSE,2021,5,98070,22
PSE,2021,12,98249,50
CNG,2024,9,99323,1
Avista,2021,3,99006,43
PSE,2020,3,98204,3
PAC,2023,3,99350,2
CNG,2024,12,98240,13
Avista,2022,7,99224,98
PSE,2020,10,98240,1
PSE,2020,5,98122,13
PSE,2020,12,98418,4
PAC,2023,4,99350,2
PSE,2024,10,98118,17
CNG,2024,11,98274,140
PSE,2021,11,98390,15
PSE,2020,3,98404,14
PSE,2024,11,98077,10
NWN,2023,9,98682,6
PSE,2021,3,98033,30
PSE,2025,7,98148,69
PSE,2022,10,98023,114
CNG,2023,5,98284,16
NWN,2021,8,98685,1
CNG,2021,10,98901,28
CNG,2021,4,98848,1
Avista,2023,1,99163,153
Avista,2023,2,99176,1
PSE,2022,3,98055,61
PSE,2020,3,98117,5
PSE,2025,2,98004,41
PSE,2023,3,98340,3
CNG,2020,6,98901,11
PSE,2024,5,98589,45
PAC,2020,6,98935,9
PSE,2025,4,98934,20
PSE,2020,12,98247,18
PSE,2023,12,98168,18
PSE,2021,12,98019,68
Avista,2021,6,99202,100
Avista,2023,3,99012,3
NWN,2025,7,98686,2
PSE,2024,5,98404,15
CNG,2025,7,98626,30
CNG,2023,8,99301,11
PSE,2023,12,98290,2
PSE,2024,11,98516,75
PSE,2022,10,98257,45
PSE,2023,3,98092,194
Avista,2020,4,99223,164
NWN,2020,9,98612,0
Avista,2023,8,99218,27
PAC,2021,5,99363,1
PSE,2024,6,98445,27
PSE,2023,5,98446,3
PSE,2020,9,98446,5
Avista,2021,10,99033,20
CNG,2021,10,98584,5
PSE,2024,4,98004,45
NWN,2024,5,98612,0
Avista,2025,10,99039,22
PSE,2023,1,98232,5
PSE,2020,7,98445,11
PSE,2023,10,98105,1
NWN,2021,8,98661,5
PSE,2024,11,98252,5
PSE,2021,9,98155,20
PSE,2023,11,98443,3
NWN,2023,10,98674,0
Avista,2022,4,99111,20
PSE,2025,1,98940,6
NWN,2025,2,97031,0
PSE,2023,8,98023,57
PSE,2021,11,98072,10
NWN,2022,1,98629,1
PSE,2024,8,98516,68
PSE,2025,9,98056,51
NWN,2025,5,98127,0
PAC,2024,2,98939,15
PSE,2021,1,98053,8
PAC,2024,8,99323,14
CNG,2024,9,98903,86
NWN,2024,12,98674,0
CNG,2020,6,98310,12
Avista,2020,12,99008,9
CNG,2023,5,98223,3
Avista,2021,3,98620,2
CNG,2021,11,98225,18
Avista,2021,2,99149,2
Avista,2021,12,99335,0
Avista,2023,4,99148,9
PSE,2023,1,98011,31
PSE,2022,1,98267,2
PSE,2023,6,98136,19
Avista,2025,6,99161,144
CNG,2023,2,98312,4
PSE,2022,10,98335,1
Avista,2020,3,99029,8
NWN,2020,8,98672,0
CNG,2025,8,98257,51
PSE,2022,2,98338,17
NWN,2024,3,98208,0
Avista,2023,11,99009,17
Avista,2022,7,99212,124
PSE,2025,2,98272,21
PAC,2023,6,98903,618
PSE,2025,1,98439,36
PAC,2025,9,99329,3
PAC,2022,6,98930,333
PSE,2024,9,98034,4
Avista,2020,10,99167,3
PAC,2022,11,99362,708
PSE,2022,7,98008,12
NWN,2023,6,98682,13
PSE,2021,1,98168,9
CNG,2022,11,98223,3
Avista,2024,4,99102,6
PSE,2024,6,98033,24
PSE,2021,8,98284,36
PSE,2020,9,98136,1
PSE,2020,11,98310,16
PAC,2023,6,99348,15
PSE,2020,12,98112,1
PSE,2021,10,98445,9
PSE,2022,1,98274,44
CNG,2024,11,98801,21
PAC,2024,12,98937,43
CNG,2024,9,98229,175
PSE,2024,3,98118,106
PSE,2020,7,98249,8
PSE,2022,8,98943,2
CNG,2021,5,98247,45
PSE,2021,6,98576,12
Avista,2020,8,99003,6
CNG,2021,9,98312,3
PSE,2020,11,98321,27
PSE,2024,11,98232,2
PAC,2022,9,98908,457
Avista,2025,10,99176,10
PAC,2022,4,98923,22
PSE,2023,4,98310,32
PSE,2022,7,98531,7
PSE,2022,7,98260,2
Avista,2025,10,98648,43
PSE,2024,9,98122,29
Avista,2025,4,99171,103
Avista,2021,12,99224,155
CNG,2021,4,99344,79
PSE,2021,5,98155,18
PSE,2021,10,98296,1
CNG,2024,1,98541,8
PSE,2021,9,98506,124
CNG,2021,8,98908,3
PSE,2020,10,98446,2
PSE,2021,12,98532,46
PSE,2023,5,98445,7
PSE,2021,1,98144,22
PSE,2023,1,98407,6
CNG,2025,2,98220,13
PSE,2021,1,98075,1
Avista,2024,9,99029,10
NWN,2024,5,98629,2
PSE,2020,7,98391,49
CNG,2024,3,99301,142
NWN,2025,1,98663,5
PSE,2023,12,98116,1
PSE,2023,12,98940,4
CNG,2024,12,99362,551
PSE,2023,7,98204,11
PAC,2024,5,99329,4
Avista,2023,3,99403,328
PSE,2020,5,98271,10
PSE,2020,8,98444,7
PSE,2025,6,98019,30
PSE,2021,8,98513,52
PSE,2020,5,98327,8
PSE,2020,11,98443,1
PSE,2020,9,98229,63
PSE,2023,2,98011,37
PSE,2025,1,98036,46
Avista,2020,5,99143,2
Avista,2023,4,99173,7
NWN,2024,11,98682,6
PSE,2023,5,98028,26
Avista,2021,6,99104,1
Avista,2021,6,99019,39
Avista,2022,4,99174,1
PSE,2023,1,98284,45
PSE,2021,1,98372,37
Avista,2022,8,99223,135
NWN,2021,12,98639,0
PSE,2024,8,98107,4
Avista,2020,10,99004,7
PSE,2020,12,98374,64
CNG,2023,8,99362,9
Avista,2025,11,99027,470
Avista,2021,3,99109,34
Avista,2023,12,99019,60
PSE,2020,7,98024,6
PSE,2022,4,98501,99
NWN,2023,10,98686,0
PSE,2020,12,98926,9
CNG,2024,2,98632,2
PSE,2025,1,98065,69
NWN,2023,11,98642,0
CNG,2023,9,98310,2
Avista,2024,10,99110,1
PAC,2024,8,99360,4
Avista,2022,1,99202,115
PSE,2025,9,98019,2
NWN,2025,7,98642,4
NWN,2024,12,98127,0
PSE,2023,10,98065,22
NWN,2025,9,98642,0
Avista,2023,8,99005,12
CNG,2024,4,98264,150
PSE,2023,10,98051,3
NWN,2025,7,98664,7
CNG,2025,2,99352,222
NWN,2024,6,98682,19
PSE,2021,1,98125,7
PSE,2022,12,98203,241
PAC,2022,3,99350,4
Avista,2024,8,99159,20
PAC,2023,7,98953,97
PSE,2024,8,98406,16
Avista,2024,1,99122,22
PSE,2021,2,98387,34
PSE,2022,4,98031,148
NWN,2023,4,98605,0
CNG,2020,5,98908,7
PSE,2025,6,98075,19
Avista,2020,3,99216,148
PSE,2024,2,98020,9
CNG,2021,9,98310,2
PSE,2025,5,98177,11
NWN,2024,4,98662,18
PSE,2020,11,98122,4
PSE,2022,2,98042,108
PSE,2023,1,98335,8
Avista,2025,3,99402,117
PAC,2020,5,99347,5
PSE,2023,8,98075,9
PSE,2025,4,98014,31
PSE,2024,8,98272,20
PSE,2020,11,98026,4
NWN,2021,10,98601,0
CNG,2025,9,98550,182
PSE,2024,7,98208,22
PSE,2022,3,98001,102
CNG,2020,5,98273,29
PSE,2023,7,98276,2
PSE,2020,11,98110,8
NWN,2021,1,98307,0
PSE,2022,6,98105,1
Avista,2022,2,99170,2
PAC,2022,11,99360,5
NWN,2025,6,98601,0
Avista,2023,7,99130,9
Avista,2021,11,99341,4
PAC,2020,11,99362,25
CNG,2025,6,98337,168
Avista,2020,9,99137,3
PSE,2023,6,98465,6
NWN,2023,8,98635,0
PSE,2021,5,98224,3
NWN,2023,2,97031,0
PSE,2022,10,98284,41
Avista,2022,8,99037,11
CNG,2025,6,99354,140
NWN,2024,9,98683,1
PSE,2020,10,98072,14
CNG,2022,11,98557,1
PAC,2021,2,99360,1
NWN,2022,12,98127,0
Avista,2023,12,99201,282
PSE,2020,3,98047,7
CNG,2025,9,98311,431
PSE,2022,6,98166,5
PSE,2022,12,98409,227
PSE,2020,11,98424,1
CNG,2020,3,98345,1
PSE,2024,8,98271,12
PSE,2020,10,98576,12
PSE,2025,2,98033,68
CNG,2024,8,98282,9
PSE,2025,5,98011,115
Avista,2023,5,99003,8
PSE,2023,11,98074,17
PSE,2025,1,98258,47
Avista,2024,2,99138,25
CNG,2025,6,98902,1484
PSE,2020,5,98342,4
PSE,2025,4,98232,16
PAC,2022,2,98944,734
Avista,2025,11,99170,92
CNG,2023,2,99301,70
PSE,2022,4,98532,1
Avista,2023,3,99371,5
Avista,2021,8,99151,3
CNG,2025,3,98257,53
PSE,2020,5,98296,14
PSE,2020,9,98092,99
Avista,2022,1,99224,76
Avista,2022,8,99207,326
PSE,2021,12,98108,249
PSE,2021,4,98342,4
Avista,2022,6,99023,1
PSE,2024,9,98501,87
PSE,2020,4,98122,4
Avista,2024,8,99141,179
Avista,2020,12,99102,3
PSE,2022,11,98001,80
NWN,2020,12,98620,0
CNG,2024,12,99336,210
PSE,2023,1,98396,2
PAC,2022,12,98939,8
Avista,2022,6,99037,13
PSE,2025,3,98023,210
CNG,2025,2,98223,368
NWN,2022,11,98610,0
PAC,2020,4,99323,1
PSE,2022,10,98532,5
Avista,2022,3,99138,15
Avista,2022,11,99037,11
Avista,2022,2,99218,70
PSE,2022,7,98052,30
Avista,2022,5,99031,2
Avista,2022,2,99402,11
CNG,2024,11,99336,127
PSE,2024,11,98225,203
Avista,2023,7,99344,25
Avista,2025,4,99004,294
PSE,2025,4,98039,1
NWN,2025,8,98612,0
Avista,2024,3,99224,158
CNG,2021,5,99354,12
PSE,2022,3,98264,32
PSE,2023,11,98276,9
PSE,2024,5,98051,6
CNG,2024,2,98220,4
CNG,2024,6,98277,104
CNG,2023,4,98233,19
NWN,2024,1,98662,19
CNG,2023,8,98541,1
CNG,2025,8,99350,34
NWN,2020,7,98674,0
Avista,2025,6,99223,3076
NWN,2024,11,98307,0
PSE,2022,8,98266,19
PSE,2023,2,98934,12
PSE,2020,7,98116,2
PSE,2022,5,98941,3
NWN,2020,12,97031,0
NWN,2021,5,98620,0
CNG,2023,7,98274,11
PSE,2021,4,98502,114
PSE,2021,11,98579,37
PSE,2022,6,98257,21
Avista,2025,7,99036,2
CNG,2024,1,98901,169
NWN,2023,10,98685,0
PSE,2022,3,98029,49
Avista,2024,2,99212,185
Avista,2025,3,99128,15
PSE,2023,10,98502,51
NWN,2025,8,98762,0
NWN,2022,9,98607,0
NWN,2020,3,98664,1
Avista,2020,7,99109,21
Avista,2025,11,99171,95
PSE,2021,6,98105,1
NWN,2021,11,98685,3
PSE,2023,1,98087,32
Avista,2024,7,99027,52
PAC,2024,6,99362,769
NWN,2023,10,98612,0
PSE,2020,6,98232,3
PSE,2020,3,98115,4
Avista,2022,10,99113,2
Avista,2024,9,99003,9
PSE,2025,7,98249,19
PSE,2022,8,98117,3
PSE,2025,9,98052,14
PSE,2022,5,98446,6
PSE,2023,9,98501,59
PSE,2022,3,98263,1
PSE,2022,5,98248,49
Avista,2024,7,99029,3
PSE,2024,12,98388,12
PSE,2021,11,98439,11
CNG,2022,5,98257,2
PSE,2020,8,98105,3
Avista,2024,3,99128,3
PSE,2023,11,98940,6
PAC,2024,3,98942,212
PSE,2020,12,98390,24
PSE,2021,12,98531,177
PSE,2025,5,98146,20
PSE,2022,7,98374,21
PSE,2025,2,98103,7
Avista,2021,5,99341,3
CNG,2025,5,98248,543
CNG,2022,2,98226,17
PSE,2021,7,98422,10
PSE,2020,5,98371,61
NWN,2024,9,98208,0
Avista,2025,11,99039,22
Avista,2021,9,99131,2
PSE,2025,1,98360,72
PSE,2022,8,98230,27
PSE,2024,2,98383,25
CNG,2023,4,99301,28
CNG,2021,3,98801,8
PSE,2021,1,98188,29
PAC,2022,3,98942,198
CNG,2025,9,98801,50
PSE,2020,6,98244,7
Avista,2025,9,99141,762
PSE,2020,11,98501,68
Avista,2024,3,99018,3
PSE,2023,12,98033,65
PSE,2021,10,98122,1
CNG,2020,10,98273,16
CNG,2024,7,98942,49
PSE,2024,8,98262,1
PSE,2021,12,98168,218
CNG,2022,10,98247,4
PSE,2025,6,98133,36
Avista,2023,10,99037,53
CNG,2024,6,99353,2
PSE,2022,2,98516,80
CNG,2025,5,98524,4
Avista,2024,9,99040,13
NWN,2024,8,98635,0
NWN,2021,11,98639,0
Avista,2025,1,99020,7
PAC,2024,12,98933,15
CNG,2025,8,98902,1442
Avista,2021,2,99033,6
Avista,2024,12,99371,4
CNG,2023,1,98220,2
PSE,2020,5,98321,24
PSE,2023,2,98106,6
PSE,2021,4,98418,12
PSE,2023,6,98383,114
Avista,2023,7,99039,2
Avista,2025,2,99104,1
Avista,2025,3,99020,7
Avista,2023,5,99224,69
Avista,2023,11,99019,44
PSE,2024,10,98311,76
PSE,2021,11,98503,110
PSE,2022,5,98516,50
PSE,2023,7,98408,5
NWN,2024,7,98682,15
PSE,2020,4,98403,3
PSE,2022,3,98108,41
PSE,2020,12,98375,24
NWN,2022,4,98642,613
PSE,2025,8,98530,8
Avista,2024,9,99158,4
NWN,2021,10,98119,0
PSE,2024,2,98108,29
PAC,2021,2,99347,1
Avista,2020,6,99204,45
Avista,2022,1,99207,256
Avista,2022,4,99167,1
PSE,2025,2,98328,2
Avista,2021,3,99013,11
Avista,2021,5,99148,11
PSE,2020,4,98177,3
PSE,2025,4,98136,8
CNG,2022,5,98229,7
PSE,2023,10,98107,1
PSE,2022,1,98011,66
NWN,2022,8,98606,3
PSE,2021,7,98224,1
CNG,2022,9,99352,1
CNG,2023,12,98902,2
Avista,2022,4,99223,262
PSE,2025,7,98042,340
PAC,2020,9,99348,1
NWN,2023,3,98605,1
PSE,2020,9,98240,6
PSE,2024,6,98001,82
Avista,2020,9,99224,38
CNG,2020,6,98625,0
PSE,2020,6,98031,263
PSE,2025,9,98178,29
CNG,2020,3,98257,2
PSE,2021,6,98118,25
PSE,2021,8,98053,4
PSE,2023,8,98466,4
NWN,2025,4,98026,0
PSE,2024,10,98043,3
PSE,2020,12,98281,2
Avista,2025,4,98620,120
NWN,2023,3,98672,0
PSE,2023,3,98576,4
CNG,2020,9,98312,8
PSE,2023,10,98407,3
PSE,2022,9,98004,18
PSE,2025,1,98294,9
PSE,2025,7,98029,117
Avista,2024,3,99030,6
Avista,2024,3,99016,83
NWN,2025,4,98664,7
PSE,2022,1,98022,86
PSE,2024,5,98530,9
Avista,2022,9,99223,126
CNG,2024,6,98345,4
PSE,2020,8,98275,3
Avista,2021,1,99157,8
Avista,2022,8,99167,4
CNG,2022,12,99362,18
CNG,2021,10,98902,67
Avista,2022,1,99167,1
CNG,2025,8,98295,54
NWN,2021,5,98606,0
Avista,2024,2,99019,35
NWN,2023,10,98664,0
Avista,2021,9,99141,18
PSE,2022,7,98022,28
PSE,2020,12,98198,68
PSE,2024,7,98236,12
PSE,2021,8,98264,18
PSE,2022,1,98233,56
CNG,2025,4,98908,570
PSE,2025,4,98201,74
PSE,2020,3,98042,37
NWN,2022,5,98026,0
PAC,2023,12,99350,2
PSE,2020,9,98512,29
Avista,2022,2,99117,2
NWN,2023,9,98125,0
Avista,2025,12,99014,19
PSE,2024,3,98006,41
NWN,2024,2,98119,0
PSE,2024,9,98092,52
Avista,2022,8,99004,4
PSE,2020,9,98012,8
NWN,2020,3,98665,5
CNG,2022,5,99338,1
Avista,2021,9,99130,6
PSE,2021,9,98407,14
PSE,2024,7,98516,49
CNG,2021,3,98277,58
PAC,2020,11,98930,21
PSE,2023,8,98029,37
Avista,2023,11,99134,10
PSE,2024,5,98011,47
PSE,2021,6,98266,34
Avista,2023,2,99167,4
CNG,2025,7,98310,533
PAC,2021,1,99347,0
PSE,2021,5,98020,1
NWN,2023,9,98662,4
CNG,2024,4,98230,99
NWN,2020,5,98605,0
PSE,2022,8,98925,1
PSE,2022,6,98251,1
Avista,2025,11,99223,3087
PSE,2020,5,98121,1
Avista,2021,11,99138,21
PSE,2023,10,98239,7
Avista,2025,10,99148,339
PSE,2022,6,98338,10
PSE,2024,11,98203,17
Avista,2023,5,99104,1
PAC,2025,7,98937,70
Avista,2020,4,99341,3
PSE,2020,8,98022,37
PSE,2022,9,98233,7
PAC,2020,6,98937,9
PAC,2025,3,98933,17
NWN,2021,9,98307,0
PSE,2020,9,98374,34
PSE,2025,6,98166,34
Avista,2024,8,99170,13
NWN,2020,8,98026,0
Avista,2023,12,98648,4
Avista,2020,7,99170,3
CNG,2024,8,99301,398
PAC,2025,1,98903,455
Avista,2022,3,99141,43
NWN,2022,3,98683,7
Avista,2023,10,99029,20
PSE,2023,12,98391,14
PSE,2021,5,98288,1
PSE,2025,5,98239,26
PSE,2023,8,98503,120
Avista,2020,11,99032,7
NWN,2022,8,98635,0
CNG,2022,4,98230,9
PSE,2024,12,98576,26
CNG,2022,6,99337,3
PSE,2022,5,98288,2
PSE,2020,5,98360,32
Avista,2022,7,99113,4
PSE,2025,3,98233,110
PSE,2022,10,98359,6
PSE,2022,3,98576,16
NWN,2021,9,98628,0
Avista,2021,5,98620,2
PSE,2021,4,98050,1
CNG,2023,6,98273,9
NWN,2025,5,98666,0
PSE,2021,7,98257,11
PSE,2023,2,98232,4
CNG,2022,12,98292,1
NWN,2024,5,97031,0
Avista,2025,11,99202,2205
CNG,2022,3,98225,35
Avista,2020,12,99110,1
CNG,2024,3,99323,1
PSE,2023,11,98232,15
CNG,2020,12,98936,5
Avista,2024,7,99208,462
PSE,2024,10,98244,19
PSE,2025,3,98239,35
Avista,2024,3,99126,6
CNG,2024,1,98520,48
NWN,2021,8,98127,0
PSE,2021,7,98502,81
Avista,2020,9,99128,2
NWN,2023,10,98682,0
PSE,2025,9,98262,1
NWN,2024,12,98628,3
PSE,2021,2,98072,17
NWN,2024,11,98664,8
NWN,2021,2,98660,7
PAC,2022,8,98933,16
CNG,2022,8,98584,2
PSE,2025,3,98408,37
PSE,2022,12,98312,894
Avista,2025,7,99326,18
CNG,2022,2,98248,7
CNG,2022,8,98220,1
PSE,2023,1,98321,13
Avista,2021,3,99185,9
Avista,2022,3,99170,8
PSE,2022,7,98002,99
NWN,2021,5,98668,0
PSE,2021,1,98422,4
PSE,2024,6,98407,3
PAC,2025,1,98942,204
PAC,2022,6,99324,126
Avista,2025,11,99025,277
Avista,2024,2,99181,19
PSE,2022,12,98338,180
NWN,2020,5,98026,0
PSE,2022,6,98499,9
PSE,2025,2,98029,104
PSE,2023,1,98146,6
PSE,2024,10,98328,2
PSE,2021,10,98007,125
NWN,2024,2,98639,0
PSE,2024,10,98031,161
Avista,2020,5,99371,1
PSE,2024,2,98155,21
PSE,2023,10,98281,1
CNG,2020,7,98248,17
PSE,2025,3,98074,27
PSE,2021,6,98230,28
PAC,2023,4,99362,901
PSE,2024,9,98327,4
PSE,2021,12,98056,752
PAC,2023,6,98939,13
CNG,2021,8,98292,2
PSE,2021,7,98106,2
PSE,2022,1,98396,3
PSE,2022,10,98346,18
NWN,2021,7,98307,0
NWN,2020,11,98685,3
PSE,2022,11,98199,2
PSE,2025,1,98391,299
PSE,2022,3,98177,8
CNG,2023,3,99301,11
CNG,2021,8,99337,1
Avista,2025,1,99104,1
CNG,2025,5,98942,173
Avista,2022,11,99126,9
PSE,2023,1,98065,6
PSE,2024,9,98337,13
Avista,2021,1,99026,5
CNG,2021,11,98584,2
PSE,2022,12,98226,1048
Avista,2022,11,99148,19
PSE,2021,1,98501,158
PSE,2023,10,98059,43
Avista,2020,3,99137,4
PAC,2020,10,98902,29
PSE,2021,3,98274,21
PAC,2020,6,99363,2
CNG,2021,7,98257,1
Avista,2022,8,99019,37
NWN,2021,10,98610,0
CNG,2024,5,98902,543
PSE,2023,10,98037,5
PSE,2021,4,98005,36
PSE,2022,1,98345,1
Avista,2021,5,99143,1
Avista,2025,7,99130,103
PSE,2021,4,98589,17
PSE,2024,4,98023,239
CNG,2021,3,98310,109
Avista,2020,9,99016,29
PAC,2022,11,98921,39
NWN,2023,3,98648,0
PSE,2021,8,98011,15
PSE,2021,3,98117,10
PSE,2022,4,98068,1
PSE,2024,2,98295,4
PSE,2020,5,98266,23
CNG,2020,9,98345,1
PSE,2023,12,98014,16
NWN,2020,6,98664,6
PSE,2021,4,98255,3
PSE,2023,12,98118,21
NWN,2023,10,98683,0
Avista,2021,2,99224,70
PSE,2025,2,98466,10
PSE,2020,12,98199,2
PSE,2022,2,98104,1
PSE,2022,5,98943,2
CNG,2021,5,98520,40
PAC,2021,3,99324,23
PAC,2023,11,98952,10
NWN,2023,8,98662,12
PAC,2022,8,98944,655
PSE,2024,4,98597,139
PSE,2025,8,98045,16
PSE,2020,6,98405,9
PSE,2021,5,98237,34
PSE,2025,8,98262,3
PSE,2025,3,98030,229
CNG,2024,1,98271,11
CNG,2021,12,98903,1
CNG,2024,9,98276,21
PSE,2025,9,98366,40
Avista,2021,1,99218,27
PAC,2024,12,98951,347
Avista,2024,8,99003,48
CNG,2024,5,98273,175
PSE,2020,7,98109,2
Avista,2021,1,99020,1
PSE,2022,10,98011,30
Avista,2020,4,99032,6
Avista,2020,10,99122,12
Avista,2025,7,99341,98
Avista,2025,12,99111,392
PSE,2022,1,98342,4
CNG,2024,12,98524,3
NWN,2023,1,98026,0
NWN,2024,10,98686,0
Avista,2025,10,99003,257
NWN,2020,5,98617,0
PSE,2024,2,98512,90
Avista,2021,12,99109,49
PSE,2022,7,98273,56
Avista,2022,1,99143,9
PSE,2023,3,98188,49
PSE,2024,3,98310,63
PSE,2022,4,98274,23
PSE,2021,9,98075,9
PSE,2022,10,98266,16
CNG,2020,11,98902,23
NWN,2021,3,98127,0
PAC,2025,9,98903,220
PSE,2023,3,98012,6
Avista,2022,11,99216,122
PSE,2020,7,98022,37
PAC,2021,4,98938,12
PSE,2021,9,98204,30
Avista,2021,2,99021,16
Avista,2021,9,99110,1
PAC,2024,2,98932,226
CNG,2025,4,98274,291
Avista,2024,1,99216,253
CNG,2023,12,98225,1
Avista,2024,9,99403,115
Avista,2023,6,99167,2
CNG,2024,4,98337,31
PSE,2023,6,98043,34
PSE,2024,8,98263,1
Avista,2023,11,99018,1
PSE,2024,10,98409,11
PSE,2020,10,98262,2
NWN,2023,3,98642,10
Avista,2024,3,99151,2
NWN,2021,4,98629,0
PSE,2024,1,98380,2
NWN,2024,1,97301,0
PSE,2021,12,98116,24
PSE,2020,4,98270,26
PSE,2025,1,98374,312
Avista,2022,11,99151,2
PSE,2022,1,98337,18
PSE,2024,4,98032,303
CNG,2025,8,99336,322
PSE,2025,6,98126,26
CNG,2025,6,98310,516
PSE,2022,1,98125,14
NWN,2022,7,98685,5
PSE,2021,7,98580,6
PSE,2022,12,98922,140
Avista,2025,12,99164,1
Avista,2020,9,99033,6
PSE,2022,10,98373,12
PSE,2023,12,98406,7
PAC,2024,11,98903,474
PSE,2020,4,98925,2
PSE,2024,2,98273,116
PSE,2023,6,98199,16
Avista,2023,10,99113,9
NWN,2022,12,98617,0
Avista,2023,11,99212,191
PSE,2020,8,98390,20
Avista,2025,3,99129,163
PSE,2022,6,98321,14
PSE,2021,12,98446,65
PSE,2023,4,98294,4
PSE,2025,1,98230,86
PSE,2023,10,98372,37
Avista,2021,7,99371,1
Avista,2023,4,99110,2
Avista,2020,10,99403,40
Avista,2023,6,99126,3
Avista,2020,9,99217,40
PSE,2020,12,98221,47
PAC,2023,8,99362,795
CNG,2025,5,98584,245
PAC,2020,3,99329,2
PSE,2025,4,98031,356
PSE,2021,12,98043,67
Avista,2023,7,99006,22
PSE,2025,7,98177,15
PSE,2022,1,98367,26
NWN,2025,3,98635,0
Avista,2020,3,99016,82
PSE,2025,5,98385,2
Avista,2024,5,99103,3
PSE,2023,12,98360,9
PAC,2020,2,99350,2
PSE,2023,6,98294,23
Avista,2025,9,99030,83
Avista,2023,8,99344,27
PSE,2020,12,98043,5
NWN,2024,7,98604,3
PSE,2024,7,98168,15
PAC,2024,8,99324,125
PSE,2025,7,98321,93
Avista,2025,12,99103,45
PSE,2023,9,98321,12
CNG,2020,5,98271,2
Avista,2023,2,99122,25
NWN,2021,9,98664,0
Avista,2024,4,99111,17
PSE,2021,8,98056,70
PAC,2020,5,98908,22
Avista,2024,9,99027,32
PSE,2022,3,98237,25
PSE,2020,7,98072,11
PSE,2021,3,98576,8
Avista,2022,11,99217,139
CNG,2021,9,98257,1
Avista,2022,3,99039,5
PSE,2024,5,98053,14
PSE,2025,4,98038,140
PSE,2023,6,98221,96
PSE,2024,5,98346,35
PSE,2021,2,98503,177
PSE,2024,9,98121,4
PSE,2020,8,98103,2
NWN,2020,6,98620,0
PAC,2023,2,98953,94
NWN,2020,9,98119,0
PSE,2021,3,98332,2
CNG,2021,5,98264,72
Avista,2024,6,99179,7
PSE,2023,12,98126,9
CNG,2024,4,98801,12
Avista,2025,1,99009,176
CNG,2025,8,98282,26
PSE,2025,9,98424,1
PSE,2025,5,98338,62
Avista,2020,12,99021,84
PSE,2023,3,98940,2
PSE,2023,4,98255,1
CNG,2022,11,98951,7
Avista,2025,6,99163,2166
Avista,2024,5,99402,10
Avista,2025,7,99126,141
NWN,2024,8,98639,0
PSE,2025,4,98133,37
Avista,2023,3,99151,5
Avista,2020,11,99129,3
PAC,2024,12,98952,7
PSE,2020,7,98092,183
PSE,2025,3,98439,16
PSE,2020,12,98407,3
Avista,2024,1,99179,5
PSE,2023,5,98576,14
PAC,2021,3,98908,35
NWN,2023,4,98675,0
PSE,2023,4,98055,40
PSE,2020,6,98065,10
PSE,2022,12,98498,563
PSE,2021,12,98134,1
Avista,2020,9,99170,7
PSE,2024,8,98226,130
PAC,2020,12,99328,18
Avista,2022,3,99371,4
NWN,2023,10,98675,0
PSE,2021,2,98008,24
CNG,2020,5,99323,1
Avista,2021,10,99034,0
NWN,2020,7,98664,7
PSE,2021,6,98043,2
PSE,2020,8,98513,54
Avista,2020,11,99212,53
PSE,2025,3,98359,9
NWN,2021,7,98668,0
PSE,2020,10,98408,5
PSE,2023,12,98148,11
CNG,2023,2,98930,11
CNG,2021,4,98264,72
PSE,2024,8,98530,5
Avista,2025,7,99117,41
Avista,2021,5,99040,28
NWN,2025,3,98660,6
NWN,2023,8,98683,7
CNG,2024,11,98951,44
NWN,2020,12,98635,0
CNG,2024,10,98284,181
CNG,2024,7,98901,209
PSE,2020,7,98148,14
Avista,2020,7,99117,1
PSE,2023,7,98312,46
PSE,2025,4,98029,117
PSE,2023,5,98501,79
PSE,2022,1,98236,22
PSE,2020,5,98030,258
CNG,2025,4,99324,135
PSE,2020,10,98387,32
PSE,2025,5,98087,43
NWN,2024,2,98604,8
PSE,2020,11,98002,129
PSE,2024,3,98338,16
PSE,2020,6,98024,6
NWN,2023,2,98648,0
NWN,2024,8,98762,0
Avista,2021,6,99158,6
NWN,2023,9,98762,0
PSE,2021,4,98229,104
CNG,2022,12,98837,2
PSE,2020,6,98342,2
PSE,2025,6,98311,109
Avista,2020,8,99179,2
PSE,2020,7,98467,5
Avista,2025,4,99167,106
PSE,2025,7,98188,241
PSE,2020,7,98005,15
PSE,2022,5,98576,10
CNG,2021,11,98274,7
Avista,2023,11,99128,3
PSE,2020,8,98208,6
PSE,2020,4,98040,9
PAC,2023,10,98947,109
PSE,2025,2,98403,2
CNG,2024,5,98901,198
PSE,2024,10,98391,156
PAC,2020,12,98936,9
PSE,2025,5,98439,34
CNG,2024,11,98625,1
PSE,2022,4,98026,5
Avista,2025,10,99179,46
PSE,2023,12,98125,4
CNG,2021,10,98264,2
PSE,2023,1,98125,10
PSE,2021,4,98444,16
PSE,2022,3,98112,4
NWN,2022,10,97388,0
NWN,2022,12,98307,0
Avista,2022,7,99163,76
PSE,2020,7,98512,58
CNG,2022,3,98936,1
CNG,2023,2,98936,9
PSE,2024,9,98036,2
PSE,2023,6,98328,3
PSE,2023,8,98003,130
Avista,2025,2,99016,1091
PSE,2024,5,98240,4
PAC,2022,10,98902,1621
PSE,2025,8,98029,55
NWN,2023,11,98629,0
Avista,2022,8,99020,1
Avista,2024,3,99122,15
PSE,2024,9,98370,30
PSE,2024,4,98239,25
PAC,2024,1,98903,570
PSE,2024,8,98033,45
PSE,2021,2,98230,27
PSE,2020,11,98057,35
PSE,2022,10,98168,10
PSE,2024,1,98409,8
PAC,2022,12,98937,49
Avista,2023,6,99013,2
Avista,2024,4,99163,110
CNG,2024,4,98240,3
PSE,2023,8,98168,5
Avista,2022,6,99148,13
CNG,2025,5,98674,47
PSE,2025,8,98516,90
PSE,2023,12,98531,11
CNG,2022,11,98366,2
Avista,2023,2,99033,8
PSE,2021,10,98034,87
PSE,2025,3,98155,14
Avista,2025,3,99173,291
NWN,2025,5,98683,3
Avista,2021,8,99040,12
PSE,2021,12,98230,187
PSE,2024,12,98110,26
PSE,2022,8,98502,84
PSE,2023,11,98057,52
CNG,2021,4,99337,13
Avista,2025,2,99151,31
PSE,2022,3,98499,9
Avista,2023,4,99122,8
NWN,2023,7,98685,8
NWN,2020,4,98662,7
PSE,2023,11,98346,24
PSE,2022,3,98037,6
PAC,2020,10,99324,22
Avista,2021,1,99129,9
NWN,2025,3,98664,4
Avista,2021,10,99335,0
CNG,2025,2,98563,47
PSE,2020,5,98589,24
Avista,2021,6,99018,1
Avista,2022,11,99158,11
Avista,2023,4,99003,8
Avista,2025,10,99403,2412
PSE,2024,8,98030,153
PSE,2023,9,98345,1
PSE,2023,5,98116,6
PSE,2023,6,98178,73
PSE,2023,12,98323,1
PSE,2023,2,98370,21
PSE,2022,5,98321,16
PSE,2023,3,98342,7
NWN,2024,1,98685,4
PSE,2020,11,98032,109
CNG,2021,12,98230,6
CNG,2020,7,98948,2
Avista,2024,4,99110,4
PSE,2024,6,98229,97
PSE,2023,3,98516,32
Avista,2021,12,99403,116
NWN,2020,7,98628,0
CNG,2023,7,99301,16
Avista,2021,5,99012,3
PSE,2025,6,98247,31
Avista,2022,12,99103,3
CNG,2020,5,98244,0
PSE,2020,9,98390,20
NWN,2024,6,98119,0
PAC,2020,3,99363,2
PSE,2024,7,98444,9
PSE,2025,8,98125,109
PSE,2025,9,98273,25
PSE,2024,2,98033,60
Avista,2025,6,99212,2878
PSE,2024,6,98058,86
CNG,2020,4,98311,5
NWN,2024,6,98612,0
PSE,2020,10,98047,28
PSE,2023,1,98385,1
CNG,2020,10,99354,0
PSE,2024,3,98115,44
CNG,2025,4,98948,217
CNG,2023,6,98230,3
PSE,2021,6,98198,91
PSE,2022,2,98040,8
PSE,2022,1,98116,4
PAC,2024,8,99347,44
Avista,2022,10,99201,61
CNG,2024,1,98220,5
Avista,2023,5,99176,1
Avista,2022,6,99204,47
PAC,2023,7,98921,53
CNG,2022,7,98276,2
CNG,2020,5,98277,11
Avista,2023,3,99005,20
PSE,2022,10,98408,4
CNG,2025,2,99362,740
PSE,2024,7,98188,100
CNG,2021,7,98312,5
Avista,2022,10,99128,3
PSE,2024,8,98498,176
NWN,2025,3,98648,0
CNG,2025,7,99301,1400
Avista,2024,10,99167,4
Avista,2020,4,99125,3
PSE,2023,10,98070,26
PSE,2021,8,98371,18
PSE,2023,2,98342,4
PSE,2021,4,98220,1
CNG,2021,5,98370,11
PSE,2020,9,98321,18
Avista,2023,9,99021,12
PSE,2021,1,98531,43
PSE,2024,9,98342,10
PSE,2022,12,98445,175
PSE,2022,5,98072,14
Avista,2020,12,99031,11
PSE,2023,10,98506,26
PSE,2025,5,98383,50
PAC,2024,7,98939,14
CNG,2021,12,98520,1
PSE,2021,4,98203,10
Avista,2025,12,99181,359
PSE,2024,10,98266,63
PSE,2025,8,98070,49
Avista,2021,4,99203,63
PSE,2022,7,98019,2
Avista,2022,8,99402,6
PSE,2024,7,98380,19
NWN,2022,2,98642,0
PAC,2023,2,98942,223
Avista,2021,10,99402,3
CNG,2024,10,98310,200
PAC,2025,7,98947,61
PSE,2025,3,98226,296
PAC,2022,10,98942,192
CNG,2024,6,98632,7
PSE,2024,11,98409,13
NWN,2020,12,98127,0
NWN,2023,9,98674,0
NWN,2025,6,98620,0
CNG,2023,8,99354,1
PSE,2020,10,98255,1
CNG,2025,8,98225,679
PSE,2025,8,98512,118
PSE,2021,3,98260,5
PAC,2021,2,98953,7
Avista,2022,1,99138,15
PSE,2024,9,98252,1
CNG,2024,10,99323,1
Avista,2025,12,99022,615
CNG,2020,3,98312,7
Avista,2025,9,99149,2
PSE,2023,4,98532,1
PSE,2022,12,98580,123
CNG,2024,6,98274,99
NWN,2020,10,98601,0
PSE,2025,8,98277,123
PSE,2020,6,98406,5
Avista,2025,8,99171,99
NWN,2024,3,98605,0
CNG,2023,3,98951,2
PSE,2024,3,98403,1
Avista,2023,7,99040,6
Avista,2025,2,99341,98
PSE,2020,9,98059,17
Avista,2023,4,99201,32
PSE,2021,5,98392,20
PSE,2025,4,98408,14
CNG,2025,1,98908,464
CNG,2025,6,98311,426
PSE,2020,10,98110,2
PSE,2021,5,98439,27
Avista,2025,3,99164,1
Avista,2022,7,99208,292
Avista,2022,9,98620,2
NWN,2025,2,98661,6
CNG,2020,4,98295,0
PSE,2023,7,98118,17
Avista,2020,10,99040,2
PSE,2020,9,98373,22
PSE,2020,4,98058,134
Avista,2024,6,99143,4
PSE,2024,7,98366,212
PSE,2025,4,98052,306
CNG,2025,7,99353,22
PSE,2022,5,98047,17
CNG,2020,9,98221,5
PSE,2024,12,98208,14
Avista,2024,1,99326,2
CNG,2023,12,98271,2
PSE,2024,11,98294,3
PSE,2020,8,98374,47
PSE,2022,1,98445,17
PSE,2025,4,98360,49
PSE,2022,5,98148,7
Avista,2023,3,99020,1
PSE,2022,2,98390,18
PSE,2022,6,98225,104
Avista,2025,6,99216,2264
PAC,2024,6,98902,1587
PSE,2022,9,98335,4
PSE,2020,8,98943,1
CNG,2024,4,98277,97
PSE,2022,4,98396,2
Avista,2021,2,99204,27
NWN,2020,5,98672,0
NWN,2024,10,98629,0
Avista,2025,6,99014,17
NWN,2023,10,98639,0
PSE,2023,3,98260,7
PSE,2023,11,98262,5
Avista,2023,4,99371,2
PSE,2021,8,98506,40
CNG,2020,10,98247,6
PSE,2021,4,98075,8
Avista,2023,2,99202,203
PSE,2023,8,98388,4
PSE,2024,10,98203,9
CNG,2025,9,98257,47
NWN,2022,7,97031,0
Avista,2021,6,99004,4
Avista,2020,9,99114,122
PSE,2020,10,98263,1
NWN,2022,8,98620,0
PSE,2025,2,98597,184
NWN,2023,3,98601,0
PAC,2022,11,98902,1613
PSE,2020,9,98589,6
NWN,2023,12,98617,0
PSE,2020,4,98026,14
Avista,2022,8,99179,3
PSE,2023,11,98022,64
Avista,2022,1,99217,74
Avista,2020,7,99205,157
Avista,2022,8,99344,43
PSE,2024,5,98229,97
PSE,2020,11,98273,50
CNG,2022,5,98632,1
PSE,2024,6,98260,19
Avista,2024,5,99117,1
Avista,2020,10,99159,6
PSE,2024,3,98072,28
PSE,2022,10,98001,82
Avista,2021,4,99113,2
PSE,2020,10,98580,12
PSE,2020,6,98531,17
PAC,2023,10,99324,139
PSE,2021,6,98439,12
PSE,2021,7,98418,8
CNG,2021,10,98848,1
PAC,2024,1,98921,60
PSE,2025,5,98403,8
PSE,2022,11,98387,15
NWN,2021,3,97388,0
Avista,2020,4,99201,171
Avista,2024,1,99102,5
CNG,2020,11,98230,4
PSE,2023,10,98249,6
PSE,2025,5,98001,110
CNG,2025,5,99350,37
PSE,2022,2,98005,24
PSE,2023,1,98029,39
PSE,2023,12,98424,5
CNG,2022,11,98257,2
PSE,2024,8,98370,167
NWN,2020,3,98864,0
PSE,2025,3,98374,94
Avista,2022,11,99205,324
PSE,2022,10,98239,9
PSE,2023,3,98038,27
PSE,2022,7,98239,8
CNG,2025,2,98944,376
CNG,2020,11,99362,9
Avista,2020,9,99109,27
PSE,2023,10,98374,51
PSE,2021,10,98925,2
PSE,2021,11,98004,22
PSE,2025,2,98499,24
CNG,2021,3,98229,101
Avista,2022,7,99022,24
CNG,2025,5,98221,421
Avista,2024,11,99224,84
Avista,2025,12,99037,390
PAC,2025,6,98935,25
PSE,2024,2,98244,16
PSE,2022,9,98249,3
PSE,2021,5,98012,25
PSE,2025,4,98058,293
PSE,2021,6,98023,124
Avista,2024,11,99126,9
PSE,2022,6,98075,5
Avista,2021,6,99109,23
PSE,2024,9,98385,1
CNG,2023,4,98276,2
PSE,2023,10,98388,3
PSE,2024,11,98022,78
PAC,2020,3,99350,1
Avista,2025,8,99130,103
PSE,2023,7,98178,3
NWN,2022,7,98762,0
PSE,2024,7,98383,82
CNG,2021,10,98226,14
PSE,2020,8,98223,1
CNG,2024,8,99336,90
PSE,2024,2,98178,11
Avista,2023,2,99032,7
PAC,2024,1,98938,51
Avista,2020,9,99104,1
PSE,2024,2,98499,12
PSE,2023,9,98075,3
PSE,2023,7,98026,8
Avista,2024,1,99151,3
Avista,2025,9,99125,56
PSE,2023,11,98168,26
PSE,2020,11,98040,6
PSE,2024,1,98532,4
Avista,2023,5,99217,53
PSE,2023,8,98119,2
PSE,2023,11,98026,15
PSE,2023,11,98277,109
NWN,2022,8,98685,1
Avista,2025,6,99149,1
PSE,2021,8,98275,4
PSE,2023,11,98042,116
NWN,2020,5,98682,11
PSE,2024,3,98002,299
NWN,2022,9,98626,0
PSE,2024,7,98370,165
PSE,2022,6,98042,37
PSE,2023,9,98019,1
PSE,2022,12,98281,59
PSE,2021,3,98531,27
NWN,2020,11,98682,5
PSE,2022,6,98188,29
PSE,2021,5,98225,141
Avista,2020,8,99159,6
PSE,2021,12,98248,401
PSE,2024,3,98327,6
Avista,2024,12,99185,5
PSE,2023,11,98465,1
Avista,2021,1,99113,1
PSE,2024,8,98077,15
PSE,2023,2,98321,10
PSE,2024,11,98042,106
Avista,2024,7,99141,52
PSE,2024,10,98004,55
PSE,2020,4,98003,273
PSE,2023,3,98498,16
PAC,2025,8,99360,18
Avista,2024,5,99170,6
NWN,2020,6,98626,0
PSE,2022,6,98276,1
Avista,2020,12,99217,339
PSE,2024,7,98032,229
Avista,2024,2,99179,5
PSE,2021,1,98513,109
PSE,2024,11,98040,17
CNG,2024,10,99350,13
Avista,2020,4,99102,5
PSE,2024,11,98119,1
PAC,2021,5,98937,3
PSE,2022,12,98070,165
PAC,2020,5,99362,32
CNG,2021,11,98221,3
PAC,2025,1,98950,0
PSE,2022,3,98406,3
PSE,2024,11,98051,4
NWN,2021,3,98604,4
PSE,2025,8,98109,36
PAC,2020,9,98951,18
PSE,2023,8,98237,12
PAC,2024,10,98948,451
Avista,2022,4,99205,430
NWN,2024,11,98605,0
NWN,2021,4,98864,0
NWN,2025,5,98668,0
Avista,2020,10,99012,8
CNG,2022,12,98273,9
CNG,2023,5,98233,23
PSE,2022,8,98248,63
NWN,2020,12,98663,3
PSE,2022,9,98311,34
Avista,2021,11,99170,18
NWN,2021,1,98642,3
PSE,2020,3,98387,18
PSE,2023,6,98941,7
PSE,2024,12,98203,12
CNG,2024,5,99336,30
PSE,2023,8,98106,3
PSE,2023,10,98408,4
NWN,2025,8,98639,0
Avista,2025,7,99160,38
Avista,2025,2,99033,142
CNG,2024,11,98541,19
PSE,2021,5,98294,6
PSE,2025,2,98201,42
Avista,2022,2,99125,2
Avista,2021,11,99206,130
CNG,2021,7,99344,2
PSE,2020,4,98155,2
CNG,2021,10,98247,2
Avista,2021,11,99029,2
PSE,2024,12,98332,13
PSE,2021,1,98136,1
Avista,2020,10,99170,4
NWN,2021,4,98663,2
PAC,2023,8,98932,212
PSE,2023,8,98236,7
Avista,2025,8,98648,43
PSE,2024,11,98290,6
NWN,2023,11,98127,0
Avista,2025,6,99160,42
PAC,2025,6,99348,5
CNG,2023,2,98951,1
PSE,2023,12,98253,1
PSE,2024,6,98501,148
PAC,2024,10,98923,24
PSE,2022,9,98117,1
CNG,2024,4,98563,8
Avista,2022,9,99110,2
NWN,2023,7,98639,0
Avista,2021,9,99001,21
NWN,2025,6,98607,4
PSE,2023,9,98146,4
Avista,2022,6,99167,3
PSE,2021,4,98121,6
Avista,2020,3,99203,95
PSE,2021,12,98272,42
Avista,2025,11,99009,179
PSE,2023,6,98007,250
PSE,2023,2,98007,79
PSE,2020,4,98257,6
Avista,2024,5,99128,1
PSE,2023,7,98445,7
PSE,2023,5,98270,15
CNG,2024,10,98383,51
PSE,2020,11,98499,14
PSE,2020,8,98001,41
PSE,2023,5,98392,29
PAC,2020,9,98944,20
CNG,2022,8,99354,1
PSE,2025,7,98039,1
PSE,2024,2,98409,18
PSE,2020,12,98531,13
CNG,2020,12,98226,23
Avista,2024,1,99037,34
PSE,2022,6,98392,16
PSE,2023,8,98252,4
Avista,2024,5,99031,2
NWN,2021,12,98686,1
Avista,2022,11,99137,5
CNG,2020,12,98930,3
PSE,2023,4,98589,10
PSE,2023,1,98943,3
PAC,2023,1,98937,55
Avista,2024,6,99027,22
PSE,2023,2,98136,1
Avista,2024,3,99003,9
PSE,2021,7,98503,89
PSE,2021,6,98177,1
Avista,2023,4,99019,16
Avista,2022,10,98620,2
Avista,2023,9,99040,6
NWN,2021,12,98864,0
CNG,2023,1,99301,19
CNG,2025,2,98310,496
Avista,2020,6,99025,10
PSE,2024,9,98266,10
Avista,2023,7,99143,4
PSE,2025,5,98596,1
NWN,2021,3,97031,0
PSE,2024,5,98012,26
NWN,2023,8,98672,0
PSE,2020,10,98383,10
CNG,2021,3,97801,1
PSE,2025,3,98109,3
Avista,2022,7,99101,6
Avista,2021,10,99344,64
Avista,2022,7,99114,85
PSE,2024,9,98112,12
PSE,2023,2,98503,65
PSE,2021,11,98020,5
PSE,2023,6,98506,216
CNG,2024,9,98837,13
NWN,2022,2,98666,0
PSE,2024,2,98260,12
PSE,2024,1,98310,36
PSE,2022,8,98380,1
CNG,2021,4,98951,18
PSE,2023,6,98119,22
Avista,2023,5,99212,77
Avista,2023,7,99181,3
NWN,2024,10,98628,0
PSE,2021,5,98106,15
Avista,2024,11,99030,3
PAC,2021,2,99324,20
PSE,2021,1,98360,7
Avista,2024,4,99013,20
Avista,2022,10,99039,2
PSE,2020,4,98237,23
CNG,2021,5,99323,2
PAC,2022,1,98909,3
NWN,2020,9,98642,0
Avista,2021,9,99216,85
PSE,2021,6,98146,3
Avista,2021,9,99134,3
PSE,2021,12,98235,8
PSE,2021,9,98232,11
PAC,2025,4,98908,754
NWN,2022,5,98607,1170
PSE,2025,2,98383,35
PSE,2020,6,98249,6
PSE,2024,3,98075,9
PSE,2022,7,98118,13
PSE,2020,6,98370,31
PSE,2023,12,98092,161
PAC,2024,4,98948,535
PSE,2021,6,98512,63
Avista,2020,7,99212,63
PSE,2022,6,98249,3
PSE,2022,1,98155,12
PSE,2020,10,98024,5
Avista,2025,12,99402,125
PAC,2025,7,99360,18
PSE,2020,6,98028,34
PSE,2023,4,98230,18
Avista,2025,5,99138,306
PSE,2024,4,98119,1
PSE,2020,8,98221,25
PSE,2022,6,98373,26
Avista,2022,5,99173,17
PSE,2024,11,98272,7
NWN,2025,9,98672,0
PAC,2020,1,98930,26
PSE,2020,8,98230,23
Avista,2023,6,99161,4
CNG,2023,9,98225,30
NWN,2024,4,98663,0
CNG,2025,6,98837,60
PSE,2024,7,98407,3
Avista,2022,1,99019,15
PSE,2021,9,98597,138
PSE,2020,8,98589,12
PSE,2025,8,98328,4
PSE,2021,2,98943,2
CNG,2021,6,98908,3
PSE,2023,11,98579,50
PSE,2025,1,98531,43
PAC,2024,6,98932,222
PSE,2021,7,98337,19
PSE,2021,7,98402,1
PSE,2020,10,98230,19
CNG,2022,5,99301,12
Avista,2025,10,99371,37
PSE,2021,5,98118,31
PSE,2023,12,98233,41
NWN,2023,3,98607,6
CNG,2022,5,98520,4
NWN,2020,3,98682,11
NWN,2023,5,98666,0
CNG,2020,5,98632,0
PSE,2022,10,98075,4
CNG,2020,8,98942,1
PSE,2024,8,98513,86
Avista,2025,3,99205,6085
PSE,2023,9,98290,2
PSE,2022,8,98418,5
PSE,2023,4,98372,22
PSE,2022,9,98409,5
PSE,2023,5,98007,99
NWN,2020,10,98610,0
PSE,2024,11,98277,118
PSE,2024,12,98387,87
PSE,2025,5,98506,112
Avista,2020,8,99021,17
PSE,2021,4,98516,58
Avista,2024,4,99344,121
Avista,2021,4,99161,7
Avista,2023,1,99122,15
PSE,2024,4,98530,6
PSE,2021,8,98499,3
PAC,2025,7,99347,12
PSE,2021,2,98050,1
PSE,2023,3,98166,8
NWN,2025,8,98685,6
NWN,2022,4,98675,0
Avista,2025,3,99174,13
CNG,2021,4,98311,25
PSE,2020,6,98155,10
CNG,2025,7,98225,707
PAC,2024,4,99362,800
PSE,2021,5,98075,6
Avista,2021,2,99040,14
PSE,2024,9,98126,234
PSE,2024,9,98373,26
Avista,2020,11,99134,6
PSE,2020,8,98934,2
PSE,2022,10,98516,42
PSE,2024,9,98008,3
PSE,2023,3,98407,4
PSE,2024,12,98074,18
PSE,2022,11,98284,63
PAC,2023,10,98901,1179
PSE,2024,7,98039,1
PSE,2025,2,98065,23
PSE,2024,5,98290,10
PSE,2024,2,98198,227
PSE,2024,12,98328,5
CNG,2020,5,98366,5
Avista,2024,4,99159,5
NWN,2024,1,98672,3
PSE,2023,6,98002,621
PAC,2024,5,99324,150
PSE,2024,2,98258,19
CNG,2021,8,98284,6
NWN,2024,7,98683,2
PSE,2020,3,98023,71
PSE,2020,12,98258,7
Avista,2025,3,99109,490
PSE,2025,6,98446,22
PSE,2024,1,98251,2
Avista,2025,10,99037,371
PSE,2024,5,98221,79
NWN,2025,7,98119,0
PSE,2021,11,98027,33
PSE,2022,6,98274,24
Avista,2021,1,99013,16
PSE,2020,10,98332,1
CNG,2025,6,98230,410
PSE,2023,6,98223,7
PSE,2022,12,98576,110
NWN,2022,9,98671,0
Avista,2023,7,99216,42
PAC,2024,10,98952,14
PSE,2022,8,98007,61
CNG,2021,3,98247,45
PSE,2023,1,98406,5
CNG,2020,8,98674,0
Avista,2020,7,99149,1
PSE,2020,6,98102,2
PSE,2022,9,98045,10
PAC,2020,5,98952,1
Avista,2023,3,99148,16
PSE,2024,1,98232,11
PSE,2025,9,98421,1
PSE,2023,3,98004,33
PAC,2023,3,98939,11
CNG,2024,12,98366,454
CNG,2025,9,99337,136
CNG,2022,2,98370,1
CNG,2023,6,99336,4
PSE,2025,4,98032,485
CNG,2025,4,99336,323
Avista,2021,2,99032,9
PSE,2025,8,98323,2
PSE,2022,5,98926,5
PSE,2024,3,98373,33
Avista,2023,2,99402,11
Avista,2021,4,99104,1
PSE,2020,3,98226,106
NWN,2024,3,98026,0
PSE,2021,4,98021,10
Avista,2022,11,99207,389
PSE,2020,4,98445,17
Avista,2022,2,99371,3
Avista,2024,7,99402,13
PSE,2020,5,98226,159
NWN,2021,10,98606,0
PSE,2021,8,98372,28
PAC,2023,6,98902,1971
PSE,2020,4,98007,77
PSE,2022,5,98388,2
Avista,2023,2,99218,75
Avista,2023,12,99185,17
PSE,2023,2,98249,5
PSE,2021,8,98576,13
PSE,2023,3,98047,22
PAC,2020,6,98938,7
PSE,2023,5,98390,14
PSE,2024,11,98311,54
Avista,2024,3,99161,15
PAC,2022,1,98951,480
Avista,2024,6,99217,101
PSE,2021,9,98516,123
PSE,2025,7,98532,1
NWN,2021,12,98607,1
PSE,2024,2,98370,53
PSE,2023,7,98133,7
Avista,2024,10,99203,92
PSE,2022,9,98028,12
PSE,2024,4,98148,33
PSE,2022,12,98204,237
PSE,2020,6,98038,65
NWN,2020,10,98607,1
Avista,2023,10,99030,26
Avista,2020,5,99169,6
PSE,2020,4,98203,10
Avista,2025,6,99022,595
PAC,2024,8,99328,110
PSE,2021,5,98418,15
PSE,2024,6,98235,2
CNG,2020,7,99362,13
PSE,2020,12,98270,14
PSE,2020,10,98226,101
PSE,2020,12,98335,6
PSE,2024,11,98039,2
PSE,2020,6,98925,2
Avista,2021,11,99126,11
Avista,2021,5,99125,1
Avista,2024,4,99218,125
PSE,2020,9,98077,2
PSE,2020,6,98122,3
PSE,2022,5,98406,4
NWN,2020,7,98661,10
Avista,2022,9,99125,3
Avista,2020,10,99039,1
Avista,2022,11,99143,5
NWN,2025,6,98610,0
PSE,2024,12,98922,30
Avista,2022,2,99204,64
PAC,2022,1,98921,58
PSE,2020,4,98027,47
CNG,2024,7,98948,79
PSE,2020,3,98264,22
PSE,2021,10,98038,5
Avista,2023,7,99029,2
PSE,2023,7,98266,23
PSE,2023,9,98579,9
CNG,2020,6,98930,0
PSE,2020,8,98467,2
PSE,2022,7,98372,17
PSE,2021,2,98223,3
NWN,2022,1,98762,0
Avista,2023,5,99032,4
Avista,2024,11,99009,3
Avista,2020,11,99171,2
Avista,2020,3,99149,5
Avista,2020,12,99030,16
PSE,2024,8,98392,55
PSE,2024,8,98421,2
NWN,2024,12,98626,0
PSE,2020,8,98042,44
PSE,2021,4,98290,2
PSE,2023,12,98004,76
CNG,2024,12,98902,920
Avista,2023,9,99109,16
PAC,2021,4,98923,6
PSE,2024,8,98407,11
Avista,2024,9,99030,1
CNG,2025,6,98284,421
Avista,2021,7,99037,6
CNG,2022,3,98223,3
PSE,2022,1,98136,1
Avista,2024,4,99006,41
Avista,2020,3,99008,7
PSE,2023,5,98396,1
CNG,2023,2,98584,20
PSE,2025,9,98260,1
PSE,2024,3,98531,11
Avista,2024,4,99146,1
CNG,2024,9,98370,30
CNG,2023,3,98932,4
Avista,2025,4,99181,348
NWN,2023,12,98663,3
NWN,2024,10,98674,0
PSE,2023,9,98237,5
Avista,2022,9,99029,3
PSE,2023,7,98146,1
PSE,2024,9,98031,12
Avista,2023,12,99114,156
CNG,2024,11,98930,65
CNG,2020,9,98942,2
PAC,2025,8,98901,336
PSE,2023,9,98371,17
PSE,2021,11,98506,30
PSE,2020,4,98370,60
NWN,2022,2,98307,0
CNG,2022,9,98948,2
Avista,2021,8,99218,35
Avista,2025,9,99218,1504
Avista,2020,10,99371,2
PSE,2022,3,98007,70
PSE,2023,1,98070,7
PSE,2024,3,98274,34
NWN,2022,10,98635,0
PSE,2022,2,98232,5
CNG,2025,7,98311,432
PSE,2021,12,98383,240
Avista,2023,10,99122,55
Avista,2021,7,99134,4
PSE,2024,11,98407,3
PSE,2020,3,98288,2
PSE,2025,2,98370,140
NWN,2023,9,98639,0
PSE,2021,8,98295,1
Avista,2020,11,99109,22
PSE,2025,9,98029,9
PSE,2025,6,98040,28
PSE,2021,10,98065,8
PSE,2024,8,98125,13
PSE,2021,5,98249,12
NWN,2023,12,98666,0
PSE,2022,6,98224,2
PAC,2020,1,98935,10
PSE,2023,5,98092,247
PAC,2022,1,99326,1
CNG,2021,6,99336,3
PAC,2020,1,98902,44
PSE,2021,12,98340,10
PSE,2023,12,98342,9
Avista,2025,2,99212,2256
CNG,2024,11,98284,193
PSE,2023,10,98003,316
PAC,2020,10,98921,7
Avista,2024,9,99218,79
PSE,2025,2,98443,2
PSE,2021,5,98372,34
PSE,2021,1,98031,110
PSE,2025,7,98597,75
PAC,2023,12,98942,214
PSE,2024,2,98371,26
PSE,2022,7,98240,2
PSE,2023,10,98166,7
CNG,2024,12,99324,97
Avista,2024,9,99171,3
PSE,2024,4,98070,29
Avista,2021,1,99039,1
Avista,2023,4,99216,47
PSE,2021,9,98199,4
PSE,2023,6,98022,144
Avista,2022,12,99027,28
PSE,2024,11,98045,29
Avista,2023,4,99402,1
Avista,2023,1,99217,142
PSE,2024,5,98022,105
PSE,2021,4,98055,85
PSE,2024,4,98188,85
PSE,2022,10,98311,16
PSE,2024,5,98136,2
NWN,2023,11,98671,2
PSE,2020,10,98011,45
PSE,2023,5,98133,11
CNG,2025,5,98908,562
NWN,2023,6,97031,0
Avista,2021,2,99013,14
NWN,2022,1,98635,0
PSE,2020,10,98203,15
PSE,2023,8,98406,2
NWN,2022,10,98208,0
PSE,2023,6,98380,13
PSE,2020,5,98019,11
PSE,2022,10,98144,6
PSE,2024,2,98374,64
CNG,2023,2,98276,6
PSE,2024,1,98267,3
PSE,2020,12,98941,5
NWN,2020,9,98683,1
NWN,2020,10,98660,1
PSE,2021,12,98328,9
CNG,2021,5,98902,279
PSE,2024,2,98530,4
PSE,2025,7,98247,23
PSE,2021,12,98385,4
PSE,2025,1,98272,17
PSE,2024,2,98272,11
NWN,2023,8,98664,8
CNG,2025,7,99344,237
Avista,2021,3,99202,199
PAC,2024,6,99360,7
PSE,2023,3,98532,2
NWN,2021,1,98683,8
NWN,2025,7,98682,14
Avista,2025,4,99036,3
Avista,2020,12,99205,955
PSE,2020,10,98144,8
PSE,2022,10,98003,342
NWN,2024,5,98668,0
PSE,2025,9,98005,2
PSE,2024,2,98922,28
Avista,2020,6,99167,2
CNG,2024,9,98248,214
Avista,2022,5,99202,189
PSE,2020,5,98232,3
Avista,2021,6,99201,67
CNG,2023,6,99352,2
PSE,2022,2,98373,37
PSE,2021,6,98019,5
PSE,2024,12,98116,1
CNG,2024,12,98611,1
PSE,2020,5,98236,22
Avista,2021,10,99134,7
PSE,2022,10,98387,11
Avista,2022,9,99031,3
Avista,2023,7,99163,14
CNG,2025,8,98221,430
Avista,2024,3,99371,2
PSE,2025,8,98239,31
CNG,2024,12,99323,6
PSE,2020,7,98342,2
PSE,2024,8,98014,12
PSE,2021,1,98112,1
CNG,2025,5,98557,15
Avista,2022,7,99134,4
PAC,2022,1,99360,9
NWN,2020,7,98684,13
Avista,2022,9,99344,34
Avista,2022,4,99176,1
PSE,2024,9,98272,2
PSE,2025,7,98340,14
NWN,2023,9,98685,0
PSE,2024,4,98295,4
PSE,2023,8,98012,13
CNG,2025,1,99350,27
Avista,2025,7,99224,1802
CNG,2022,2,98225,26
Avista,2025,9,99113,32
CNG,2023,11,98944,18
Avista,2023,5,99167,2
PSE,2022,2,98375,40
PSE,2024,1,98373,25
PAC,2020,8,98937,8
PSE,2024,3,98406,7
PSE,2021,8,98258,9
CNG,2024,5,98541,11
Avista,2023,7,99157,5
PSE,2023,5,98168,8
Avista,2025,10,99212,2898
CNG,2025,9,98837,63
PAC,2025,7,98933,10
PSE,2022,12,98042,803
PSE,2023,4,98502,40
PSE,2021,8,98335,2
CNG,2020,7,99324,3
Avista,2025,1,99033,138
CNG,2024,9,98271,34
PSE,2024,10,98370,57
NWN,2024,3,98127,0
PSE,2022,6,98925,1
PSE,2021,6,98922,9
PSE,2023,3,98052,98
CNG,2021,4,98837,11
PSE,2023,9,98311,11
PSE,2022,1,98220,2
PSE,2022,3,98092,189
PSE,2020,7,98026,7
PAC,2025,5,98935,20
PSE,2023,10,98922,13
Avista,2025,6,99204,993
PSE,2024,8,98168,14
CNG,2024,1,99323,1
NWN,2023,7,98684,15
Avista,2024,7,99204,103
PSE,2021,10,98295,1
CNG,2021,3,98550,34
PSE,2022,1,98235,1
CNG,2024,11,98557,7
PSE,2025,5,98926,10
CNG,2023,5,98273,14
Avista,2025,7,99114,1563
PSE,2021,1,98512,116
PSE,2024,12,98589,24
PSE,2022,2,98310,51
PSE,2023,5,98579,20
Avista,2023,12,99159,11
NWN,2020,6,98663,0
PSE,2023,5,98387,38
Avista,2025,3,99371,38
PSE,2024,8,98367,118
PSE,2022,12,98276,32
PSE,2022,7,98003,144
PSE,2025,1,98168,51
Avista,2025,1,99114,1542
PSE,2025,5,98072,57
Avista,2020,8,99185,4
PAC,2023,9,99323,14
CNG,2023,9,98247,8
Avista,2022,12,99109,25
PSE,2020,8,98373,21
Avista,2021,6,99110,1
NWN,2020,6,98635,0
CNG,2020,4,99301,14
PSE,2023,12,98251,1
PSE,2022,9,98116,1
CNG,2020,8,99323,0
PSE,2025,4,98225,241
Avista,2022,6,99031,5
PSE,2021,9,98445,48
PSE,2025,2,98221,55
CNG,2025,1,98366,496
CNG,2024,10,98337,58
PSE,2021,12,98367,321
Avista,2023,11,99204,90
Avista,2023,7,99018,2
Avista,2022,4,99148,16
PSE,2024,3,98360,13
PSE,2024,10,98053,36
PSE,2020,5,98024,7
PAC,2025,5,98930,185
PAC,2023,8,98933,19
Avista,2025,9,99109,473
PSE,2020,9,98422,6
PSE,2020,6,98030,353
Avista,2023,11,99005,18
PSE,2022,6,98199,1
NWN,2022,8,98604,0
Avista,2025,1,99403,2234
CNG,2025,5,98625,7
NWN,2021,11,98026,0
PSE,2021,5,98232,5
CNG,2025,9,98312,452
NWN,2021,11,98671,0
CNG,2023,6,98248,12
CNG,2021,10,99344,15
PSE,2022,11,98010,9
PSE,2023,11,98371,71
PAC,2020,6,98944,25
NWN,2020,6,98629,0
PSE,2024,10,98596,2
PSE,2025,3,98021,29
Avista,2023,4,99171,5
PSE,2022,11,98276,1
Avista,2023,12,99176,2
PSE,2025,6,98026,28
PSE,2023,1,98006,34
PSE,2025,8,98284,132
Avista,2020,12,99171,2
PSE,2020,11,98503,101
PSE,2020,12,98323,1
PAC,2024,11,98937,42
PSE,2022,12,98465,21
CNG,2022,10,98310,11
PSE,2024,8,98065,14
Avista,2025,9,99023,5
PAC,2020,9,99360,1
PSE,2025,5,98075,37
PAC,2023,3,99348,13
PSE,2023,7,98940,1
PSE,2024,12,98040,26
PSE,2022,7,98502,93
Avista,2025,6,99109,486
Avista,2024,1,99031,2
Avista,2024,12,99169,30
PSE,2022,9,98443,2
PSE,2023,7,98338,12
PSE,2021,1,98072,15
CNG,2020,5,99354,1
PSE,2024,11,98011,89
PSE,2022,8,98580,8
NWN,2021,8,98663,1
PSE,2024,10,98502,152
PSE,2022,6,98019,5
Avista,2023,5,99179,1
Avista,2022,3,99102,4
PSE,2022,4,98380,2
PAC,2022,3,99324,179
CNG,2024,2,98948,43
Avista,2025,4,99326,19
PSE,2022,2,98003,420
PSE,2022,12,98940,19
PSE,2020,5,98273,52
NWN,2020,4,98639,0
PSE,2023,2,98117,1
CNG,2024,4,99323,2
PSE,2020,11,98229,65
Avista,2021,2,99102,6
PSE,2021,8,98022,35
PSE,2022,12,98372,533
PSE,2024,5,98133,26
PSE,2021,10,98023,38
PAC,2024,2,98933,20
PSE,2020,6,98003,475
NWN,2021,9,98665,1
PSE,2022,12,98260,77
Avista,2021,7,99125,1
Avista,2024,2,99032,5
PSE,2020,6,98070,29
PSE,2023,2,98034,70
CNG,2023,8,99344,4
Avista,2021,5,99201,86
PSE,2025,2,98338,40
CNG,2023,9,98264,18
NWN,2025,2,98605,0
Avista,2020,8,99157,1
Avista,2024,4,99022,31
NWN,2024,7,98612,0
NWN,2025,8,98682,10
NWN,2021,12,98663,1
CNG,2023,7,98550,2
PAC,2024,8,98901,1060
PSE,2023,4,98056,42
Avista,2022,8,99113,3
NWN,2020,5,98662,8
CNG,2025,2,98337,162
Avista,2024,2,99134,5
Avista,2021,11,99173,21
Avista,2025,1,99216,2155
NWN,2023,3,98664,21
PAC,2024,9,99350,1
PSE,2022,4,98014,5
CNG,2022,7,98312,3
CNG,2022,1,98802,1
NWN,2020,8,98635,0
PSE,2022,2,98354,1
CNG,2020,5,98311,4
Avista,2022,1,99161,8
PSE,2022,10,98342,11
NWN,2025,5,98026,0
PSE,2021,5,98199,1
PSE,2021,3,98402,1
Avista,2022,12,99026,6
Avista,2021,8,99003,7
Avista,2023,11,99159,4
CNG,2023,11,98584,1
PSE,2020,10,98360,18
PSE,2020,10,98501,89
Avista,2025,12,99114,1667
PSE,2021,12,98032,1480
CNG,2024,4,98550,57
PSE,2024,11,98387,56
PSE,2023,11,98188,77
NWN,2024,1,98612,0
CNG,2020,8,98226,15
Avista,2022,9,99019,33
Avista,2023,3,99159,12
CNG,2024,8,98848,2
PSE,2023,5,98281,4
PSE,2022,10,98262,1
Avista,2021,5,99138,3
PSE,2024,5,98247,16
PAC,2022,3,99360,8
Avista,2022,4,99126,5
PSE,2020,7,98294,2
PSE,2023,3,98251,1
PSE,2020,4,98292,1
Avista,2022,3,99125,7
Avista,2021,10,99109,43
NWN,2024,6,98639,0
CNG,2025,1,98277,266
PSE,2024,9,98103,33
NWN,2025,5,97301,0
NWN,2025,7,98617,0
PSE,2023,3,98370,28
CNG,2021,10,98229,17
PSE,2024,3,98014,14
PSE,2021,9,98294,16
PSE,2025,5,98237,48
CNG,2022,4,99344,15
CNG,2023,6,98223,4
PSE,2022,3,98032,180
PSE,2024,10,98072,24
PAC,2023,8,98947,115
PSE,2021,3,98109,3
PSE,2021,12,98112,33
Avista,2025,10,99033,143
PSE,2024,4,98385,1
PSE,2023,8,98922,9
PSE,2022,3,98421,1
PSE,2021,7,98424,4
PSE,2025,9,98407,4
Avista,2025,2,99149,1
PAC,2025,6,99347,15
PSE,2021,9,98380,10
Avista,2025,1,99016,1412
CNG,2022,2,99352,2
Avista,2025,2,99163,1531
CNG,2020,9,98277,7
CNG,2025,6,98674,44
NWN,2020,6,98628,1
CNG,2022,9,98274,2
Avista,2022,11,99030,4
CNG,2025,3,99350,35
Avista,2021,5,99022,13
NWN,2021,3,98684,13
CNG,2024,11,98942,67
PSE,2021,8,98580,5
Avista,2021,10,99161,8
CNG,2025,2,98948,194
CNG,2024,2,99337,10
PSE,2025,9,98026,4
PSE,2022,3,98045,12
NWN,2022,12,98672,0
NWN,2023,1,98675,0
CNG,2022,3,98930,2
Avista,2023,1,99158,17
PSE,2024,10,98001,157
PSE,2024,7,98022,46
PSE,2020,4,98031,161
NWN,2023,3,98682,42
PSE,2023,12,98311,24
Avista,2024,11,99125,2
PSE,2025,1,98385,1
NWN,2023,2,98762,0
PSE,2021,11,98403,1
PSE,2025,3,98465,2
PSE,2025,2,98273,204
NWN,2023,8,98620,0
PSE,2021,5,98370,39
Avista,2023,1,98620,2
Avista,2024,10,99163,204
PSE,2024,2,98030,323
PSE,2022,8,98498,31
PSE,2020,4,98045,14
PSE,2021,4,98264,38
PSE,2020,11,98247,10
PSE,2024,8,98266,17
PSE,2020,9,98247,14
PSE,2022,9,98499,7
PSE,2022,2,98941,4
PSE,2022,1,98010,12
PSE,2022,1,98230,43
Avista,2022,10,99167,2
Avista,2024,1,99131,2
PSE,2022,5,98118,12
CNG,2020,7,98273,12
PSE,2020,12,98576,11
NWN,2023,4,98683,6
CNG,2024,9,98274,120
Avista,2023,8,99016,44
Avista,2024,10,99185,6
CNG,2024,9,98295,14
PSE,2024,1,98072,35
Avista,2023,7,99205,129
CNG,2021,1,99338,3
PSE,2020,6,98296,2
CNG,2021,8,98230,13
Avista,2022,8,99039,2
PSE,2024,6,98008,26
PSE,2021,11,98155,2
PSE,2024,9,98012,9
CNG,2020,7,99354,1
PSE,2023,10,98033,53
PSE,2024,1,98580,6
PAC,2022,9,99329,3
PSE,2020,7,98038,26
PSE,2022,5,98251,1
PSE,2021,1,98257,15
Avista,2023,11,99148,21
PSE,2023,4,98271,1
CNG,2020,4,98584,3
NWN,2023,10,98684,0
PSE,2025,2,98092,301
PSE,2022,5,98117,5
Avista,2022,8,98620,2
Avista,2020,6,99104,1
NWN,2020,12,98307,0
NWN,2021,3,98612,0
PSE,2023,10,98312,19
Avista,2025,5,99179,46
PSE,2025,5,98443,2
PSE,2021,4,98943,5
PSE,2025,4,98445,37
Avista,2024,12,99212,128
PSE,2021,11,98249,4
Avista,2022,9,99114,62
PSE,2024,6,98122,8
PSE,2023,6,98503,512
PAC,2024,11,98923,24
NWN,2023,8,98607,4
Avista,2024,3,99158,4
PSE,2022,11,98294,2
Avista,2020,5,99016,37
Avista,2022,5,99134,5
CNG,2024,7,98264,181
NWN,2020,6,98602,0
PSE,2024,2,98106,5
PAC,2025,3,98947,83
PSE,2025,5,98053,61
PSE,2020,10,98392,12
Avista,2022,12,99113,3
PSE,2021,7,98445,6
Avista,2024,10,99020,1
Avista,2023,6,99205,132
Avista,2020,12,99016,206
CNG,2025,9,98932,45
CNG,2022,6,98901,12
PSE,2022,5,98271,4
Avista,2024,7,99037,15
Avista,2021,6,99159,7
CNG,2024,3,98226,155
CNG,2024,3,98247,56
Avista,2021,10,99008,2
PSE,2020,6,98125,9
PAC,2024,2,99348,10
PSE,2022,2,98229,136
PSE,2022,10,98922,2
PSE,2025,3,98409,30
Avista,2023,6,99173,7
NWN,2023,4,98119,0
PSE,2024,11,98295,4
PSE,2024,5,98055,125
PSE,2020,6,98274,22
PSE,2021,3,98506,42
PSE,2024,7,98409,15
PSE,2025,8,98513,116
PSE,2022,5,98006,28
Avista,2021,6,99031,2
Avista,2025,2,99205,5833
Avista,2020,9,99161,2
NWN,2023,2,98626,0
Avista,2022,8,99161,7
PSE,2024,7,98065,15
Avista,2024,4,99157,7
CNG,2025,6,98247,169
CNG,2024,8,98953,14
PSE,2021,10,98133,3
Avista,2024,8,99402,12
PAC,2020,6,98921,10
Avista,2024,6,99103,1
PSE,2023,6,98925,7
PSE,2024,3,98037,15
PSE,2024,2,98002,375
Avista,2021,6,99179,1
CNG,2023,7,98292,4
Avista,2025,11,99036,3
PSE,2025,4,98407,9
Avista,2020,8,99037,4
PSE,2025,7,98367,125
Avista,2020,7,99143,4
PSE,2025,1,98077,23
PSE,2022,2,98374,62
PSE,2023,10,98424,5
PSE,2024,2,98439,6
CNG,2022,4,98276,2
Avista,2022,8,99125,5
PSE,2025,4,98030,411
PSE,2023,12,98296,4
PSE,2024,7,98367,108
CNG,2020,10,98310,5
NWN,2024,6,98026,0
CNG,2020,11,98520,5
PSE,2024,9,98532,3
PSE,2021,12,98040,111
PSE,2023,2,98166,3
PSE,2024,10,98283,1
PSE,2020,7,98058,132
PSE,2024,6,98011,29
PSE,2022,2,98312,75
PAC,2023,4,98903,631
PSE,2024,3,98277,120
Avista,2020,6,99344,49
PSE,2021,10,98407,3
PAC,2023,4,99323,21
PSE,2024,3,98424,6
CNG,2024,5,98611,1
Avista,2021,8,99128,1
NWN,2023,1,98664,11
PSE,2025,8,98168,38
PSE,2022,8,98272,5
PSE,2022,6,98232,2
Avista,2025,11,99013,287
PSE,2020,10,98531,15
Avista,2023,8,99212,77
PAC,2020,2,98923,4
PSE,2022,8,98201,4
PSE,2025,2,98028,67
PSE,2024,4,98251,3
Avista,2025,3,99101,204
Avista,2024,3,99039,2
PSE,2025,7,98332,13
Avista,2020,10,99134,5
PSE,2023,2,98391,23
Avista,2025,8,99022,503
Avista,2025,1,99137,70
Avista,2022,12,99402,12
Avista,2020,7,99185,3
CNG,2021,5,98366,52
PSE,2024,2,98232,7
CNG,2021,3,98901,109
Avista,2025,7,99018,34
PSE,2021,4,98532,1
PAC,2020,7,99328,18
Avista,2021,4,99181,9
PSE,2022,9,98271,1
PSE,2024,10,98467,6
Avista,2020,5,99008,2
PSE,2024,11,98178,27
PSE,2022,8,98105,1
CNG,2023,2,98247,20
Avista,2022,5,99013,18
Avista,2021,1,99174,1
CNG,2022,12,98930,5
PSE,2021,10,98499,8
CNG,2022,7,98247,9
NWN,2020,3,98642,1
CNG,2021,4,98295,9
CNG,2021,12,98310,5
PSE,2025,7,98383,101
PSE,2025,3,98148,29
CNG,2021,2,99336,5
CNG,2021,3,98953,3
NWN,2022,5,98605,31
CNG,2024,7,98244,1
CNG,2020,8,99354,3
NWN,2025,8,98208,0
Avista,2021,9,99223,91
PSE,2020,8,98051,2
PSE,2022,5,98074,11
PSE,2025,7,98499,23
PSE,2020,7,98033,17
Avista,2022,8,99216,95
PSE,2022,12,98051,55
PSE,2025,7,98119,9
PSE,2025,3,98257,26
NWN,2023,11,98610,0
PSE,2022,9,98513,44
PSE,2022,10,98444,6
PSE,2025,6,98033,99
PSE,2021,3,98247,25
PSE,2023,1,98444,18
PAC,2023,9,98935,137
PSE,2024,6,98466,13
CNG,2024,2,98225,169
PSE,2021,3,98266,27
PSE,2020,8,98201,8
PAC,2024,2,99362,846
NWN,2020,4,98666,0
Avista,2025,5,99122,246
PSE,2020,6,98119,3
PSE,2024,2,98103,3
PSE,2025,2,98233,74
CNG,2024,4,98292,25
PSE,2020,6,98059,82
PSE,2020,10,98346,11
Avista,2020,5,99218,25
CNG,2022,3,98951,2
Avista,2020,3,99170,9
PSE,2025,9,98371,18
PSE,2025,7,98014,21
PAC,2024,5,98952,10
PSE,2024,3,98092,240
PSE,2021,12,98199,35
NWN,2025,4,98675,0
PAC,2023,5,98923,30
PSE,2020,3,98058,35
PSE,2020,6,98010,10
Avista,2024,2,99040,16
Avista,2022,2,99157,13
CNG,2024,8,99354,36
PSE,2021,10,98579,37
CNG,2020,8,99324,5
Avista,2022,5,99161,6
Avista,2023,9,99158,7
CNG,2021,2,98903,6
NWN,2024,3,98674,0
NWN,2025,7,98125,0
CNG,2020,11,98626,0
PSE,2023,6,98342,9
PSE,2024,8,98360,80
NWN,2020,8,98666,0
PSE,2025,3,98087,55
PSE,2021,9,98258,43
PSE,2022,5,98360,19
PSE,2022,11,98439,14
CNG,2024,10,98223,143
PSE,2021,4,98257,19
Avista,2025,3,99204,1175
PSE,2020,8,98204,3
Avista,2025,8,99030,82
CNG,2025,8,98229,412
Avista,2025,5,99223,3065
NWN,2021,4,98605,1
Avista,2024,3,99006,42
PSE,2023,10,98422,4
PSE,2023,4,98312,30
PSE,2023,12,98264,36
NWN,2020,4,98682,11
PSE,2023,5,98051,2
PSE,2023,10,98087,9
CNG,2022,6,99344,13
Avista,2022,4,99173,19
Avista,2021,11,99159,15
PSE,2021,6,98092,151
CNG,2023,3,98226,8
PSE,2024,3,98446,3
PSE,2023,6,98946,5
Avista,2020,8,99114,53
NWN,2020,6,98674,0
PSE,2022,5,98115,4
PSE,2024,10,98065,24
NWN,2025,1,98208,0
PSE,2023,4,98001,71
CNG,2022,8,98271,6
NWN,2021,4,97031,0
PSE,2024,11,98925,1
PSE,2024,11,98031,144
PSE,2022,6,98272,3
PSE,2020,6,98220,2
CNG,2020,6,98584,16
PAC,2022,10,98947,97
PSE,2024,8,98043,22
PSE,2023,8,98403,1
PSE,2022,1,98248,82
PSE,2022,12,98943,18
PSE,2021,3,98026,7
PAC,2024,8,98952,14
PAC,2022,4,99324,126
PSE,2023,11,98281,6
Avista,2022,5,99104,1
PAC,2022,1,99323,24
PSE,2022,1,98335,10
NWN,2021,3,98617,0
PSE,2022,9,98532,2
PSE,2021,6,98310,47
Avista,2025,1,99151,32
PSE,2023,5,98003,331
CNG,2023,3,98271,4
PSE,2022,1,98028,34
PSE,2022,5,98260,3
NWN,2024,7,98672,0
PSE,2024,7,98201,20
PSE,2020,6,98004,32
PSE,2020,11,98027,28
NWN,2021,9,98604,1
Avista,2022,10,99026,7
Avista,2020,9,99134,6
PSE,2021,10,98255,4
PSE,2020,7,98059,30
CNG,2023,7,98312,7
Avista,2021,9,99040,14
NWN,2023,10,98628,0
PSE,2021,8,98036,11
PSE,2021,6,98030,186
PSE,2024,10,98021,5
CNG,2025,7,98953,49
PSE,2022,3,98444,11
NWN,2023,9,98601,0
PAC,2025,9,99348,5
PSE,2020,9,98249,4
PSE,2021,9,98274,70
Avista,2021,11,99146,1
PSE,2023,12,98077,16
PSE,2024,9,98072,2
PSE,2023,2,98244,8
CNG,2021,3,98802,5
Avista,2020,11,99016,29
Avista,2024,2,99207,485
PSE,2023,4,98445,10
CNG,2020,7,98277,12
PSE,2020,8,98108,16
Avista,2024,4,99161,10
CNG,2025,5,98541,39
PSE,2022,2,98105,3
PSE,2021,10,98530,4
Avista,2022,2,99109,33
PSE,2022,3,98133,8
PSE,2025,2,98258,58
NWN,2022,5,98635,1
Avista,2020,6,99141,33
NWN,2021,1,98762,0
CNG,2025,7,99354,134
PSE,2024,1,98092,258
PSE,2021,3,98220,2
NWN,2020,4,98626,0
Avista,2025,4,99109,493
CNG,2023,11,98902,56
PSE,2020,10,98445,8
PSE,2025,1,98005,95
Avista,2024,6,99031,5
Avista,2024,7,99151,1
CNG,2022,10,98273,1
CNG,2024,8,98626,7
CNG,2024,6,98276,20
PSE,2025,4,98262,5
Avista,2021,6,99026,9
Avista,2020,12,99001,85
PSE,2024,10,98220,2
PSE,2023,8,98070,4
CNG,2022,7,98233,10
PSE,2022,5,98512,53
Avista,2023,12,99203,140
Avista,2022,10,99009,3
Avista,2023,12,99212,276
Avista,2024,1,99157,16
PSE,2022,3,98284,99
PSE,2021,3,98275,3
PAC,2024,12,98938,48
CNG,2021,5,98936,14
PSE,2023,12,98103,4
PSE,2025,5,98465,8
PSE,2021,10,98940,2
Avista,2021,12,99111,21
CNG,2024,7,99344,131
PSE,2025,9,98108,29
PSE,2024,3,98104,1
PSE,2025,9,98155,2
PSE,2021,5,98034,112
PSE,2023,9,98385,1
PSE,2022,9,98375,21
CNG,2023,8,98230,8
CNG,2023,2,98223,14
PSE,2024,4,98112,5
NWN,2024,1,98605,2
Avista,2024,6,99114,54
PSE,2025,6,98220,7
PAC,2020,9,99350,1
PSE,2022,1,98065,13
PAC,2020,2,99347,5
Avista,2023,5,99148,9
PSE,2024,8,98032,160
PSE,2020,9,98042,39
PSE,2021,2,98249,6
PSE,2023,2,98240,2
CNG,2020,7,98232,0
PSE,2021,6,98446,3
PSE,2021,7,98036,7
PSE,2025,9,98229,8
CNG,2021,10,98277,11
PSE,2020,10,98027,63
Avista,2022,11,99341,2
CNG,2020,6,98264,12
Avista,2022,7,99204,43
PSE,2021,4,98199,2
PSE,2025,7,98596,1
NWN,2025,6,98026,0
Avista,2020,10,99207,482
PSE,2020,10,98311,24
PSE,2021,3,98032,175
NWN,2024,2,98762,0
Avista,2023,7,99171,5
PSE,2023,2,98340,1
PSE,2023,12,98047,17
Avista,2023,9,99012,2
Avista,2024,8,99110,12
PAC,2020,6,99361,8
PSE,2023,2,98296,2
PSE,2022,6,98466,4
PSE,2021,4,98042,129
Avista,2021,5,99134,4
PSE,2024,1,98294,11
NWN,2022,6,98601,0
PSE,2023,10,98121,1
NWN,2024,5,98610,0
PSE,2023,12,98201,16
NWN,2023,2,98674,0
Avista,2022,3,99003,17
Avista,2022,5,99167,3
CNG,2020,7,99353,1
Avista,2024,12,99117,2
PSE,2021,3,98354,1
PSE,2021,3,98031,160
Avista,2022,1,99341,3
PSE,2025,7,98335,18
PSE,2024,1,98275,7
PSE,2020,7,98240,7
Avista,2021,2,99122,15
CNG,2024,2,98932,14
PSE,2024,2,98110,24
NWN,2021,7,98675,0
NWN,2021,8,98683,2
PSE,2021,10,98444,7
PSE,2023,2,98253,1
Avista,2022,12,99129,3
Avista,2024,1,99169,23
NWN,2022,4,98674,0
PSE,2020,12,98026,8
CNG,2022,11,98225,18
PSE,2020,4,98327,3
PSE,2023,5,98375,41
PSE,2022,4,98512,55
CNG,2020,9,98274,1
Avista,2025,11,99102,85
PSE,2022,1,98266,36
PSE,2022,6,98295,3
Avista,2025,5,99130,106
PSE,2025,8,98107,42
Avista,2022,7,99005,10
CNG,2024,4,98248,176
Avista,2024,3,99134,3
NWN,2021,2,97301,0
PSE,2022,11,98103,3
PSE,2021,1,98576,24
NWN,2023,1,98684,19
PSE,2023,6,98257,25
PSE,2024,7,98499,30
PSE,2022,3,98065,15
Avista,2025,3,99341,99
PSE,2022,6,98208,10
PSE,2021,2,98033,31
PSE,2023,6,98229,202
PSE,2024,12,98029,112
PSE,2021,10,98288,2
PSE,2023,1,98112,2
NWN,2023,9,97301,0
Avista,2022,12,98620,2
PSE,2024,4,98220,4
PSE,2024,10,98267,4
PSE,2021,2,98499,6
PSE,2025,5,98576,31
PAC,2021,6,99360,1
Avista,2020,5,99001,15
PAC,2023,9,98937,45
PSE,2020,9,98360,11
CNG,2023,1,98948,10
NWN,2022,4,98666,0
PSE,2021,6,98059,42
Avista,2024,1,99130,10
CNG,2022,7,98248,32
Avista,2020,8,99102,2
PSE,2020,12,98204,8
PSE,2021,7,98258,2
PSE,2025,2,98513,208
Avista,2022,5,99037,8
CNG,2024,8,98273,213
NWN,2024,10,98607,0
PSE,2022,6,98374,48
PSE,2023,8,98011,25
PSE,2021,3,98390,22
NWN,2023,7,98626,0
PSE,2020,7,98446,3
Avista,2023,3,99109,32
CNG,2022,10,98226,16
CNG,2023,5,98901,17
PSE,2024,7,98498,89
PSE,2020,12,98003,275
Avista,2021,8,99021,13
CNG,2020,3,98802,0
PSE,2024,7,98037,17
PSE,2020,9,98144,3
PSE,2023,6,98118,159
PSE,2025,1,98236,27
PSE,2021,3,98312,52
Avista,2021,3,99216,94
CNG,2021,11,98932,3
CNG,2024,9,98632,11
Avista,2024,5,99171,1
PSE,2024,2,98247,31
PSE,2025,1,98366,198
PSE,2024,5,98075,14
Avista,2022,8,99341,2
PSE,2025,4,98008,93
PSE,2021,4,98597,93
PSE,2022,12,98056,920
PSE,2022,5,98295,1
NWN,2020,12,98684,5
PSE,2021,5,98144,7
PSE,2024,2,98146,19
Avista,2021,7,99040,11
PSE,2025,8,98260,21
PSE,2024,8,98248,71
PSE,2024,5,98359,16
Avista,2023,4,99403,53
Avista,2025,11,99402,123
PAC,2022,7,98952,5
PSE,2025,8,98332,5
Avista,2022,7,99138,13
PSE,2024,5,98043,18
PSE,2021,2,98327,2
PAC,2021,2,98947,7
PSE,2023,4,98146,5
PSE,2025,6,98335,8
PSE,2023,11,98116,13
Avista,2020,3,99117,2
Avista,2021,11,99110,7
CNG,2024,9,99362,276
Avista,2023,5,99114,47
Avista,2024,8,99167,26
PSE,2021,2,98439,19
PSE,2021,8,98059,42
PAC,2022,1,98952,31
PSE,2025,3,98252,13
PSE,2023,5,98005,27
PSE,2025,9,98204,4
PSE,2022,5,98024,2
PSE,2024,9,98406,57
PSE,2022,5,98275,2
PSE,2025,1,98045,52
CNG,2025,5,98233,379
PSE,2022,2,98283,2
CNG,2023,8,98366,2
PSE,2022,10,98027,55
PAC,2023,9,98901,1178
Avista,2022,9,99206,117
PSE,2021,10,98239,12
PSE,2022,3,98498,49
PSE,2023,10,98499,7
Avista,2020,12,99013,18
Avista,2020,6,99018,4
CNG,2021,3,98225,157
PSE,2021,10,98274,7
PSE,2023,5,98248,63
CNG,2020,3,99362,19
Avista,2022,10,99173,13
PSE,2022,7,98277,60
Avista,2023,5,99169,7
Avista,2024,7,99218,98
NWN,2020,4,98617,0
CNG,2023,7,98271,2
PSE,2020,12,98387,36
CNG,2020,9,98903,3
CNG,2022,9,98584,1
PSE,2020,10,98321,25
PSE,2022,9,98531,5
PSE,2024,6,98516,75
NWN,2023,4,98672,0
PSE,2025,4,98364,1
PSE,2024,10,98372,109
PSE,2024,8,98312,185
PSE,2021,2,98178,8
CNG,2020,9,99354,2
Avista,2024,12,99012,5
NWN,2023,1,98629,0
CNG,2023,7,98366,5
CNG,2021,5,99353,1
PSE,2024,1,98103,7
NWN,2025,4,98208,0
NWN,2022,1,98682,18
CNG,2023,12,98223,2
PSE,2022,4,98115,3
PSE,2022,7,98424,1
PSE,2022,12,98038,390
PSE,2021,1,98941,2
PSE,2023,6,98375,107
PSE,2022,2,98531,13
PSE,2025,6,98003,639
CNG,2024,3,98674,1
Avista,2024,9,99102,1
Avista,2023,6,99029,4
NWN,2021,6,98607,1
Avista,2025,7,99149,34
PSE,2025,2,98270,95
PSE,2025,7,98002,688
PAC,2021,3,98932,12
PSE,2020,12,98077,6
PSE,2024,11,98247,29
PSE,2024,6,98312,63
PSE,2020,9,98328,1
PSE,2022,10,98370,25
CNG,2020,9,98557,0
PSE,2022,2,98008,45
PSE,2020,5,98262,2
Avista,2022,3,99016,80
NWN,2024,4,98685,8
PSE,2020,11,98943,5
PSE,2022,12,98119,46
PSE,2024,5,98387,48
PAC,2020,2,99328,18
Avista,2020,6,99208,186
PSE,2021,1,98006,34
PSE,2023,10,98405,1
PSE,2022,12,98262,21
PAC,2020,11,98947,9
Avista,2020,8,99201,112
PAC,2024,7,98933,19
NWN,2024,5,97388,0
Avista,2024,6,99402,6
PSE,2020,6,98321,16
PSE,2021,5,98117,3
PSE,2022,2,98501,108
PSE,2020,9,98001,32
CNG,2021,3,98948,68
PSE,2022,9,98019,8
CNG,2025,6,98953,49
PSE,2022,1,98144,13
PSE,2025,6,98057,114
NWN,2024,3,98635,0
PSE,2024,12,98043,13
PSE,2023,11,98055,97
PSE,2021,5,98513,82
CNG,2024,9,99350,13
Avista,2024,9,99161,5
Avista,2025,9,99131,20
PSE,2021,2,98321,12
Avista,2024,1,99208,637
PSE,2025,2,98230,46
Avista,2024,3,99207,464
Avista,2020,7,99022,12
PAC,2023,11,99347,39
PAC,2023,5,99323,22
CNG,2020,6,98282,1
CNG,2023,6,98225,19
PSE,2025,8,98373,88
NWN,2020,10,98662,2
Avista,2022,4,99012,3
PSE,2024,7,98221,34
Avista,2023,9,99216,42
PSE,2022,8,98284,28
PSE,2024,7,98385,2
CNG,2021,5,98951,18
PSE,2020,12,98321,21
CNG,2022,12,98908,6
CNG,2024,1,98230,90
Avista,2025,2,99001,576
PSE,2020,5,98264,31
NWN,2025,2,98671,2
PSE,2025,5,98038,75
PSE,2023,5,98235,2
PSE,2023,1,98374,27
PSE,2020,4,98225,93
PSE,2022,8,98277,70
NWN,2021,5,98661,9
Avista,2020,10,99126,3
Avista,2022,3,99217,165
CNG,2022,2,98932,2
PSE,2023,7,98037,9
PSE,2022,2,98424,4
NWN,2020,12,97388,0
PAC,2025,1,99361,17
PSE,2022,6,98926,8
PAC,2024,11,98952,11
Avista,2025,12,99344,1545
NWN,2024,1,98762,0
Avista,2024,4,99019,40
PSE,2024,7,98011,40
CNG,2024,7,98930,57
PSE,2020,9,98337,11
NWN,2020,7,98617,0
CNG,2025,4,98223,414
PSE,2022,5,98934,12
Avista,2020,3,99101,6
PSE,2023,10,98255,1
PSE,2022,2,98328,1
Avista,2022,10,99125,2
PSE,2023,9,98273,14
PSE,2022,10,98223,1
PSE,2023,9,98203,3
Avista,2024,1,99117,6
PAC,2021,5,98923,3
PSE,2022,7,98312,31
Avista,2020,6,99109,26
Avista,2024,11,99023,2
PAC,2023,10,98933,19
CNG,2024,1,99324,37
NWN,2020,9,98628,0
NWN,2025,6,98682,15
PSE,2025,3,98530,4
Avista,2021,2,98648,1
NWN,2021,8,97388,0
PSE,2024,11,98226,306
PSE,2022,2,98591,1
CNG,2020,11,98276,0
Avista,2022,7,99033,11
NWN,2023,4,98661,9
PSE,2024,10,98270,27
Avista,2020,6,99130,2
PSE,2021,9,98263,1
NWN,2024,3,98601,0
PSE,2022,8,98221,18
PSE,2020,7,98941,1
PSE,2021,11,98092,92
Avista,2024,6,99013,5
PAC,2020,3,98923,3
PAC,2023,10,98948,476
PSE,2025,2,98392,35
PSE,2025,7,98446,16
Avista,2023,4,99037,9
PSE,2020,9,98155,4
PSE,2024,3,98940,5
PSE,2024,4,98052,119
Avista,2023,1,99037,11
NWN,2025,9,98683,1
PSE,2022,1,98346,32
PAC,2024,8,98953,111
NWN,2020,10,98762,0
PSE,2024,6,98032,197
Avista,2025,10,99032,113
Avista,2020,4,99126,7
PSE,2025,9,98208,14
PSE,2025,3,98133,26
PSE,2020,6,98019,16
CNG,2022,2,98274,20
PSE,2021,11,98346,11
CNG,2025,6,98802,18
PSE,2022,8,98208,3
Avista,2022,5,99185,8
PSE,2024,1,98295,2
Avista,2023,3,99113,10
Avista,2022,5,99102,1
Avista,2020,11,99203,20
PSE,2024,7,98252,3
PSE,2024,11,98133,17
PSE,2025,4,98221,104
PSE,2023,9,98342,9
Avista,2023,10,99403,661
PSE,2021,8,98466,2
PSE,2021,12,98312,867
PAC,2023,9,99347,29
PSE,2021,2,98244,10
PSE,2024,8,98208,21
PSE,2023,5,98271,2
NWN,2024,8,98666,0
PSE,2020,11,98056,57
NWN,2021,5,98671,4
Avista,2024,8,99033,17
Avista,2021,5,99033,3
CNG,2022,8,98284,9
PAC,2024,6,98953,116
PSE,2023,10,98034,174
Avista,2023,2,99403,179
CNG,2021,4,98337,26
Avista,2021,7,99212,76
PSE,2024,4,98014,7
PAC,2022,6,98901,1010
PSE,2022,5,98056,46
PSE,2024,11,98155,29
NWN,2023,8,98626,0
NWN,2022,6,98307,0
PSE,2022,6,98043,5
Avista,2025,11,99326,17
Avista,2021,5,99208,241
Avista,2020,7,99171,2
CNG,2020,7,98230,15
PAC,2020,10,99361,5
PAC,2022,5,99363,3
CNG,2023,6,99324,6
Avista,2025,9,99008,50
PSE,2021,10,98247,7
Avista,2023,7,99212,78
Avista,2021,8,99122,8
PSE,2020,8,98232,3
NWN,2021,11,98661,7
Avista,2025,4,99402,121
PSE,2024,4,98011,48
PSE,2022,8,98941,2
PSE,2024,9,98380,4
PSE,2022,4,98385,1
PSE,2025,3,98102,1
Avista,2025,5,99101,209
PSE,2020,7,98266,13
PSE,2020,10,98266,14
PSE,2025,5,98230,32
Avista,2020,11,99027,9
NWN,2024,10,98665,0
Avista,2021,11,99223,163
NWN,2022,3,98628,0
PAC,2020,4,99324,21
CNG,2021,2,98230,18
NWN,2020,4,98607,1
PSE,2020,5,98405,37
PSE,2025,4,98337,35
NWN,2021,7,98665,3
PSE,2022,3,98579,23
PAC,2024,3,98951,348
PSE,2022,3,98943,2
PSE,2023,12,98922,24
Avista,2025,5,99111,380
PSE,2024,3,98112,5
PSE,2023,11,98249,27
PSE,2023,10,98531,13
Avista,2025,10,99203,1519
PSE,2023,4,98580,6
PSE,2025,9,98248,14
Avista,2021,5,99129,17
PAC,2020,4,98938,8
CNG,2024,10,99353,5
CNG,2021,11,98903,1
NWN,2025,7,98605,0
CNG,2024,4,98271,26
Avista,2024,4,98648,1
PSE,2020,3,98249,8
PAC,2023,2,99362,852
Avista,2022,10,99402,3
NWN,2022,2,98605,0
Avista,2020,8,99104,1
CNG,2023,3,98248,12
NWN,2020,6,98666,0
PSE,2024,9,98499,5
PAC,2022,9,98903,471
PSE,2024,4,98021,14
PSE,2021,7,98247,7
PSE,2022,6,98383,9
Avista,2020,3,99134,7
PAC,2023,5,98939,14
PAC,2023,2,99360,5
NWN,2020,8,98606,0
PSE,2023,10,98220,1
NWN,2020,10,98612,0
PSE,2021,8,98424,4
Avista,2022,6,99158,8
PSE,2024,4,98273,191
Avista,2022,11,99167,2
CNG,2024,11,98295,23
NWN,2023,4,98639,0
PSE,2023,3,98102,1
Avista,2023,10,99149,10
PSE,2024,6,98038,45
CNG,2024,4,99336,29
CNG,2023,7,99354,4
PSE,2024,6,98940,1
Avista,2025,10,99125,56
NWN,2024,1,98671,4
CNG,2020,5,98225,13
NWN,2020,9,98610,0
PSE,2024,4,98126,54
Avista,2023,6,99169,8
NWN,2022,2,98604,1
PSE,2023,7,98092,103
Avista,2023,10,98648,8
Avista,2024,10,99008,2
PSE,2025,6,98255,6
PSE,2025,8,98418,21
PSE,2025,5,98033,104
CNG,2020,5,99362,15
Avista,2021,11,99103,6
NWN,2025,9,98668,0
PSE,2020,11,98346,109
PSE,2023,7,98042,42
CNG,2023,12,98930,3
PSE,2022,12,98134,1
PSE,2020,12,98337,7
Avista,2022,5,99111,20
NWN,2025,6,98635,0
CNG,2024,5,98632,4
PSE,2020,5,98023,189
PSE,2021,6,98022,49
PSE,2024,4,98125,14
PSE,2021,3,98443,2
PSE,2022,8,98576,11
CNG,2023,10,99324,1
Avista,2022,7,99006,38
PSE,2025,4,98342,18
CNG,2023,1,98226,13
NWN,2022,2,98671,4
PSE,2020,3,98055,24
PSE,2020,7,98050,1
Avista,2021,10,99164,0
PAC,2022,4,98944,656
NWN,2024,6,98672,0
Avista,2023,1,99040,24
PAC,2025,7,98948,94
NWN,2020,3,98662,11
Avista,2024,6,99208,246
PSE,2020,4,98074,12
CNG,2023,4,99352,3
PSE,2025,1,98290,10
Avista,2021,9,99111,5
CNG,2025,2,98528,8
PAC,2024,1,99324,153
PSE,2023,8,98072,11
Avista,2020,11,99117,2
PSE,2021,4,98208,21
PSE,2020,11,98047,16
CNG,2020,7,98225,32
NWN,2022,1,98617,0
PSE,2025,7,98407,20
NWN,2022,7,98628,0
NWN,2021,5,98307,0
Avista,2025,11,99128,15
CNG,2024,10,98563,21
PSE,2021,10,98033,26
PSE,2020,5,98446,7
PSE,2024,6,98257,12
PAC,2024,6,98948,496
PSE,2024,3,98199,13
PSE,2023,8,98007,46
PSE,2024,10,98198,144
PSE,2022,11,98310,18
PSE,2022,5,98042,41
PAC,2022,8,98903,469
PSE,2020,6,98941,4
PSE,2024,8,98059,126
PAC,2020,7,98947,9
PSE,2024,9,98022,10
PSE,2022,4,98003,277
PSE,2025,2,98070,25
PSE,2023,3,98295,2
PSE,2025,5,98370,97
PSE,2024,4,98338,17
PSE,2024,10,98373,90
PSE,2021,6,98409,17
PAC,2021,5,98902,123
PAC,2021,4,99348,4
PAC,2020,1,98953,12
Avista,2024,10,99181,15
Avista,2023,4,99204,9
PSE,2021,4,98312,134
NWN,2025,6,98683,3
Avista,2022,8,99171,7
Avista,2023,10,99101,43
PAC,2024,8,98933,16
Avista,2022,8,99040,28
PSE,2023,10,98022,93
Avista,2022,5,99110,7
Avista,2023,1,99029,4
PSE,2024,6,98117,3
CNG,2020,3,98223,7
NWN,2022,4,98026,0
NWN,2023,11,98660,3
PSE,2022,6,98409,13
PSE,2021,10,98229,52
PAC,2022,2,99326,1
Avista,2024,4,99014,1
PSE,2023,4,98597,31
PSE,2024,2,98498,28
Avista,2020,10,99148,7
Avista,2020,10,99029,1
PSE,2025,2,98177,12
PSE,2025,8,98391,133
Avista,2023,10,99009,59
PSE,2021,11,98178,6
PSE,2022,9,98201,2
Avista,2021,2,99110,1
PSE,2020,7,98407,3
Avista,2021,11,99008,2
PSE,2024,3,98133,22
PSE,2023,8,98004,23
PSE,2023,11,98229,183
CNG,2023,2,98226,38
PSE,2022,12,98284,614
PSE,2024,12,98106,1
PSE,2021,6,98006,42
PSE,2023,5,98580,3
CNG,2025,5,98802,16
NWN,2025,5,98604,7
CNG,2024,8,99338,17
CNG,2023,2,98282,1
PSE,2025,9,98516,21
NWN,2025,3,98307,0
Avista,2025,6,99131,22
Avista,2020,12,99216,372
CNG,2024,12,98802,12
CNG,2024,12,98908,395
PSE,2021,1,98374,47
Avista,2023,1,99159,11
PSE,2024,7,98274,31
CNG,2024,2,99338,3
PSE,2025,7,98409,44
Avista,2023,7,99111,7
PSE,2020,12,98126,9
NWN,2023,7,98119,0
PSE,2021,1,98110,6
PSE,2024,7,98296,3
NWN,2020,10,98628,0
PSE,2025,5,98108,5
CNG,2024,6,99324,52
NWN,2021,11,98660,1
PSE,2022,2,98380,2
PSE,2020,9,98283,1
PSE,2021,2,98237,20
PAC,2024,5,98951,382
Avista,2021,2,99173,14
Avista,2024,10,99003,14
CNG,2020,9,98951,1
PSE,2025,3,98203,60
PSE,2023,3,98121,2
CNG,2024,4,98541,12
PAC,2022,5,99347,35
NWN,2020,3,98612,0
PSE,2020,5,98118,44
PSE,2021,3,98499,6
PSE,2021,2,98051,1
Avista,2022,3,99204,71
Avista,2021,5,99111,5
NWN,2023,8,98307,0
Avista,2022,7,99111,15
PSE,2024,9,98371,23
PSE,2024,12,98014,20
PSE,2023,4,98204,5
PAC,2021,6,98908,23
Avista,2024,8,99025,48
PSE,2022,10,98021,2
CNG,2020,7,98801,0
PSE,2022,12,98443,6
CNG,2021,3,99350,6
PSE,2022,10,98366,20
Avista,2025,7,99122,238
Avista,2020,12,99018,3
PAC,2021,3,99348,2
PAC,2025,6,98953,142
PSE,2020,8,98074,6
PSE,2025,9,98367,13
CNG,2024,11,98837,16
CNG,2022,1,99344,6
PSE,2024,4,98053,21
CNG,2023,10,98903,1
PAC,2023,7,98930,452
PSE,2025,8,98244,15
Avista,2025,4,99224,1802
CNG,2020,6,98848,1
Avista,2024,9,99341,2
NWN,2021,8,98635,0
NWN,2023,6,98617,0
Avista,2023,8,99131,1
CNG,2020,6,98932,0
PSE,2020,6,98366,43
PSE,2021,12,98031,1074
CNG,2024,2,98337,25
Avista,2024,1,98648,3
CNG,2024,11,98276,26
Avista,2020,8,99008,1
PSE,2023,11,98112,1
PSE,2023,9,98117,1
CNG,2023,6,98310,6
NWN,2023,12,98684,21
CNG,2025,1,98936,128
PSE,2023,3,98597,46
PAC,2024,7,99350,1
PSE,2024,9,98055,6
PSE,2023,1,98074,8
PSE,2022,4,98340,1
PSE,2023,4,98247,16
PSE,2024,6,98310,44
PSE,2024,1,98558,1
Avista,2020,6,99102,1
Avista,2020,4,99040,3
CNG,2022,8,98276,1
PSE,2023,7,98406,3
Avista,2024,2,99173,18
PSE,2022,12,98024,55
Avista,2024,7,99122,15
NWN,2024,11,98119,0
NWN,2025,3,98661,10
CNG,2025,7,99323,11
Avista,2025,11,99006,544
PSE,2024,5,98257,28
PSE,2022,3,98107,2
PSE,2023,8,98327,4
NWN,2024,1,98648,0
Avista,2020,6,99216,71
PSE,2025,9,98033,3
PSE,2021,8,98010,7
PSE,2025,1,98225,354
PSE,2021,5,98026,7
PSE,2021,11,98408,9
PSE,2020,10,98177,7
PSE,2021,9,98047,42
PSE,2020,6,98233,30
CNG,2021,5,98802,5
PAC,2022,2,99329,4
Avista,2024,4,99030,7
PSE,2024,11,98531,25
PAC,2022,7,99347,32
PSE,2023,6,98235,3
Avista,2024,7,99326,1
CNG,2020,12,98948,10
Avista,2024,12,99223,148
PSE,2020,9,98225,101
CNG,2021,12,98273,20
PAC,2023,11,99348,9
Avista,2023,12,99163,267
Avista,2023,12,99029,11
Avista,2020,6,99212,78
PAC,2022,12,99363,3
CNG,2025,3,98337,160
CNG,2021,5,98632,8
PSE,2023,4,98253,3
PSE,2020,8,98004,14
PSE,2022,8,98146,4
PSE,2022,11,98346,3
PSE,2022,7,98188,28
PSE,2024,7,98292,1
Avista,2024,3,99040,11
PSE,2021,9,98012,27
PSE,2022,8,98260,7
PSE,2020,10,98008,66
PSE,2022,12,98335,33
CNG,2020,4,98936,1
PAC,2025,3,98942,194
PSE,2022,11,98133,5
NWN,2024,10,97301,0
PAC,2021,6,98939,1
PSE,2022,12,98370,333
NWN,2024,2,97031,0
PSE,2020,4,98597,58
PSE,2023,8,98155,2
PSE,2022,12,98122,216
PSE,2020,4,98388,2
PSE,2022,1,98223,3
PSE,2021,3,98445,11
Avista,2024,12,99149,3
Avista,2024,7,99217,125
CNG,2023,7,99362,13
Avista,2023,6,99025,9
PSE,2023,9,98267,1
PSE,2021,11,98926,9
Avista,2025,10,99326,18
Avista,2021,1,99206,52
PSE,2025,8,98028,42
NWN,2020,7,98762,0
PAC,2023,3,98938,43
PSE,2025,4,98033,106
NWN,2023,12,98672,0
Avista,2025,4,99143,73
Avista,2020,6,99134,3
PSE,2022,7,98276,1
PSE,2024,5,98264,56
PSE,2021,7,98589,7
PAC,2022,1,99328,122
PSE,2021,6,98053,18
PSE,2023,8,98926,9
PSE,2023,12,98075,19
PSE,2023,9,98367,14
PSE,2022,3,98121,2
PAC,2025,8,98942,419
PSE,2020,10,98597,65
NWN,2024,7,98026,0
PSE,2025,3,98367,67
PSE,2024,12,98136,1
PSE,2023,6,98039,3
NWN,2023,2,98668,0
CNG,2021,1,99362,30
PSE,2023,3,98010,5
PSE,2024,11,98390,43
PSE,2023,8,98512,52
PSE,2023,12,98006,91
PSE,2024,5,98258,18
PSE,2022,1,98199,3
CNG,2020,4,98284,8
Avista,2022,7,99158,9
PSE,2020,12,98532,1
PSE,2020,10,98023,128
NWN,2022,3,98629,0
NWN,2021,4,98601,0
Avista,2022,10,99212,105
PSE,2021,12,98075,21
CNG,2025,1,98247,153
PSE,2022,10,98589,13
PSE,2022,10,98077,2
PSE,2022,6,98122,6
Avista,2023,4,99018,2
Avista,2021,3,99203,69
Avista,2024,3,99179,6
NWN,2021,12,97031,0
PAC,2025,5,98944,239
Avista,2025,4,99206,2844
Avista,2022,1,99025,9
CNG,2024,10,98312,139
PAC,2020,12,98921,7
PSE,2024,2,98296,3
Avista,2021,8,99109,27
NWN,2021,10,98629,0
PAC,2022,3,98951,477
PSE,2025,1,98467,8
PSE,2020,3,98380,1
PSE,2023,12,98934,5
PSE,2023,6,98597,182
PSE,2023,6,98288,5
PSE,2023,6,98220,5
CNG,2025,6,98942,167
Avista,2020,12,99149,1
Avista,2021,7,99161,1
PSE,2024,8,98102,1
PSE,2023,11,98014,21
PSE,2023,1,98260,9
PAC,2023,10,98908,546
PSE,2025,5,98155,31
Avista,2022,2,99034,4
CNG,2021,12,99338,1
CNG,2020,8,98383,0
CNG,2025,7,98221,422
CNG,2025,6,98345,7
PSE,2023,10,98007,234
NWN,2023,4,98626,0
Avista,2023,2,99025,15
NWN,2020,5,98684,5
PSE,2023,3,98405,11
CNG,2024,3,99324,33
PSE,2023,6,98576,41
PSE,2023,10,98252,1
PSE,2020,9,98115,6
PSE,2020,12,98119,1
CNG,2024,10,98848,2
PSE,2023,7,98367,15
NWN,2025,3,97301,0
Avista,2025,2,99009,178
PAC,2020,7,98948,23
PSE,2024,1,98223,4
NWN,2021,7,98648,0
PAC,2020,10,98942,16
Avista,2024,9,99101,13
Avista,2025,8,99167,88
PSE,2021,12,98934,61
PSE,2020,11,98065,6
PSE,2023,11,98121,3
PSE,2024,3,98052,79
PSE,2021,12,98102,47
Avista,2021,9,99403,43
CNG,2024,9,99338,19
PSE,2025,1,98155,46
PSE,2021,7,98406,6
CNG,2022,1,98930,1
Avista,2024,11,99148,9
Avista,2025,12,99030,88
PSE,2020,10,98941,8
Avista,2023,11,99111,23
PSE,2021,8,98391,35
CNG,2021,5,98273,119
PSE,2021,12,98922,115
PSE,2021,11,98260,6
PSE,2021,8,98045,3
PSE,2021,3,98532,1
Avista,2023,6,99141,18
Avista,2024,8,99019,132
CNG,2025,5,99336,319
PAC,2021,3,99347,1
Avista,2025,3,99102,81
PSE,2021,10,98335,2
PAC,2024,3,98908,559
PAC,2020,6,98901,28
Avista,2023,2,99014,2
PSE,2024,10,98112,1
PAC,2022,8,98902,1468
PSE,2024,12,98133,21
NWN,2023,3,98661,22
CNG,2025,4,98247,168
PSE,2022,8,98225,118
CNG,2025,8,98383,202
Avista,2024,9,99224,73
PSE,2022,8,98312,47
Avista,2020,6,99037,6
Avista,2025,6,99117,41
PSE,2020,9,98108,15
PSE,2021,9,98037,20
Avista,2022,10,99203,46
PSE,2021,6,98370,35
CNG,2022,1,98584,1
CNG,2020,6,99323,0
PSE,2021,6,98332,1
PSE,2020,8,98388,1
PSE,2022,2,98445,21
PAC,2024,10,98937,42
PSE,2021,1,98466,3
PSE,2025,1,98004,80
NWN,2025,2,98617,0
PSE,2021,10,98010,5
PSE,2025,6,98532,5
PAC,2023,7,99363,4
Avista,2021,10,99131,3
PSE,2025,8,98272,12
PSE,2023,1,98028,22
PSE,2024,2,98940,5
PAC,2020,5,98948,23
PSE,2021,1,98589,28
PSE,2025,1,98311,109
CNG,2024,11,98932,26
Avista,2024,10,99158,4
PSE,2024,6,98579,41
PAC,2021,6,98948,41
CNG,2024,5,99323,2
CNG,2025,1,98802,12
CNG,2025,7,98244,5
PSE,2020,6,98407,2
CNG,2020,11,98244,1
PSE,2023,11,98007,198
PSE,2022,4,98934,11
NWN,2022,6,98612,0
Avista,2024,11,99109,17
CNG,2021,1,98626,1
CNG,2022,2,98936,2
Avista,2022,3,99130,11
PSE,2024,4,98354,2
PAC,2025,2,98937,46
PSE,2022,5,98052,41
NWN,2021,7,98661,5
PSE,2022,9,98926,5
PSE,2025,5,98380,14
Avista,2020,7,99203,35
CNG,2021,9,99362,10
PSE,2022,11,98296,2
PSE,2025,3,98248,118
PSE,2020,8,98031,74
PSE,2021,8,98281,1
PSE,2021,3,98051,3
PSE,2022,5,98383,11
CNG,2024,8,98584,79
PSE,2023,3,98310,21
Avista,2023,1,99134,3
PSE,2020,5,98340,4
Avista,2021,10,99027,35
PSE,2021,5,98580,6
PSE,2022,7,98072,9
NWN,2021,9,98127,0
PSE,2021,4,98327,4
CNG,2024,1,99354,10
Avista,2022,7,99141,31
CNG,2021,10,98951,6
CNG,2021,9,98908,5
NWN,2021,12,98620,0
Avista,2025,3,99021,621
NWN,2025,2,98662,9
PSE,2022,2,98360,16
PAC,2023,8,99323,14
PSE,2025,6,98380,14
PAC,2021,4,98944,169
PSE,2020,4,98042,100
CNG,2024,1,98528,1
PSE,2024,11,98513,105
PAC,2021,3,98951,40
Avista,2025,1,99344,1525
PAC,2020,6,98952,2
Avista,2022,9,99131,1
NWN,2022,7,98620,0
PSE,2021,9,98925,7
PAC,2024,4,98936,96
PSE,2022,1,98391,56
PSE,2020,6,98204,21
PSE,2023,10,98198,113
PSE,2022,12,98367,418
CNG,2024,4,98837,11
PSE,2023,10,98023,125
PAC,2020,11,99323,2
NWN,2024,4,98607,2
Avista,2022,9,99117,1
PSE,2025,2,98148,23
PSE,2020,4,98022,58
PSE,2021,11,98943,5
CNG,2020,5,98230,10
PSE,2022,6,98004,27
PSE,2023,12,98372,15
PSE,2020,10,98040,4
Avista,2025,6,99164,1
NWN,2024,6,98666,0
PSE,2025,2,98310,91
Avista,2023,3,99207,482
PSE,2022,9,98070,11
PSE,2021,3,98112,7
CNG,2021,1,98944,29
PSE,2021,3,98074,6
Avista,2023,5,99037,9
NWN,2025,3,98629,0
NWN,2020,10,98685,0
Avista,2025,5,99113,33
PSE,2021,8,98531,9
CNG,2021,3,98276,10
CNG,2024,3,98367,31
CNG,2024,11,98563,20
PSE,2022,11,98926,5
Avista,2024,5,99141,39
Avista,2025,4,99205,6156
PSE,2022,1,98122,10
CNG,2023,5,98229,25
PSE,2025,3,98006,60
Avista,2023,7,99031,2
PSE,2021,7,98943,1
CNG,2020,6,98247,7
PSE,2022,9,98390,10
CNG,2025,1,98244,3
PAC,2024,9,98951,362
PSE,2021,1,98102,1
PSE,2021,9,98109,6
PSE,2022,8,98443,1
PSE,2024,6,98370,55
PSE,2021,1,98198,72
PSE,2024,2,98027,61
PSE,2023,10,98579,20
PSE,2024,12,98112,1
PSE,2025,6,98248,82
CNG,2021,12,99354,1
NWN,2023,1,98672,4
Avista,2022,7,99130,14
CNG,2022,3,98271,1
PSE,2023,2,98294,3
CNG,2020,9,98225,28
PSE,2023,12,98295,1
CNG,2024,5,99301,153
PSE,2024,6,98281,6
CNG,2022,2,99336,6
Avista,2025,8,99029,23
PSE,2024,9,98001,9
Avista,2022,9,99173,12
PSE,2021,8,98266,25
Avista,2022,4,99032,5
CNG,2021,8,98295,1
PSE,2022,6,98283,1
PSE,2020,9,98057,23
PAC,2020,9,98942,14
PSE,2021,11,98275,3
PAC,2025,2,98902,1375
PSE,2021,6,98204,6
CNG,2025,8,98932,47
Avista,2020,6,99217,65
PSE,2023,12,98502,88
Avista,2023,3,99326,1
PSE,2024,10,98332,10
PSE,2020,10,98267,5
Avista,2024,1,99125,10
PSE,2025,3,98072,34
Avista,2025,12,99156,1
NWN,2021,6,98674,0
PSE,2024,9,98023,24
Avista,2023,9,99161,4
CNG,2022,11,98310,3
NWN,2023,10,98672,0
PSE,2024,11,98346,20
PSE,2023,3,98042,81
PSE,2020,6,98327,3
PSE,2025,8,98225,207
PSE,2023,3,98443,1
PSE,2022,11,98034,62
PSE,2024,2,98038,73
NWN,2024,12,98683,5
NWN,2023,3,98668,0
PSE,2025,9,98233,18
PSE,2021,12,98028,195
CNG,2020,5,98901,2
NWN,2025,2,98685,5
CNG,2021,11,98948,6
PSE,2021,11,98087,12
Avista,2021,8,99161,3
Avista,2022,2,99126,6
Avista,2023,9,99173,7
Avista,2021,10,99205,282
PSE,2021,12,98244,63
CNG,2022,3,99338,1
PSE,2022,7,98392,25
Avista,2023,6,99016,43
NWN,2021,3,98639,0
CNG,2020,5,98557,1
Avista,2021,3,99223,172
PSE,2023,12,98439,5
PSE,2023,6,98077,14
PSE,2023,2,98252,1
Avista,2021,11,99025,17
CNG,2023,9,98901,6
NWN,2021,12,98208,0
PSE,2024,7,98075,5
PSE,2025,2,98346,32
PSE,2025,9,98589,5
PSE,2022,3,98155,7
CNG,2024,3,98632,2
PSE,2023,11,98125,17
Avista,2023,9,99341,2
PSE,2024,8,98109,3
Avista,2024,11,99001,34
Avista,2022,11,99181,9
PSE,2023,10,98371,32
CNG,2020,11,98948,18
PSE,2021,8,98512,63
PSE,2023,12,98051,1
PSE,2023,3,98040,5
Avista,2023,5,99171,5
PSE,2024,8,98121,1
CNG,2025,4,98232,6
PSE,2020,3,98312,69
PSE,2025,6,98002,494
CNG,2023,5,98274,11
NWN,2021,1,98648,0
CNG,2022,4,99336,3
Avista,2024,2,99205,495
CNG,2024,9,98244,1
Avista,2025,4,99026,191
Avista,2023,12,99181,24
PSE,2023,4,98391,26
NWN,2021,1,98629,2
NWN,2023,6,98683,5
Avista,2024,10,99029,2
PSE,2023,11,98408,5
PSE,2020,5,98034,72
PSE,2024,1,98408,9
Avista,2022,8,99143,8
PSE,2021,9,98126,56
PAC,2024,8,98936,85
PSE,2020,3,98001,42
NWN,2024,9,98307,0
PSE,2022,1,98240,11
PSE,2022,8,98439,9
NWN,2023,5,98674,0
PSE,2021,12,98251,12
Avista,2020,7,99208,157
Avista,2020,3,99403,99
NWN,2022,11,98662,1
PSE,2020,8,98512,45
PAC,2020,12,99363,1
PAC,2024,3,99329,2
PSE,2025,8,98359,18
PSE,2025,2,98056,118
PSE,2025,8,98240,7
Avista,2021,10,99144,0
CNG,2023,2,98550,8
PAC,2024,11,98948,435
PSE,2024,3,98253,5
CNG,2025,1,98848,1
CNG,2020,9,98367,2
Avista,2022,10,99130,10
Avista,2024,4,99201,248
PSE,2021,7,98108,7
PSE,2024,12,98011,88
Avista,2021,11,99104,2
PSE,2022,2,98506,71
PSE,2023,12,98105,2
Avista,2020,11,99157,2
PSE,2024,10,98188,73
PAC,2024,4,99361,20
PSE,2025,5,98204,42
Avista,2022,12,99018,3
PSE,2023,4,98233,26
Avista,2022,5,99016,77
PAC,2025,3,98908,449
PSE,2021,4,98580,13
PSE,2023,7,98225,64
PSE,2021,9,98110,40
Avista,2024,9,99216,109
Avista,2022,10,99134,4
Avista,2020,4,99110,2
PSE,2025,1,98312,155
NWN,2024,1,98026,0
Avista,2022,8,99126,5
CNG,2025,7,98383,198
PSE,2023,10,98934,6
PAC,2023,1,99360,5
CNG,2024,6,99354,31
Avista,2023,2,99027,28
PSE,2020,9,98941,1
PSE,2023,2,98943,2
PSE,2021,6,98406,3
NWN,2021,4,98672,3
PSE,2022,8,98204,4
Avista,2025,7,99344,1520
PSE,2022,4,98273,121
NWN,2021,8,98671,1
CNG,2024,3,98310,123
NWN,2024,10,98604,0
PAC,2023,3,99363,3
PSE,2021,2,98058,90
CNG,2023,9,99362,6
PSE,2023,6,98312,295
CNG,2025,1,98274,262
Avista,2024,6,99218,65
CNG,2022,6,98229,8
PSE,2025,1,98026,40
PSE,2023,7,98006,25
PSE,2025,8,98116,79
PSE,2023,3,98203,6
PSE,2023,9,98036,2
CNG,2024,1,98311,35
NWN,2025,6,98604,6
Avista,2025,8,99137,70
CNG,2021,1,98226,23
NWN,2021,7,98639,0
PSE,2021,1,98409,8
PSE,2024,11,98596,1
PSE,2021,1,98943,2
PSE,2023,8,98201,16
CNG,2024,3,99344,107
PAC,2021,6,98947,8
CNG,2022,8,98801,2
NWN,2023,12,98026,0
PSE,2020,9,98008,23
PSE,2020,11,98580,14
Avista,2020,12,99026,24
NWN,2024,7,98125,0
PSE,2025,5,98922,18
PSE,2024,3,98032,211
PSE,2020,8,98118,34
PSE,2025,6,98296,15
CNG,2020,8,98948,0
PSE,2023,6,98513,284
PSE,2022,6,98502,92
Avista,2023,2,99128,3
PAC,2023,2,99324,145
Avista,2025,1,99201,2368
CNG,2020,5,98584,6
PSE,2020,10,98006,33
PSE,2024,8,98005,42
PSE,2023,2,98926,11
PSE,2024,6,98388,7
PSE,2020,10,98122,4
PSE,2023,3,98002,208
CNG,2022,3,98550,3
Avista,2021,6,99216,66
Avista,2024,8,99005,71
PSE,2024,9,98108,204
CNG,2022,12,98271,2
PSE,2022,5,98272,3
Avista,2022,5,99371,2
CNG,2021,11,98220,2
PSE,2023,5,98424,7
Avista,2025,12,99012,105
PSE,2022,10,98224,3
PSE,2022,8,98387,32
NWN,2020,4,98610,0
PSE,2021,10,98037,1
PSE,2022,9,98277,33
Avista,2022,2,99029,4
PSE,2022,6,98056,31
PSE,2022,4,98166,10
Avista,2022,12,99039,2
PSE,2025,2,98168,28
PSE,2021,9,98119,2
PSE,2023,12,98042,110
Avista,2023,7,99179,1
CNG,2020,6,98337,2
PSE,2024,4,98253,3
Avista,2025,1,99159,118
Avista,2020,9,99207,101
PSE,2022,12,98146,189
PSE,2024,10,98051,6
CNG,2024,6,98383,41
Avista,2022,6,99151,3
Avista,2021,1,99169,12
PSE,2020,11,98072,7
PSE,2023,8,98021,3
PSE,2023,9,98037,1
PAC,2023,11,98947,106
PSE,2021,5,98065,20
PSE,2022,8,98226,127
NWN,2022,2,97031,0
CNG,2021,1,98942,1
NWN,2021,4,98606,0
PSE,2023,6,98439,86
CNG,2023,6,98936,2
CNG,2025,4,98271,103
PSE,2023,2,98255,1
CNG,2020,10,97701,0
PSE,2025,5,98373,114
Avista,2020,6,99114,68
NWN,2025,4,98642,11
NWN,2022,3,98674,0
PSE,2023,2,98107,1
PSE,2022,4,98019,9
PSE,2023,1,98277,59
PSE,2024,8,98235,1
PSE,2025,9,98392,22
PSE,2025,6,98225,222
PSE,2025,8,98121,12
PSE,2024,10,98038,77
PSE,2023,12,98275,9
PSE,2023,12,98418,7
PSE,2021,4,98103,9
NWN,2022,3,98601,0
PSE,2025,8,98327,10
PSE,2022,6,98244,14
CNG,2022,5,98908,3
PSE,2020,10,98101,1
PSE,2021,11,98359,1
PAC,2024,2,98923,35
NWN,2020,11,98663,0
PSE,2022,3,98125,7
CNG,2025,6,98244,6
CNG,2022,2,98284,19
PSE,2023,3,98007,104
PSE,2023,10,98125,7
PAC,2023,7,99324,144
PSE,2025,7,98424,13
PSE,2025,6,98047,42
Avista,2022,12,99169,13
PSE,2024,9,98059,5
PSE,2021,6,98087,8
NWN,2020,5,98620,0
PSE,2020,10,98290,6
NWN,2021,12,98662,3
PSE,2022,11,98033,12
PSE,2022,3,98198,130
Avista,2024,2,99148,20
PSE,2025,3,98106,10
Avista,2025,5,99344,1538
PSE,2022,4,98943,3
NWN,2025,8,98661,10
PSE,2021,10,98204,5
PSE,2025,3,98262,6
Avista,2022,2,99102,1
PAC,2021,4,99347,15
CNG,2022,3,98284,18
NWN,2023,11,98119,0
PSE,2022,3,98327,4
PSE,2024,3,98155,3
PSE,2022,12,98247,195
Avista,2024,2,99128,4
NWN,2024,7,98660,3
Avista,2022,9,99179,3
Avista,2021,1,99031,2
PSE,2022,12,98107,58
PSE,2020,11,98223,1
PSE,2024,5,98946,2
PSE,2021,10,98531,11
PSE,2025,5,98284,155
Avista,2023,12,99001,61
PSE,2020,3,98126,12
CNG,2023,9,98221,3
PSE,2025,7,98360,66
PSE,2022,6,98026,6
Avista,2025,5,99117,40
Avista,2022,6,99019,45
PSE,2024,2,98332,3
PSE,2023,5,98053,11
PAC,2024,5,98901,1159
PSE,2022,1,98168,15
Avista,2022,1,99134,7
Avista,2024,3,99137,4
Avista,2020,8,99126,9
PSE,2025,7,98201,32
NWN,2024,3,98663,0
PSE,2022,1,98597,85
PAC,2024,10,99329,2
Avista,2022,7,99025,17
PSE,2025,7,98466,23
CNG,2023,10,98802,1
Avista,2025,4,99104,1
PSE,2020,5,98005,28
PSE,2021,11,98122,6
PSE,2022,5,98011,22
PSE,2025,8,98201,22
CNG,2021,5,98557,4
Avista,2022,2,99101,7
Avista,2023,11,99207,474
CNG,2021,9,98932,2
CNG,2023,9,98226,29
PSE,2023,12,98221,39
PSE,2022,11,98531,19
PSE,2020,5,98444,19
PSE,2020,7,98926,4
CNG,2020,6,98802,1
PSE,2022,1,98576,20
Avista,2021,1,99101,10
Avista,2021,2,99037,4
CNG,2023,5,99362,24
PSE,2020,10,98244,6
Avista,2022,10,99138,6
PSE,2020,7,98168,14
PSE,2024,11,98008,92
PSE,2025,2,98252,8
Avista,2020,3,99181,15
PSE,2021,6,98055,46
PSE,2021,4,98253,3
PSE,2023,4,98178,4
PSE,2021,7,98465,3
PSE,2022,11,98232,7
Avista,2025,8,99021,645
CNG,2022,5,98550,2
Avista,2020,3,99159,13
PSE,2023,11,98036,27
NWN,2024,11,98629,0
NWN,2021,12,98635,0
PSE,2024,1,98057,44
PSE,2023,9,98074,1
PSE,2022,11,98042,54
PSE,2024,6,98144,14
CNG,2021,1,98247,4
PSE,2023,9,98409,1
NWN,2022,2,98664,4
PSE,2025,7,98403,4
PSE,2022,9,98051,1
PSE,2020,9,98026,3
PSE,2020,5,98513,74
CNG,2020,8,99344,2
PSE,2023,3,98109,1
Avista,2025,2,99371,38
PSE,2024,9,98374,39
PSE,2020,8,98258,5
PSE,2022,7,98075,4
CNG,2020,5,98367,1
PSE,2024,9,98004,4
PSE,2023,3,98579,18
PSE,2023,5,98251,1
Avista,2023,4,99113,4
PSE,2023,2,98037,11
PSE,2023,1,98371,19
NWN,2020,8,98682,12
PSE,2021,10,98103,3
Avista,2022,3,99037,14
PSE,2024,8,98146,11
PSE,2023,11,98038,45
CNG,2024,12,98625,1
PSE,2023,12,98040,19
PAC,2023,12,98944,800
PSE,2025,3,98260,23
PSE,2021,1,98237,20
CNG,2023,3,98233,16
Avista,2022,11,99161,6
NWN,2021,1,98635,0
PSE,2021,12,98926,79
PSE,2021,9,98251,4
CNG,2020,4,98247,4
PSE,2025,8,98503,216
PSE,2025,5,98342,11
PAC,2025,3,98902,1369
Avista,2025,3,99019,738
PSE,2024,1,98133,23
Avista,2021,9,99022,14
PSE,2024,3,98934,15
PSE,2024,8,98296,9
PSE,2024,2,98236,18
PSE,2023,11,98092,244
PSE,2020,9,98290,3
Avista,2025,8,99016,1519
PSE,2025,6,98239,26
Avista,2024,5,99019,46
PAC,2021,6,99363,0
NWN,2021,10,98628,0
CNG,2022,8,98226,33
PSE,2020,3,98467,1
PSE,2021,7,98029,19
PSE,2025,6,98576,19
Avista,2021,12,99016,107
Avista,2021,11,99218,70
NWN,2021,12,98666,0
PSE,2025,6,98199,2
Avista,2025,8,99164,1
PSE,2025,7,98579,31
CNG,2023,6,98232,1
PAC,2021,3,98952,2
PSE,2025,2,98580,25
PSE,2023,9,98144,4
PSE,2025,1,98056,163
NWN,2021,5,98666,0
NWN,2021,6,98617,0
PSE,2020,7,98074,8
PSE,2020,10,98125,4
PSE,2024,4,98057,55
PSE,2021,4,98328,2
PSE,2024,3,98294,6
NWN,2020,4,98612,0
CNG,2023,6,98312,5
CNG,2025,8,98273,580
PSE,2023,7,98074,5
NWN,2021,5,98683,2
PSE,2020,10,98516,66
PAC,2020,8,99350,2
Avista,2022,11,99101,5
PSE,2024,8,98072,34
Avista,2022,8,99013,26
PSE,2021,10,98934,6
PAC,2024,1,98953,114
Avista,2022,7,99344,53
CNG,2024,11,98223,170
PAC,2020,8,98942,15
PSE,2022,1,98332,2
Avista,2023,8,99206,51
PAC,2023,2,98947,115
Avista,2021,9,99033,4
PAC,2020,9,98938,6
CNG,2021,11,98295,1
Avista,2020,4,99216,85
PSE,2025,2,98235,2
Avista,2021,9,99148,9
Avista,2025,8,99173,289
PSE,2024,4,98332,5
PAC,2025,4,98901,326
CNG,2023,7,98248,24
PSE,2022,9,98940,1
PSE,2024,10,98208,10
PSE,2025,1,98576,33
NWN,2023,7,98125,0
CNG,2024,4,98284,119
Avista,2020,8,99029,3
NWN,2022,1,98685,6
PSE,2022,11,98396,1
PSE,2022,7,98028,11
PSE,2021,5,98022,63
PSE,2025,7,98941,7
CNG,2020,11,99338,1
Avista,2020,5,99181,5
PSE,2022,6,98038,21
Avista,2023,9,99403,37
CNG,2025,6,99336,326
CNG,2024,6,98953,12
CNG,2021,4,98274,51
PAC,2024,3,99360,7
CNG,2020,10,98271,1
Avista,2022,6,99161,8
NWN,2020,6,98601,0
NWN,2024,4,98628,0
Avista,2022,1,99009,4
CNG,2024,10,98271,40
CNG,2024,3,99337,13
PAC,2024,1,99328,106
PSE,2021,9,98239,29
PSE,2023,4,98110,11
PSE,2021,12,98050,2
PSE,2025,3,98354,2
NWN,2020,12,98686,6
NWN,2021,6,98762,0
Avista,2024,6,99185,3
PSE,2023,6,98001,221
PSE,2021,2,98144,18
Avista,2020,8,99110,4
NWN,2023,6,98612,0
PSE,2023,5,98232,3
Avista,2024,7,99143,4
Avista,2025,8,99122,234
CNG,2024,8,98226,215
PSE,2021,12,98597,443
CNG,2021,6,98337,3
Avista,2025,1,99013,278
NWN,2023,4,98601,0
CNG,2024,3,98902,520
PAC,2021,6,98936,2
CNG,2023,4,98801,1
CNG,2023,8,98932,2
NWN,2023,8,98127,0
PSE,2024,3,98579,28
NWN,2021,3,98864,0
PSE,2021,9,98002,413
PSE,2025,2,98012,67
PSE,2020,6,98262,1
Avista,2024,2,99113,1
NWN,2021,1,98605,1
CNG,2024,7,98271,36
PSE,2022,4,98074,5
PSE,2025,1,98220,3
Avista,2020,3,99111,19
CNG,2020,7,98221,8
Avista,2020,11,99102,1
NWN,2022,9,98663,0
Avista,2024,2,99026,14
Avista,2020,6,99149,1
PSE,2022,9,98257,14
PSE,2021,8,98027,14
Avista,2023,2,99009,6
PSE,2024,3,98345,1
CNG,2020,4,99324,1
CNG,2020,4,98930,2
CNG,2021,5,98901,109
CNG,2021,10,98310,2
CNG,2022,9,98230,2
PSE,2023,3,98122,8
PSE,2020,6,98087,16
PAC,2022,10,98938,39
PAC,2023,5,99363,4
Avista,2024,8,99014,2
Avista,2023,10,99138,160
PSE,2021,3,98597,54
PSE,2020,10,98014,8
Avista,2022,5,99030,6
CNG,2025,9,99301,1362
CNG,2021,4,99323,2
PSE,2020,8,98271,2
CNG,2025,2,98611,5
PAC,2020,8,98902,23
Avista,2023,11,99181,14
CNG,2024,6,98528,2
NWN,2022,8,98671,0
PSE,2021,12,98342,19
Avista,2024,4,99122,7
PSE,2025,4,98359,14
NWN,2022,12,98620,0
Avista,2024,11,99344,29
Avista,2024,11,99403,127
Avista,2024,4,99113,2
CNG,2025,6,98626,31
Avista,2023,1,99032,4
PSE,2025,5,98946,3
PSE,2020,9,98383,13
CNG,2024,2,98310,109
Avista,2025,5,99131,24
Avista,2025,10,99216,2247
PSE,2022,2,98030,230
PAC,2020,9,99324,19
PSE,2021,10,98467,1
PSE,2022,4,98226,125
PSE,2021,7,98220,1
PSE,2020,8,98057,19
PSE,2020,3,98224,3
PSE,2020,3,98360,11
Avista,2021,4,99204,40
CNG,2022,1,98908,3
NWN,2020,12,98675,0
PSE,2021,2,98010,7
Avista,2024,12,99173,14
PSE,2023,12,98112,1
CNG,2021,10,98903,23
NWN,2022,4,98660,414
PSE,2022,10,98033,24
PSE,2021,7,98407,1
CNG,2025,3,98520,196
PSE,2023,10,98108,17
NWN,2022,9,98762,0
PSE,2023,3,98105,2
NWN,2025,2,98127,0
PSE,2025,5,98255,4
PSE,2021,9,98051,10
PAC,2022,10,99329,3
PSE,2022,2,98148,37
Avista,2025,5,99128,15
CNG,2025,4,98337,171
NWN,2024,11,98686,1
PSE,2021,3,98366,47
NWN,2024,9,98635,0
Avista,2024,1,99101,26
NWN,2024,2,98686,3
PSE,2022,4,98070,7
PSE,2021,11,98248,50
PSE,2021,11,98043,9
PSE,2025,8,98407,22
PSE,2022,6,98516,48
Avista,2021,11,99101,9
PAC,2020,10,98908,26
PSE,2021,4,98006,48
PSE,2020,7,98405,10
NWN,2025,8,98672,0
PAC,2023,1,99362,855
CNG,2020,9,98229,19
CNG,2024,10,98276,28
PSE,2024,3,98239,18
PSE,2020,3,98232,1
Avista,2021,12,99208,358
PAC,2024,10,98942,211
Avista,2024,2,98648,4
Avista,2024,1,99224,196
Avista,2021,5,99102,3
Avista,2021,8,99103,2
PSE,2020,5,98270,38
Avista,2020,8,99217,90
PSE,2021,1,98503,225
CNG,2023,1,98223,8
PSE,2020,11,98531,23
PSE,2022,12,98058,878
NWN,2023,5,98639,0
PSE,2021,8,98198,93
PAC,2022,10,98921,39
PSE,2022,1,98053,15
PSE,2025,5,98597,139
PAC,2021,1,99360,1
Avista,2025,2,99021,502
Avista,2020,8,99204,36
Avista,2023,2,99371,4
PSE,2023,6,98003,709
PSE,2021,9,98023,309
PSE,2020,3,98233,29
NWN,2023,9,98672,0
PSE,2021,4,98056,89
Avista,2024,12,99163,123
PSE,2024,10,98003,329
PSE,2022,11,98263,1
NWN,2025,6,98639,0
PSE,2023,10,98380,1
PSE,2022,5,98531,17
PSE,2022,11,98240,6
PSE,2024,11,98506,58
Avista,2021,3,99018,5
PSE,2024,2,98092,368
PSE,2024,9,98148,2
PSE,2025,6,98383,47
PSE,2023,3,98372,22
PSE,2021,10,98383,8
CNG,2021,8,98948,7
NWN,2020,6,98662,9
PAC,2022,12,98944,718
PSE,2021,2,98047,19
Avista,2023,11,99122,20
Avista,2023,3,99176,1
NWN,2023,5,98605,0
PSE,2025,8,98065,17
PSE,2021,11,98177,3
PSE,2024,10,98056,138
CNG,2024,9,99337,47
PSE,2025,8,98403,9
PSE,2021,10,98144,1
Avista,2025,7,99040,185
PSE,2020,7,98387,25
Avista,2025,10,99134,85
NWN,2021,2,98119,0
Avista,2025,1,99167,100
PSE,2025,5,98037,44
PSE,2024,11,98926,6
Avista,2023,8,99025,9
CNG,2023,2,98230,19
PSE,2024,4,98296,5
CNG,2025,9,99323,11
PSE,2022,6,98087,12
PSE,2022,1,98516,69
PSE,2020,7,98102,1
Avista,2024,8,99326,3
PSE,2023,8,98387,23
PSE,2023,8,98266,24
Avista,2021,11,99026,10
Avista,2023,11,99174,1
Avista,2021,6,99203,38
Avista,2022,5,99176,1
PSE,2025,4,98312,176
PSE,2021,12,98338,155
NWN,2020,3,98686,1
PSE,2022,10,98367,11
PSE,2025,6,98204,40
NWN,2025,1,98620,0
CNG,2024,10,98273,261
Avista,2021,1,99344,120
Avista,2020,9,99027,13
NWN,2024,4,98684,9
Avista,2022,11,99171,9
PSE,2022,2,98258,15
NWN,2021,12,98604,3
Avista,2025,3,99208,6069
NWN,2023,6,98119,0
PSE,2025,4,98580,25
NWN,2025,8,98648,0
PSE,2024,1,98117,12
CNG,2022,8,99324,2
CNG,2025,9,98383,201
PAC,2024,8,98921,65
Avista,2024,4,99034,1
Avista,2020,9,99026,8
Avista,2024,11,99130,2
PAC,2022,8,98923,22
Avista,2022,5,99205,299
Avista,2020,9,99218,13
CNG,2024,7,98273,194
Avista,2023,8,99130,9
PSE,2024,3,98178,28
CNG,2023,7,98936,2
Avista,2021,7,99163,33
CNG,2024,2,98226,140
PSE,2022,11,98125,5
NWN,2022,5,98682,2521
PSE,2022,11,98597,61
NWN,2020,7,98635,0
CNG,2025,5,98801,53
PSE,2022,6,98403,3
PSE,2023,4,98249,7
CNG,2025,8,98584,236
Avista,2025,12,99167,101
CNG,2021,2,98277,24
PSE,2023,12,98177,2
NWN,2022,6,98639,45
PSE,2023,3,98290,1
PSE,2024,11,98946,2
PSE,2021,9,98532,2
CNG,2025,4,98550,198
PAC,2023,2,98944,766
PSE,2023,4,98311,13
PSE,2025,6,98502,197
Avista,2023,1,99019,38
Avista,2022,9,99009,5
Avista,2023,8,99129,3
CNG,2022,11,98584,4
PAC,2022,8,99363,3
Avista,2025,3,99008,55
PSE,2022,3,98446,7
CNG,2020,8,98310,2
NWN,2023,10,98208,0
NWN,2022,12,98026,0
PSE,2022,6,98266,25
PSE,2023,7,98941,2
CNG,2022,8,98901,11
PSE,2023,11,98075,18
Avista,2025,2,99031,43
PAC,2022,2,98936,87
CNG,2022,5,98366,2
PSE,2020,6,98926,1
NWN,2022,12,98675,17
PAC,2020,5,99324,21
PSE,2022,7,98102,3
PAC,2021,5,98953,6
PSE,2020,6,98006,49
PSE,2023,8,98014,4
PSE,2021,4,98275,2
PSE,2021,3,98579,16
NWN,2024,1,98682,28
NWN,2022,1,98684,14
PSE,2025,3,98105,3
CNG,2022,2,98550,6
PSE,2025,2,98032,233
Avista,2020,12,99148,7
Avista,2020,8,99138,5
Avista,2024,6,99134,2
PSE,2024,2,98040,12
Avista,2021,9,99126,3
PSE,2025,6,98388,8
PSE,2024,5,98248,101
CNG,2025,1,99337,109
Avista,2024,5,99013,17
PSE,2023,7,98011,26
Avista,2023,3,99174,1
PSE,2021,3,98926,8
PAC,2024,11,98951,355
NWN,2021,6,98208,0
Avista,2022,8,99101,7
CNG,2024,10,99354,40
PAC,2020,1,98903,23
NWN,2022,3,98208,0
Avista,2020,3,99013,17
PSE,2024,11,98166,17
PAC,2020,10,98939,5
CNG,2022,6,98225,20
CNG,2025,8,98908,565
Avista,2025,1,99157,115
CNG,2024,11,98257,21
PAC,2022,6,98938,33
PSE,2024,7,98312,211
Avista,2021,1,99102,3
Avista,2020,5,99018,2
Avista,2025,2,99138,303
CNG,2021,3,99352,14
PSE,2021,11,98290,1
PSE,2021,6,98311,20
Avista,2021,6,99148,10
PSE,2022,10,98383,7
PSE,2023,9,98230,14
PSE,2024,6,98335,15
Avista,2022,9,99039,2
PSE,2022,2,98272,5
PSE,2024,2,98467,2
NWN,2022,5,98307,0
PSE,2021,9,98058,212
CNG,2021,9,98274,5
Avista,2025,3,99103,47
Avista,2025,9,99143,75
NWN,2022,5,98620,0
NWN,2022,12,98607,0
PSE,2020,10,98467,1
PAC,2022,7,98936,81
PSE,2023,12,98946,1
PSE,2022,4,98272,4
PSE,2025,6,98321,48
PAC,2022,10,98932,159
CNG,2023,5,98295,2
Avista,2023,6,99148,9
PSE,2020,7,98390,12
CNG,2020,6,98837,2
PSE,2024,1,98244,17
Avista,2024,6,99224,76
Avista,2023,1,99167,2
CNG,2024,10,98802,7
PAC,2021,5,98903,31
Avista,2022,3,99021,34
NWN,2024,3,98683,6
CNG,2024,5,98247,72
PSE,2023,9,98408,1
PSE,2021,10,98006,27
PSE,2024,12,98148,21
PSE,2023,11,98332,2
PSE,2024,1,98070,64
CNG,2025,8,98632,75
PSE,2021,2,98168,14
PAC,2023,4,98948,474
PSE,2025,2,98248,110
NWN,2020,10,98617,0
Avista,2025,7,99013,279
NWN,2021,2,98026,0
Avista,2025,1,99031,42
PSE,2024,10,98443,6
PAC,2022,3,98907,2
Avista,2022,1,99037,9
PAC,2025,6,98944,250
PSE,2024,11,98257,5
PSE,2023,3,98946,1
Avista,2022,7,99203,52
PSE,2024,4,98277,132
Avista,2023,7,99104,1
PAC,2024,6,99323,14
CNG,2024,3,98240,3
PAC,2025,2,98944,832
CNG,2021,10,98284,8
CNG,2023,12,98584,1
PSE,2020,4,98107,3
PAC,2024,9,98948,466
PSE,2022,6,98934,3
PAC,2022,2,98939,13
PAC,2024,12,99360,2
Avista,2022,1,99114,103
NWN,2024,12,98125,0
CNG,2024,10,98257,19
PSE,2022,3,98036,14
PSE,2023,7,98244,2
PSE,2023,4,98116,2
Avista,2024,2,99009,11
PSE,2021,11,98051,2
PSE,2020,9,98125,2
NWN,2024,7,98685,2
PSE,2020,12,98021,3
NWN,2022,8,98662,3
PSE,2022,2,98466,7
PSE,2025,6,98109,3
PSE,2023,11,98596,2
PSE,2023,8,98371,58
CNG,2024,3,98903,62
PSE,2021,4,98053,18
CNG,2025,8,98311,422
PAC,2020,3,99324,21
NWN,2024,9,98668,0
CNG,2021,3,98337,26
CNG,2024,6,98230,122
Avista,2021,5,99181,8
Avista,2023,7,99203,40
PSE,2025,2,98292,2
NWN,2025,2,98648,0
PSE,2021,9,98372,93
CNG,2020,3,98370,1
PSE,2021,8,98126,8
Avista,2022,2,99206,124
NWN,2022,9,98674,0
PAC,2024,9,99347,44
CNG,2023,5,99344,8
CNG,2023,4,98295,1
Avista,2020,3,99131,2
PSE,2025,4,98385,2
Avista,2021,8,99008,6
Avista,2023,6,99207,122
PSE,2021,8,98237,18
CNG,2025,1,98953,49
PSE,2022,11,98272,4
PSE,2024,2,98068,1
CNG,2021,4,98248,91
PSE,2023,2,98576,10
NWN,2024,6,98671,3
PSE,2025,4,98422,7
Avista,2022,12,99020,1
PSE,2025,9,98404,11
PSE,2025,5,98027,102
PSE,2020,5,98531,10
PSE,2023,7,98407,1
PSE,2024,11,98248,103
PSE,2021,11,98266,34
PAC,2023,10,99360,7
PSE,2025,4,98589,49
PSE,2020,8,98014,3
CNG,2023,2,98903,38
CNG,2024,12,98220,11
NWN,2020,7,98601,0
PAC,2020,5,99360,1
CNG,2025,4,99352,246
PSE,2023,10,98008,95
Avista,2024,8,99204,202
Avista,2024,11,99102,1
PAC,2025,2,98921,57
PAC,2022,6,98939,10
PAC,2021,6,98909,0
PSE,2023,2,98501,49
PSE,2021,12,98233,292
CNG,2025,5,98232,6
PSE,2025,9,98346,14
Avista,2021,6,99122,13
PSE,2021,2,98226,163
PSE,2022,4,98177,4
Avista,2023,5,99371,2
PSE,2021,7,98230,12
Avista,2022,8,99008,1
Avista,2023,6,99021,13
PSE,2024,4,98445,11
Avista,2021,3,99141,40
PSE,2025,2,98387,68
PSE,2022,2,98201,21
PSE,2021,6,98506,59
CNG,2020,8,98277,14
Avista,2024,7,99223,253
CNG,2024,6,98611,1
NWN,2024,10,98660,0
NWN,2025,6,98660,4
PSE,2021,1,98321,19
PSE,2020,6,98014,9
PSE,2024,6,98262,7
CNG,2020,12,98244,0
PSE,2022,10,98926,3
Avista,2023,12,99109,44
CNG,2022,10,98951,1
PSE,2025,3,98275,24
PSE,2024,2,98327,5
PAC,2024,4,98933,24
PSE,2023,7,98328,1
PAC,2021,2,98902,149
PSE,2021,11,98271,3
PSE,2020,7,98144,2
NWN,2021,6,98612,0
Avista,2024,7,99004,11
PSE,2025,6,98273,263
PSE,2023,10,98277,44
NWN,2025,5,98664,4
PAC,2023,6,99362,854
PSE,2022,4,98012,17
NWN,2022,9,98683,3
PSE,2024,11,98576,21
PAC,2020,7,98937,9
Avista,2025,9,99040,187
PSE,2021,12,98033,196
PSE,2023,12,98516,46
PAC,2021,5,98938,1
PSE,2020,7,98383,12
PSE,2024,8,98047,20
Avista,2024,8,99169,45
PSE,2023,4,98439,2
NWN,2021,4,98635,0
NWN,2024,6,98607,11
CNG,2021,4,99350,6
PSE,2025,8,98445,45
PSE,2022,3,98409,11
PSE,2021,7,98047,25
PSE,2023,6,98402,3
PSE,2024,7,98126,18
Avista,2024,2,99102,17
PSE,2024,4,98010,21
PSE,2023,3,98390,13
CNG,2023,11,98908,21
CNG,2022,12,98901,7
NWN,2020,8,98685,1
PSE,2021,11,98338,17
PAC,2022,12,99348,15
Avista,2021,2,99344,97
PSE,2022,5,98247,13
Avista,2021,12,99158,13
PSE,2023,1,98531,15
CNG,2024,12,98233,188
Avista,2021,12,99160,2
NWN,2022,5,98668,0
Avista,2023,5,99181,5
NWN,2023,7,98663,4
Avista,2021,6,99151,3
PSE,2022,10,98199,1
PSE,2024,1,98032,196
PSE,2020,7,98408,1
PSE,2021,7,98530,1
PSE,2025,1,98273,198
NWN,2020,4,98668,0
Avista,2021,8,99216,66
PSE,2025,3,98390,32
CNG,2021,11,98229,11
PSE,2023,7,98446,1
CNG,2020,10,98229,25
PAC,2024,6,99361,21
Avista,2022,11,99179,1
CNG,2024,5,98229,155
PSE,2022,8,98122,8
Avista,2024,8,99030,9
PSE,2023,11,98198,170
PSE,2022,9,98340,3
Avista,2023,5,99030,2
PSE,2021,5,98516,52
Avista,2022,1,99022,12
PSE,2025,4,98270,127
Avista,2024,10,99205,326
PSE,2023,1,98418,11
Avista,2022,9,99217,96
PSE,2025,6,98032,382
PSE,2024,3,98023,228
Avista,2023,6,99009,3
PSE,2025,8,98465,7
PSE,2023,10,98027,119
NWN,2021,3,98648,0
Avista,2022,8,99001,34
PAC,2023,7,98939,14
PSE,2025,2,98058,135
Avista,2023,5,99033,7
PSE,2023,6,98374,219
NWN,2022,9,98127,0
Avista,2022,12,99025,12
Avista,2021,2,99125,4
NWN,2025,5,98208,0
PSE,2020,12,98087,9
PSE,2022,8,98199,1
PAC,2024,4,98939,15
CNG,2023,3,98230,5
Avista,2020,4,99131,3
PSE,2021,2,98248,52
CNG,2025,3,98284,417
PAC,2023,3,98921,54
NWN,2023,8,98666,0
Avista,2024,3,99019,37
PSE,2020,11,98253,2
PAC,2023,9,98923,28
PSE,2024,12,98204,7
PSE,2025,6,98946,6
CNG,2024,1,99350,5
PSE,2022,4,98008,20
PSE,2024,7,98467,8
PSE,2021,5,98208,20
PSE,2021,10,98057,8
PSE,2020,9,98579,7
PSE,2022,4,98388,3
Avista,2021,6,99114,60
PSE,2023,4,98925,2
CNG,2023,1,98229,10
Avista,2025,8,99013,279
PAC,2024,4,98921,65
PSE,2021,2,98119,1
Avista,2025,7,99201,2336
Avista,2023,9,99371,2
Avista,2023,8,99009,3
Avista,2021,12,99164,0
NWN,2025,7,97031,0
PSE,2021,10,98375,17
Avista,2021,10,98648,0
CNG,2020,6,98273,15
Avista,2023,2,99018,3
PSE,2020,4,98337,37
PSE,2021,12,98284,581
CNG,2021,9,98229,4
Avista,2025,12,99130,106
PSE,2020,9,98188,40
Avista,2022,9,99371,2
NWN,2021,3,98663,2
Avista,2020,7,99402,4
PSE,2021,4,98249,17
Avista,2024,11,99027,30
PSE,2024,1,98405,10
PAC,2024,4,99324,151
NWN,2023,12,98661,28
NWN,2023,11,98684,2
Avista,2022,12,99159,14
PSE,2025,9,98327,1
PSE,2022,12,98340,20
Avista,2024,7,99403,189
Avista,2023,6,99125,2
PSE,2025,5,98236,12
NWN,2022,9,98026,0
CNG,2021,10,98557,1
PSE,2025,5,98257,13
PSE,2021,9,98003,526
PSE,2025,8,98043,11
PSE,2024,2,98006,59
Avista,2020,11,99371,3
PSE,2021,4,98092,229
Avista,2025,3,99141,813
Avista,2024,8,99176,1
Avista,2022,4,99026,10
Avista,2020,3,99034,1
Avista,2024,12,99202,170
CNG,2023,7,98257,1
NWN,2020,4,98605,0
PSE,2022,7,98332,1
Avista,2020,7,99201,69
Avista,2023,6,99026,6
PAC,2022,6,98951,266
CNG,2021,4,98226,131
NWN,2022,8,98208,0
PSE,2021,6,98178,11
CNG,2022,2,98312,3
PSE,2025,9,98065,4
CNG,2020,4,99323,0
Avista,2024,8,99102,6
PSE,2021,3,98012,10
NWN,2021,11,98668,0
Avista,2022,7,99102,5
Avista,2025,1,99128,13
NWN,2021,10,98762,0
PSE,2024,4,98221,52
PSE,2024,12,98230,71
PSE,2021,5,98101,1
CNG,2020,3,98225,17
Avista,2021,12,99141,49
Avista,2025,4,99117,39
PSE,2025,6,98409,29
PSE,2021,5,98346,18
PSE,2020,8,98239,16
CNG,2020,3,98274,13
PSE,2020,10,98373,23
Avista,2020,12,99109,13
NWN,2022,7,98605,0
PSE,2025,2,98109,3
PAC,2025,1,98952,9
PSE,2022,4,98374,46
PSE,2024,11,98591,1
Avista,2020,7,99218,34
PSE,2022,5,98027,20
PSE,2022,2,98012,19
PSE,2021,2,98283,4
PSE,2020,3,98110,10
NWN,2022,4,98620,0
PSE,2022,6,98940,1
PSE,2024,4,98284,140
Avista,2025,3,99014,18
Avista,2024,5,99149,1
PSE,2023,4,98037,9
NWN,2022,7,98626,0
Avista,2021,11,99185,14
CNG,2020,12,98541,0
PSE,2021,7,98043,4
Avista,2025,9,99014,17
PSE,2021,7,98922,5
PSE,2023,5,98360,17
Avista,2025,7,99218,1486
Avista,2025,7,99111,374
Avista,2020,5,99025,8
NWN,2025,9,98604,1
PAC,2025,8,98948,73
CNG,2020,9,99337,0
Avista,2024,5,99040,14
PSE,2022,9,98418,5
PSE,2025,7,98022,177
CNG,2024,10,98366,177
Avista,2021,4,99137,2
PAC,2020,3,98903,21
PAC,2024,12,98901,997
PSE,2025,6,98221,90
PSE,2023,6,98591,1
PSE,2025,3,98136,9
NWN,2022,1,98664,20
PSE,2024,2,98292,1
PSE,2020,12,98148,14
PSE,2021,3,98248,78
Avista,2024,4,99224,102
PSE,2021,7,98023,170
PSE,2024,5,98388,1
PSE,2025,3,98119,1
PAC,2021,4,98901,349
PSE,2023,7,98340,1
PSE,2023,6,98056,254
Avista,2021,1,99171,4
NWN,2021,4,98661,10
Avista,2022,1,99208,188
Avista,2023,2,99129,9
PSE,2022,5,98237,9
Avista,2024,9,99006,39
NWN,2021,3,98685,4
Avista,2022,4,99104,1
PSE,2024,12,98125,6
PSE,2022,9,98107,1
PSE,2023,5,98072,17
CNG,2021,1,98264,10
PSE,2020,11,98392,18
PSE,2020,4,98271,5
Avista,2025,6,99101,207
PSE,2020,9,98513,27
PSE,2025,7,98252,7
PSE,2024,12,98037,8
CNG,2024,1,98932,15
Avista,2020,8,99151,1
PSE,2021,11,98024,1
PSE,2022,9,98373,31
Avista,2021,7,99208,152
Avista,2022,8,99174,1
Avista,2025,7,99025,264
NWN,2025,9,98127,0
Avista,2024,3,99033,20
PSE,2022,9,98030,73
CNG,2024,8,98257,17
PSE,2025,8,98117,104
NWN,2023,5,98119,0
CNG,2025,2,98277,276
PSE,2023,10,98273,93
Avista,2022,5,99026,7
NWN,2021,12,98629,1
PSE,2025,2,98112,3
PSE,2022,3,98019,5
Avista,2021,5,99206,87
PSE,2021,3,98249,9
Avista,2025,9,99403,2354
PSE,2025,3,98371,47
Avista,2023,10,99111,115
PSE,2021,7,98373,24
Avista,2025,4,99202,2900
PSE,2023,10,98327,4
PSE,2024,4,98403,4
PSE,2024,9,98270,7
PSE,2025,2,98237,33
CNG,2023,12,98550,5
PSE,2022,4,98051,3
PAC,2021,1,98932,17
Avista,2020,3,99009,15
PSE,2020,5,98258,24
PSE,2020,4,98201,28
PSE,2022,10,98392,34
NWN,2023,6,98026,0
PSE,2020,10,98115,4
NWN,2021,4,98307,0
PAC,2023,1,98908,593
PSE,2022,1,98264,54
PSE,2025,4,98345,1
PSE,2022,12,98007,620
PSE,2025,3,98146,18
PSE,2024,8,98290,7
PSE,2021,10,98346,13
PSE,2023,7,98056,19
Avista,2024,3,99138,24
NWN,2021,9,98629,0
PSE,2021,1,98946,1
PSE,2021,11,98070,9
NWN,2020,4,98864,0
Avista,2022,1,99218,46
PSE,2023,3,98502,54
PSE,2024,12,98253,10
CNG,2025,9,98295,56
CNG,2020,9,98232,0
Avista,2024,12,99001,29
Avista,2023,5,99031,2
PSE,2022,4,98406,3
Avista,2020,5,99113,1
NWN,2020,10,98671,0
PSE,2021,1,98028,25
Avista,2020,3,99001,46
PSE,2024,10,98354,4
PSE,2025,2,98178,24
CNG,2023,4,98284,12
CNG,2024,9,98383,43
CNG,2024,1,98584,47
Avista,2020,8,99025,8
PSE,2025,8,98402,1
PSE,2024,3,98926,14
PSE,2023,10,98925,2
Avista,2025,6,99114,1577
NWN,2022,8,98610,0
PSE,2024,6,98055,74
NWN,2025,4,98686,5
PSE,2023,4,98102,1
CNG,2023,3,99353,1
Avista,2022,4,99016,102
Avista,2020,12,99032,5
PSE,2022,1,98327,3
PSE,2023,5,98019,14
CNG,2020,5,98802,0
PSE,2021,9,98387,96
NWN,2022,2,98612,0
Avista,2025,4,99203,1487
NWN,2025,1,98683,7
PSE,2022,11,98225,85
Avista,2021,11,99143,8
Avista,2023,5,99141,19
Avista,2024,9,99179,3
NWN,2022,11,98682,0
PSE,2024,7,98057,52
PSE,2022,6,98053,9
PSE,2020,6,98040,7
PSE,2023,7,98045,9
PSE,2020,5,98233,29
CNG,2022,2,98902,32
CNG,2020,11,97701,1
PSE,2020,7,98108,7
Avista,2024,8,99128,1
Avista,2025,4,99022,583
PSE,2023,3,98275,2
PSE,2020,9,98040,6
Avista,2021,1,99160,1
CNG,2025,4,98226,552
CNG,2025,7,98264,568
PSE,2020,5,98053,20
PSE,2021,1,98403,1
CNG,2024,7,98370,25
CNG,2021,1,98674,2
PSE,2023,3,98926,13
Avista,2021,2,99019,33
PSE,2022,4,98321,25
PSE,2025,3,98236,31
PAC,2022,2,98937,49
NWN,2021,6,98642,1
CNG,2020,7,98848,0
CNG,2020,12,98257,2
PSE,2022,11,98203,3
PSE,2020,12,98014,8
PAC,2022,1,98944,734
Avista,2024,12,99033,7
CNG,2021,1,98277,5
NWN,2024,2,98620,0
PSE,2020,7,98295,1
PSE,2021,5,98036,15
PSE,2022,5,98110,12
CNG,2021,3,98282,2
CNG,2025,2,98848,2
PSE,2023,9,98221,14
CNG,2024,9,99324,58
PSE,2021,10,98168,5
PSE,2020,4,98272,9
PSE,2025,9,98266,2
PSE,2022,1,98253,1
CNG,2024,2,98801,13
CNG,2025,6,98951,67
CNG,2022,5,98802,1
PSE,2020,12,98057,44
PSE,2025,9,98390,7
NWN,2025,7,98683,4
PSE,2023,4,98338,6
PSE,2021,4,98941,6
NWN,2023,6,98675,0
PSE,2022,2,98405,16
Avista,2025,2,99005,325
NWN,2025,5,98626,0
PSE,2022,6,98465,1
PSE,2025,1,98359,14
PSE,2024,6,98039,1
PSE,2025,2,98001,126
PSE,2025,8,98943,4
PSE,2020,12,98092,117
CNG,2022,12,98903,2
PSE,2022,3,98403,1
Avista,2024,2,99403,180
PSE,2025,8,98075,14
PSE,2021,9,98144,28
PSE,2021,2,98274,21
NWN,2021,12,98617,0
NWN,2025,7,98208,0
PSE,2025,5,98031,175
PSE,2021,9,98338,58
PSE,2025,9,98006,8
NWN,2021,5,97388,0
NWN,2022,9,98208,0
Avista,2021,12,99143,11
Avista,2023,9,99128,2
PSE,2025,9,98940,2
PSE,2024,2,98390,14
PAC,2022,2,99363,5
CNG,2023,1,98953,1
PSE,2023,11,98005,48
PSE,2023,8,98239,8
CNG,2024,4,98247,67
PAC,2020,3,98944,28
Avista,2023,2,99212,135
PSE,2021,2,98589,27
PSE,2022,9,98208,1
CNG,2024,1,98930,36
NWN,2021,2,98617,0
CNG,2024,7,98230,131
PSE,2024,1,98252,3
CNG,2025,4,98264,548
PSE,2022,11,98367,8
PSE,2025,2,98408,10
PSE,2024,3,98391,51
PSE,2022,12,98252,40
PSE,2025,8,98034,107
Avista,2022,1,99159,13
PAC,2023,9,98938,46
PSE,2023,7,98058,30
Avista,2021,3,99224,96
Avista,2020,5,99111,5
Avista,2025,12,99163,2574
PSE,2020,5,98275,6
NWN,2022,2,98617,0
CNG,2021,5,98674,2
PSE,2021,12,98224,8
PAC,2023,10,98903,538
NWN,2024,7,98119,0
PSE,2022,5,98925,1
NWN,2023,9,98628,0
PSE,2023,11,98342,9
Avista,2025,2,99148,309
CNG,2023,7,98902,16
PSE,2025,4,98465,2
PSE,2022,5,98033,14
CNG,2021,5,99336,31
PSE,2024,12,98118,19
Avista,2022,4,99201,186
PAC,2024,6,98944,852
PSE,2021,6,98391,37
CNG,2025,1,98557,17
PSE,2023,4,98327,2
Avista,2021,6,99402,2
Avista,2021,8,99006,19
Avista,2021,1,99126,8
NWN,2022,7,98686,0
PSE,2020,11,98021,1
PSE,2021,4,98258,14
CNG,2024,9,98226,218
PSE,2021,1,98248,62
CNG,2023,11,98248,1
PSE,2020,6,98466,6
CNG,2025,7,98284,423
PSE,2023,8,98121,1
PSE,2021,12,98390,327
PSE,2025,1,98122,9
PSE,2023,5,98312,41
Avista,2020,3,99217,159
PAC,2023,11,99362,737
PSE,2021,4,98221,47
CNG,2020,7,99323,0
PSE,2024,4,98466,9
CNG,2022,6,98311,1
PSE,2025,6,98359,16
PSE,2023,8,98260,8
CNG,2021,3,98632,8
PSE,2021,9,98201,51
PSE,2024,2,98008,62
NWN,2022,8,97301,0
CNG,2021,5,99344,79
PSE,2021,1,98597,95
PSE,2022,9,98055,17
PSE,2021,12,98011,380
PSE,2023,11,98027,106
PSE,2023,12,98373,19
NWN,2023,2,98666,0
PSE,2021,6,98273,59
CNG,2025,5,99338,78
NWN,2022,12,98610,0
Avista,2020,5,99203,35
Avista,2020,4,99033,6
PSE,2022,10,98372,20
PAC,2020,3,99360,1
CNG,2024,2,98528,1
Avista,2023,7,99027,22
CNG,2020,6,98953,0
CNG,2021,2,99301,20
CNG,2021,1,98244,1
CNG,2025,9,98367,180
NWN,2024,5,97301,0
CNG,2024,2,98257,9
PAC,2022,4,99347,35
CNG,2024,8,98903,89
Avista,2024,9,99018,1
NWN,2022,2,98026,0
Avista,2024,8,99344,447
PSE,2023,10,98178,13
Avista,2022,9,99203,50
PSE,2025,2,98047,29
PSE,2023,1,98116,5
PAC,2022,5,99348,10
PSE,2022,5,98106,6
PSE,2022,4,98155,5
PSE,2020,11,98029,23
PSE,2022,5,98037,6
Avista,2022,10,99208,178
PSE,2021,4,98198,183
NWN,2021,8,98605,0
CNG,2023,4,98312,5
PSE,2022,4,98467,1
PSE,2021,10,98052,82
PSE,2024,1,98371,23
Avista,2022,11,99109,27
PSE,2022,9,98516,39
CNG,2024,8,99353,4
PSE,2024,10,98166,29
PSE,2020,3,98290,1
PAC,2020,3,98951,21
PSE,2022,9,98031,60
CNG,2025,7,98528,10
PSE,2020,4,98121,1
NWN,2024,3,98612,0
PSE,2023,3,98021,6
CNG,2023,4,99336,3
CNG,2023,4,98271,3
PSE,2025,5,98516,98
PSE,2021,10,98244,8
PSE,2020,11,98262,4
PSE,2022,5,98444,11
CNG,2023,4,98274,8
Avista,2022,2,99176,1
PSE,2025,8,98346,40
PSE,2021,6,98034,74
NWN,2025,8,98620,0
PAC,2022,4,99363,3
PAC,2021,3,99323,1
Avista,2025,4,99012,96
Avista,2025,7,99026,197
PSE,2025,9,98047,13
NWN,2025,4,98607,7
PSE,2021,7,98444,7
PSE,2021,10,98342,1
PAC,2024,9,99348,7
Avista,2023,9,99005,11
PSE,2025,6,98125,8
CNG,2021,3,98264,72
Avista,2023,7,99134,2
PSE,2021,1,98266,43
CNG,2020,4,98674,0
PSE,2025,7,98239,23
PSE,2021,10,98014,5
PSE,2024,6,98027,27
PSE,2023,11,98255,1
CNG,2020,7,98229,15
PSE,2025,3,98380,8
Avista,2025,10,99110,67
NWN,2021,7,98762,0
CNG,2025,8,98284,428
Avista,2025,7,99021,640
PSE,2021,9,98247,30
Avista,2020,10,99030,5
CNG,2024,10,98226,245
PSE,2023,10,98001,71
PSE,2023,11,98941,4
PSE,2022,11,98335,2
PAC,2021,4,99361,8
NWN,2021,6,98671,0
Avista,2021,3,99020,1
CNG,2020,7,98257,1
Avista,2024,12,99019,33
PSE,2023,7,98248,41
PSE,2024,7,98267,1
Avista,2023,9,99009,3
PSE,2020,9,98444,7
CNG,2022,3,98311,2
PSE,2022,12,98328,11
PSE,2022,2,98058,176
Avista,2023,7,99032,4
Avista,2021,7,99109,23
PSE,2021,7,98012,5
NWN,2022,2,98628,0
Avista,2021,4,99103,2
PSE,2023,2,98102,1
PSE,2021,8,98122,3
PAC,2021,6,98921,2
NWN,2024,6,98662,12
PSE,2025,3,98208,100
NWN,2023,3,98674,0
Avista,2024,12,99204,75
PSE,2021,2,98252,1
PSE,2024,9,98178,24
PSE,2024,4,98258,35
NWN,2024,5,98675,0
Avista,2025,12,99218,1584
PSE,2023,5,98002,230
Avista,2025,5,99148,334
NWN,2025,4,98662,15
PSE,2025,2,98323,6
PSE,2022,3,98126,15
PSE,2024,1,98045,19
CNG,2024,3,98908,132
PAC,2022,8,98937,46
PAC,2022,7,99324,124
PSE,2023,4,98345,1
PSE,2023,1,98235,1
CNG,2021,9,99324,2
NWN,2021,6,98604,5
PSE,2022,7,98045,11
PSE,2025,4,98239,23
Avista,2021,10,99371,4
PSE,2020,10,98029,35
NWN,2025,7,98648,0
CNG,2024,8,99337,45
Avista,2025,6,99179,48
NWN,2024,7,97301,0
NWN,2024,8,98604,2
CNG,2020,8,98951,0
Avista,2020,9,99032,9
PSE,2020,3,98589,7
Avista,2021,12,99260,0
PSE,2021,2,98465,3
PSE,2025,9,98446,1
PSE,2021,2,98034,65
PAC,2023,12,99323,14
PSE,2025,5,98118,11
PSE,2021,7,98177,2
Avista,2023,4,99033,7
PSE,2024,12,98465,2
PSE,2023,5,98405,6
PSE,2021,11,98446,1
CNG,2023,3,98310,4
PSE,2025,7,98056,348
PSE,2023,6,98406,32
PSE,2023,4,98383,8
PSE,2024,8,98236,11
CNG,2021,6,98901,11
PSE,2021,4,98274,41
PSE,2020,6,98239,13
PSE,2023,12,98312,42
NWN,2021,12,98642,2
PSE,2022,8,98011,25
NWN,2021,10,98307,0
PSE,2022,5,98075,2
PAC,2023,12,98951,348
CNG,2023,11,98903,12
CNG,2020,6,98626,2
PSE,2025,6,98284,199
PSE,2025,5,98275,19
CNG,2024,5,99337,16
PSE,2021,6,98125,5
PAC,2020,2,98953,12
NWN,2025,8,98119,0
PSE,2024,3,98392,38
PSE,2021,11,98383,4
PSE,2022,2,98037,16
PSE,2023,10,98208,13
CNG,2025,2,98230,371
PSE,2023,10,98370,31
NWN,2024,8,98665,0
CNG,2022,2,98220,2
PSE,2022,7,98198,55
PSE,2023,4,98371,23
PSE,2021,5,98010,14
NWN,2021,5,98026,0
CNG,2023,2,98233,47
Avista,2022,4,99224,138
PSE,2022,8,98329,1
NWN,2020,7,98620,0
PSE,2024,3,98596,1
PSE,2021,9,98020,3
PAC,2021,4,98932,38
PSE,2025,6,98387,85
CNG,2020,12,98229,11
Avista,2022,1,99129,20
CNG,2023,4,99324,4
NWN,2021,5,98672,0
PSE,2021,10,98043,1
PAC,2022,9,98930,334
CNG,2024,6,98902,550
CNG,2021,3,98951,18
PSE,2020,6,98346,62
Avista,2022,12,99206,97
Avista,2021,12,99020,2
PSE,2022,7,98512,41
PSE,2020,6,98002,262
PSE,2022,8,98235,1
PSE,2021,11,98102,2
PSE,2023,10,98321,13
Avista,2024,12,99109,12
PSE,2022,10,98032,178
PSE,2023,8,98274,22
PAC,2023,2,99361,20
PAC,2022,5,98903,430
Avista,2024,11,99013,6
NWN,2022,9,98629,0
CNG,2024,9,98930,59
PAC,2024,6,99350,1
PAC,2021,2,98936,1
CNG,2025,6,98550,182
PSE,2020,10,98498,29
Avista,2024,4,99032,6
Avista,2023,1,99030,2
PSE,2020,12,98579,20
PSE,2022,9,98266,5
CNG,2020,11,98584,6
PSE,2023,12,98374,26
PAC,2022,10,98953,83
PSE,2021,2,98371,34
PSE,2020,4,98119,2
CNG,2024,6,99350,11
PAC,2020,12,98953,9
Avista,2025,9,99224,1819
CNG,2021,10,98944,33
Avista,2020,11,99173,13
PAC,2021,4,99360,3
CNG,2023,11,98930,5
PSE,2025,3,98027,60
PSE,2023,5,98252,2
Avista,2023,1,99212,176
Avista,2025,2,99029,110
CNG,2020,9,98626,0
NWN,2020,12,98683,8
PSE,2020,8,98392,20
PSE,2025,9,98926,5
Avista,2023,5,99101,1
PSE,2024,3,98332,4
Avista,2022,6,99008,3
Avista,2024,5,99204,104
PSE,2025,5,98028,78
PSE,2020,6,98223,1
Avista,2024,9,99167,13
PSE,2021,6,98502,123
PSE,2023,8,98295,1
CNG,2023,7,98310,12
PSE,2023,9,98201,4
PSE,2020,10,98074,11
CNG,2021,6,98930,7
Avista,2024,8,99223,515
CNG,2024,12,98370,78
CNG,2025,8,99338,82
CNG,2020,9,98257,1
PSE,2023,4,98367,17
CNG,2022,11,98802,1
PSE,2025,9,98321,5
NWN,2024,6,98125,0
Avista,2021,3,99403,76
PSE,2024,9,98273,2
PSE,2023,1,98166,5
Avista,2024,3,99141,45
PAC,2021,4,98948,178
PSE,2024,5,98532,5
PSE,2024,7,98103,5
CNG,2022,3,98366,1
PSE,2021,10,98166,2
PSE,2024,2,98444,10
PSE,2021,1,98177,3
CNG,2022,8,98223,5
CNG,2025,5,98903,179
PSE,2024,2,98028,33
NWN,2021,12,98610,0
PSE,2020,4,98226,115
NWN,2022,4,98635,1
Avista,2024,9,99203,85
NWN,2022,9,98307,0
PSE,2024,5,98531,40
PAC,2022,12,99323,14
Avista,2023,11,99021,53
PAC,2023,1,98942,232
Avista,2021,6,99037,7
PAC,2020,4,98908,22
PSE,2023,9,98055,26
PSE,2020,8,98116,3
PAC,2025,7,98935,24
Avista,2023,11,99016,90
CNG,2025,3,98837,60
Avista,2024,3,99160,5
Avista,2021,11,99039,4
PSE,2021,8,98274,16
NWN,2021,11,98119,0
PSE,2020,11,98226,160
CNG,2023,9,98295,4
CNG,2025,7,98563,51
NWN,2021,4,98628,0
PSE,2020,5,98010,18
Avista,2023,9,99202,45
PSE,2020,11,98119,1
PSE,2021,2,98273,86
PSE,2021,7,98101,1
Avista,2024,10,99032,5
Avista,2020,8,99206,96
Avista,2022,9,99130,9
PSE,2020,5,98047,33
Avista,2024,5,99012,5
PAC,2025,8,99363,5
PSE,2021,4,98374,98
NWN,2021,11,98635,0
PSE,2020,8,98499,4
PSE,2022,10,98042,65
PSE,2023,2,98499,8
Avista,2022,3,98620,2
PSE,2023,9,98390,4
PSE,2024,6,98240,6
Avista,2021,3,99218,60
NWN,2024,6,98629,0
CNG,2021,1,98902,43
CNG,2023,7,98295,2
NWN,2022,5,98119,0
NWN,2023,2,98663,12
PSE,2020,12,98058,82
CNG,2025,9,98310,514
PSE,2023,11,98040,14
PSE,2021,8,98004,8
PSE,2025,2,98359,12
NWN,2022,7,98660,7
PSE,2021,3,98370,31
CNG,2020,12,98550,4
PSE,2023,7,98311,27
CNG,2020,3,98221,8
Avista,2024,11,99006,33
CNG,2020,3,99323,0
NWN,2024,8,98628,0
Avista,2024,12,99008,5
PSE,2021,10,98178,2
PSE,2024,8,98251,7
PSE,2024,6,98580,21
PSE,2020,4,98236,12
PSE,2022,4,98038,32
CNG,2025,2,98932,48
PSE,2023,5,98031,162
PSE,2024,3,98445,15
CNG,2023,7,98337,4
Avista,2021,1,99117,5
PSE,2022,3,98059,57
PSE,2020,9,98118,23
PSE,2025,2,98274,66
PSE,2022,1,98281,9
NWN,2023,8,98629,1
PAC,2022,12,98921,39
PSE,2020,11,98396,1
PSE,2022,1,98498,49
PSE,2023,6,98275,15
PSE,2022,10,98198,108
CNG,2025,6,98848,2
PSE,2025,2,98239,29
Avista,2020,12,99005,59
PSE,2022,9,98295,2
PSE,2020,9,98370,32
Avista,2025,11,99019,506
CNG,2025,4,99323,12
Avista,2021,5,99021,16
Avista,2025,4,99131,23
PSE,2020,9,98335,8
PSE,2024,10,98276,8
NWN,2024,9,98610,0
PSE,2025,4,98405,17
PSE,2023,12,98178,16
PSE,2023,7,98055,20
Avista,2025,3,99149,35
Avista,2023,5,99040,6
CNG,2022,7,98902,2
CNG,2024,6,98225,274
PAC,2022,12,99324,124
CNG,2020,7,98223,1
Avista,2020,8,99223,126
PSE,2025,1,98204,34
NWN,2024,11,98666,0
PSE,2021,10,98032,42
CNG,2024,8,98244,1
PSE,2022,11,98467,1
PSE,2020,12,98370,28
Avista,2024,9,99131,1
PSE,2023,7,98057,17
Avista,2025,2,99170,37
PSE,2023,7,98001,29
NWN,2023,1,98674,0
PSE,2024,4,98271,3
PSE,2024,11,98204,12
CNG,2021,6,99344,8
CNG,2024,7,98524,1
Avista,2023,10,99128,9
Avista,2020,11,99033,3
PSE,2021,10,98029,27
CNG,2022,11,98230,3
NWN,2023,2,98026,0
PSE,2024,9,98019,2
PSE,2023,4,98251,1
PSE,2021,10,98109,1
PSE,2023,3,98264,28
PSE,2024,6,98465,1
PSE,2025,8,98405,39
PSE,2021,10,98051,1
Avista,2024,11,99114,84
CNG,2020,3,98244,0
NWN,2024,10,98762,0
Avista,2020,4,99208,272
PSE,2024,8,98126,46
PSE,2021,12,98946,10
PSE,2023,10,98204,11
CNG,2022,7,98367,1
Avista,2022,3,99103,5
Avista,2020,9,99013,14
PSE,2020,10,98374,62
PAC,2020,5,98937,7
Avista,2021,4,99130,5
PSE,2024,8,98934,12
PAC,2020,6,99329,2
Avista,2023,1,99103,3
PAC,2023,3,99362,846
Avista,2025,10,99161,137
PSE,2023,8,98232,4
CNG,2025,5,98930,201
Avista,2021,9,99185,5
CNG,2024,12,98247,110
PSE,2022,2,98107,2
PSE,2023,5,98466,3
PSE,2022,2,98408,15
Avista,2023,11,99131,2
PAC,2022,8,98952,4
NWN,2021,4,98762,0
Avista,2022,12,99173,15
PAC,2025,6,98933,14
Avista,2020,8,99018,2
Avista,2022,12,99137,1
PSE,2020,5,98119,3
PSE,2021,11,98229,93
Avista,2025,8,99326,18
Avista,2022,8,99029,9
PSE,2020,8,98321,14
PSE,2025,7,98087,34
PSE,2025,7,98946,2
CNG,2020,5,98370,2
PSE,2021,8,98392,15
NWN,2020,11,98666,0
CNG,2023,7,98233,18
PSE,2025,9,98059,29
PSE,2022,11,98359,2
PAC,2023,6,98947,126
PSE,2022,4,98050,1
NWN,2023,10,98648,0
Avista,2024,1,99158,7
NWN,2020,11,98026,0
PAC,2022,9,98902,1480
NWN,2024,12,98672,5
NWN,2024,10,98601,0
CNG,2024,3,98277,97
PSE,2024,3,98011,37
PSE,2024,10,98026,8
NWN,2022,12,98605,0
NWN,2025,8,98125,0
Avista,2025,6,99113,33
Avista,2023,2,99114,150
PSE,2024,4,98255,1
PSE,2021,4,98019,25
PSE,2025,4,98126,19
PSE,2020,6,98253,2
PSE,2025,3,98177,15
PSE,2024,3,98223,1
PSE,2023,12,98239,25
Avista,2020,5,99402,2
CNG,2022,11,99344,6
Avista,2024,8,99117,4
PSE,2020,9,98445,9
PSE,2025,3,98941,4
PSE,2025,8,98591,1
PAC,2025,7,98953,120
Avista,2022,12,99008,2
PSE,2022,4,98596,1
CNG,2025,1,98932,40
CNG,2024,12,98311,308
NWN,2022,11,98671,0
NWN,2025,6,98686,2
Avista,2020,10,99161,7
PSE,2024,1,98110,19
PSE,2024,11,98327,8
Avista,2022,7,99171,9
PSE,2023,8,98467,2
CNG,2021,11,99344,5
CNG,2025,5,98337,167
PSE,2023,5,98311,16
PSE,2024,8,98467,10
CNG,2020,11,98311,0
PSE,2024,4,98407,5
PSE,2025,4,98296,26
PSE,2021,11,98038,14
PSE,2024,7,98019,15
PAC,2025,4,98923,23
PSE,2023,6,98405,69
NWN,2020,9,98617,0
PSE,2025,5,98940,5
PSE,2024,4,98946,1
Avista,2021,10,99167,5
PAC,2021,1,98930,43
PSE,2025,2,98264,82
NWN,2024,8,98026,0
PSE,2024,11,98239,17
PSE,2020,3,98498,21
NWN,2025,7,97301,0
Avista,2025,10,99201,2423
PSE,2020,3,98372,21
Avista,2023,1,99039,2
Avista,2025,7,99102,84
CNG,2025,7,98367,181
Avista,2024,3,99012,15
PSE,2020,8,98006,19
PSE,2020,7,98396,2
Avista,2022,3,99111,20
CNG,2023,6,98944,7
PSE,2024,9,98402,1
PAC,2024,7,98953,113
PSE,2024,12,98144,5
CNG,2025,4,98632,65
PSE,2020,8,98102,1
NWN,2025,5,97388,0
Avista,2023,2,99169,9
PSE,2020,10,98465,2
CNG,2022,7,98953,2
PAC,2024,5,98938,53
CNG,2025,3,98276,55
PSE,2020,3,98208,6
PSE,2020,6,98276,3
NWN,2022,9,97663,0
NWN,2021,2,98628,0
PSE,2022,11,98374,26
CNG,2023,7,99336,3
Avista,2020,9,99216,49
PSE,2021,5,98360,10
PSE,2022,12,98047,273
PSE,2020,9,98272,1
PSE,2021,9,98346,39
PAC,2020,6,99360,1
PSE,2021,6,98225,71
NWN,2024,1,98127,0
PSE,2024,10,98070,21
PSE,2023,6,98012,59
PSE,2020,6,98255,2
CNG,2023,5,98257,1
Avista,2021,4,99033,11
CNG,2024,4,98951,19
PSE,2021,1,98118,46
CNG,2022,7,98232,1
PSE,2025,1,98370,101
PSE,2021,11,98262,4
Avista,2021,4,99031,2
CNG,2020,8,98802,1
NWN,2024,5,98127,0
PAC,2024,12,98903,463
PSE,2024,4,98105,2
PSE,2022,11,98371,27
PAC,2020,4,98951,21
PSE,2021,5,98029,67
PSE,2022,3,98110,9
PSE,2024,8,98024,10
Avista,2025,1,99117,41
CNG,2021,5,98311,25
PSE,2023,8,98036,9
Avista,2024,2,99022,35
Avista,2024,8,99203,232
NWN,2024,7,98661,7
CNG,2021,4,98902,279
PSE,2022,2,98367,37
NWN,2020,4,98674,0
PSE,2020,5,98045,8
Avista,2024,5,99026,7
PSE,2025,3,98237,45
Avista,2021,4,99109,29
PSE,2023,4,98021,3
CNG,2020,12,98225,27
PSE,2020,10,98249,7
NWN,2024,1,98604,7
PSE,2023,7,98108,16
Avista,2024,11,99371,3
Avista,2025,2,99030,78
PAC,2021,5,98948,27
CNG,2022,7,98520,1
PSE,2022,6,98034,54
CNG,2020,9,98233,5
CNG,2020,8,98271,3
PSE,2023,5,98203,13
PSE,2023,1,98008,27
Avista,2024,9,99103,3
Avista,2024,5,99009,13
PSE,2020,12,98312,28
PSE,2025,8,98233,95
Avista,2025,1,99202,2808
Avista,2025,8,99128,14
PAC,2022,7,99360,4
PSE,2024,6,98422,6
CNG,2024,8,99352,44
PSE,2025,1,98053,56
PSE,2022,12,98121,38
PSE,2021,12,98273,792
PSE,2025,4,98233,106
PSE,2023,1,98288,1
Avista,2023,2,99143,4
NWN,2021,12,98668,0
CNG,2024,5,98248,199
PSE,2022,12,98225,855
PSE,2024,2,98010,25
Avista,2024,5,99201,224
PSE,2023,6,98029,92
CNG,2024,5,99362,212
PSE,2025,5,98166,29
PSE,2025,4,98011,110
CNG,2020,6,98244,1
PSE,2022,4,98359,5
PSE,2025,5,98074,30
NWN,2024,4,98675,0
CNG,2021,1,99301,41
CNG,2021,3,98903,47
PSE,2024,4,98042,148
PSE,2024,10,98010,18
PSE,2022,6,98106,5
PSE,2025,7,98107,22
PAC,2023,4,98944,845
CNG,2024,11,98226,261
PSE,2021,8,98075,3
CNG,2024,1,98674,1
CNG,2020,8,98557,1
PAC,2021,6,99361,2
Avista,2023,3,99217,179
PSE,2022,1,98277,141
PSE,2025,6,98445,30
Avista,2020,11,99130,3
PSE,2025,8,98446,9
CNG,2025,8,99344,233
NWN,2020,12,98661,16
Avista,2024,9,99016,65
Avista,2022,8,99103,3
PSE,2022,2,98264,73
NWN,2024,7,98686,3
PSE,2023,12,98404,15
Avista,2023,8,99101,1
PSE,2024,11,98004,42
NWN,2024,11,98683,2
PAC,2021,2,98952,3
PSE,2023,11,98310,39
PSE,2023,6,98236,24
Avista,2022,9,99113,3
PSE,2021,7,98321,10
PAC,2024,6,98901,1140
PSE,2022,1,98275,3
Avista,2020,8,99371,1
PSE,2025,4,98001,258
Avista,2021,7,99110,1
PSE,2022,2,98077,4
Avista,2021,12,99144,0
PSE,2021,6,98031,139
PSE,2025,3,98104,2
Avista,2023,12,99103,4
PSE,2021,4,98360,14
PSE,2022,5,98466,5
CNG,2024,4,98229,135
CNG,2022,1,99301,14
Avista,2025,12,99173,306
PSE,2023,2,98273,66
Avista,2025,6,99201,2455
CNG,2022,8,98273,14
PSE,2022,12,98323,14
PSE,2022,2,98346,32
PSE,2022,12,98516,481
Avista,2025,5,99126,146
PSE,2024,6,98230,46
Avista,2021,12,99004,6
NWN,2025,5,98617,0
PSE,2024,2,98229,107
PSE,2022,12,98101,2
PSE,2024,4,98267,3
Avista,2020,5,99103,1
PSE,2022,1,98439,21
Avista,2020,6,99016,36
PSE,2024,5,98030,359
Avista,2023,8,99104,1
PSE,2023,8,98087,14
CNG,2023,5,98230,24
PSE,2021,1,98012,7
PSE,2024,2,98375,29
PSE,2022,9,98032,85
NWN,2022,11,98607,0
PSE,2022,1,98359,7
PSE,2024,6,98026,11
Avista,2025,5,99170,99
PSE,2023,4,98077,1
Avista,2024,7,99008,1
Avista,2025,5,99025,268
PSE,2024,5,98270,54
CNG,2023,12,98226,2
Avista,2025,6,99008,54
NWN,2020,5,98660,3
PSE,2023,1,98038,27
Avista,2020,7,99217,75
Avista,2023,1,99005,20
PAC,2022,3,98923,26
PSE,2025,4,98045,32
Avista,2024,10,99012,6
PSE,2020,9,98260,11
PSE,2025,5,98251,5
PSE,2021,8,98070,11
Avista,2022,7,99173,18
Avista,2022,8,99170,8
PSE,2023,7,98327,2
PSE,2020,5,98283,2
Avista,2021,11,99220,0
Avista,2022,5,99009,10
CNG,2024,2,98383,29
Avista,2023,9,99212,76
PSE,2022,1,98102,1
PSE,2022,4,98237,18
Avista,2020,4,99204,62
PSE,2022,11,98012,3
PSE,2020,11,98946,2
NWN,2020,5,98683,0
NWN,2022,1,98663,8
CNG,2021,6,98264,2
PSE,2023,6,98133,71
PSE,2021,5,98407,5
NWN,2023,12,98668,0
PSE,2024,4,98240,7
NWN,2023,12,97301,0
PSE,2023,10,98012,15
Avista,2022,7,99001,40
CNG,2022,5,98225,14
PSE,2020,6,98051,6
CNG,2022,2,98247,5
CNG,2023,5,99354,1
Avista,2024,6,99009,4
PSE,2021,5,98032,285
CNG,2022,10,98248,10
Avista,2024,1,99018,6
PSE,2021,11,98074,5
Avista,2020,3,99160,2
Avista,2025,12,99143,81
CNG,2021,8,98312,1
Avista,2025,12,99174,11
PSE,2020,12,98422,7
NWN,2021,7,98026,0
PSE,2021,8,98337,12
NWN,2021,1,98026,0
PSE,2020,9,98058,48
PSE,2020,3,98248,51
Avista,2022,11,99204,53
CNG,2021,4,98948,68
PAC,2024,6,99324,150
PSE,2023,3,98106,8
CNG,2020,12,99353,0
PSE,2021,1,98407,3
Avista,2023,2,99113,2
Avista,2022,1,99402,6
Avista,2025,2,99020,7
Avista,2023,8,99032,4
CNG,2020,12,98626,1
Avista,2024,5,99129,4
CNG,2022,9,98226,6
Avista,2021,11,99161,10
PAC,2021,2,98930,35
Avista,2023,6,99037,9
PSE,2025,1,98328,1
CNG,2025,8,98953,49
Avista,2021,4,99019,39
NWN,2022,3,98620,0
CNG,2023,4,99344,7
Avista,2021,3,99159,8
PSE,2024,9,98260,2
Avista,2025,4,99006,866
PSE,2021,3,98271,3
PSE,2025,1,98530,5
Avista,2021,3,99212,154
NWN,2020,7,98119,0
CNG,2021,7,98248,10
PSE,2023,11,98201,28
PSE,2023,7,98021,5
PSE,2021,5,98074,13
PSE,2025,2,98512,203
PSE,2021,3,98283,3
PSE,2022,12,98148,283
CNG,2020,10,98944,0
Avista,2023,2,99204,84
Avista,2021,12,99218,85
Avista,2025,5,99326,19
PSE,2025,7,98338,66
NWN,2024,12,98606,0
PSE,2020,3,98943,6
CNG,2023,7,99323,1
PSE,2021,11,98032,87
PSE,2025,5,98115,1
PSE,2021,2,98024,1
Avista,2023,10,99217,733
PSE,2025,9,98225,9
PSE,2021,5,98007,140
PSE,2021,9,98117,12
CNG,2025,3,98367,150
Avista,2022,5,99403,109
Avista,2020,3,99040,18
NWN,2024,3,98662,8
CNG,2021,4,98942,23
Avista,2021,9,99114,46
PSE,2025,1,98201,42
PSE,2020,6,98034,119
PSE,2021,6,98257,10
PSE,2024,4,98498,46
CNG,2024,11,98936,60
PSE,2022,10,98271,2
PSE,2023,5,98058,100
PSE,2021,12,98276,25
Avista,2025,5,99125,53
Avista,2024,1,99109,56
PSE,2024,11,98281,5
PSE,2021,3,98108,72
PSE,2024,2,98262,3
PSE,2025,8,98276,5
Avista,2025,6,99031,44
NWN,2025,8,98660,4
PSE,2023,2,98498,18
CNG,2022,5,98310,7
Avista,2024,10,99223,128
Avista,2024,12,99016,60
PAC,2022,2,99348,15
Avista,2020,12,99202,453
PSE,2021,5,98579,27
NWN,2023,4,98607,4
PSE,2023,2,98388,1
CNG,2024,7,98902,633
NWN,2025,2,98612,0
PSE,2024,5,98065,22
PAC,2024,8,99363,6
Avista,2023,3,99141,57
PSE,2020,6,98373,48
PSE,2022,8,98008,26
Avista,2024,3,99114,86
PSE,2021,5,98019,8
PSE,2022,3,98275,1
CNG,2021,10,98271,2
PSE,2022,6,98258,15
CNG,2025,2,98837,57
PSE,2025,1,98146,30
PSE,2025,7,98028,76
PSE,2024,8,98443,3
PSE,2024,10,98408,20
Avista,2024,8,99122,40
PSE,2024,3,98236,8
PSE,2024,1,98051,4
PSE,2023,7,98516,55
PAC,2020,12,98942,15
CNG,2025,4,98383,191
Avista,2024,11,99022,31
PSE,2023,5,98208,8
PSE,2022,6,98028,28
PSE,2020,12,98203,5
Avista,2022,8,99117,1
PSE,2022,10,98148,24
PSE,2022,1,98371,39
PSE,2022,5,98281,4
Avista,2023,7,99206,52
Avista,2021,10,99125,7
NWN,2024,8,98208,0
CNG,2025,1,98520,173
PSE,2022,4,98516,44
Avista,2021,6,99218,35
CNG,2020,5,98625,1
PSE,2022,9,98178,4
PSE,2023,3,98148,14
PSE,2020,4,98125,7
PSE,2024,5,98244,11
PSE,2022,4,98258,16
Avista,2023,12,99126,14
CNG,2023,1,98248,12
Avista,2025,12,99171,94
PAC,2020,9,98902,21
PSE,2024,5,98103,5
Avista,2021,3,99160,1
Avista,2022,12,99151,4
Avista,2022,9,99149,1
Avista,2022,1,99027,17
Avista,2020,10,99037,8
NWN,2020,7,98671,6
CNG,2020,8,98264,7
PSE,2023,12,98532,9
NWN,2020,8,98127,0
PSE,2020,11,98532,2
Avista,2023,12,99111,27
Avista,2024,3,99013,23
PAC,2023,8,98948,454
PSE,2021,5,98390,26
CNG,2024,6,99344,122
Avista,2021,5,99157,5
PSE,2025,9,98239,5
CNG,2025,5,98366,585
PSE,2024,7,98148,16
NWN,2020,5,98762,0
PSE,2022,5,98059,31
NWN,2020,5,98668,0
Avista,2022,12,99176,1
PSE,2020,3,98027,24
PSE,2020,10,98204,19
PSE,2021,11,98402,1
Avista,2021,9,99128,2
PSE,2024,12,98409,24
PSE,2025,1,98580,34
Avista,2024,1,99344,148
PSE,2023,1,98499,19
CNG,2024,7,98311,74
PSE,2023,1,98237,23
PSE,2021,4,98188,90
PSE,2023,7,98038,13
Avista,2023,8,99033,7
PSE,2020,7,98922,8
Avista,2023,1,99020,2
NWN,2025,8,98665,3
PSE,2024,6,98034,67
PAC,2024,4,98935,143
PSE,2023,6,98274,121
Avista,2025,1,99126,139
CNG,2024,8,98292,33
PSE,2020,6,98409,4
PSE,2024,1,98109,2
PSE,2022,1,98008,55
PSE,2021,11,98360,13
Avista,2024,6,99371,2
PAC,2020,10,99363,1
PSE,2020,7,98360,13
PSE,2025,3,98121,2
PSE,2020,12,98033,27
PSE,2024,6,98467,5
PSE,2025,8,98004,26
PSE,2021,8,98272,1
PAC,2025,7,99363,5
PSE,2023,4,98168,6
PSE,2021,1,98208,16
PSE,2021,3,98059,36
PSE,2024,8,98310,172
PSE,2024,11,98144,4
CNG,2021,2,98367,4
PSE,2020,7,98359,4
PSE,2024,3,98498,32
NWN,2022,2,98648,0
PSE,2025,3,98340,6
PSE,2023,6,98232,18
Avista,2024,9,99001,27
Avista,2025,8,99403,1789
PSE,2023,6,98051,25
Avista,2023,3,99030,7
PSE,2022,4,98240,4
PSE,2022,9,98001,38
Avista,2021,2,99103,6
Avista,2024,10,99207,255
PSE,2022,12,98050,2
PSE,2024,1,98059,74
NWN,2024,9,98666,0
NWN,2024,9,98612,0
PSE,2025,6,98068,2
PSE,2023,11,98506,90
PAC,2023,7,98948,450
PSE,2024,6,98177,5
Avista,2021,12,99173,20
PSE,2025,4,98346,61
Avista,2021,1,99141,23
NWN,2022,2,98864,0
PSE,2021,9,98276,5
NWN,2020,7,98604,4
NWN,2022,3,98685,6
PSE,2024,10,98405,24
PSE,2021,3,98360,12
PSE,2023,6,98327,13
PSE,2022,5,98225,94
Avista,2022,7,99149,2
Avista,2020,4,99179,1
PSE,2024,11,98443,2
PSE,2020,12,98925,2
NWN,2022,3,98607,9
PSE,2024,12,98941,3
PSE,2020,9,98087,4
Avista,2025,1,99023,6
NWN,2023,9,98648,0
CNG,2024,9,98936,54
PSE,2024,1,98372,23
Avista,2023,4,99203,41
CNG,2025,7,98584,222
Avista,2024,7,99126,18
PSE,2024,10,98148,36
NWN,2021,11,98307,0
PSE,2023,6,98372,180
Avista,2022,4,99371,3
PSE,2021,6,98108,23
Avista,2023,6,99206,55
NWN,2023,1,98686,7
CNG,2020,8,98370,0
PSE,2021,6,98513,48
PSE,2022,9,98074,3
PSE,2023,8,98284,39
PSE,2021,7,98273,42
PSE,2025,1,98107,3
PSE,2025,9,98115,12
PSE,2022,7,98203,3
CNG,2021,4,98626,5
PSE,2020,7,98503,127
PSE,2021,11,98332,1
PSE,2024,11,98244,15
Avista,2024,3,99203,82
PAC,2024,1,98948,474
Avista,2023,9,99037,9
PSE,2020,4,98274,21
PSE,2020,11,98502,113
PSE,2022,8,98032,97
CNG,2022,9,98337,2
PSE,2020,7,98065,6
CNG,2020,10,98541,0
PSE,2023,7,98580,5
CNG,2020,11,98944,32
PSE,2025,6,98364,1
NWN,2021,4,98119,0
NWN,2021,5,98662,9
PSE,2021,4,98260,7
CNG,2023,7,98264,20
NWN,2023,8,98208,0
NWN,2025,5,98307,0
Avista,2023,12,99179,1
NWN,2022,8,98307,0
PSE,2025,1,98257,38
PSE,2022,12,98136,37
PSE,2020,7,98597,50
NWN,2025,9,98635,0
PSE,2020,10,98001,105
PSE,2024,12,98178,20
NWN,2021,1,98639,0
PSE,2021,8,98040,1
NWN,2022,11,98762,0
PSE,2020,12,98446,2
PAC,2020,1,99363,3
CNG,2020,7,98951,0
PAC,2025,1,98933,16
PAC,2021,2,99323,2
PSE,2020,6,98011,31
CNG,2021,8,99338,2
PSE,2024,7,98260,13
CNG,2022,4,98908,2
PSE,2023,10,98274,16
Avista,2021,12,99114,118
PAC,2020,5,98944,27
NWN,2025,5,98660,3
Avista,2020,5,99005,7
PSE,2020,8,98040,5
PSE,2022,2,98177,10
PSE,2022,5,98580,7
PAC,2022,12,98936,89
PSE,2023,7,98926,14
CNG,2024,7,98903,83
Avista,2020,10,99204,80
Avista,2025,12,99109,512
PSE,2023,11,98409,7
Avista,2022,4,99129,8
Avista,2020,11,99205,70
PSE,2020,8,98075,2
PSE,2022,5,98032,102
PSE,2024,5,98177,8
NWN,2025,5,98674,0
PSE,2024,10,98204,10
PSE,2021,3,98335,5
Avista,2020,5,99148,10
PSE,2024,8,98922,17
PSE,2021,1,98373,34
PAC,2021,1,98938,6
PSE,2021,2,98188,36
NWN,2022,4,98683,1109
Avista,2025,3,99034,18
Avista,2021,9,99003,7
NWN,2021,3,98762,0
Avista,2021,11,99326,0
PAC,2022,10,98933,12
NWN,2024,1,98642,6
CNG,2023,3,98221,11
PSE,2023,3,98075,5
PAC,2023,1,98947,119
PSE,2022,12,98240,40
PSE,2021,1,98445,11
Avista,2025,10,99164,1
PSE,2020,5,98422,15
PAC,2023,6,98951,353
PSE,2025,8,98166,27
PSE,2021,12,98126,186
Avista,2022,8,99212,125
Avista,2021,12,99008,4
PSE,2022,4,98118,28
Avista,2022,6,99113,2
Avista,2020,4,99026,8
NWN,2021,7,98612,0
PSE,2021,6,98424,4
Avista,2022,9,99138,12
CNG,2021,5,98229,101
PSE,2023,9,98178,8
PSE,2023,6,98388,10
CNG,2020,4,98264,4
PSE,2020,3,98116,3
CNG,2021,4,99338,7
PAC,2022,8,99350,2
PSE,2025,4,98040,24
Avista,2023,3,99171,15
Avista,2022,4,99341,3
CNG,2020,7,98837,0
PSE,2024,3,98597,74
PSE,2023,8,98255,1
PSE,2025,3,98010,25
PSE,2020,7,98258,9
PSE,2022,11,98074,6
PSE,2025,7,98502,132
NWN,2023,3,98629,3
PAC,2024,5,98933,20
Avista,2022,7,99157,7
CNG,2024,4,98520,55
PSE,2021,11,98226,108
PSE,2025,5,98258,84
CNG,2025,3,98584,231
Avista,2023,11,99125,5
NWN,2024,8,98607,0
Avista,2022,1,99012,6
CNG,2022,8,98225,40
NWN,2022,5,98648,0
Avista,2025,12,99126,149
PSE,2025,8,98055,167
PSE,2020,9,98530,4
PSE,2023,1,98014,5
Avista,2025,3,99161,140
CNG,2025,5,98257,48
CNG,2023,5,98277,15
PSE,2024,11,98032,186
PSE,2025,5,98934,9
PSE,2022,6,98580,5
PSE,2020,11,98020,1
PSE,2024,12,98058,149
Avista,2024,8,99224,312
PAC,2022,4,99329,3
NWN,2021,5,98685,1
PSE,2022,7,98221,21
PSE,2022,4,98204,8
PSE,2021,7,98002,251
NWN,2022,12,97388,0
PAC,2023,9,99324,142
CNG,2025,1,98948,174
PSE,2025,1,98023,242
CNG,2024,5,98337,31
CNG,2024,11,98528,4
PSE,2023,5,98126,28
NWN,2023,2,98660,8
Avista,2021,3,99103,4
Avista,2021,9,99109,22
NWN,2020,9,98674,0
PSE,2024,10,98558,1
Avista,2022,1,99216,70
NWN,2020,5,98685,5
NWN,2022,11,98612,0
Avista,2022,2,99217,149
PSE,2023,1,98370,24
PSE,2023,10,98391,51
PSE,2025,7,98230,51
PSE,2022,3,98366,47
CNG,2020,7,99336,2
PSE,2022,11,98024,4
Avista,2025,10,99138,301
PSE,2021,9,98133,30
PSE,2020,5,98051,5
PSE,2021,11,98237,32
Avista,2020,5,99019,26
Avista,2020,8,99344,30
Avista,2023,10,99021,164
PSE,2025,6,98390,60
PSE,2020,8,98244,11
PSE,2021,9,98059,77
PSE,2023,1,98105,2
Avista,2022,11,99163,37
PSE,2023,9,98366,35
Avista,2025,7,99212,2841
PSE,2025,3,98068,1
PSE,2023,11,98030,315
NWN,2022,6,98668,0
PSE,2025,6,98346,108
Avista,2024,8,99034,6
PSE,2022,12,98283,21
PSE,2025,2,98198,177
PSE,2025,8,98257,25
CNG,2020,4,98383,1
PSE,2021,4,98321,27
PSE,2020,12,98223,1
PSE,2021,2,98375,20
CNG,2020,10,99338,0
Avista,2025,7,99216,2205
PSE,2020,10,98221,42
PSE,2024,2,98037,18
Avista,2023,7,99173,7
NWN,2022,3,98617,0
PSE,2023,5,98922,21
NWN,2022,9,98628,1
Avista,2022,5,99207,312
PSE,2024,1,98260,28
CNG,2022,9,98908,2
PAC,2022,6,99328,87
CNG,2022,8,98292,4
PSE,2022,6,98359,4
CNG,2020,12,99344,10
Avista,2024,3,99008,2
PSE,2020,3,98177,4
PSE,2022,8,98074,4
PSE,2025,1,98288,1
PAC,2023,9,98933,19
Avista,2023,1,99143,27
PSE,2024,1,98359,4
Avista,2022,1,99157,9
Avista,2022,5,99014,1
PSE,2022,1,98310,50
PSE,2020,11,98203,3
PAC,2025,4,98935,22
PAC,2022,1,98901,1260
PSE,2022,7,98125,5
CNG,2024,12,98932,21
Avista,2023,5,99341,2
PAC,2025,5,98936,108
CNG,2020,3,98626,0
NWN,2022,7,98666,0
Avista,2021,10,99138,12
PAC,2023,8,98930,452
Avista,2023,11,99171,6
PAC,2023,9,98953,97
PAC,2023,2,99328,97
CNG,2021,11,98277,8
CNG,2021,5,98944,99
PSE,2022,5,98109,1
PSE,2025,8,98104,3
CNG,2020,12,98310,4
PSE,2021,1,98052,76
Avista,2021,1,99148,14
PSE,2021,3,98177,12
PAC,2022,2,99324,184
PSE,2020,10,98070,33
Avista,2025,9,99216,2217
PAC,2024,5,98936,97
PSE,2021,4,98310,81
Avista,2023,3,99122,21
PSE,2024,4,98359,7
PSE,2023,4,98284,47
PSE,2023,4,98117,1
PSE,2024,4,98038,78
Avista,2025,8,99176,9
Avista,2024,4,99027,41
Avista,2020,11,99019,13
Avista,2025,1,99143,69
NWN,2023,6,98661,16
PSE,2020,9,98345,1
PSE,2022,6,98008,27
NWN,2021,10,98668,0
Avista,2020,7,99101,3
PAC,2021,6,98930,31
PSE,2021,7,98498,23
PSE,2021,9,98065,29
PSE,2022,4,98002,214
CNG,2024,5,98802,5
PSE,2023,1,98516,54
PAC,2022,7,98951,277
PSE,2023,4,98258,13
PSE,2022,2,98444,17
PSE,2023,6,98101,2
PSE,2023,10,98445,9
PSE,2021,1,98109,3
PSE,2023,1,98503,102
PSE,2020,5,98424,10
Avista,2024,2,99141,49
CNG,2021,12,98295,3
PSE,2021,9,98396,6
PSE,2020,11,98023,90
PAC,2020,1,99347,5
Avista,2021,9,99129,8
PSE,2025,3,98271,24
PSE,2020,10,98057,72
PSE,2020,6,98258,19
Avista,2020,10,99032,3
PSE,2024,2,98406,8
PAC,2024,9,98921,66
Avista,2020,12,99027,92
PSE,2021,10,98589,18
PSE,2020,6,98404,17
PSE,2022,6,98273,102
PSE,2024,10,98014,19
PSE,2024,11,98372,95
Avista,2020,6,99111,6
PSE,2024,7,98042,101
Avista,2023,8,99111,9
Avista,2025,10,99218,1525
PSE,2025,3,98360,14
CNG,2020,9,98264,11
NWN,2021,9,98686,2
PSE,2024,3,98922,22
PSE,2021,10,98283,5
CNG,2024,7,98366,133
CNG,2025,2,98221,386
PSE,2020,3,98052,47
Avista,2023,3,99031,5
NWN,2022,11,98665,0
Avista,2025,10,99344,1533
Avista,2025,9,99039,20
PSE,2024,10,98926,5
PSE,2025,3,98116,10
Avista,2024,4,99202,265
Avista,2025,1,99204,1132
PSE,2023,7,98115,3
PAC,2021,5,98939,4
PSE,2023,4,98237,9
CNG,2024,9,98284,173
PSE,2022,1,98133,10
PSE,2023,8,98439,16
Avista,2025,9,99201,2324
PSE,2020,12,98392,26
PSE,2025,4,98367,79
Avista,2021,12,99228,0
PSE,2023,12,98122,3
PSE,2024,11,98267,4
PSE,2021,8,98058,107
Avista,2025,5,99203,1485
Avista,2021,1,99009,5
CNG,2020,6,99301,12
PSE,2022,11,98107,1
PSE,2023,1,98373,16
Avista,2021,3,99170,6
Avista,2022,12,99006,34
CNG,2020,6,99350,1
PSE,2022,10,98229,47
PSE,2024,4,98224,2
Avista,2022,11,99170,5
PSE,2023,10,98409,6
PSE,2024,2,98391,65
PSE,2024,12,98032,149
Avista,2024,4,99021,61
PSE,2021,5,98223,2
PSE,2021,1,98024,1
PAC,2025,1,99347,41
PSE,2023,10,98294,2
PSE,2021,12,98003,1929
PSE,2024,6,98288,4
PSE,2023,2,98229,60
PSE,2024,4,98051,8
PSE,2021,2,98045,11
PSE,2021,10,98208,6
Avista,2023,10,99103,11
CNG,2021,10,98312,2
CNG,2024,10,98221,148
CNG,2021,12,98226,16
PSE,2020,3,98072,7
PSE,2025,6,98328,3
PSE,2025,2,98107,4
Avista,2023,11,99216,173
PSE,2022,5,98008,25
PAC,2021,1,98909,0
PSE,2021,4,98201,21
NWN,2021,8,98628,1
NWN,2022,2,98674,0
Avista,2022,7,99151,3
PSE,2023,5,98230,29
CNG,2021,2,98276,1
Avista,2022,1,99113,2
CNG,2021,4,98520,40
Avista,2024,9,99137,2
PSE,2022,1,98055,86
PSE,2022,12,98039,4
PSE,2020,4,98053,17
Avista,2020,3,99110,6
CNG,2025,3,99353,21
Avista,2024,8,99212,557
PSE,2022,4,98030,187
PAC,2022,12,98942,197
CNG,2024,10,98674,10
CNG,2022,8,98367,1
CNG,2022,5,98273,31
Avista,2021,4,99217,108
PSE,2020,9,98177,2
PSE,2022,5,98155,3
PSE,2025,7,98236,19
PSE,2023,12,98387,12
PSE,2025,3,98405,43
PSE,2020,8,98133,5
PSE,2023,3,98258,11
PAC,2025,6,98948,178
PAC,2020,6,98933,4
PSE,2025,5,98125,1
Avista,2022,5,99128,2
PSE,2020,11,98323,2
PSE,2025,4,98443,1
CNG,2021,5,99362,186
Avista,2020,4,99114,78
PSE,2021,3,98375,16
PSE,2024,7,98501,85
PSE,2023,12,98444,9
Avista,2025,2,99164,1
PSE,2023,4,98112,1
PSE,2023,1,98337,7
CNG,2021,4,98901,109
PSE,2025,1,98271,23
PSE,2023,6,98281,18
PAC,2024,3,98935,141
PSE,2025,7,98020,8
PAC,2020,12,98938,7
PSE,2023,1,98012,26
PSE,2022,11,98102,2
PSE,2024,5,98032,350
Avista,2023,9,99218,27
PSE,2021,9,98367,52
PSE,2020,10,98388,2
PSE,2020,12,98045,12
Avista,2022,1,99149,1
PSE,2025,1,98392,51
PSE,2020,3,98148,1
PSE,2025,5,98105,2
PSE,2025,6,98110,33
Avista,2022,2,99169,12
PSE,2023,2,98026,12
PSE,2024,1,98404,17
Avista,2021,5,99027,23
PSE,2020,3,98133,4
PSE,2025,9,98294,2
CNG,2021,5,98244,2
PSE,2023,1,98409,20
PSE,2021,9,98233,72
NWN,2024,3,98610,0
CNG,2024,9,98557,7
Avista,2024,4,99134,4
Avista,2021,6,99161,9
PSE,2021,11,98125,1
PSE,2022,4,98199,2
PSE,2023,8,98056,28
PSE,2022,5,98004,17
Avista,2023,7,99217,53
Avista,2023,10,99205,1749
PAC,2024,9,99328,109
Avista,2020,6,99171,6
PSE,2025,3,98403,6
PSE,2025,4,98012,93
PSE,2022,10,98146,9
PSE,2021,7,98030,263
Avista,2021,3,99040,6
PSE,2022,6,98311,18
PSE,2020,11,98070,15
CNG,2023,6,98903,2
PSE,2024,2,98372,34
PSE,2023,2,98946,3
PSE,2022,3,98003,322
PSE,2021,7,98281,1
Avista,2025,2,99207,5714
PSE,2022,9,98039,1
Avista,2025,5,99137,76
NWN,2020,7,98607,3
PSE,2025,7,98373,161
PSE,2021,8,98408,9
CNG,2025,1,98225,593
PSE,2022,11,98052,68
NWN,2024,2,98617,0
Avista,2022,10,99117,1
NWN,2024,6,98684,14
NWN,2022,12,98674,0
PSE,2024,7,98396,4
PSE,2025,2,98354,7
Avista,2020,10,99101,3
CNG,2024,10,98230,146
Avista,2025,3,99185,135
CNG,2020,7,98901,1
CNG,2025,3,98277,303
PSE,2021,12,98255,18
PSE,2025,4,98263,1
PAC,2024,8,99329,2
NWN,2023,10,98607,1
PSE,2025,5,98467,6
CNG,2020,9,98370,1
PSE,2022,4,98229,86
PSE,2024,7,98115,7
PSE,2022,12,98155,111
PSE,2024,3,98370,75
PSE,2021,3,98288,1
PSE,2020,12,98327,5
CNG,2020,12,98220,2
CNG,2025,1,98930,124
NWN,2024,10,98119,0
PAC,2024,3,98903,547
CNG,2023,8,98953,1
CNG,2021,10,98295,1
CNG,2021,5,98292,11
PAC,2020,7,98903,19
NWN,2020,4,98661,5
Avista,2022,7,99161,9
PSE,2021,5,98166,16
CNG,2025,4,98611,4
Avista,2023,7,99141,18
PSE,2024,1,98029,79
PSE,2024,3,98122,25
NWN,2022,4,98119,0
NWN,2021,8,98607,3
CNG,2024,9,98611,1
Avista,2020,3,99205,454
Avista,2024,7,99134,4
PSE,2023,3,98296,1
PSE,2024,9,98312,68
CNG,2020,5,98520,9
Avista,2021,4,99403,60
Avista,2022,10,99101,1
NWN,2021,1,98626,0
PSE,2022,8,98036,2
PSE,2024,8,98327,24
PSE,2020,12,98371,45
PSE,2024,3,98028,32
PAC,2022,1,98932,187
PSE,2024,11,98188,51
CNG,2021,5,98271,19
Avista,2021,12,99110,9
PSE,2023,6,98075,18
CNG,2024,6,98674,2
PSE,2025,8,98146,22
Avista,2025,5,99141,812
CNG,2022,3,98908,7
Avista,2022,1,99185,13
PSE,2022,5,98029,32
PSE,2023,7,98943,3
Avista,2023,5,99207,124
PSE,2025,3,98290,9
PSE,2021,6,98028,26
PSE,2021,8,98118,19
PSE,2024,12,98445,28
Avista,2024,6,99130,3
Avista,2021,6,99212,99
Avista,2021,5,99026,8
PAC,2024,2,98935,133
Avista,2025,4,99212,2862
PSE,2024,6,98188,56
PSE,2024,6,98102,5
PSE,2020,9,98039,1
CNG,2022,6,98273,14
Avista,2022,8,99202,128
Avista,2025,3,99169,262
PSE,2024,4,98371,41
PSE,2021,7,98233,20
PSE,2021,11,98037,7
CNG,2024,2,98902,471
CNG,2024,2,99344,100
PSE,2023,4,98248,41
PSE,2021,6,98531,10
NWN,2024,11,98639,0
PSE,2020,5,98116,7
PSE,2022,7,98506,29
Avista,2025,2,99117,39
CNG,2021,12,99323,1
PSE,2020,3,98409,2
PSE,2023,5,98115,4
Avista,2023,5,99151,2
PAC,2022,2,98902,1636
Avista,2022,11,99202,196
PAC,2020,8,98939,4
CNG,2022,5,98837,1
PSE,2023,10,98338,19
PSE,2022,7,98408,6
CNG,2024,3,98230,88
PSE,2020,3,98146,2
CNG,2025,3,98557,17
CNG,2024,1,98936,28
PSE,2020,8,98576,14
Avista,2024,8,99173,46
CNG,2021,5,99301,161
PSE,2022,6,98424,3
NWN,2024,12,98604,6
PSE,2023,2,98005,26
Avista,2021,7,99012,3
Avista,2020,6,99031,1
PSE,2022,11,98295,1
PSE,2021,2,98338,14
PSE,2021,6,98014,6
Avista,2020,6,99223,106
PSE,2021,4,98499,11
PSE,2024,2,98446,5
Avista,2020,9,99040,6
Avista,2023,1,99012,3
NWN,2021,8,98762,0
Avista,2024,12,99030,3
Avista,2024,12,99217,118
CNG,2020,6,98284,15
Avista,2021,11,99130,19
PSE,2023,2,98272,3
PAC,2023,12,98948,441
Avista,2024,5,99130,6
CNG,2020,11,98901,5
NWN,2022,12,98639,1
PAC,2021,3,99360,0
Avista,2024,4,99129,9
NWN,2023,12,98686,5
PSE,2024,2,98360,15
PSE,2021,5,98002,282
PSE,2022,7,98294,4
PSE,2021,5,98532,1
PSE,2022,12,98074,50
PSE,2021,4,98118,53
PSE,2022,2,98274,69
PSE,2024,4,98266,39
Avista,2023,6,99102,2
PSE,2025,6,98503,213
PAC,2022,8,99329,3
Avista,2022,7,99402,3
Avista,2021,1,99151,2
PSE,2025,4,98125,12
PSE,2023,1,98390,13
PSE,2023,3,98043,6
Avista,2023,3,99344,168
PSE,2020,8,98007,98
Avista,2025,8,99223,3018
PSE,2020,3,98014,4
PSE,2020,9,98038,20
NWN,2024,7,98668,0
Avista,2024,9,99160,3
Avista,2021,5,99403,71
Avista,2020,6,99110,3
PSE,2022,10,98409,6
CNG,2024,5,98295,13
Avista,2021,12,99021,29
PSE,2023,8,98002,93
PSE,2020,11,98204,6
PSE,2021,9,98418,28
PSE,2020,5,98029,49
PSE,2021,1,98178,5
Avista,2023,5,99126,3
Avista,2020,5,99031,2
NWN,2020,6,98026,0
PSE,2022,3,98247,25
Avista,2025,8,99203,1478
PSE,2022,11,98020,1
PSE,2024,3,98405,11
NWN,2020,7,98660,6
CNG,2025,6,99338,74
PSE,2023,6,98108,123
PSE,2021,9,98118,84
PSE,2021,2,98422,8
PSE,2020,12,98040,7
Avista,2020,7,99223,73
PAC,2025,9,98935,11
CNG,2021,5,98310,109
PSE,2021,7,98374,25
CNG,2025,6,98271,109
PSE,2023,11,98052,194
PSE,2021,2,98407,8
PSE,2024,4,98058,161
NWN,2024,11,98665,6
PSE,2020,8,98072,7
PSE,2025,6,98338,54
PSE,2024,7,98125,5
Avista,2021,9,99218,36
PSE,2025,5,98406,40
CNG,2020,9,98310,8
NWN,2024,10,98672,0
Avista,2025,11,99016,1403
NWN,2023,3,98026,0
Avista,2022,3,99005,14
PSE,2025,9,98133,7
PSE,2021,8,98031,147
CNG,2025,5,98312,471
PSE,2024,9,98075,2
CNG,2021,4,99352,14
CNG,2022,11,98226,8
Avista,2021,3,99008,4
PSE,2022,8,98513,43
PSE,2021,11,98198,58
CNG,2022,1,98550,6
PSE,2024,1,98506,77
Avista,2024,2,99185,15
NWN,2024,10,98617,0
PSE,2023,7,98110,5
PAC,2020,1,98952,2
PSE,2021,7,98115,1
PSE,2020,6,98589,26
CNG,2020,10,98901,22
PSE,2021,9,98502,266
NWN,2020,5,98307,0
PSE,2022,4,98391,47
Avista,2022,5,99171,8
PAC,2025,7,98942,441
CNG,2021,1,98802,1
Avista,2025,1,99205,5873
Avista,2024,8,99130,17
Avista,2024,5,99163,161
PSE,2021,11,98387,15
Avista,2023,11,99205,417
NWN,2024,2,98668,0
PSE,2024,8,98374,317
Avista,2021,8,99167,2
Avista,2020,12,99009,27
PSE,2023,1,98133,10
PAC,2025,5,98937,72
NWN,2024,9,98605,0
CNG,2024,11,98240,4
PSE,2024,5,98249,16
NWN,2021,3,98620,0
Avista,2021,9,99204,18
Avista,2023,11,99201,218
Avista,2023,10,99223,920
CNG,2020,10,98848,0
PSE,2021,7,98236,1
PSE,2025,2,98244,10
Avista,2025,9,99016,1386
CNG,2022,11,98233,10
PAC,2025,3,98950,0
PSE,2022,7,98230,26
Avista,2023,9,99022,6
PSE,2022,5,98240,3
PSE,2025,6,98027,75
PSE,2022,5,98422,4
PSE,2025,8,98002,444
CNG,2021,7,99362,17
PSE,2020,3,98040,1
PSE,2025,9,98119,8
PSE,2021,4,98024,12
PSE,2025,1,98323,8
Avista,2022,6,99138,17
PSE,2023,10,98366,39
PSE,2021,5,98059,55
PSE,2020,5,98516,63
NWN,2023,7,98668,0
PSE,2025,2,98532,15
PSE,2020,5,98043,11
PSE,2023,10,98122,5
PSE,2022,9,98221,12
Avista,2021,4,99005,15
Avista,2022,1,99179,6
Avista,2023,3,99185,9
PSE,2021,1,98391,48
Avista,2023,2,99161,4
Avista,2020,6,99117,3
PSE,2023,6,98198,417
Avista,2024,10,99125,7
PSE,2021,1,98272,2
PSE,2024,3,98390,15
PSE,2020,9,98466,6
Avista,2025,5,99036,3
Avista,2022,8,99005,12
PAC,2020,1,99348,2
PSE,2020,4,98052,77
PAC,2021,4,98930,83
Avista,2023,8,99109,20
PSE,2021,11,98576,17
PSE,2025,9,98406,5
Avista,2022,6,99163,77
Avista,2024,7,99031,2
PSE,2025,6,98258,58
Avista,2021,3,99143,3
CNG,2024,2,99301,131
Avista,2023,4,99207,123
PSE,2025,6,98512,126
PSE,2020,8,98380,3
Avista,2022,11,99125,5
PSE,2022,3,98229,96
PSE,2024,9,98405,84
CNG,2020,10,98244,0
PSE,2024,5,98198,286
NWN,2023,6,98671,5
Avista,2022,9,99016,63
PAC,2024,8,98908,516
Avista,2023,2,99148,23
NWN,2022,11,98642,0
Avista,2022,9,99026,7
CNG,2020,3,98310,14
PSE,2022,2,98946,3
Avista,2022,2,99201,158
PSE,2021,2,98240,4
PSE,2020,12,98229,91
PAC,2022,8,98951,270
Avista,2021,9,99103,3
Avista,2025,3,99179,44
Avista,2020,9,99171,4
CNG,2024,1,98226,185
PSE,2021,5,98312,98
Avista,2025,5,99159,122
CNG,2024,12,98541,22
NWN,2023,2,98639,0
CNG,2022,10,98932,1
CNG,2024,1,99337,11
PSE,2025,7,98516,66
NWN,2022,6,98671,685
PSE,2024,6,98126,28
PSE,2022,3,98074,9
Avista,2022,5,99216,102
PSE,2022,3,98380,2
PSE,2020,12,98008,44
Avista,2024,1,99039,1
CNG,2023,2,98292,3
PSE,2023,8,98271,9
NWN,2024,2,98628,0
Avista,2024,2,99341,4
CNG,2024,9,99336,96
PSE,2023,10,98092,136
PAC,2024,1,98901,1263
PSE,2025,3,98051,6
CNG,2023,5,98292,3
PSE,2023,2,98374,30
PAC,2020,9,99361,6
PSE,2025,7,98146,25
PSE,2020,4,98050,1
PSE,2020,4,98178,8
PSE,2025,2,98003,330
PSE,2022,3,98040,8
Avista,2022,6,99039,3
Avista,2025,3,99033,142
PSE,2021,7,98396,2
PSE,2020,4,98273,66
Avista,2021,7,99101,2
PSE,2021,5,98354,2
Avista,2021,6,99128,2
PSE,2021,5,98125,4
CNG,2024,7,98848,2
PSE,2025,6,98148,51
Avista,2024,11,99016,61
PSE,2025,1,98409,6
CNG,2022,12,98944,5
PSE,2021,6,98020,1
Avista,2022,3,99224,131
PSE,2022,8,98373,19
PSE,2024,2,98558,3
CNG,2022,4,99362,8
Avista,2022,3,99179,4
Avista,2022,7,99218,73
PSE,2021,6,98407,2
PSE,2024,1,98366,50
PAC,2023,7,98936,100
PSE,2023,8,98032,50
PSE,2023,6,98036,63
PSE,2023,12,98321,14
PSE,2023,2,98373,17
NWN,2020,4,98686,1
NWN,2022,7,98208,0
PSE,2022,9,98198,73
NWN,2023,1,98639,1
PSE,2020,8,98178,12
PAC,2020,2,98942,19
Avista,2021,5,99019,20
Avista,2021,4,99206,116
NWN,2023,2,97301,0
PSE,2025,4,98108,36
PSE,2020,5,98240,9
CNG,2024,9,98908,204
PSE,2024,5,98117,4
CNG,2025,5,99337,151
PSE,2024,12,98045,22
CNG,2025,8,98936,150
Avista,2025,7,99003,252
PSE,2022,8,98424,3
NWN,2023,3,98684,15
PSE,2024,3,98502,106
CNG,2020,3,98248,6
PSE,2021,4,98087,14
PSE,2024,9,98102,8
PSE,2021,2,98229,64
Avista,2022,8,99033,9
Avista,2022,7,99009,11
CNG,2020,12,98264,11
NWN,2021,3,98666,0
PSE,2022,4,98053,8
Avista,2020,12,99204,255
PSE,2024,9,98375,25
PSE,2024,6,98328,1
PSE,2023,9,98503,53
Avista,2025,5,99039,20
PSE,2020,4,98531,10
Avista,2021,5,99207,259
Avista,2023,11,99031,1
PSE,2021,10,98596,2
PSE,2023,11,98144,16
Avista,2020,12,99163,61
PSE,2023,3,98288,3
Avista,2021,4,99158,4
Avista,2022,10,99179,2
Avista,2025,11,99033,140
PSE,2022,6,98001,50
PSE,2021,5,98043,4
PSE,2025,6,98056,222
PSE,2021,6,98223,1
PAC,2023,2,98903,590
CNG,2025,2,98626,26
CNG,2024,1,98247,57
PSE,2021,9,98198,265
PSE,2021,4,98106,13
Avista,2020,10,99341,6
Avista,2021,2,99143,11
PSE,2023,10,98443,3
CNG,2025,1,98345,6
PSE,2024,10,98103,2
Avista,2021,8,99206,79
NWN,2024,2,98648,0
PSE,2022,1,98208,23
PAC,2025,2,98923,24
NWN,2021,10,98208,0
Avista,2024,6,99138,5
PSE,2021,2,98580,12
CNG,2022,8,98277,19
Avista,2021,7,99169,9
PAC,2020,9,98948,20
PSE,2022,12,98467,29
PSE,2024,3,98103,38
CNG,2025,3,98903,178
Avista,2023,6,99114,46
PSE,2022,11,98934,4
PSE,2023,10,98295,1
PAC,2020,5,98942,17
Avista,2021,6,99157,4
CNG,2020,4,98837,1
CNG,2020,5,98257,0
PSE,2021,11,98042,36
PSE,2022,9,98255,1
CNG,2023,10,98366,1
CNG,2020,4,98625,0
PSE,2024,11,98236,14
NWN,2023,7,98683,5
PSE,2025,3,98001,151
PAC,2022,5,98948,372
NWN,2020,6,98685,8
CNG,2024,12,99344,181
NWN,2021,2,98127,0
Avista,2021,8,99001,20
NWN,2022,11,98686,0
PSE,2021,7,98276,1
Avista,2021,3,99163,63
NWN,2021,1,98663,7
CNG,2022,12,99354,1
PSE,2025,9,98444,7
PSE,2023,6,98596,1
PSE,2022,6,98070,1
PSE,2023,5,98006,45
PSE,2023,5,98020,2
PSE,2023,2,98178,5
PSE,2023,2,98148,6
PAC,2020,9,98933,2
Avista,2021,9,99016,46
Avista,2020,7,99114,66
PSE,2025,7,98065,27
PSE,2025,6,98136,2
Avista,2021,10,99110,10
NWN,2023,10,98642,0
CNG,2024,4,98312,99
PSE,2025,3,98406,25
PSE,2025,3,98247,43
NWN,2025,9,98671,0
PSE,2020,5,98244,9
PSE,2024,10,98077,8
Avista,2022,4,99031,5
CNG,2021,12,98284,18
CNG,2025,9,99353,21
CNG,2024,2,98520,39
PSE,2022,5,98498,23
CNG,2020,5,98626,1
PSE,2021,4,98530,2
CNG,2022,3,98248,22
NWN,2022,6,98660,369
Avista,2022,5,99141,27
PSE,2020,4,98467,10
PAC,2025,1,98921,58
PSE,2025,5,98051,3
PSE,2022,11,98372,26
PSE,2025,4,98943,5
PSE,2025,4,98144,25
PSE,2024,6,98271,9
PAC,2025,4,98953,119
PSE,2024,3,98108,63
PSE,2022,10,98002,190
PSE,2023,11,98247,37
PSE,2021,9,98008,63
CNG,2023,7,98520,3
PSE,2022,3,98051,1
PSE,2024,2,98052,173
NWN,2020,9,98307,0
PAC,2021,1,98933,2
PAC,2022,11,98923,24
PSE,2022,11,98031,85
PSE,2023,8,98502,105
Avista,2022,10,99159,12
PSE,2025,6,98037,33
Avista,2022,10,99027,22
PAC,2024,7,98951,372
CNG,2021,5,98948,68
Avista,2025,5,99103,47
PSE,2021,12,98406,49
PAC,2020,5,98901,28
PSE,2022,3,98272,10
PSE,2022,5,98012,15
PSE,2021,9,98312,224
PSE,2020,8,98155,5
Avista,2023,11,99033,16
PSE,2025,5,98266,41
PSE,2023,9,98530,1
PSE,2022,10,98014,10
PSE,2021,7,98513,40
Avista,2024,11,99004,6
PSE,2020,8,98498,31
PSE,2022,11,98501,80
CNG,2020,12,98233,8
Avista,2025,3,99218,1450
Avista,2025,6,99403,2386
PSE,2025,4,98503,207
NWN,2022,1,98606,0
PSE,2023,3,98199,2
PSE,2020,5,98260,8
PSE,2020,3,98296,3
Avista,2020,10,99163,109
PAC,2022,11,98903,521
PSE,2020,8,98010,2
CNG,2020,3,98557,1
PSE,2023,11,98033,73
NWN,2024,12,98639,1
PSE,2025,2,98024,12
CNG,2021,7,98366,3
PSE,2020,9,98502,37
CNG,2024,3,98953,4
PSE,2022,11,98126,6
PSE,2023,7,98229,58
PSE,2022,12,98104,8
PSE,2020,12,98106,7
CNG,2025,5,98229,404
Avista,2024,12,99402,7
Avista,2023,7,99341,2
Avista,2023,7,99026,5
Avista,2025,6,99023,6
PSE,2020,12,98568,1
CNG,2024,3,98837,11
PSE,2024,3,98273,100
NWN,2024,2,98671,4
NWN,2023,7,98686,3
PSE,2025,7,98032,567
PSE,2023,4,98136,1
PSE,2020,6,98252,3
PAC,2022,7,99329,3
PSE,2024,1,98273,145
Avista,2020,9,99149,2
PSE,2022,5,98922,19
NWN,2023,11,98605,0
PSE,2021,10,98056,34
PSE,2024,3,98371,38
PSE,2025,7,98283,4
NWN,2020,11,98661,7
Avista,2024,10,99137,4
PSE,2023,10,98031,105
Avista,2022,10,99016,55
PSE,2020,8,98028,11
PSE,2024,2,98144,10
Avista,2021,7,99202,86
CNG,2025,4,99362,801
CNG,2022,10,98311,1
Avista,2024,8,99113,5
PSE,2024,2,98240,10
NWN,2023,12,98610,0
PSE,2020,7,98388,1
CNG,2021,5,98584,57
CNG,2022,8,98248,35
PSE,2022,8,98155,6
PSE,2022,6,98155,7
PSE,2025,9,98373,18
Avista,2021,2,99216,62
CNG,2020,3,99337,2
Avista,2024,3,99218,137
PAC,2020,11,99329,2
CNG,2023,1,99362,8
PSE,2024,11,98006,78
PSE,2024,5,98406,1
PSE,2021,2,98105,2
PSE,2022,2,98370,43
PSE,2021,4,98101,1
PSE,2021,10,98077,3
Avista,2024,8,99032,21
PSE,2023,3,98168,9
PSE,2023,7,98039,1
NWN,2022,1,98601,0
PSE,2021,8,98109,2
Avista,2023,6,99185,4
PSE,2022,5,98424,7
Avista,2025,7,99151,33
CNG,2022,4,98221,5
PSE,2021,9,98466,12
CNG,2022,7,98550,1
PSE,2023,8,98115,5
Avista,2024,10,99019,49
PSE,2021,6,98403,2
PSE,2023,7,98168,5
PSE,2024,9,98203,3
PSE,2020,4,98166,9
PSE,2022,6,98335,5
Avista,2023,9,99344,25
PSE,2022,9,98232,2
PSE,2021,5,98374,63
NWN,2025,4,97301,0
NWN,2024,8,98674,0
Avista,2020,5,99157,2
PSE,2021,12,98110,88
CNG,2024,7,98284,151
PSE,2025,4,98292,6
PSE,2021,6,98002,185
PSE,2023,9,98373,25
PSE,2020,6,98374,70
PSE,2020,3,98946,1
Avista,2025,5,99030,80
NWN,2022,11,98660,1
PAC,2024,12,99347,42
PAC,2025,7,99361,21
PSE,2025,8,98383,64
PAC,2022,11,98938,39
CNG,2020,9,98632,1
Avista,2021,1,99005,6
PSE,2023,12,98274,28
PSE,2023,6,98370,161
PSE,2022,1,98252,2
CNG,2024,11,99344,119
PSE,2025,5,98530,5
NWN,2021,6,98610,0
PSE,2021,10,98512,56
NWN,2020,11,98762,0
PSE,2025,5,98052,292
CNG,2021,2,98248,19
Avista,2022,4,99403,112
PSE,2020,9,98022,30
NWN,2021,11,98617,0
PSE,2020,10,98229,37
PSE,2024,1,98367,25
PSE,2022,1,98232,5
PSE,2022,10,98502,103
PSE,2021,12,98146,94
PSE,2025,2,98077,10
CNG,2023,3,98223,6
Avista,2021,3,99009,17
PSE,2024,11,98284,24
PSE,2020,12,98274,34
PAC,2020,7,99350,1
PSE,2024,10,98329,1
NWN,2022,1,97301,0
Avista,2025,6,99004,300
PSE,2024,12,98513,156
PSE,2022,5,98125,3
PSE,2023,12,98443,1
PSE,2024,8,98371,188
Avista,2022,10,99403,95
NWN,2023,12,98620,0
PSE,2025,6,98439,37
CNG,2021,4,98674,2
PSE,2024,9,98418,42
PAC,2025,3,98930,431
CNG,2021,11,98942,1
CNG,2024,2,98230,78
Avista,2024,12,99179,6
Avista,2022,3,99159,14
PSE,2020,4,98118,11
Avista,2020,9,99117,4
PSE,2022,12,98115,69
NWN,2024,5,98648,0
PSE,2024,2,98407,7
Avista,2022,1,99203,36
Avista,2020,3,99018,3
PSE,2024,4,98059,100
Avista,2020,6,99403,91
PSE,2021,6,98239,10
CNG,2024,5,98932,14
PSE,2022,11,98321,12
Avista,2024,4,99029,1
Avista,2023,7,99176,1
Avista,2022,12,99001,25
Avista,2025,9,98620,120
Avista,2021,5,99122,12
NWN,2022,10,98675,0
PSE,2025,7,98045,26
PSE,2024,8,98058,126
CNG,2022,8,98229,20
PSE,2023,12,98332,1
PSE,2024,2,98576,16
Avista,2022,6,99205,317
PSE,2022,12,98264,337
PSE,2021,9,98240,14
PSE,2024,9,98236,2
Avista,2023,8,99012,2
NWN,2021,7,97031,0
CNG,2023,9,98277,11
PSE,2024,4,98030,277
PSE,2022,10,98031,125
PSE,2023,2,98418,8
CNG,2025,8,98625,9
Avista,2025,1,99102,78
NWN,2021,2,98668,0
PSE,2023,4,98274,21
PSE,2024,12,98225,248
PAC,2024,6,98951,374
NWN,2020,7,98685,5
Avista,2025,8,99036,2
PSE,2022,11,98264,33
PSE,2024,10,98034,141
PSE,2022,10,98244,3
NWN,2024,1,98628,1
PSE,2023,6,98045,42
PAC,2025,7,98938,24
Avista,2025,11,99146,6
Avista,2024,3,99037,24
CNG,2025,3,98366,555
Avista,2025,10,99205,6175
PSE,2020,11,98126,7
PSE,2023,8,98107,2
NWN,2020,3,98607,1
Avista,2023,7,99131,1
Avista,2021,8,99039,2
PSE,2022,2,98281,4
CNG,2024,7,98674,3
PAC,2024,12,98935,121
PAC,2022,10,98939,10
Avista,2024,2,99021,41
CNG,2025,8,99337,136
PSE,2020,3,98444,5
PSE,2023,4,98530,1
CNG,2023,11,98223,1
PSE,2025,2,98125,7
NWN,2024,2,98125,0
PSE,2024,1,98272,18
CNG,2020,9,98271,2
PSE,2024,1,98011,73
Avista,2021,10,99223,171
CNG,2020,6,99352,2
NWN,2022,4,97301,0
NWN,2021,2,98674,0
PSE,2023,8,98380,1
NWN,2025,6,98662,6
PAC,2023,12,98903,533
PSE,2020,4,98043,10
PSE,2023,2,98032,93
PAC,2024,8,98947,89
PSE,2024,7,98372,126
CNG,2025,5,98528,8
Avista,2023,10,99173,77
Avista,2022,2,99104,1
PSE,2021,12,98403,31
CNG,2022,4,98223,5
CNG,2023,1,98550,1
CNG,2023,1,98221,5
PSE,2022,4,98056,63
CNG,2024,8,98550,75
PSE,2020,12,98405,6
PAC,2020,5,98953,11
PSE,2024,10,98037,10
Avista,2024,8,99218,273
PSE,2021,1,98260,17
NWN,2025,9,98762,0
CNG,2021,12,98247,3
CNG,2021,11,98902,22
Avista,2020,5,99206,59
PSE,2021,5,98092,244
NWN,2023,1,98648,0
PSE,2022,1,98328,2
CNG,2025,6,98295,55
Avista,2025,9,99021,635
CNG,2024,5,98274,98
PSE,2023,5,98155,9
PSE,2021,5,98311,41
PSE,2023,5,98038,38
CNG,2023,1,98848,1
PSE,2020,3,98144,12
PSE,2024,12,98077,7
Avista,2021,3,99113,2
Avista,2021,9,99104,1
PSE,2025,8,98126,161
Avista,2020,11,99103,1
PAC,2023,12,99348,9
PSE,2020,12,98166,5
PAC,2021,1,99348,4
CNG,2021,11,98230,5
PSE,2024,12,98532,6
CNG,2023,3,97801,1
Avista,2024,4,99143,2
PSE,2025,7,98233,138
Avista,2024,7,99170,7
Avista,2022,4,99117,6
PSE,2025,2,98591,1
PSE,2020,12,98005,19
Avista,2022,10,99223,97
PAC,2020,2,98908,24
PSE,2020,9,98367,19
PSE,2021,10,98338,12
PSE,2025,2,98372,103
PAC,2022,2,99361,28
Avista,2021,2,99141,34
Avista,2025,5,99026,200
PSE,2023,4,98359,4
CNG,2024,6,99338,15
PAC,2022,12,99361,18
Avista,2025,12,99208,6335
CNG,2020,11,98247,1
PSE,2021,11,98273,131
PAC,2020,9,98903,19
Avista,2025,7,99223,3025
PAC,2021,2,99328,0
PSE,2022,3,98589,17
PSE,2025,3,98026,46
PAC,2025,7,99323,26
PSE,2020,8,98148,12
PSE,2024,10,98277,141
PSE,2021,5,98926,6
Avista,2022,7,99110,3
PSE,2023,9,98247,3
PSE,2023,10,98019,18
Avista,2021,8,99114,66
NWN,2021,6,98629,0
Avista,2022,10,99129,16
PSE,2021,7,98466,4
Avista,2023,6,99110,2
PSE,2021,12,98057,567
PSE,2020,8,98323,1
Avista,2022,4,99134,6
PSE,2022,10,98072,12
CNG,2022,6,98312,4
PSE,2023,11,98580,13
NWN,2025,7,98662,7
PSE,2020,10,98045,20
PSE,2022,12,98925,16
Avista,2025,10,99157,113
PSE,2024,10,98005,47
CNG,2024,7,98383,43
NWN,2022,5,97301,0
Avista,2024,4,99326,2
Avista,2023,8,99169,8
Avista,2021,11,99006,52
Avista,2025,4,99159,122
CNG,2025,9,98277,311
PSE,2023,4,98103,4
Avista,2024,5,99025,14
NWN,2024,4,98642,4
CNG,2020,8,99301,12
PSE,2022,6,98388,1
PSE,2022,3,98118,23
Avista,2023,11,99109,27
PSE,2024,11,98005,57
PSE,2025,3,98446,2
PSE,2024,4,98941,1
PSE,2025,9,98068,1
PSE,2024,12,98240,11
NWN,2023,5,98125,0
PAC,2025,4,99361,22
Avista,2022,2,99008,6
Avista,2023,1,99025,14
PSE,2023,1,98201,46
PSE,2024,7,98232,4
CNG,2020,5,98942,3
PSE,2020,5,98253,1
PSE,2020,5,98199,3
PSE,2023,2,98941,3
Avista,2024,12,99128,1
PSE,2022,7,98366,27
PSE,2022,8,98252,1
PSE,2022,4,98117,3
PSE,2023,4,98467,2
PSE,2024,5,98038,92
Avista,2023,3,99224,133
PSE,2023,1,98465,2
PSE,2025,2,98036,63
PSE,2024,4,98276,1
PAC,2024,2,98936,106
PSE,2025,5,98220,1
PSE,2023,7,98387,21
PSE,2025,4,98530,6
Avista,2024,11,99137,6
PSE,2020,10,98506,52
PAC,2023,8,99328,90
PSE,2023,9,98027,10
PSE,2025,6,98005,69
Avista,2024,1,99103,4
PSE,2024,1,98226,295
PSE,2024,10,98221,21
Avista,2025,11,99173,303
NWN,2025,2,98666,0
CNG,2024,10,99344,133
NWN,2024,12,98685,5
PSE,2024,1,98203,22
CNG,2021,11,98223,1
Avista,2024,9,99004,8
PSE,2021,1,98467,1
NWN,2023,1,98682,31
Avista,2021,1,99023,1
CNG,2020,7,98524,1
PSE,2021,11,98001,69
PSE,2022,9,98366,32
PSE,2021,1,98001,42
PSE,2023,8,98028,20
PSE,2024,6,98934,11
PSE,2022,4,98296,5
PSE,2021,10,98402,1
PSE,2024,8,98055,81
PSE,2021,2,98272,1
Avista,2024,8,99185,22
Avista,2022,3,99009,10
PSE,2020,8,98405,8
PSE,2023,12,98260,13
PSE,2022,12,98178,268
PAC,2021,4,98952,20
PSE,2023,7,98028,19
PSE,2024,5,98465,1
PSE,2021,4,98023,195
PSE,2021,1,98335,6
PSE,2025,7,98068,1
PSE,2023,5,98371,47
PSE,2025,8,98281,2
NWN,2022,9,98639,2
PSE,2024,3,98201,24
PSE,2025,4,98388,4
Avista,2022,1,99117,5
PAC,2023,2,99323,21
Avista,2023,10,99151,15
Avista,2022,12,99126,6
PSE,2021,12,98014,40
CNG,2021,12,98225,16
PSE,2025,4,98321,59
PAC,2020,1,99329,1
PSE,2021,2,98056,44
CNG,2022,11,98264,10
Avista,2023,3,99204,95
NWN,2021,11,98607,1
PSE,2024,11,98498,86
PAC,2025,1,99362,776
Avista,2020,5,99138,2
PSE,2021,9,98391,149
Avista,2024,8,99216,434
PAC,2021,4,98909,0
CNG,2022,3,98312,7
Avista,2023,4,99103,2
PSE,2020,4,98001,82
NWN,2024,3,98642,0
PSE,2023,1,98257,27
CNG,2022,12,98951,1
NWN,2024,8,98612,0
PSE,2023,11,98122,5
PSE,2020,8,98580,6
PSE,2025,9,98166,18
PSE,2024,2,98354,4
PSE,2020,7,98311,26
PSE,2025,6,98020,11
CNG,2024,10,98232,4
PSE,2024,10,98403,2
PSE,2025,5,98043,24
PAC,2022,5,98936,75
PSE,2020,3,98102,1
CNG,2021,6,98230,3
PSE,2024,4,98168,35
Avista,2024,11,99204,62
PSE,2022,1,98043,6
PAC,2020,12,98951,18
CNG,2022,1,98901,9
PSE,2023,8,98034,66
PSE,2021,10,98390,16
CNG,2022,5,98367,1
PSE,2023,12,98272,4
PSE,2020,8,98026,7
PSE,2024,9,98512,55
PSE,2022,12,98075,39
NWN,2024,5,98762,0
PSE,2024,8,98926,14
Avista,2021,4,99026,6
PSE,2024,11,98224,1
CNG,2024,6,98292,28
Avista,2024,1,99033,15
Avista,2021,2,99131,3
CNG,2021,11,98264,6
PSE,2025,6,98045,39
PSE,2021,1,98055,45
PSE,2023,8,98077,3
NWN,2020,5,98127,0
PSE,2022,3,98103,5
PSE,2024,10,98230,55
CNG,2022,9,98284,8
PSE,2022,3,98422,9
Avista,2025,2,99014,16
Avista,2025,1,99034,18
PSE,2024,1,98008,56
PSE,2023,3,98253,5
Avista,2023,3,99160,2
CNG,2021,2,98632,1
PSE,2024,7,98122,2
PSE,2020,5,98055,97
PSE,2025,1,98345,3
PSE,2022,10,98338,8
Avista,2020,9,99019,19
CNG,2024,6,98626,4
NWN,2021,2,98307,0
PSE,2022,1,98392,19
Avista,2021,4,99129,10
PAC,2023,11,98932,211
PSE,2023,12,98503,91
NWN,2022,12,98762,0
NWN,2020,5,98119,0
Avista,2020,5,99202,73
NWN,2021,7,98617,0
NWN,2022,5,98686,763
Avista,2022,2,99173,19
CNG,2021,4,98271,19
PSE,2020,3,98070,10
PAC,2023,4,98901,1453
Avista,2021,6,99012,3
PAC,2023,5,99360,7
PSE,2021,5,98047,33
PSE,2024,7,98424,10
PSE,2024,1,98513,98
Avista,2025,1,99146,5
PSE,2025,5,98375,108
PSE,2023,4,98516,21
CNG,2022,5,98936,1
PSE,2021,3,98418,4
PSE,2021,5,98422,17
PSE,2025,8,98199,41
PSE,2024,4,98199,5
PSE,2024,10,98387,83
Avista,2024,8,99201,416
PSE,2023,5,98284,38
PSE,2021,2,98092,159
Avista,2023,5,99159,9
PSE,2021,9,98260,26
PAC,2022,11,98951,291
NWN,2023,10,98671,0
CNG,2023,11,98271,2
CNG,2024,9,99354,38
PSE,2020,7,98340,1
PSE,2024,12,98237,28
NWN,2023,4,98664,8
PSE,2021,9,98010,30
NWN,2020,9,98127,0
PAC,2021,3,98942,8
Avista,2024,12,99206,143
Avista,2022,2,99114,94
CNG,2024,7,98837,12
CNG,2021,1,98903,5
PSE,2023,5,98403,1
Avista,2023,9,99151,2
PSE,2020,4,98199,4
PSE,2024,9,98115,34
PAC,2023,11,98938,46
Avista,2022,1,99014,1
NWN,2021,7,98628,0
PSE,2023,5,98258,12
PSE,2021,11,98033,20
Avista,2021,2,99126,8
Avista,2023,8,99371,2
NWN,2024,12,98665,12
PSE,2020,7,98274,21
PSE,2024,6,98003,241
PSE,2025,5,98392,40
PSE,2022,2,98276,4
PSE,2023,3,98354,1
Avista,2023,2,99031,3
CNG,2024,9,98674,4
Avista,2021,1,99033,10
NWN,2020,6,98642,2
Avista,2024,1,99167,5
PSE,2020,12,98226,154
PAC,2022,5,98947,72
PSE,2020,5,98011,51
PSE,2022,5,98264,40
PSE,2022,7,98391,18
Avista,2023,6,99204,14
PSE,2023,1,98007,87
NWN,2022,3,97388,0
Avista,2024,5,99001,45
PSE,2022,9,98118,11
PSE,2024,2,98042,190
PSE,2020,9,98387,15
PSE,2024,4,98405,17
PSE,2021,8,98201,11
PSE,2022,10,98249,3
CNG,2021,11,98908,1
Avista,2024,1,99206,338
PSE,2022,9,98014,3
PSE,2025,4,98249,22
Avista,2020,12,99128,1
NWN,2021,7,98604,0
PSE,2021,1,98008,27
NWN,2021,2,98661,13
Avista,2024,12,99157,2
Avista,2025,8,99204,1119
CNG,2024,9,98337,48
PSE,2021,4,98144,15
PSE,2025,1,98295,4
CNG,2023,9,98229,22
PSE,2020,10,98503,122
PAC,2024,9,98944,802
PSE,2025,9,98272,4
PAC,2023,10,98902,1665
CNG,2022,1,98277,12
Avista,2024,9,99013,18
PSE,2022,7,98237,9
PSE,2025,5,98224,2
Avista,2023,3,99021,26
PSE,2024,7,98004,36
PSE,2023,12,98226,339
PSE,2025,9,98136,7
PAC,2020,4,98953,11
PSE,2023,2,98404,18
PAC,2023,10,99329,3
Avista,2022,1,99026,5
Avista,2025,12,99207,5907
PSE,2021,5,98037,9
PSE,2021,4,98036,13
PAC,2020,7,98944,21
Avista,2022,12,99204,37
PSE,2022,3,98934,17
PAC,2021,5,98930,29
PSE,2022,12,98072,165
PSE,2020,4,98503,98
PAC,2020,1,98933,4
CNG,2023,4,98584,1
PSE,2025,7,98385,3
PAC,2025,9,98951,62
PSE,2022,7,98390,6
PSE,2023,12,98223,2
PAC,2023,4,99347,42
PAC,2022,7,99362,689
PAC,2023,5,98952,14
PSE,2023,5,98036,3
PSE,2021,4,98576,11
PAC,2025,4,99328,61
PSE,2022,12,98385,6
NWN,2022,7,98639,1
PSE,2023,12,98499,7
Avista,2024,11,99151,2
CNG,2025,8,98942,165
PSE,2020,7,98203,18
PSE,2025,6,98052,216
CNG,2024,12,98274,245
Avista,2025,7,99039,20
PSE,2025,3,98506,127
PSE,2021,10,98380,1
Avista,2025,1,99032,104
PSE,2020,6,98020,1
CNG,2024,7,98240,4
PSE,2023,7,98290,1
PAC,2023,5,98942,243
NWN,2021,1,98661,12
CNG,2025,5,98626,30
NWN,2023,12,98601,0
PSE,2021,8,98374,37
NWN,2022,9,98684,1
CNG,2022,5,98944,5
PSE,2024,4,98005,26
Avista,2025,10,99151,31
NWN,2023,8,98660,6
PAC,2022,9,98938,37
PAC,2023,10,98935,136
PSE,2024,12,98530,7
PSE,2022,7,98027,18
Avista,2023,8,99223,77
PSE,2025,5,98271,30
Avista,2024,7,99206,159
Avista,2021,6,99113,3
PSE,2024,6,98251,3
Avista,2023,1,99402,11
Avista,2022,7,99109,24
NWN,2023,5,98612,0
PSE,2020,8,98422,4
CNG,2021,4,98220,3
PSE,2021,2,98404,20
PSE,2021,7,98105,1
PSE,2020,6,98112,3
PSE,2025,7,98038,154
PSE,2025,1,98126,9
CNG,2023,2,98274,33
NWN,2023,4,98662,4
CNG,2020,7,98366,7
PSE,2020,12,98273,96
CNG,2025,5,98282,27
Avista,2020,11,99202,34
Avista,2020,4,99104,1
NWN,2022,12,98682,8
PSE,2020,9,98597,23
Avista,2020,12,99129,10
PSE,2024,11,98373,79
NWN,2024,9,98672,0
Avista,2020,12,99224,258
CNG,2025,3,99324,125
PSE,2020,8,98027,23
CNG,2025,1,98221,364
PSE,2021,9,98022,131
NWN,2020,12,98762,0
PSE,2023,7,98530,2
Avista,2025,12,99034,21
CNG,2024,10,98520,85
CNG,2021,3,98284,105
Avista,2023,10,99341,30
Avista,2023,9,99223,76
CNG,2020,5,98229,12
PSE,2021,8,98323,1
PAC,2022,9,98935,103
Avista,2022,9,99001,31
Avista,2024,10,99143,6
PSE,2023,12,98052,220
PSE,2025,9,98146,20
PAC,2020,9,98952,2
NWN,2023,9,98606,0
Avista,2021,10,99013,15
Avista,2024,2,99023,1
PSE,2023,3,98277,74
PSE,2024,5,98354,1
CNG,2021,1,99337,1
PSE,2025,8,98144,107
PAC,2023,8,98923,28
PSE,2020,9,98409,5
PSE,2023,5,98380,1
PSE,2023,12,98446,3
CNG,2022,8,98233,6
CNG,2025,2,98541,37
NWN,2024,1,98607,4
PSE,2024,2,98311,37
PSE,2023,5,98107,1
PSE,2021,3,98239,7
PSE,2025,4,98178,40
PAC,2020,8,98933,3
CNG,2024,8,98908,199
PSE,2024,7,98220,2
NWN,2024,2,97388,0
Avista,2025,9,99111,375
Avista,2022,7,99341,6
PAC,2022,4,99328,87
PAC,2024,6,98921,65
PSE,2021,5,98201,22
NWN,2020,5,98666,0
Avista,2025,3,99004,288
PAC,2023,1,98930,399
Avista,2023,10,99148,55
CNG,2020,11,98225,17
Avista,2022,11,99033,10
Avista,2023,9,99125,2
PSE,2025,2,98284,126
CNG,2023,8,98801,2
NWN,2023,1,98610,8
PAC,2024,7,98947,92
Avista,2023,10,99023,1
PSE,2021,12,98374,608
CNG,2023,5,98271,3
PSE,2022,7,98229,72
CNG,2022,4,98584,2
PSE,2024,2,98001,171
PSE,2025,9,98335,4
Avista,2023,1,99101,6
CNG,2023,10,98908,1
PSE,2023,12,98589,12
PSE,2024,8,98232,8
Avista,2023,8,99008,1
PSE,2025,1,98024,18
PSE,2024,3,98244,13
CNG,2021,6,98292,1
PSE,2024,10,98126,4
PAC,2024,4,98938,52
CNG,2021,5,97801,1
PSE,2020,11,98274,12
PSE,2021,5,98310,79
NWN,2022,2,98665,5
Avista,2022,9,99013,21
Avista,2024,2,99171,23
NWN,2023,5,98671,5
PSE,2025,3,98045,26
NWN,2020,3,98675,0
PSE,2021,7,98133,1
NWN,2021,11,97388,0
NWN,2023,8,98762,0
PSE,2021,3,98007,82
PSE,2021,3,98024,2
Avista,2022,5,99003,13
Avista,2021,9,99018,1
PSE,2021,7,98001,95
CNG,2024,6,98563,10
PSE,2025,1,98248,190
Avista,2024,2,99224,152
PSE,2022,4,98446,2
PSE,2025,8,98502,182
PAC,2020,11,98938,7
CNG,2021,4,98244,2
PSE,2024,5,98342,16
Avista,2025,4,99037,367
PSE,2023,8,98375,32
NWN,2021,10,98639,0
PSE,2020,3,98030,106
PSE,2020,3,98007,49
CNG,2023,2,99352,4
Avista,2022,10,99005,9
PSE,2025,7,98260,18
PSE,2025,1,98267,3
PSE,2022,1,98037,12
Avista,2021,4,99102,4
PSE,2020,10,98258,10
PSE,2025,5,98260,18
CNG,2020,10,99336,1
Avista,2024,11,99037,16
PSE,2023,8,98204,8
PSE,2021,4,98102,3
PSE,2023,12,98198,121
PAC,2024,9,99361,16
Avista,2022,11,99212,169
PSE,2023,6,98373,139
CNG,2023,12,98944,18
PSE,2021,3,98252,1
Avista,2020,5,99212,60
Avista,2022,12,99167,5
PSE,2025,5,98396,6
Avista,2021,1,99022,7
PSE,2021,2,98257,19
PSE,2023,12,98036,10
NWN,2025,2,98610,1
CNG,2025,6,98292,160
PSE,2025,9,98002,106
PSE,2022,8,98059,20
PSE,2024,8,98029,57
Avista,2025,9,99102,85
Avista,2025,11,99023,5
PSE,2023,2,98109,2
PSE,2024,4,98244,12
Avista,2025,4,99208,6196
CNG,2024,8,98632,8
PSE,2020,8,98225,70
PSE,2020,10,98274,19
PSE,2022,4,98028,25
CNG,2023,9,98233,2
PSE,2022,3,98052,61
PSE,2022,3,98360,20
PSE,2025,5,98240,7
PSE,2021,10,98371,30
Avista,2022,5,99169,12
PSE,2023,12,98267,1
PSE,2025,1,98388,9
PSE,2022,4,98043,2
Avista,2023,5,99109,19
PSE,2020,4,98392,22
PSE,2022,11,98502,120
PSE,2025,3,98312,127
CNG,2022,2,98953,1
NWN,2024,12,98671,5
PAC,2025,6,98930,172
PSE,2023,10,98392,27
NWN,2021,6,98635,0
NWN,2023,3,98606,0
NWN,2020,11,98629,0
NWN,2020,5,98208,0
PSE,2024,10,98934,5
Avista,2023,12,99032,11
CNG,2020,6,99324,3
CNG,2023,8,98948,4
PSE,2022,12,98373,473
Avista,2025,2,99403,2267
Avista,2023,8,99113,4
Avista,2021,10,99029,6
Avista,2023,8,99031,2
PSE,2021,11,98445,9
PSE,2021,8,98006,14
CNG,2025,4,98848,2
PSE,2020,8,98177,5
Avista,2022,2,99019,38
PSE,2020,8,98404,11
CNG,2023,5,98264,13
PSE,2022,6,98367,10
CNG,2025,9,98225,669
PSE,2022,11,98037,2
NWN,2021,2,98684,8
CNG,2025,1,98257,50
Avista,2022,1,99158,8
Avista,2024,11,99217,94
CNG,2022,11,98902,34
PAC,2022,3,98953,103
PSE,2025,3,98422,16
Avista,2025,10,99026,209
Avista,2022,5,99402,5
PSE,2022,6,98405,15
NWN,2022,5,98626,0
PSE,2025,7,98589,14
PSE,2023,11,98155,25
PSE,2024,4,98370,114
Avista,2025,8,99161,139
PSE,2025,8,98424,10
Avista,2022,10,99157,3
PSE,2025,4,98532,11
NWN,2024,6,98604,2
PSE,2021,2,98276,2
PSE,2025,9,98252,1
NWN,2022,5,98617,0
PSE,2021,11,98023,69
NWN,2021,11,98672,0
PSE,2020,12,98310,19
NWN,2021,5,97031,0
NWN,2024,2,98642,3
PSE,2024,3,98248,94
CNG,2020,11,98848,0
CNG,2020,11,98248,11
PSE,2021,8,98926,3
PAC,2023,3,98935,121
PSE,2022,11,98223,1
PSE,2021,6,98359,8
PSE,2023,9,98354,2
CNG,2025,4,98273,569
PSE,2022,6,98023,94
PSE,2023,3,98409,5
NWN,2020,9,98663,1
PSE,2024,4,98012,16
NWN,2023,11,98661,6
PSE,2020,11,98125,1
NWN,2022,3,98635,0
Avista,2023,2,99030,6
PSE,2022,8,98249,11
PSE,2024,6,98323,4
PSE,2025,2,98596,1
CNG,2022,2,99301,5
PAC,2023,1,99361,23
PSE,2022,7,98038,10
Avista,2022,9,99205,217
PSE,2023,4,98387,23
Avista,2024,11,99159,6
Avista,2021,10,99019,55
PSE,2024,10,98264,54
Avista,2025,3,99158,62
Avista,2024,10,99117,3
PSE,2023,4,98022,33
PSE,2022,7,98418,6
CNG,2025,6,99323,11
NWN,2021,4,98642,4
PSE,2020,6,98360,19
NWN,2021,4,98648,0
PSE,2020,9,98011,4
Avista,2025,2,99161,131
Avista,2022,11,99203,70
NWN,2022,2,98661,8
PSE,2024,5,98375,58
PSE,2021,11,98065,2
CNG,2020,11,98930,7
PAC,2025,2,99347,42
PSE,2022,2,98026,16
PAC,2022,12,99360,5
Avista,2022,12,99205,234
CNG,2024,9,98232,3
PAC,2020,4,98937,8
NWN,2025,7,98665,5
PSE,2021,9,98208,33
Avista,2025,3,98648,40
Avista,2024,7,99205,471
CNG,2023,6,98264,9
PSE,2020,5,98021,11
PSE,2025,8,98237,37
PSE,2021,5,98501,109
Avista,2025,5,99031,44
NWN,2022,7,98682,2
PSE,2022,4,98338,15
PSE,2021,6,98408,10
Avista,2024,4,99203,85
PSE,2021,4,98396,4
CNG,2024,12,99301,584
PAC,2025,6,98923,22
Avista,2025,6,99003,255
CNG,2024,8,98276,20
PSE,2020,12,98260,22
Avista,2024,7,99109,24
NWN,2022,10,98762,0
Avista,2024,5,99030,10
Avista,2022,2,99005,18
Avista,2021,2,99205,226
CNG,2025,9,98951,72
NWN,2022,12,98663,5
PSE,2021,7,98367,19
PSE,2025,5,98328,1
PAC,2023,7,98935,138
Avista,2022,9,99218,61
Avista,2022,8,99138,36
Avista,2021,5,99031,2
Avista,2023,10,99003,61
PSE,2020,5,98374,108
PSE,2024,1,98248,94
Avista,2021,7,99204,19
Avista,2025,3,99131,21
NWN,2020,6,98686,5
CNG,2021,4,99362,186
Avista,2025,4,99158,61
CNG,2025,7,98248,558
PSE,2022,10,98310,22
Avista,2024,3,99167,4
Avista,2022,4,99013,25
PSE,2021,9,98108,71
Avista,2023,12,99218,155
PSE,2023,8,98178,5
Avista,2022,8,99158,9
PSE,2022,8,98264,24
Avista,2023,2,99171,7
CNG,2021,6,98550,1
PAC,2023,11,99350,2
PSE,2021,4,98247,28
CNG,2021,3,98367,12
PSE,2022,8,98166,3
PSE,2023,11,98208,23
CNG,2023,5,98312,2
PSE,2023,12,98266,32
PSE,2025,2,98116,4
Avista,2023,10,99212,745
PSE,2023,12,98237,23
Avista,2023,11,99341,4
PSE,2020,12,98030,141
PSE,2021,12,98370,238
CNG,2024,2,98837,9
PSE,2024,1,98943,14
PSE,2020,3,98105,1
PSE,2025,5,98024,15
PAC,2021,2,98951,39
PSE,2025,5,98007,189
Avista,2020,6,99341,3
PSE,2022,1,98244,8
PSE,2021,10,98396,1
CNG,2025,8,98528,8
PSE,2020,6,98332,4
PSE,2025,3,98022,89
PSE,2022,4,98284,85
PSE,2023,9,98030,113
PSE,2025,7,98503,149
CNG,2024,10,98264,215
Avista,2020,7,99148,14
PSE,2022,11,98273,154
NWN,2023,5,98661,16
PSE,2022,11,98112,3
CNG,2022,11,98932,5
Avista,2022,8,99109,29
PSE,2021,5,98922,19
Avista,2021,2,99163,41
NWN,2023,5,98672,1
PAC,2021,2,98923,1
PSE,2022,7,98036,6
PAC,2020,1,98938,8
PSE,2025,2,98503,330
PSE,2021,1,98383,6
PSE,2023,5,98406,5
PAC,2020,5,98938,8
CNG,2022,9,98295,1
PSE,2025,6,98178,26
CNG,2021,1,98837,1
NWN,2021,6,98605,0
PSE,2023,3,98383,3
PSE,2024,5,98941,3
PSE,2025,8,98274,64
PSE,2025,1,98021,20
NWN,2022,8,98119,0
PSE,2024,11,98266,74
Avista,2020,12,99161,3
PSE,2020,8,98465,1
Avista,2023,5,99202,53
PSE,2024,2,98503,135
PSE,2021,6,98337,18
PAC,2021,5,98901,108
CNG,2025,9,98848,2
Avista,2020,7,99179,3
PSE,2021,10,98201,3
PSE,2025,8,98934,8
PSE,2023,5,98024,4
PSE,2021,8,98239,9
PSE,2024,11,98087,23
Avista,2025,11,99034,21
PSE,2022,2,98372,60
PSE,2022,5,98022,45
PAC,2023,2,98939,11
PAC,2024,5,98930,464
PAC,2024,11,99347,43
PSE,2022,4,98110,9
NWN,2022,11,98604,0
PSE,2021,9,98345,2
PSE,2021,2,98467,2
Avista,2025,9,99130,102
CNG,2022,4,98247,8
Avista,2021,11,99014,0
PSE,2021,8,98277,77
PSE,2023,6,98263,4
CNG,2022,1,99350,1
PSE,2023,11,98498,70
CNG,2020,10,98345,0
PSE,2023,1,98255,1
PSE,2020,9,98075,4
Avista,2024,1,99111,34
PAC,2023,7,98932,214
PSE,2020,11,98372,29
PSE,2020,5,98503,129
PSE,2024,4,98225,158
PSE,2022,3,98034,66
PSE,2023,6,98104,2
PAC,2020,3,98921,9
Avista,2022,8,99012,3
PSE,2025,7,98001,313
PSE,2020,3,98257,8
PSE,2020,7,98290,1
Avista,2020,7,99207,194
CNG,2023,2,98370,1
Avista,2025,11,99158,60
PSE,2021,6,98148,16
Avista,2024,10,99402,9
CNG,2023,9,98942,1
PSE,2021,10,98042,21
Avista,2024,4,99403,120
PAC,2024,8,98932,204
CNG,2024,7,98584,72
PSE,2024,8,98532,1
PAC,2025,4,99362,539
PAC,2023,8,98903,563
PSE,2021,6,98229,66
NWN,2021,8,98686,0
PAC,2024,4,98947,103
CNG,2025,6,99344,229
PSE,2022,10,98070,20
CNG,2020,10,98801,1
PAC,2025,3,98921,57
PAC,2020,3,98938,9
CNG,2024,2,99350,2
CNG,2025,8,98524,4
CNG,2025,5,98310,512
PSE,2024,3,98053,21
Avista,2023,12,99003,22
PSE,2025,8,98576,29
PSE,2022,5,98253,4
PSE,2021,7,98026,5
Avista,2025,9,99173,290
PAC,2025,9,99324,65
CNG,2021,2,98953,1
PSE,2020,9,98388,3
NWN,2025,6,98629,1
PSE,2022,4,98033,24
PAC,2022,11,99350,2
PSE,2025,9,98941,1
Avista,2023,9,99138,1
NWN,2023,11,98665,1
CNG,2020,5,98550,7
Avista,2021,8,99170,6
NWN,2021,4,97301,0
NWN,2025,2,98125,0
NWN,2021,8,98604,1
NWN,2023,10,98605,0
PSE,2025,3,98591,1
CNG,2025,1,98230,352
CNG,2020,11,98264,4
PSE,2020,8,98029,20
PSE,2021,7,98346,15
PSE,2023,2,98392,36
PSE,2025,8,98122,90
PSE,2023,11,98373,46
PSE,2021,7,98144,2
Avista,2022,12,99013,4
PSE,2024,9,98003,34
PAC,2025,9,98950,1
PSE,2022,5,98058,52
PSE,2021,9,98178,31
PSE,2022,5,98277,65
PSE,2025,4,98283,6
CNG,2024,5,98312,134
PSE,2023,5,98257,8
PSE,2020,4,98311,46
CNG,2023,8,98273,22
Avista,2021,2,99030,4
NWN,2025,1,98662,10
PSE,2023,3,98499,7
Avista,2021,7,99148,8
PSE,2023,6,98037,65
Avista,2023,5,99005,11
PSE,2020,3,98237,7
PSE,2023,5,98229,90
CNG,2020,6,98312,12
PSE,2021,6,98051,5
PAC,2022,9,99361,17
Avista,2020,4,99148,8
PSE,2024,10,98045,31
PSE,2021,7,98446,2
PSE,2022,3,98532,1
PSE,2021,2,98366,28
PSE,2020,3,98502,91
PSE,2025,7,98125,49
CNG,2025,3,98223,401
Avista,2021,10,99204,37
PSE,2024,8,98103,8
PSE,2023,3,98039,1
CNG,2020,3,99354,2
PSE,2024,11,98402,1
PSE,2022,12,98052,531
PSE,2023,3,98108,40
Avista,2023,2,99223,183
Avista,2023,11,99013,20
PSE,2020,8,98058,46
CNG,2025,6,98225,701
PSE,2020,9,98002,119
PAC,2024,1,99362,849
PAC,2023,2,98902,1872
PSE,2020,12,98037,5
PSE,2024,9,98257,59
PAC,2025,9,98942,418
CNG,2020,3,98848,0
PAC,2020,7,98901,26
PSE,2020,11,98576,10
PSE,2022,1,98407,7
PSE,2025,6,98516,106
CNG,2021,4,98230,70
CNG,2024,8,99324,52
Avista,2024,2,99163,241
PSE,2023,1,98226,127
PSE,2025,2,98050,1
NWN,2020,9,98639,0
PSE,2025,7,98072,49
Avista,2025,10,99018,34
CNG,2021,2,98229,17
PSE,2020,8,98372,30
NWN,2020,10,98668,0
PSE,2025,3,98512,185
NWN,2025,7,98671,2
Avista,2025,11,99203,1545
PAC,2022,11,98952,6
PSE,2022,8,98321,14
Avista,2021,4,99201,141
PSE,2022,10,98506,36
Avista,2024,7,99101,15
PSE,2021,8,98133,3
PSE,2025,3,98327,4
Avista,2022,9,99008,2
PSE,2020,5,98003,338
PSE,2023,2,98075,5
PSE,2021,9,98467,9
Avista,2025,8,99217,2384
NWN,2022,10,98628,0
PSE,2025,4,98237,58
PSE,2023,4,98074,7
Avista,2022,11,99013,3
PSE,2022,8,98029,27
PSE,2022,2,98122,22
PSE,2020,5,98136,5
PSE,2025,7,98077,16
CNG,2024,12,98257,46
PSE,2021,7,98021,4
PSE,2022,9,98388,3
PSE,2022,9,98022,27
CNG,2024,6,98240,3
PAC,2022,12,98938,38
NWN,2021,6,98665,11
NWN,2025,1,98664,8
CNG,2021,4,98550,34
NWN,2022,4,98661,905
PSE,2022,10,98498,19
PSE,2020,4,98104,1
PSE,2020,4,98424,6
Avista,2024,11,99032,5
PSE,2021,6,98240,3
PSE,2022,4,98037,6
PAC,2022,7,98948,371
Avista,2024,8,99174,2
PSE,2024,8,98260,7
PSE,2023,5,98443,3
CNG,2020,10,98232,0
CNG,2023,11,98226,1
PSE,2024,5,98033,50
PAC,2024,2,99347,36
Avista,2025,10,99012,98
NWN,2024,2,98208,0
NWN,2020,12,98642,2
CNG,2023,12,98310,1
NWN,2023,2,98605,1
NWN,2022,4,98629,246
NWN,2024,7,98605,0
Avista,2022,5,99039,4
PSE,2020,3,98359,8
PSE,2024,5,98499,9
PSE,2021,3,98029,38
PAC,2025,3,98936,81
PSE,2020,4,98059,59
CNG,2024,8,98528,4
NWN,2025,3,97031,0
Avista,2025,12,99008,56
CNG,2024,12,98563,31
PSE,2023,2,98465,1
CNG,2024,7,98276,19
PAC,2020,1,98908,24
Avista,2022,11,99130,10
PSE,2024,12,98503,252
NWN,2023,2,98628,0
Avista,2021,12,99146,0
CNG,2021,2,99324,6
Avista,2025,4,99003,255
Avista,2024,6,99004,8
PSE,2021,12,98445,136
Avista,2025,8,99207,5419
PSE,2021,5,98272,4
NWN,2022,11,98639,0
Avista,2021,1,99161,4
PSE,2024,3,98275,9
Avista,2024,6,99018,1
Avista,2023,6,99341,2
PSE,2024,7,98055,82
NWN,2020,4,98026,0
PAC,2023,5,99347,43
PSE,2020,5,98367,43
PSE,2024,8,98045,13
NWN,2024,9,98671,1
PSE,2021,6,98444,5
Avista,2020,4,99008,4
PSE,2024,3,98312,84
PSE,2022,1,98006,47
Avista,2023,3,99201,231
Avista,2020,8,99148,11
PSE,2023,9,98258,6
PSE,2022,10,98445,6
PSE,2022,11,98006,24
Avista,2022,12,99033,11
PSE,2024,6,98065,14
CNG,2021,3,98248,91
PSE,2025,5,98014,28
Avista,2023,10,99031,17
PSE,2022,4,98010,12
PSE,2025,9,98270,26
Avista,2022,5,99223,181
PSE,2025,7,98443,5
Avista,2022,10,99114,78
Avista,2024,5,99151,3
Avista,2023,8,99029,4
Avista,2023,4,99109,16
Avista,2020,5,99009,2
PSE,2022,9,98284,20
PSE,2022,1,98026,4
PSE,2021,9,98370,78
PSE,2025,3,98445,29
PAC,2020,5,99328,18
Avista,2025,2,99158,61
PSE,2024,9,98026,3
CNG,2024,4,98221,97
CNG,2024,1,98225,238
NWN,2023,11,98662,4
PSE,2021,7,98342,5
PSE,2021,11,98371,30
NWN,2024,5,98601,0
NWN,2022,5,98662,1191
PSE,2024,9,98136,16
CNG,2020,6,99336,2
NWN,2020,7,98026,0
PSE,2024,5,98251,2
NWN,2021,6,98127,0
NWN,2020,8,98601,0
Avista,2021,7,99029,2
Avista,2024,12,99040,5
Avista,2021,6,99169,7
NWN,2023,12,98665,17
Avista,2025,12,99159,121
PAC,2022,1,99361,28
PSE,2024,7,98439,34
PAC,2023,12,99328,99
NWN,2021,12,98682,7
Avista,2020,9,99021,6
PSE,2021,1,98005,11
Avista,2021,5,99371,2
PSE,2025,7,98024,8
Avista,2020,9,99003,4
PAC,2023,7,98938,50
CNG,2024,8,98837,16
CNG,2023,5,98584,12
NWN,2023,7,98610,0
PSE,2021,9,98342,6
PSE,2024,4,98204,15
NWN,2020,9,98626,0
PSE,2025,2,98223,1
PSE,2024,11,98444,17
PSE,2021,2,98007,81
PSE,2023,3,98281,4
Avista,2021,1,99012,2
Avista,2022,5,99212,121
PAC,2020,1,99360,1
Avista,2023,10,99207,2120
Avista,2022,6,99201,149
Avista,2021,2,99001,19
PSE,2021,2,98121,2
CNG,2025,3,99362,760
PSE,2024,9,98006,5
Avista,2024,1,99006,90
Avista,2020,7,99037,3
PAC,2023,2,98908,582
Avista,2022,9,99151,2
Avista,2022,11,99371,4
PSE,2024,8,98053,28
PAC,2025,8,99328,45
Avista,2025,7,99029,107
PAC,2020,5,99363,2
CNG,2022,4,98277,18
Avista,2020,6,99173,10
NWN,2021,1,98682,26
PSE,2021,12,98101,9
PSE,2025,1,98102,4
CNG,2021,4,98233,65
CNG,2025,8,98220,14
PAC,2022,5,99323,19
PSE,2024,1,98392,32
Avista,2021,3,99167,3
PSE,2023,9,98294,2
NWN,2021,1,98119,0
Avista,2021,7,99170,3
PSE,2020,6,98532,2
PSE,2023,3,98031,132
PSE,2023,8,98166,7
PSE,2021,12,98039,2
NWN,2024,6,98605,0
PSE,2021,1,98273,72
NWN,2023,7,98672,0
PSE,2023,11,98597,103
PSE,2023,4,98266,20
PSE,2023,4,98030,123
PSE,2025,3,98926,28
PSE,2024,10,98392,19
PSE,2022,10,98312,30
NWN,2021,5,98127,0
NWN,2021,8,98642,1
PSE,2023,7,98144,4
Avista,2025,6,99026,201
Avista,2022,1,99103,5
NWN,2023,6,98684,7
CNG,2024,3,98311,61
PSE,2020,7,98019,9
PSE,2024,10,98027,88
Avista,2024,3,99001,56
PSE,2020,6,98023,236
PSE,2024,4,98392,36
PAC,2020,1,99361,8
Avista,2022,6,99173,15
Avista,2023,12,99202,294
PSE,2023,4,98926,5
CNG,2020,10,98550,3
CNG,2020,7,98932,1
PAC,2024,2,99328,108
Avista,2024,11,99203,49
CNG,2025,1,98942,141
PSE,2024,1,98007,138
PSE,2020,8,98070,11
NWN,2022,10,98685,0
Avista,2025,4,99126,147
Avista,2023,8,99026,6
NWN,2021,3,98626,0
PSE,2024,4,98503,198
CNG,2023,7,98942,1
PSE,2025,3,98499,15
PSE,2020,7,98045,5
NWN,2021,1,98671,7
PSE,2021,1,98105,4
PAC,2022,2,99362,1032
NWN,2023,5,98662,15
PSE,2021,6,98579,19
PSE,2025,8,98506,68
PSE,2024,3,98034,89
PAC,2020,3,99328,19
PAC,2021,1,99324,13
PSE,2022,12,98221,209
PSE,2022,11,98421,1
Avista,2025,10,99111,393
PSE,2020,8,98030,72
PSE,2025,7,98262,3
PSE,2020,3,98328,2
CNG,2024,10,98932,18
CNG,2020,8,99353,0
PSE,2021,1,98249,9
PSE,2021,5,98443,2
PAC,2024,12,99324,118
PSE,2022,3,98116,2
Avista,2025,8,99008,34
Avista,2021,4,99018,3
CNG,2020,6,98276,3
PSE,2021,8,98055,60
Avista,2022,3,99403,136
PAC,2021,3,98923,3
NWN,2020,12,98629,1
Avista,2022,11,99018,5
PSE,2025,3,98126,8
NWN,2022,8,98660,10
Avista,2025,8,99179,47
CNG,2020,6,98221,9
CNG,2022,10,98225,24
PSE,2023,5,98335,5
PSE,2022,4,98105,2
PSE,2024,12,98004,49
PSE,2024,6,98946,3
CNG,2024,1,98801,15
Avista,2020,11,99005,6
PSE,2023,11,98257,16
PSE,2022,12,98387,384
NWN,2025,5,98628,0
PSE,2023,9,98103,3
PSE,2021,6,98056,62
PSE,2022,12,98027,338
PSE,2023,2,98031,78
PSE,2023,5,98087,9
CNG,2020,10,99353,0
PSE,2022,4,98133,8
PSE,2024,8,98021,15
PSE,2020,10,98310,22
PSE,2023,4,98032,108
PSE,2021,11,98101,1
PSE,2020,10,98337,10
Avista,2025,8,99371,37
PSE,2020,5,98146,19
PSE,2021,2,98271,6
Avista,2025,8,99148,321
CNG,2022,1,98902,26
PSE,2023,9,98375,18
NWN,2022,5,98683,1050
PAC,2022,4,99360,5
PSE,2020,7,98229,60
PSE,2020,4,98055,55
PSE,2022,4,98006,39
NWN,2024,4,98674,0
NWN,2025,1,98604,6
Avista,2023,1,99125,19
Avista,2022,5,99204,49
Avista,2020,7,99104,1
PSE,2021,2,98294,1
CNG,2020,4,98229,8
PSE,2022,11,98249,5
Avista,2020,8,99111,12
PSE,2023,5,98188,46
Avista,2025,11,99004,298
Avista,2021,9,99101,3
PAC,2024,4,98932,225
NWN,2021,9,98661,4
CNG,2020,8,99337,1
CNG,2020,7,98282,0
Avista,2021,8,99009,4
CNG,2020,9,99323,0
PSE,2022,8,98232,3
NWN,2024,3,98629,0
PSE,2024,6,98103,5
Avista,2020,11,99126,5
PAC,2025,3,99329,3
CNG,2024,6,99336,76
Avista,2022,6,99128,2
PSE,2023,7,98109,2
PSE,2024,4,98237,35
CNG,2020,4,98802,0
PSE,2025,9,98027,5
CNG,2020,3,98930,10
Avista,2022,5,99143,3
CNG,2020,10,98276,4
PSE,2023,7,98512,42
PSE,2020,10,98390,24
PSE,2023,2,98372,17
PSE,2024,11,98201,24
PAC,2020,3,98947,9
NWN,2025,9,98639,0
CNG,2024,8,98902,601
CNG,2024,12,98312,381
Avista,2020,11,99113,1
CNG,2025,1,98282,26
Avista,2023,7,99138,1
PSE,2020,12,98108,28
Avista,2020,7,99163,62
PSE,2025,1,98946,6
PSE,2021,3,98258,5
CNG,2023,5,98930,2
PSE,2022,11,98221,23
PSE,2024,10,98253,8
PSE,2023,12,98002,202
PSE,2020,12,98004,32
PSE,2020,4,98943,1
PSE,2025,6,98010,29
CNG,2022,1,98223,3
Avista,2020,7,99004,2
PSE,2020,7,98367,19
PAC,2023,1,99363,3
PSE,2021,11,98258,9
PSE,2025,7,98388,4
Avista,2020,12,99004,57
PAC,2021,4,99363,2
Avista,2020,7,99122,8
PSE,2021,1,98166,6
NWN,2025,2,98642,1
PSE,2021,8,98409,13
Avista,2022,2,99110,10
PSE,2022,9,98589,4
PSE,2025,5,98277,157
CNG,2024,7,99362,264
Avista,2025,10,99141,815
PSE,2020,8,98502,95
CNG,2021,5,98942,23
CNG,2023,7,98220,1
PSE,2023,1,98109,3
PSE,2021,5,98003,466
CNG,2025,8,98230,424
NWN,2025,1,98612,0
PSE,2021,2,98342,4
CNG,2023,2,98225,62
PSE,2024,3,98946,5
CNG,2025,9,98292,166
NWN,2021,8,98626,0
Avista,2021,1,99004,2
PSE,2024,1,98941,11
Avista,2023,6,99181,5
PSE,2022,11,98051,1
PSE,2022,7,98327,1
Avista,2020,11,99403,69
PSE,2023,10,98229,71
PSE,2023,4,98166,6
PSE,2022,10,98177,1
NWN,2022,9,98685,0
PSE,2024,12,98335,26
CNG,2022,1,98229,14
PSE,2021,12,98345,5
PSE,2023,10,98109,1
Avista,2021,10,99157,9
PSE,2021,2,98934,11
CNG,2022,7,98930,3
NWN,2021,8,98662,6
NWN,2025,7,98685,4
CNG,2024,6,99352,39
PSE,2022,3,98332,1
PSE,2024,6,98274,63
CNG,2020,7,98584,8
CNG,2020,7,98367,1
Avista,2023,5,99021,14
PSE,2024,8,98597,69
Avista,2023,2,99020,1
PSE,2021,1,98283,2
PSE,2024,9,98119,11
NWN,2020,7,98686,1
PSE,2021,6,98007,99
CNG,2025,5,98244,5
PSE,2025,5,98580,24
PSE,2023,8,98580,8
PAC,2024,3,99347,39
Avista,2021,10,99176,3
PSE,2024,3,98051,7
PSE,2023,6,98122,94
CNG,2021,5,98282,2
CNG,2025,6,98233,343
PSE,2024,3,98465,2
PSE,2020,4,98072,20
PSE,2022,1,98178,17
Avista,2020,7,99141,23
PSE,2022,2,98366,58
NWN,2025,4,98620,0
PSE,2025,1,98055,117
PSE,2021,8,98332,1
PSE,2020,11,98012,9
PSE,2021,12,98125,75
Avista,2023,10,99141,222
PSE,2025,8,98360,35
PSE,2023,12,98022,39
PSE,2021,9,98424,14
PSE,2022,8,98178,6
Avista,2022,2,99171,6
CNG,2025,9,98625,10
PSE,2022,12,98380,64
PSE,2021,2,98576,11
NWN,2022,3,98663,3
CNG,2025,6,98366,580
CNG,2025,5,98271,101
PSE,2023,8,98404,5
Avista,2022,8,99185,10
PAC,2022,9,99363,3
Avista,2024,1,99141,76
PSE,2024,8,98390,103
PAC,2020,10,98944,24
Avista,2023,9,99402,2
PSE,2025,1,98110,56
Avista,2024,6,99202,155
NWN,2022,3,98660,1
PSE,2023,7,98371,26
PSE,2024,1,98056,94
PSE,2022,10,98029,28
PAC,2022,4,98901,1041
PSE,2025,1,98040,46
PSE,2024,3,98224,2
CNG,2023,10,98292,1
CNG,2025,5,99362,772
CNG,2020,5,98282,1
Avista,2021,11,99021,23
NWN,2024,2,98665,9
PSE,2020,3,98034,28
PSE,2025,4,98252,12
CNG,2023,3,98944,17
PSE,2023,9,98045,2
Avista,2021,7,99201,60
CNG,2022,11,98284,4
CNG,2023,3,99350,3
Avista,2021,10,99174,0
Avista,2025,9,99208,4557
PSE,2025,6,98295,4
CNG,2024,2,98370,11
PSE,2022,1,98925,3
PSE,2024,12,98031,153
PSE,2021,4,98422,4
PSE,2021,4,98403,1
Avista,2023,6,99371,2
CNG,2025,5,98370,127
Avista,2023,2,99110,6
PSE,2024,11,98467,4
PSE,2021,8,98443,2
NWN,2025,1,98672,0
NWN,2025,8,98662,8
PSE,2022,8,98233,19
Avista,2025,9,99151,30
PSE,2021,8,98248,49
CNG,2025,1,98232,8
CNG,2024,10,98240,4
Avista,2024,4,99141,25
PSE,2023,6,98338,65
Avista,2023,4,99101,1
PSE,2021,2,98236,5
PSE,2024,6,98072,10
Avista,2025,4,99113,33
PSE,2024,8,98027,51
Avista,2021,12,98648,1
Avista,2021,4,99134,9
NWN,2020,4,98601,0
PSE,2023,6,98034,265
CNG,2022,1,98310,6
CNG,2024,5,98383,39
Avista,2025,4,99176,10
PSE,2024,5,98230,33
Avista,2022,11,99344,62
NWN,2021,2,98675,0
PSE,2022,5,98103,1
Avista,2021,10,99149,6
PSE,2020,10,98276,4
PSE,2022,9,98360,9
PSE,2020,7,98233,33
PSE,2024,4,98230,29
PSE,2024,12,98580,32
NWN,2021,8,98629,0
PSE,2022,11,98230,17
Avista,2021,2,99018,4
CNG,2024,7,98932,16
PSE,2024,12,98940,4
PAC,2023,5,98908,665
PSE,2020,12,98042,60
PSE,2020,5,98107,2
PSE,2024,10,98042,144
PSE,2021,11,98148,23
Avista,2023,6,99217,54
PSE,2023,3,98053,16
PSE,2020,9,98007,60
PSE,2021,6,98934,1
Avista,2024,11,99040,4
PSE,2021,11,98166,3
PSE,2020,10,98284,72
Avista,2021,3,99004,2
Avista,2021,4,99371,2
Avista,2024,12,99341,10
Avista,2023,7,99148,9
PSE,2024,9,98087,6
PSE,2024,5,98283,3
CNG,2022,8,99338,1
PSE,2024,1,98237,43
PAC,2020,11,98952,0
CNG,2022,2,98223,5
PSE,2024,4,98589,32
PSE,2025,1,98029,165
PSE,2021,1,98225,102
PSE,2020,9,98006,23
PSE,2021,3,98253,1
PSE,2022,4,98335,7
PAC,2020,5,99348,3
PSE,2024,5,98226,203
Avista,2025,8,99113,32
Avista,2022,1,99126,10
NWN,2025,6,98665,9
PSE,2021,1,98021,1
PSE,2022,1,98940,2
Avista,2022,2,99129,11
Avista,2021,2,99371,1
PSE,2021,12,98424,35
PSE,2024,3,98266,53
NWN,2024,5,98620,0
PSE,2020,12,98038,27
PSE,2021,10,98373,21
Avista,2024,1,99023,1
PSE,2020,10,98499,23
PSE,2024,1,98087,29
Avista,2023,8,99171,5
CNG,2020,12,99324,4
PSE,2020,6,98290,1
Avista,2021,7,99005,8
CNG,2022,12,98233,7
PSE,2024,10,98404,42
CNG,2021,6,98226,10
PSE,2025,7,98312,237
NWN,2021,2,98666,0
PSE,2022,8,98366,30
Avista,2021,5,99130,2
PSE,2021,8,98116,2
PSE,2021,11,98011,41
Avista,2025,7,99006,861
PSE,2022,1,98580,14
Avista,2024,4,99003,14
PSE,2020,9,98276,6
Avista,2024,10,99212,136
Avista,2022,9,99126,5
CNG,2024,8,98312,120
CNG,2021,2,99352,6
Avista,2024,8,99012,18
PSE,2020,7,98589,15
PSE,2023,8,98337,6
NWN,2024,6,98601,0
PSE,2025,9,98030,76
CNG,2024,12,98848,1
Avista,2024,2,99001,38
PSE,2024,4,98087,15
PSE,2022,10,98267,11
Avista,2021,11,99216,101
Avista,2025,2,99013,282
CNG,2021,10,98221,5
PAC,2025,4,99363,7
NWN,2022,12,98612,0
NWN,2021,12,98664,3
Avista,2021,1,99109,26
PSE,2021,8,98342,1
Avista,2022,11,99005,16
PSE,2021,6,98058,94
PSE,2021,10,98045,25
CNG,2024,12,98674,13
CNG,2024,10,98311,111
PSE,2022,12,98117,80
CNG,2025,5,98936,149
PSE,2022,11,98407,1
NWN,2024,2,98682,20
PSE,2022,5,98003,204
PSE,2022,3,98105,3
Avista,2020,3,99224,146
Avista,2020,7,99102,4
Avista,2021,4,99012,5
PSE,2021,7,98516,41
PAC,2022,1,98938,48
PSE,2022,4,98383,12
Avista,2020,11,99161,1
CNG,2023,7,98383,2
PSE,2022,12,98941,26
Avista,2023,4,99170,3
PSE,2024,9,98258,4
NWN,2024,5,98684,11
PSE,2023,12,98409,5
Avista,2025,9,99167,67
Avista,2024,10,99021,24
PSE,2022,9,98502,84
PSE,2021,1,98439,29
PSE,2023,8,98342,9
PSE,2023,3,98934,13
PSE,2022,10,98034,62
PSE,2024,5,98146,25
PSE,2025,5,98188,93
Avista,2022,2,99039,2
CNG,2024,4,98366,114
Avista,2022,8,99026,7
NWN,2020,4,98620,0
PAC,2025,5,98938,20
PSE,2025,7,98337,68
CNG,2024,3,98295,16
PSE,2024,8,98117,9
PSE,2023,5,98589,7
PAC,2025,5,98939,6
PSE,2021,9,98007,166
PSE,2021,8,98235,1
PSE,2023,2,98276,5
CNG,2022,7,98277,22
NWN,2020,10,98666,0
PSE,2024,3,98001,131
PSE,2024,1,98126,14
CNG,2022,10,98264,6
Avista,2023,9,99185,4
CNG,2025,6,98528,13
Avista,2024,5,99202,289
Avista,2022,6,99103,5
PAC,2022,3,99347,46
PAC,2024,4,98908,571
NWN,2023,4,98610,0
PSE,2023,8,98275,2
Avista,2023,7,99103,2
NWN,2020,9,98762,0
PAC,2023,7,98908,562
PSE,2020,7,98264,26
CNG,2025,6,98282,27
PAC,2024,7,98942,207
Avista,2023,8,99128,2
PSE,2025,4,98383,46
PSE,2021,5,98274,34
NWN,2024,11,98642,5
NWN,2023,7,98612,0
PSE,2024,4,98310,57
CNG,2023,3,99354,1
NWN,2022,8,98605,0
PAC,2023,3,98937,55
Avista,2021,2,99020,1
PSE,2020,7,98288,1
PSE,2025,1,98443,2
PSE,2020,11,98024,1
NWN,2024,3,98660,2
Avista,2023,11,99037,17
NWN,2022,10,98610,0
Avista,2024,11,99018,6
CNG,2020,11,98223,3
CNG,2025,9,98370,129
PSE,2022,1,98272,4
PSE,2022,6,98112,1
PSE,2025,7,98244,16
PSE,2025,1,98007,217
PSE,2021,3,98374,46
Avista,2022,10,99202,80
PSE,2023,12,98028,85
CNG,2023,6,98632,2
PSE,2022,12,98002,2008
PSE,2023,9,98244,3
NWN,2020,6,98672,0
PSE,2022,6,98439,8
CNG,2020,10,98932,0
Avista,2022,6,99020,1
Avista,2020,5,99029,4
Avista,2023,9,99224,61
PAC,2024,4,99329,4
PSE,2024,3,98257,17
Avista,2021,2,99157,7
CNG,2023,4,99350,1
Avista,2021,3,99125,1
PSE,2023,10,98402,1
PSE,2021,10,98011,40
Avista,2023,4,99185,4
NWN,2025,2,98635,0
NWN,2021,6,98684,3
Avista,2024,5,99110,2
Avista,2024,9,99208,312
Avista,2020,5,99171,3
PSE,2022,3,98239,16
PSE,2024,6,98121,1
PSE,2024,11,98012,18
NWN,2022,6,98662,1150
PSE,2022,11,98110,2
PSE,2022,9,98276,2
Avista,2022,12,99218,49
PAC,2020,5,98935,10
PSE,2024,5,98125,8
PSE,2021,10,98008,57
PSE,2024,10,98239,24
CNG,2020,9,98366,9
PSE,2020,10,98405,3
PSE,2024,6,98023,158
PSE,2024,9,98346,16
Avista,2024,6,99113,1
CNG,2021,3,98223,52
Avista,2020,5,99037,4
PSE,2021,10,98251,1
Avista,2022,7,99201,133
Avista,2021,1,99111,11
PSE,2020,3,98506,29
Avista,2024,2,99114,88
PSE,2024,3,98221,39
PSE,2021,4,98248,120
NWN,2020,3,98648,0
CNG,2022,2,98908,6
PSE,2021,12,98252,18
PSE,2025,6,98233,149
PSE,2021,5,98383,22
NWN,2021,8,98682,8
PSE,2021,5,98467,1
PSE,2022,11,98558,1
PSE,2020,11,98239,11
PSE,2021,3,98284,65
CNG,2022,1,99354,1
PAC,2023,9,98942,211
Avista,2020,9,99167,7
PSE,2020,9,98019,6
PSE,2021,2,98354,1
Avista,2022,12,99014,1
Avista,2021,10,99037,14
PSE,2020,11,98922,22
CNG,2021,11,98367,1
Avista,2024,11,99141,36
PSE,2021,9,98340,5
Avista,2020,7,99151,1
PSE,2020,12,98115,9
NWN,2024,7,98675,0
CNG,2021,4,98932,14
PAC,2022,2,98908,506
PSE,2021,12,98407,63
PAC,2021,4,99362,311
PSE,2025,2,98022,67
NWN,2022,8,98026,0
CNG,2020,11,98345,0
Avista,2021,9,99217,61
PSE,2023,6,98390,109
Avista,2021,7,99158,5
PSE,2020,11,98373,35
Avista,2022,12,99009,8
NWN,2024,6,98683,4
PSE,2022,4,98055,69
PAC,2023,6,98930,456
NWN,2025,2,98620,0
Avista,2021,5,99161,3
NWN,2022,4,98607,1222
PSE,2020,5,98110,26
CNG,2021,3,98366,52
PSE,2023,2,98033,27
PAC,2023,10,98942,215
PSE,2022,5,98105,4
Avista,2023,6,99143,4
CNG,2020,12,98312,1
PSE,2024,9,98332,1
PSE,2023,10,98383,6
PSE,2022,9,98248,23
PSE,2021,2,98311,15
Avista,2020,11,99344,82
PSE,2021,7,98934,2
Avista,2025,11,99037,385
PSE,2020,4,98408,22
PSE,2023,3,98374,41
PSE,2023,7,98372,27
PSE,2025,6,98373,106
PSE,2022,1,98312,50
PSE,2021,1,98579,49
CNG,2021,12,99336,4
PSE,2024,2,98177,13
CNG,2025,1,99353,14
Avista,2023,2,99022,10
PSE,2022,3,98342,7
NWN,2020,9,98675,0
PSE,2024,7,98203,19
NWN,2020,8,98675,0
Avista,2023,1,99224,118
NWN,2023,5,98629,0
PAC,2020,12,98901,24
Avista,2021,7,99117,1
PSE,2025,1,98422,8
CNG,2024,6,98948,70
PSE,2022,2,98239,24
Avista,2023,7,99030,2
Avista,2023,4,99027,14
PSE,2023,9,98208,3
NWN,2024,7,98665,7
Avista,2022,8,99203,55
Avista,2023,3,99181,11
CNG,2024,12,98584,111
PAC,2020,2,98902,41
CNG,2020,12,98271,6
PSE,2025,8,98406,24
NWN,2020,8,98605,0
PSE,2023,4,98392,31
PSE,2021,4,98294,1
PSE,2024,5,98374,72
CNG,2025,1,98584,201
PSE,2020,10,98233,21
PSE,2025,6,98118,51
NWN,2024,9,98127,0
PSE,2020,11,98283,2
PSE,2021,8,98383,11
PAC,2024,6,98930,456
PSE,2024,2,98045,23
PAC,2024,1,98932,228
PSE,2025,9,98107,1
NWN,2023,10,98668,0
Avista,2025,1,99037,325
Avista,2023,6,99032,4
PSE,2025,1,98239,39
PSE,2024,7,98283,1
PSE,2021,12,98408,179
PSE,2024,10,98257,12
PSE,2023,6,98008,98
Avista,2025,5,99158,61
Avista,2024,10,99224,89
PAC,2024,11,99323,13
PSE,2021,8,98057,26
CNG,2020,6,98370,1
PSE,2024,5,98597,130
PSE,2022,5,98270,10
PSE,2023,11,98296,3
PSE,2020,3,98005,3
Avista,2025,11,99022,424
PSE,2024,8,98052,108
PSE,2021,5,98006,61
CNG,2020,6,98367,4
PSE,2023,2,98225,89
PSE,2020,9,98036,5
NWN,2021,7,98660,1
PSE,2022,1,98251,3
Avista,2021,12,99101,10
Avista,2020,9,99181,17
PSE,2025,7,98005,92
PSE,2024,10,98407,6
Avista,2025,2,99103,46
PSE,2024,5,98340,2
PSE,2023,2,98203,9
NWN,2021,8,98674,0
PAC,2022,5,98930,340
PSE,2020,8,98466,5
NWN,2023,8,97031,0
PSE,2021,1,98388,2
PSE,2024,6,98031,136
PAC,2025,1,98923,25
Avista,2024,2,99005,26
PSE,2020,4,98014,8
PAC,2024,10,98947,95
PSE,2020,4,98281,1
PSE,2023,3,98058,96
Avista,2024,1,99161,8
CNG,2020,10,98383,2
Avista,2022,1,99163,52
Avista,2021,12,99185,9
NWN,2024,7,98762,0
Avista,2022,5,99129,7
Avista,2024,11,99134,4
NWN,2024,8,98601,0
NWN,2022,5,98642,767
PSE,2024,3,98321,18
PSE,2023,9,98337,8
Avista,2025,6,99137,77
PAC,2025,3,98952,17
PSE,2020,4,98374,71
Avista,2024,10,99176,1
CNG,2024,2,98848,1
NWN,2021,11,98606,0
NWN,2023,11,98617,0
PSE,2022,12,98126,271
PSE,2021,8,98943,1
CNG,2024,6,98524,1
Avista,2022,12,99341,2
PSE,2022,5,98252,4
CNG,2021,2,99350,1
PSE,2020,5,98006,51
PSE,2020,6,98235,1
Avista,2024,1,99021,79
PSE,2021,8,98249,5
PSE,2025,2,98255,2
NWN,2025,3,98026,0
Avista,2022,3,99202,256
PSE,2025,2,98188,63
CNG,2024,3,98312,104
PSE,2020,11,98513,50
Avista,2024,6,98620,3
PSE,2024,5,98253,4
NWN,2025,8,98026,0
Avista,2023,1,99181,9
PAC,2020,4,99328,18
PAC,2024,2,99360,7
PSE,2022,8,98273,40
Avista,2022,2,99159,11
PSE,2020,10,98236,12
CNG,2024,7,98310,172
Avista,2021,12,99125,6
NWN,2022,10,98617,0
NWN,2023,3,97031,0
Avista,2021,4,99009,9
Avista,2022,7,99223,158
PSE,2024,3,98354,1
PSE,2025,6,98146,28
PSE,2020,7,98373,35
PSE,2023,8,98943,1
Avista,2020,10,99206,204
CNG,2020,3,99301,28
Avista,2020,12,99146,1
PSE,2021,8,98203,8
CNG,2022,2,98948,6
Avista,2024,3,99341,13
Avista,2021,4,99101,4
NWN,2024,2,98601,0
CNG,2024,1,98942,31
NWN,2022,5,98671,721
NWN,2023,11,98604,1
PSE,2024,2,98424,11
Avista,2025,10,99020,8
CNG,2025,3,98948,202
PSE,2023,6,98027,148
Avista,2025,1,99181,324
CNG,2023,9,98520,1
Avista,2023,12,99129,18
NWN,2021,7,98674,0
PSE,2022,7,98053,6
PSE,2021,12,98107,38
PSE,2025,6,98925,7
PSE,2022,8,98108,18
CNG,2021,4,98370,11
PSE,2023,3,98115,13
NWN,2021,12,97388,0
PSE,2021,1,98233,37
NWN,2024,6,98648,0
CNG,2020,7,98520,2
CNG,2025,2,99337,116
Avista,2023,11,99110,5
Avista,2023,10,99032,27
PSE,2023,5,98404,9
PAC,2024,1,99350,2
Avista,2021,12,99341,4
NWN,2025,9,98686,1
PSE,2025,2,98531,49
PSE,2020,6,98446,7
NWN,2023,4,98648,0
CNG,2025,8,99301,1377
Avista,2025,2,99167,34
NWN,2025,7,98674,0
NWN,2021,11,98604,1
NWN,2023,10,98665,0
CNG,2021,8,99344,2
PSE,2023,11,98396,1
PSE,2023,5,98117,6
NWN,2022,11,98684,0
CNG,2022,6,98367,1
PSE,2020,4,98366,70
Avista,2024,8,99137,5
PSE,2024,11,98418,7
PSE,2023,6,98230,104
PSE,2023,10,98036,8
PSE,2022,11,98057,26
Avista,2024,4,98620,4
PSE,2025,9,98051,2
Avista,2025,12,99129,175
PSE,2020,3,98370,31
Avista,2023,2,99131,3
NWN,2021,10,98626,0
Avista,2020,8,99016,34
CNG,2025,8,99362,747
PSE,2023,3,98240,1
PSE,2025,6,98007,155
CNG,2024,12,98271,94
Avista,2021,10,99032,8
PSE,2022,6,98125,3
PSE,2023,10,98047,16
PSE,2020,9,98366,46
PSE,2022,8,98244,5
PSE,2022,2,98323,1
PSE,2022,1,98177,5
PSE,2022,2,98446,4
Avista,2024,5,99160,1
Avista,2025,9,99037,366
CNG,2020,9,99350,1
CNG,2020,3,98837,0
NWN,2024,6,98635,0
PSE,2023,3,98003,262
PAC,2020,3,98942,18
PAC,2023,3,99328,97
PSE,2023,3,98117,6
PAC,2022,9,99360,4
Avista,2020,10,99114,52
PAC,2025,5,98921,8
CNG,2021,5,98233,65
CNG,2025,1,99338,61
PSE,2025,4,98053,45
PSE,2025,4,98391,165
Avista,2021,12,99039,5
PSE,2024,2,98290,6
PSE,2022,4,98029,28
Avista,2024,4,99037,17
CNG,2024,7,98233,143
NWN,2020,6,98307,0
Avista,2020,5,99006,17
CNG,2024,3,98944,84
PSE,2022,11,98408,3
PSE,2022,7,98059,16
PSE,2020,9,98359,5
PSE,2021,9,98036,24
Avista,2022,6,99122,15
PSE,2024,6,98236,17
Avista,2022,7,99176,1
NWN,2021,9,98119,0
NWN,2021,10,97031,0
PSE,2025,9,98116,5
PSE,2024,12,98424,11
Avista,2020,3,99022,56
NWN,2022,2,98675,0
CNG,2022,1,98284,19
PSE,2022,12,98404,309
PSE,2023,5,98105,1
PSE,2023,1,98004,18
PSE,2023,12,98926,15
NWN,2022,2,98639,1
PSE,2021,7,98266,18
PSE,2020,12,98022,62
PSE,2022,10,98108,6
PSE,2021,8,98024,2
NWN,2021,11,98208,0
PSE,2022,3,98204,11
CNG,2025,9,98632,78
CNG,2021,3,98311,25
NWN,2025,2,98208,0
PSE,2022,5,98122,4
NWN,2021,1,98601,0
PSE,2022,3,98443,1
Avista,2023,10,99016,290
Avista,2022,2,99134,4
Avista,2020,10,99141,18
CNG,2020,11,98837,1
CNG,2024,2,98944,83
CNG,2021,3,99344,79
NWN,2021,10,98127,0
PSE,2020,5,98249,19
Avista,2025,2,99217,2163
PSE,2025,9,98258,12
PSE,2023,8,98262,1
PSE,2020,6,98168,18
PAC,2022,6,99363,3
PSE,2025,3,98029,65
PSE,2020,12,98367,10
PAC,2024,7,99328,113
PSE,2022,3,98390,30
Avista,2025,2,99179,43
CNG,2020,5,98932,1
PSE,2020,4,98335,8
PSE,2022,5,98036,9
PSE,2022,8,98229,70
CNG,2020,7,99350,0
PSE,2022,5,98266,25
PSE,2021,12,98148,201
PSE,2024,4,98467,2
NWN,2025,8,98683,2
PSE,2025,2,98375,76
PSE,2025,9,98007,10
Avista,2024,10,99217,93
NWN,2025,1,98660,5
PSE,2022,10,98059,34
PSE,2022,2,98404,37
PSE,2021,3,98407,3
Avista,2023,5,99163,15
PSE,2025,1,98444,14
PSE,2021,9,98272,12
CNG,2024,2,98584,38
PAC,2021,5,99348,0
PAC,2022,11,98901,1200
CNG,2020,3,99350,1
PSE,2022,2,98010,20
PSE,2025,9,98375,10
Avista,2023,9,99029,1
NWN,2022,5,97031,0
PSE,2025,7,98390,76
Avista,2020,9,99202,58
NWN,2023,10,98662,0
NWN,2023,9,98661,4
PSE,2021,4,98405,26
PAC,2020,5,98932,19
PSE,2024,6,98252,1
CNG,2024,1,98383,19
PSE,2023,1,98188,14
NWN,2024,7,98663,1
PSE,2024,12,98275,2
Avista,2022,6,99104,1
Avista,2022,6,99018,2
PSE,2021,3,98020,1
Avista,2024,12,99224,84
PSE,2025,6,98249,23
Avista,2024,5,98620,8
PSE,2020,11,98244,12
PSE,2022,10,98056,117
PSE,2023,10,98367,12
PSE,2021,9,98266,60
CNG,2025,4,98557,14
PSE,2023,6,98276,6
PAC,2021,6,98942,12
PSE,2022,4,98408,9
PSE,2022,2,98943,1
Avista,2021,1,99104,1
PSE,2020,5,98255,1
PSE,2020,10,98294,1
PAC,2021,1,98948,40
PSE,2023,12,98043,10
PSE,2022,11,98328,1
Avista,2025,10,99129,169
PSE,2020,5,98065,20
PSE,2023,10,98283,10
PSE,2021,1,98444,10
PSE,2021,7,98022,47
Avista,2024,11,99160,1
PSE,2025,4,98267,9
Avista,2023,6,99203,40
Avista,2025,7,99371,36
NWN,2025,8,98610,0
CNG,2021,4,98310,109
Avista,2025,2,99003,245
PSE,2024,4,98263,1
PSE,2020,4,98229,77
Avista,2020,12,99167,1
PSE,2024,3,98466,4
Avista,2024,7,98620,1
PAC,2020,7,99324,21
CNG,2025,8,98264,550
CNG,2020,11,98232,0
Avista,2023,12,99101,21
PSE,2023,1,98530,2
PSE,2021,5,98375,38
PSE,2020,5,98380,3
CNG,2025,2,98311,373
PSE,2024,8,98335,14
PAC,2024,6,98937,47
CNG,2025,3,98273,573
PSE,2023,1,98075,8
PSE,2021,6,98226,199
Avista,2022,12,99012,4
Avista,2022,1,99148,17
PSE,2025,9,98418,5
PAC,2023,1,99347,41
PSE,2022,4,98224,2
PSE,2022,3,98117,2
Avista,2020,9,99130,5
NWN,2024,3,98668,0
CNG,2025,5,98550,195
PSE,2025,1,98144,20
Avista,2021,1,99019,15
PSE,2021,8,98155,8
CNG,2024,8,98225,314
PSE,2024,4,98103,12
PSE,2020,8,98020,3
PSE,2020,8,98235,1
CNG,2020,5,98541,1
PSE,2023,1,98342,8
Avista,2023,1,99169,8
PSE,2020,11,98074,6
PAC,2022,8,98935,106
PAC,2023,9,98908,548
PSE,2023,1,98155,9
CNG,2021,10,98248,6
PSE,2021,12,98290,22
Avista,2023,5,99344,27
PAC,2022,12,98903,517
PSE,2024,2,98070,58
PSE,2021,4,98283,2
NWN,2020,9,98604,2
PSE,2020,10,98422,5
PSE,2025,1,98380,13
CNG,2022,5,98233,23
PSE,2023,1,98053,9
PSE,2022,10,98026,1
Avista,2023,4,99159,8
NWN,2023,6,98626,0
Avista,2022,4,99208,375
CNG,2022,6,98902,25
PSE,2022,1,98221,34
Avista,2024,11,99029,8
CNG,2025,3,98944,411
CNG,2025,9,98244,5
Avista,2022,5,99201,128
CNG,2025,7,98541,38
PSE,2025,8,98003,561
Avista,2022,11,99004,4
PSE,2024,5,98166,41
PAC,2023,6,98948,455
PSE,2020,10,98052,73
PSE,2021,3,98166,3
PSE,2023,7,98240,2
Avista,2025,10,99223,3052
CNG,2023,9,98271,2
PSE,2020,4,98371,48
PAC,2024,10,99360,3
PSE,2025,6,98407,17
NWN,2023,12,98606,0
PSE,2020,7,98221,23
Avista,2024,11,99201,118
PSE,2023,4,98087,6
NWN,2020,4,98665,10
PSE,2020,3,98383,8
PSE,2024,12,98946,2
Avista,2022,7,99020,1
PSE,2020,3,98230,24
PSE,2023,11,98008,83
NWN,2022,11,98601,1
CNG,2021,8,98273,8
NWN,2022,9,98119,0
PSE,2021,5,98247,10
NWN,2025,2,98668,0
PSE,2024,1,98263,2
CNG,2025,7,98801,48
CNG,2025,1,98837,38
PSE,2021,4,98007,166
PSE,2022,4,98239,18
NWN,2022,7,98601,1
NWN,2020,10,98648,0
PSE,2024,10,98032,180
Avista,2023,5,99143,4
NWN,2023,12,97388,0
Avista,2021,7,99130,4
PSE,2021,1,98121,3
CNG,2024,4,98948,67
PSE,2020,10,98366,32
Avista,2024,10,99173,14
NWN,2025,3,98605,0
CNG,2024,5,98936,42
PSE,2022,5,98038,21
PSE,2021,4,98059,72
PSE,2023,3,98375,23
PSE,2022,6,98943,3
PSE,2022,8,98056,35
CNG,2024,1,98257,10
Avista,2020,9,99151,2
CNG,2025,5,98225,699
Avista,2023,10,99206,717
CNG,2022,11,98221,7
PSE,2020,5,98230,32
PSE,2022,2,98028,29
PSE,2021,1,98312,27
PAC,2022,7,98942,181
PAC,2025,3,98935,125
CNG,2023,4,98550,3
PSE,2022,3,98087,22
PSE,2023,1,98102,2
CNG,2025,7,98220,14
PAC,2020,1,99323,2
CNG,2022,9,98247,1
Avista,2022,9,99020,1
PSE,2025,8,98040,14
Avista,2020,6,99169,10
Avista,2022,3,99129,9
PSE,2025,8,98345,2
PSE,2023,8,98136,2
NWN,2022,1,98612,0
PSE,2022,12,98065,129
PAC,2022,2,99350,4
PSE,2024,8,98257,14
PSE,2024,10,98271,5
Avista,2022,5,99179,2
CNG,2020,4,99350,2
PSE,2020,6,98057,84
PSE,2024,8,98375,147
PSE,2024,2,98501,106
PSE,2022,11,98075,3
PSE,2024,3,98077,5
NWN,2024,3,98620,0
NWN,2024,8,98661,2
PAC,2023,1,98948,502
Avista,2022,8,99018,2
PAC,2022,12,98923,23
CNG,2024,12,98383,130
PSE,2025,7,98445,38
CNG,2022,4,98932,1
Avista,2022,8,99201,116
Avista,2021,4,99004,4
Avista,2025,1,99170,95
PSE,2023,10,98240,3
PSE,2024,6,98327,16
PSE,2023,8,98001,44
Avista,2025,8,99134,85
PSE,2022,2,98230,40
Avista,2023,8,99170,2
PSE,2025,2,98506,124
CNG,2023,7,98951,2
Avista,2021,9,99151,2
PSE,2021,12,98038,255
NWN,2022,12,98642,0
PSE,2021,5,98371,36
PAC,2021,3,98935,5
PSE,2021,12,98201,237
Avista,2020,11,99013,8
PAC,2023,7,99323,16
PSE,2025,3,98466,9
Avista,2021,2,99006,24
PSE,2025,5,98244,16
CNG,2024,3,98229,121
Avista,2021,12,99031,4
PSE,2025,5,98223,2
PSE,2022,8,98506,28
Avista,2021,7,99032,3
NWN,2021,9,98683,1
PSE,2021,5,98203,24
PSE,2021,7,98366,54
PSE,2024,4,98922,10
Avista,2023,3,99130,17
PSE,2023,8,98058,29
Avista,2024,10,99113,1
PSE,2021,9,98092,354
PSE,2022,1,98118,22
PSE,2020,10,98148,36
PSE,2022,1,98021,5
Avista,2024,10,99341,5
NWN,2021,10,98612,0
Avista,2023,9,99169,8
NWN,2021,5,98660,3
PSE,2020,10,98295,3
PSE,2023,12,98506,27
NWN,2022,3,98665,13
Avista,2022,10,99111,14
PSE,2021,4,98579,33
Avista,2025,2,99224,1451
PSE,2023,12,98106,8
CNG,2024,10,98948,81
CNG,2024,4,98953,9
PSE,2022,4,98372,24
PSE,2024,7,98327,19
PSE,2023,8,98359,3
PSE,2025,1,98039,2
Avista,2025,5,99020,9
NWN,2025,8,98671,3
PSE,2021,2,98266,45
PSE,2020,4,98057,43
NWN,2021,5,98682,16
PSE,2024,7,98020,2
CNG,2025,5,98611,4
Avista,2020,11,99216,43
Avista,2021,6,98620,2
CNG,2025,4,98674,46
PSE,2025,2,98008,66
PSE,2020,10,98273,68
Avista,2025,4,99129,162
PSE,2023,8,98059,19
PSE,2022,4,98011,26
PSE,2023,6,98026,45
CNG,2020,10,99301,9
PSE,2021,12,98133,104
NWN,2025,9,98628,0
PSE,2024,5,98203,22
PSE,2024,12,98502,220
CNG,2025,2,98908,522
PSE,2020,4,98439,17
CNG,2024,11,98271,48
PSE,2021,2,98532,1
PSE,2024,3,98110,19
NWN,2023,3,98307,0
PSE,2024,3,98364,1
Avista,2020,10,99103,1
Avista,2022,2,99031,4
PSE,2022,12,98375,305
Avista,2021,7,99171,5
Avista,2024,11,99326,4
CNG,2025,8,98802,16
PSE,2025,4,98418,5
PSE,2022,7,98144,4
NWN,2024,2,98664,2
NWN,2020,7,98663,5
Avista,2020,9,99203,21
PSE,2020,7,98043,7
PSE,2020,3,98106,12
PSE,2024,10,98444,27
NWN,2025,8,98628,0
PSE,2024,5,98501,208
PSE,2020,7,98272,3
PSE,2023,12,98465,1
NWN,2025,2,98639,2
CNG,2021,1,98908,9
PSE,2024,9,98038,3
PSE,2025,9,98275,1
Avista,2021,9,99207,151
Avista,2022,10,99341,3
PSE,2022,5,98203,13
PSE,2023,11,98110,22
Avista,2025,11,99212,2933
PSE,2021,2,98116,1
Avista,2021,9,99181,8
Avista,2021,4,99224,88
CNG,2020,7,98310,16
PSE,2023,1,98047,15
PSE,2024,8,98253,6
PSE,2022,2,98007,127
PSE,2022,11,98266,33
PSE,2021,8,98311,23
CNG,2025,4,98370,126
PSE,2020,7,98531,10
Avista,2022,2,99032,14
PSE,2022,5,98390,15
CNG,2023,4,98248,11
PSE,2025,3,98043,52
Avista,2023,2,99205,357
NWN,2021,7,98601,0
PSE,2023,5,98941,3
Avista,2025,8,99201,1988
PSE,2023,2,98125,4
PSE,2024,5,98037,32
PSE,2024,7,98418,6
PSE,2022,9,98166,2
PSE,2024,10,98516,94
NWN,2022,12,98626,0
PSE,2023,9,98122,2
PSE,2025,6,98370,97
PSE,2024,12,98439,30
PSE,2023,5,98295,2
PAC,2022,8,99347,32
NWN,2025,8,98604,4
CNG,2020,4,99336,5
PSE,2024,1,98026,22
Avista,2021,8,99126,5
PSE,2022,1,98103,4
Avista,2022,8,99130,11
Avista,2024,1,99022,49
CNG,2025,2,98248,540
Avista,2023,8,99176,1
PSE,2021,3,98034,73
PSE,2021,12,98346,119
PSE,2024,11,98321,52
NWN,2024,6,97388,0
Avista,2021,10,99104,2
Avista,2024,12,99167,3
Avista,2021,8,99138,12
Avista,2020,8,99149,1
PSE,2023,5,98148,17
Avista,2024,10,99009,5
PSE,2022,1,98019,13
PSE,2023,10,98230,24
PSE,2024,12,98257,10
PSE,2023,11,98166,16
NWN,2025,3,98674,0
NWN,2022,1,97388,0
PSE,2025,7,98058,282
PSE,2022,11,98370,25
NWN,2022,8,97031,0
CNG,2022,3,98557,2
PSE,2024,6,98021,11
PSE,2022,2,98116,2
PSE,2020,3,98008,19
Avista,2022,2,99224,102
PSE,2023,8,98499,14
PAC,2024,11,98930,414
NWN,2023,8,97301,0
Avista,2022,11,99113,2
NWN,2025,3,98668,0
CNG,2020,11,99354,2
Avista,2025,7,99173,284
PSE,2025,1,98424,17
PSE,2025,3,98028,53
PSE,2022,9,98288,1
PSE,2023,5,98112,1
CNG,2025,8,98337,165
PSE,2023,1,98199,1
PSE,2022,8,98198,70
PSE,2020,11,98237,22
NWN,2021,1,98208,0
PSE,2022,7,98225,91
PSE,2022,10,98375,14
NWN,2024,11,98604,2
PAC,2024,1,98951,353
Avista,2022,12,99032,9
Avista,2025,8,99126,138
Avista,2022,10,99122,10
Avista,2024,8,99143,10
PSE,2022,7,98503,107
PSE,2022,11,98007,76
PSE,2025,7,98257,37
PSE,2024,10,98260,23
PSE,2025,4,98006,110
PSE,2025,4,98576,27
PSE,2021,10,98224,1
PSE,2023,4,98264,23
Avista,2025,9,99034,20
PSE,2021,9,98589,39
PSE,2023,5,98023,157
PSE,2022,2,98288,3
CNG,2024,4,98902,517
PSE,2021,9,98388,4
Avista,2020,11,99185,3
PSE,2021,11,98310,17
Avista,2025,9,99032,107
PSE,2025,7,98943,2
PSE,2025,5,98359,16
PSE,2022,9,98230,7
PSE,2024,5,98576,24
Avista,2020,11,99008,2
PSE,2022,2,98106,15
PSE,2024,1,98439,11
CNG,2025,3,99352,226
Avista,2021,9,99008,3
CNG,2020,10,98674,0
PAC,2023,2,98901,1344
Avista,2022,7,99128,6
PSE,2021,8,98387,19
PSE,2020,11,98255,2
PSE,2024,10,98346,23
PSE,2022,2,98117,9
PSE,2020,12,98264,32
PSE,2021,8,98026,6
PSE,2022,7,98576,12
PSE,2025,1,98032,289
PSE,2020,9,98133,6
Avista,2025,6,99102,84
PSE,2022,6,98168,8
PSE,2023,10,98247,16
PSE,2022,2,98327,4
PSE,2025,8,98392,38
CNG,2021,8,98310,7
NWN,2024,12,98666,0
CNG,2023,5,98244,2
CNG,2020,11,98383,0
PAC,2020,12,98930,20
PSE,2023,10,98148,23
PSE,2021,9,98223,4
CNG,2025,4,98221,415
PSE,2023,5,98144,9
PSE,2021,9,98284,160
Avista,2024,9,99126,7
Avista,2025,1,99001,568
Avista,2020,9,99110,4
PSE,2023,10,98072,31
PSE,2024,10,98284,45
Avista,2022,8,99204,33
Avista,2025,6,99143,73
Avista,2023,3,99114,105
PSE,2024,11,98112,1
PSE,2025,4,98092,450
PSE,2024,11,98043,18
Avista,2023,11,99101,12
PSE,2024,12,98105,1
Avista,2020,9,99159,13
Avista,2021,5,99110,3
PSE,2024,3,98024,8
PSE,2021,11,98277,60
PSE,2021,4,98027,64
CNG,2025,2,99350,30
Avista,2022,6,99137,1
CNG,2020,12,98901,22
PSE,2020,3,98057,18
PSE,2023,5,98065,17
NWN,2023,6,98607,3
PSE,2024,2,98237,12
Avista,2021,11,99129,6
Avista,2023,12,99034,1
PSE,2020,5,98274,16
Avista,2025,1,99185,130
Avista,2024,12,99113,2
Avista,2025,10,99008,56
NWN,2023,5,98665,20
PSE,2020,8,98516,44
NWN,2023,2,98682,41
Avista,2025,2,99141,714
PSE,2023,10,98117,4
CNG,2025,3,98221,419
CNG,2025,9,98282,25
Avista,2022,6,99109,26
PSE,2024,2,98513,93
NWN,2020,11,98660,6
PSE,2025,9,98020,3
PSE,2024,5,98418,3
Avista,2021,2,99138,33
Avista,2021,9,99169,9
Avista,2025,12,99113,34
NWN,2021,6,98648,0
PSE,2021,10,98072,16
Avista,2020,3,99208,428
Avista,2023,11,99206,197
Avista,2021,10,99159,14
Avista,2020,6,99402,9
PSE,2021,9,98530,7
PSE,2022,2,98055,93
PSE,2024,1,98264,55
PSE,2021,5,98045,13
Avista,2025,1,99169,250
PSE,2022,10,98115,2
PSE,2020,3,98038,22
Avista,2025,7,99128,14
Avista,2023,12,99161,11
PSE,2024,5,98236,10
CNG,2022,11,99301,10
PSE,2022,6,98201,16
CNG,2022,12,98312,4
PSE,2020,8,98255,1
PSE,2024,3,98040,11
PSE,2021,11,98502,128
Avista,2021,8,99371,1
PSE,2024,10,98275,5
Avista,2023,4,99026,5
CNG,2022,4,98936,1
PSE,2024,11,98258,23
PAC,2025,9,98933,8
PAC,2023,1,98953,102
PSE,2022,1,98404,30
Avista,2023,1,99185,6
PSE,2023,8,98392,31
PSE,2021,11,98283,1
NWN,2021,7,98610,0
PSE,2025,9,98118,19
NWN,2025,2,98626,0
PSE,2022,9,98367,19
Avista,2021,12,99030,5
NWN,2020,6,98683,3
PAC,2020,2,98935,10
NWN,2021,7,98672,0
PSE,2023,11,98266,73
Avista,2024,12,98620,20
PSE,2022,3,98248,90
CNG,2022,2,98520,5
PSE,2021,4,98004,64
Avista,2025,12,99203,1575
NWN,2022,4,98610,68
NWN,2022,5,98664,675
Avista,2025,3,99159,123
Avista,2024,5,99005,18
PAC,2021,1,98908,19
PSE,2020,3,98374,32
PSE,2025,2,98204,32
Avista,2023,10,99158,20
PSE,2020,3,98272,2
PSE,2021,3,98294,2
PSE,2022,2,98043,9
Avista,2022,11,99006,34
PSE,2024,7,98266,29
PAC,2020,11,98935,10
PSE,2024,1,98338,12
PSE,2025,4,98373,96
Avista,2024,3,99131,1
PSE,2020,5,98499,10
PSE,2024,12,98321,65
CNG,2024,10,98292,49
Avista,2020,8,99013,7
PSE,2020,10,98058,172
PSE,2023,11,98204,13
PSE,2021,10,98311,18
Avista,2021,12,99201,116
Avista,2024,11,99218,76
PSE,2023,6,98055,229
PSE,2020,4,98922,10
PAC,2022,8,98938,35
PAC,2025,9,99362,460
CNG,2020,12,98230,16
PSE,2024,1,98579,53
Avista,2025,8,99025,267
Avista,2020,10,99003,10
PSE,2021,1,98203,10
CNG,2023,3,98801,1
PSE,2024,11,98367,37
PSE,2024,9,98032,21
Avista,2025,4,99114,1603
PAC,2024,1,98939,15
Avista,2025,11,99149,1
Avista,2021,2,99170,11
NWN,2024,3,98119,0
CNG,2022,1,98233,13
NWN,2020,12,98648,0
PAC,2022,12,98935,114
CNG,2025,6,98257,50
PSE,2023,9,98053,1
PSE,2024,8,98051,7
Avista,2022,8,99206,125
CNG,2022,6,98942,1
Avista,2020,10,99185,1
Avista,2020,3,99025,14
CNG,2025,5,98520,214
PSE,2024,4,98513,132
Avista,2022,5,99181,15
PAC,2025,8,99350,3
Avista,2025,9,99146,6
NWN,2022,9,98617,0
Avista,2020,3,99019,54
CNG,2024,1,98248,143
PAC,2020,5,98921,9
Avista,2022,5,99025,14
CNG,2025,3,98524,4
Avista,2024,4,99179,1
PSE,2024,2,98506,57
Avista,2023,12,99037,37
Avista,2024,9,99008,6
PSE,2023,5,98052,84
PSE,2024,1,98106,13
PSE,2024,6,98077,5
PSE,2022,1,98502,84
CNG,2024,4,99350,3
CNG,2022,12,98948,5
Avista,2020,7,99167,1
Avista,2023,5,99103,2
NWN,2024,3,98661,4
PSE,2022,12,98257,88
PSE,2022,12,98249,64
PSE,2023,2,98383,3
CNG,2022,12,98257,1
PSE,2023,12,98074,17
CNG,2025,7,99337,142
CNG,2025,8,98611,6
Avista,2020,7,99016,35
CNG,2024,7,98220,5
Avista,2023,4,99326,1
PSE,2023,2,98270,24
Avista,2025,6,99021,632
PSE,2024,6,98922,20
PSE,2025,4,98224,5
Avista,2023,11,99160,1
Avista,2024,6,99160,3
PSE,2022,1,98338,22
PAC,2022,3,99326,1
NWN,2021,12,98674,0
NWN,2021,9,98684,2
Avista,2023,12,99110,9
CNG,2025,3,98282,26
PSE,2021,5,98251,2
Avista,2020,6,99008,2
PSE,2020,11,98010,3
PSE,2022,12,98244,86
PSE,2022,8,98258,4
CNG,2023,9,98273,5
Avista,2023,1,99114,93
PSE,2024,3,98311,56
PSE,2024,5,98126,28
Avista,2025,5,99029,108
CNG,2025,6,99362,758
PSE,2020,3,98125,6
Avista,2022,1,99205,218
PSE,2021,9,98034,146
PSE,2021,1,98446,4
PSE,2024,3,98385,1
PSE,2023,4,98342,5
Avista,2020,5,99012,3
PAC,2022,10,99363,3
NWN,2025,7,98672,1
PSE,2022,5,98499,11
NWN,2023,4,98026,0
PSE,2025,9,98530,2
PSE,2021,2,98029,28
Avista,2021,3,99110,5
Avista,2022,10,99137,1
PSE,2024,4,98116,8
PSE,2024,6,98030,171
Avista,2024,9,99146,1
Avista,2020,9,99143,2
Avista,2020,7,99130,3
PAC,2020,10,98952,0
PSE,2020,7,98409,7
CNG,2020,12,98383,3
PSE,2023,2,98274,24
Avista,2020,7,99206,65
PSE,2021,1,98424,2
PSE,2025,8,98354,3
PSE,2024,7,98323,3
CNG,2022,12,98584,9
PSE,2020,12,98012,7
PSE,2020,6,98335,11
Avista,2022,11,99016,88
PSE,2023,10,98042,70
PSE,2021,5,98248,95
PSE,2020,7,98230,27
PSE,2022,9,98203,3
PSE,2023,9,98404,2
PSE,2020,4,98012,30
PSE,2022,7,98178,6
PSE,2022,12,98057,619
CNG,2022,4,98310,8
Avista,2022,12,99022,27
Avista,2024,8,99206,429
NWN,2021,5,98628,1
Avista,2023,3,99161,13
CNG,2023,3,98953,1
Avista,2025,6,99138,301
PAC,2022,2,98932,187
PAC,2025,4,99324,80
CNG,2020,9,98901,5
Avista,2024,3,99103,3
PSE,2023,12,98188,60
PSE,2020,10,98272,6
PSE,2020,5,98103,6
CNG,2023,10,99337,1
PSE,2022,8,98042,40
PSE,2024,7,98077,5
CNG,2023,2,99354,6
PSE,2024,5,98220,4
Avista,2024,1,99159,11
Avista,2025,3,99031,45
CNG,2021,12,98264,3
PSE,2022,4,98125,7
Avista,2022,5,99344,51
CNG,2020,9,98848,0
PSE,2020,5,98188,82
Avista,2020,3,99005,13
PSE,2020,11,98311,19
PSE,2023,11,98499,18
PAC,2020,11,98901,24
PSE,2022,9,98237,6
PAC,2024,10,99328,101
CNG,2021,2,98274,10
Avista,2024,4,99109,17
PSE,2021,1,98103,6
Avista,2021,5,99141,15
Avista,2024,2,99122,27
PSE,2025,2,98146,22
PAC,2023,4,98951,374
NWN,2022,11,98675,0
PSE,2025,3,98342,11
PSE,2024,1,98940,5
Avista,2023,7,99129,3
Avista,2020,11,99001,6
Avista,2025,11,99021,628
CNG,2022,10,98563,1
PSE,2021,7,98239,9
PSE,2020,7,98001,70
PSE,2025,1,98166,37
Avista,2022,10,99018,3
PSE,2024,4,98257,19
PSE,2024,1,98321,15
Avista,2024,7,99025,19
PSE,2023,4,98221,19
Avista,2020,4,99039,1
PAC,2020,8,98932,16
NWN,2024,4,98665,18
PSE,2021,3,98406,3
PSE,2021,3,98391,46
NWN,2025,9,98660,1
Avista,2021,10,99006,43
CNG,2025,9,98901,396
Avista,2021,2,99161,4
NWN,2021,11,98665,5
PSE,2021,6,98340,3
Avista,2025,2,99101,175
Avista,2024,11,99021,22
PSE,2020,10,98260,9
PSE,2024,8,98240,4
PSE,2024,3,98263,1
PSE,2023,3,98531,10
PSE,2022,8,98107,2
Avista,2022,4,99018,3
PSE,2024,6,98057,42
Avista,2024,9,99033,6
Avista,2021,7,99039,2
PSE,2023,8,98112,1
Avista,2025,12,99016,1591
PSE,2020,5,98418,15
Avista,2023,5,99009,3
Avista,2023,10,99371,14
Avista,2022,10,99110,5
Avista,2024,5,99114,81
PSE,2024,10,98576,22
Avista,2024,10,99022,29
PSE,2022,3,98940,1
PSE,2020,3,98275,1
CNG,2023,2,98367,2
PSE,2023,4,98232,4
PAC,2023,8,98938,49
Avista,2024,4,99185,3
Avista,2020,4,99030,4
PSE,2022,4,98466,6
CNG,2020,12,98345,0
PAC,2024,10,98903,477
CNG,2020,12,98632,1
PSE,2020,5,98038,62
PAC,2024,2,98944,838
PAC,2020,6,99348,2
Avista,2021,3,99181,15
PSE,2020,8,98260,8
PSE,2021,1,98029,27
PSE,2024,5,98338,30
PAC,2024,3,98902,1680
NWN,2021,2,98208,0
CNG,2025,5,99323,14
CNG,2024,11,98626,10
Avista,2021,5,99117,2
NWN,2024,10,98671,0
PAC,2025,3,99348,7
Avista,2021,10,99148,17
PSE,2020,3,98043,3
PSE,2024,6,98248,98
Avista,2020,10,99031,1
PSE,2021,6,98580,5
Avista,2021,2,99004,4
NWN,2022,2,97301,0
NWN,2023,12,98629,2
Avista,2023,11,99218,107
PSE,2022,4,98022,49
CNG,2023,2,98248,26
PSE,2024,2,98077,12
Avista,2025,10,99149,37
PSE,2020,4,98204,20
PSE,2020,3,98408,3
PSE,2022,11,98516,53
NWN,2025,6,97031,0
CNG,2025,5,98220,14
CNG,2025,7,98674,45
Avista,2022,5,99032,6
CNG,2021,11,98276,1
Avista,2025,7,99008,50
PSE,2024,1,98225,169
PAC,2022,9,98933,12
Avista,2021,3,99171,3
PAC,2025,7,99348,5
NWN,2024,3,98664,6
CNG,2025,7,98232,6
PAC,2020,6,98947,9
PSE,2021,11,98059,26
Avista,2022,6,99206,155
PSE,2022,8,98053,9
CNG,2020,5,98345,0
CNG,2025,7,98282,29
PSE,2024,11,98072,39
CNG,2025,9,98247,170
PSE,2022,6,98253,1
CNG,2024,12,98230,317
CNG,2025,8,99323,11
NWN,2020,10,98684,0
NWN,2023,12,98607,7
PSE,2025,8,98103,103
CNG,2022,12,98247,5
PSE,2022,4,98001,95
CNG,2022,1,99337,2
NWN,2021,3,98208,0
Avista,2020,4,99012,7
PSE,2025,1,98070,41
Avista,2020,8,99019,27
CNG,2024,9,98953,15
PSE,2022,5,98370,30
CNG,2025,1,98273,520
PSE,2023,2,98502,61
Avista,2020,11,99104,1
Avista,2021,11,99040,12
NWN,2022,11,98666,0
PAC,2020,12,98902,24
PAC,2024,11,98944,781
CNG,2024,9,98233,156
PSE,2021,8,98117,2
PSE,2021,10,98236,6
NWN,2023,3,98604,13
CNG,2021,7,98310,20
Avista,2021,3,99169,7
PAC,2022,4,98937,42
Avista,2024,2,99013,35
PSE,2024,9,98407,33
Avista,2020,6,99040,5
PSE,2022,1,98257,48
PSE,2024,8,98270,56
PSE,2024,6,98503,182
Avista,2024,2,99208,411
CNG,2020,12,99337,2
NWN,2022,2,98662,9
Avista,2024,10,99037,26
PSE,2022,7,98407,1
NWN,2024,3,98604,4
Avista,2024,12,99141,27
CNG,2021,1,98932,2
Avista,2023,3,99104,1
PAC,2022,3,99323,24
PSE,2024,1,98934,30
PSE,2021,5,98408,29
PSE,2022,7,98057,12
PSE,2025,3,98323,1
PAC,2023,9,98951,347
PSE,2022,5,98262,3
PSE,2021,9,98465,2
Avista,2024,3,99102,14
PSE,2023,1,98446,2
Avista,2025,3,99113,33
PSE,2023,9,98058,52
Avista,2024,6,99181,10
Avista,2023,10,99160,6
PSE,2023,1,98244,5
PAC,2023,11,98923,30
Avista,2021,2,99111,5
PSE,2023,11,98133,21
NWN,2023,4,97388,0
PSE,2022,2,98051,5
PSE,2022,6,98103,4
CNG,2024,6,98367,34
PSE,2022,9,98338,5
PSE,2023,4,98038,13
PSE,2020,12,98121,4
CNG,2020,11,99353,0
NWN,2022,6,97031,0
PSE,2020,5,98404,47
PSE,2020,7,98501,95
CNG,2024,5,98524,2
PSE,2024,2,98385,1
NWN,2025,1,98685,8
PSE,2020,5,98311,53
PSE,2023,11,98366,57
PSE,2022,8,98034,57
PSE,2024,1,98010,18
CNG,2021,2,98942,1
CNG,2023,3,98295,1
CNG,2020,3,99344,13
PSE,2023,8,98203,10
PAC,2020,7,98902,27
CNG,2022,5,98223,2
Avista,2024,9,99134,4
PSE,2024,4,98235,1
NWN,2020,5,98663,2
PAC,2023,2,98951,318
PAC,2024,2,98948,469
PSE,2023,9,98065,1
Avista,2020,4,99113,1
CNG,2023,6,98367,1
Avista,2024,3,99022,33
PSE,2021,6,98366,50
PAC,2020,5,98951,22
Avista,2021,12,99019,57
PAC,2020,9,99329,2
NWN,2022,6,98675,0
PSE,2020,4,98934,5
Avista,2020,12,99111,10
PSE,2021,8,98043,7
PSE,2020,5,98359,7
PSE,2024,7,98408,7
PSE,2022,4,98233,49
PSE,2022,9,98403,1
Avista,2022,2,99185,7
PSE,2020,3,98925,2
PSE,2022,10,98596,2
CNG,2023,12,99324,4
NWN,2025,3,98604,4
Avista,2022,3,99040,23
PSE,2024,9,98503,79
NWN,2025,3,98626,0
PSE,2022,1,98014,10
Avista,2025,4,98648,40
Avista,2025,2,98620,114
NWN,2020,5,98607,1
CNG,2021,12,99362,38
PSE,2025,3,98266,43
PSE,2022,8,98240,3
PSE,2024,12,98177,9
PSE,2021,8,98168,9
PSE,2021,7,98249,2
PSE,2022,4,98075,1
Avista,2023,5,99039,2
Avista,2024,3,98620,5
Avista,2024,5,99179,3
CNG,2025,9,98230,420
PSE,2022,2,98247,24
PSE,2024,3,98941,3
PAC,2023,1,98951,416
NWN,2022,1,98626,0
PAC,2024,9,99363,6
CNG,2023,8,98223,6
PAC,2024,8,99361,16
Avista,2021,3,99026,9
PSE,2020,9,98027,12
CNG,2021,7,98277,5
PSE,2022,6,98059,24
PSE,2023,9,98047,18
CNG,2023,4,98948,3
PSE,2020,12,98257,43
PAC,2025,6,98951,159
PSE,2021,4,98136,1
CNG,2020,9,98948,6
PSE,2020,5,98133,12
CNG,2022,1,98295,3
Avista,2025,3,99223,3001
PSE,2022,1,98503,149
PSE,2021,4,98383,20
Avista,2022,11,99176,1
PSE,2021,2,98004,21
Avista,2020,3,99014,1
PSE,2022,6,98262,2
NWN,2022,1,98683,13
CNG,2024,7,98229,169
Avista,2022,7,99129,14
PSE,2022,7,98112,1
NWN,2021,10,98685,0
PSE,2024,12,98102,1
NWN,2025,7,98629,1
PSE,2022,10,98057,62
PSE,2021,7,98264,19
PSE,2023,3,98220,1
CNG,2020,10,98366,7
CNG,2020,5,98264,13
PSE,2021,3,98168,9
CNG,2024,9,98932,17
Avista,2020,7,99033,14
PSE,2021,11,98075,1
CNG,2020,5,98223,5
PSE,2021,11,98233,28
PSE,2023,9,98029,13
NWN,2021,10,98662,3
NWN,2024,7,98606,0
PSE,2021,12,98021,53
PSE,2025,7,98126,51
Avista,2022,4,99022,30
PSE,2024,6,98258,23
Avista,2024,7,99224,124
NWN,2022,9,98665,0
Avista,2023,2,99138,15
PSE,2023,6,98516,197
NWN,2020,11,98683,1
Avista,2024,3,99032,7
CNG,2020,10,98370,2
PSE,2025,7,98237,53
NWN,2025,5,98612,0
PSE,2020,9,98070,7
NWN,2021,1,98612,0
PSE,2021,1,98034,65
Avista,2020,5,99167,2
CNG,2025,2,98240,17
NWN,2022,9,97031,0
NWN,2023,7,98601,0
PSE,2023,8,98122,6
PSE,2022,10,98038,20
PSE,2024,4,98249,22
Avista,2021,5,99224,63
Avista,2024,7,99040,6
PAC,2020,6,99324,21
PSE,2023,4,98058,66
PAC,2024,12,99328,96
Avista,2024,4,99103,3
PSE,2023,4,98579,21
PSE,2024,11,98310,44
PSE,2020,4,98110,36
PSE,2023,5,98273,74
PSE,2023,3,98074,9
CNG,2021,8,99362,15
PSE,2020,10,98010,15
PAC,2022,4,98942,164
CNG,2023,10,99354,1
CNG,2020,10,98557,0
PSE,2021,1,98271,8
PSE,2021,3,98105,6
PSE,2020,4,98126,7
Avista,2022,8,99224,104
NWN,2021,2,98604,3
Avista,2022,12,99131,2
PAC,2024,2,98938,51
Avista,2022,1,99173,17
CNG,2024,3,99352,15
PSE,2021,11,98252,2
PSE,2024,2,98004,40
PSE,2024,10,98225,195
CNG,2022,9,98312,3
PSE,2022,7,98032,85
NWN,2022,10,98661,0
PSE,2020,12,98188,38
NWN,2023,3,98685,11
PSE,2020,7,98271,5
PSE,2020,12,98053,13
PSE,2025,4,98235,2
Avista,2023,11,99034,3
Avista,2022,3,99117,5
PSE,2021,1,98392,8
PSE,2025,3,98281,11
PSE,2023,12,98380,4
PSE,2020,12,98055,40
Avista,2022,2,99016,75
CNG,2023,3,98247,4
NWN,2021,12,98628,0
PSE,2020,10,98277,70
CNG,2024,5,98223,90
PSE,2024,1,98040,11
PSE,2024,1,98283,4
PSE,2022,8,98446,4
Avista,2025,5,99201,2460
Avista,2020,12,99176,2
PSE,2023,6,98311,192
NWN,2020,11,97388,0
Avista,2020,12,99039,3
PSE,2021,3,98198,137
PSE,2021,9,98052,133
Avista,2023,4,99141,18
PSE,2022,10,98576,10
PSE,2020,10,98019,8
PSE,2025,8,98296,12
PSE,2023,4,98155,8
PSE,2022,2,98934,17
Avista,2024,5,99032,6
PSE,2022,4,98252,2
PSE,2021,10,98108,2
NWN,2024,11,98610,0
Avista,2024,4,99207,498
Avista,2024,8,99129,22
CNG,2020,11,98312,3
PSE,2025,3,98040,16
PSE,2025,5,98058,131
PSE,2024,4,98029,51
PSE,2021,6,98122,9
Avista,2020,8,99128,1
PSE,2024,3,98589,18
Avista,2023,2,99159,22
Avista,2023,12,99128,1
NWN,2025,1,98617,0
Avista,2021,2,99201,84
PSE,2023,10,98270,12
CNG,2020,11,98541,0
PSE,2025,9,98105,7
PSE,2020,3,98424,7
PSE,2024,5,98409,10
PSE,2023,7,98335,1
PSE,2025,9,98057,25
NWN,2021,6,98685,0
CNG,2022,7,98225,45
Avista,2024,9,99020,1
CNG,2022,9,98953,1
PSE,2025,6,98292,1
CNG,2024,10,99324,61
CNG,2021,1,98225,35
PAC,2020,1,98937,8
PSE,2025,8,98108,156
PSE,2024,12,98092,158
Avista,2025,5,99160,43
CNG,2022,9,98225,5
PSE,2022,6,98002,139
NWN,2022,1,98672,0
PSE,2023,8,98267,1
PSE,2022,6,98065,21
PSE,2022,2,98032,236
Avista,2022,3,99216,118
NWN,2021,7,98127,0
Avista,2024,1,99113,1
PSE,2021,2,98059,21
CNG,2020,5,98232,0
Avista,2021,12,99018,2
CNG,2025,9,98221,414
Avista,2022,2,99141,43
CNG,2022,5,98930,5
PAC,2021,1,98936,6
PSE,2022,9,98359,5
Avista,2023,5,99170,3
Avista,2023,4,99218,29
PSE,2024,1,98230,38
PSE,2020,5,98312,85
CNG,2023,6,98233,8
PSE,2024,9,98392,16
PSE,2022,6,98115,2
PSE,2022,9,98026,4
PSE,2025,4,98925,3
CNG,2023,2,98932,5
Avista,2021,12,99156,0
NWN,2020,8,98307,0
PSE,2020,4,98418,8
NWN,2025,1,97031,0
Avista,2025,4,99103,46
PSE,2020,12,98512,37
Avista,2022,8,99023,1
Avista,2024,2,99004,25
PSE,2021,8,98033,17
Avista,2023,3,99040,31
Avista,2022,4,99122,14
PSE,2020,9,98281,3
PSE,2023,2,98051,3
CNG,2022,6,98247,7
Avista,2024,9,99201,139
Avista,2025,3,99181,339
Avista,2023,4,99029,4
PSE,2024,7,98237,14
Avista,2023,2,99157,24
Avista,2020,10,99171,13
Avista,2025,11,99137,69
CNG,2021,4,98936,14
PSE,2024,11,98237,28
Avista,2022,11,99201,143
Avista,2021,5,99016,49
PAC,2023,3,98902,1912
NWN,2023,11,98635,0
NWN,2021,8,98601,0
Avista,2025,11,98620,126
PSE,2024,4,98198,191
Avista,2022,4,99181,14
PSE,2020,5,98580,17
PSE,2024,3,98074,10
PSE,2020,6,98001,131
CNG,2020,12,98802,0
PSE,2021,4,98012,21
PSE,2020,9,98244,11
PSE,2023,9,98225,11
Avista,2025,9,99202,2867
PSE,2022,1,98166,11
NWN,2020,9,98864,0
PSE,2024,11,98240,20
Avista,2021,10,99016,87
Avista,2021,3,99101,7
PSE,2021,5,98119,1
Avista,2020,7,99019,23
PSE,2022,3,98020,2
PAC,2020,9,99347,6
PSE,2021,3,98110,18
NWN,2021,10,98686,1
CNG,2024,12,99353,13
PSE,2024,2,98005,46
PSE,2021,9,98024,11
PSE,2022,6,98444,11
PAC,2024,6,98938,52
CNG,2024,12,98264,420
NWN,2025,9,98026,0
Avista,2020,4,99202,186
CNG,2022,5,98292,3
Avista,2020,8,99205,232
PSE,2025,5,98466,22
PSE,2024,7,98117,6
PSE,2022,2,98119,1
PSE,2020,10,98444,10
NWN,2023,5,98127,0
PSE,2024,6,98225,164
PAC,2023,7,99360,7
PSE,2023,3,98501,52
Avista,2022,6,99026,9
PSE,2021,1,98367,11
PSE,2024,12,98294,3
PSE,2020,7,98332,1
PSE,2022,7,98021,2
Avista,2024,11,99117,3
CNG,2021,8,99352,1
PSE,2023,4,98422,3
PSE,2024,5,98122,6
NWN,2025,2,98665,4
PSE,2022,10,98008,42
Avista,2024,9,99022,28
PSE,2022,4,98418,5
PSE,2023,5,98444,8
PSE,2021,1,98258,7
NWN,2024,10,98606,0
Avista,2023,1,99203,99
PSE,2020,3,98503,99
PSE,2022,3,98375,41
PSE,2020,12,98146,5
PSE,2020,9,98346,15
PAC,2025,7,99328,46
PSE,2020,3,98012,6
CNG,2020,10,98632,0
NWN,2024,7,98648,0
PSE,2025,9,98531,5
PSE,2023,8,98144,3
PSE,2024,3,98146,26
Avista,2024,12,99032,2
PSE,2021,8,98439,8
PAC,2023,6,99360,7
PSE,2020,9,98385,1
Avista,2020,7,99371,3
PSE,2022,2,98383,25
PSE,2025,7,98275,16
CNG,2024,9,99301,428
PSE,2020,12,98236,16
NWN,2020,11,98665,2
PSE,2024,1,98327,2
PSE,2025,1,98512,210
Avista,2020,3,99030,10
Avista,2021,12,99167,8
PSE,2025,9,98074,5
PAC,2025,8,98947,46
PSE,2022,2,98004,42
PSE,2022,1,98109,2
PSE,2022,2,98513,91
PSE,2022,1,98926,19
PSE,2024,12,98277,187
PSE,2024,11,98055,77
NWN,2022,7,98664,2
Avista,2023,10,99019,160
PSE,2021,8,98166,5
Avista,2021,7,99001,25
PSE,2020,3,98391,26
NWN,2020,9,98682,9
PSE,2020,10,98033,24
CNG,2024,9,98848,2
Avista,2024,4,99160,3
PSE,2020,5,98059,74
PAC,2023,7,98937,47
PSE,2024,9,98229,10
CNG,2025,1,98625,3
CNG,2024,12,98837,34
PSE,2022,8,98532,1
Avista,2022,4,99014,1
Avista,2021,5,99185,4
PSE,2022,8,98422,2
Avista,2021,6,99185,4
PSE,2022,5,98274,26
NWN,2023,12,98648,0
PSE,2022,7,98168,5
Avista,2024,2,99169,7
Avista,2024,7,99137,3
PAC,2020,2,98951,21
PSE,2020,4,98405,15
NWN,2023,6,97388,0
PAC,2024,11,98939,12
PAC,2022,1,98939,13
PSE,2021,12,98008,204
PSE,2025,3,98052,170
PSE,2021,7,98408,16
PSE,2024,11,98408,17
NWN,2023,9,98617,0
PAC,2022,6,98944,652
Avista,2025,12,99020,8
PSE,2024,8,98311,119
PSE,2020,5,98498,55
NWN,2020,4,98762,0
PSE,2020,11,98439,33
NWN,2024,7,98628,0
PAC,2023,7,98951,346
PAC,2024,12,98932,195
PSE,2025,2,98558,1
CNG,2025,8,98370,134
CNG,2020,12,98902,47
PSE,2024,12,98028,63
CNG,2023,11,98932,5
Avista,2020,6,99181,10
Avista,2025,6,99205,6117
CNG,2024,4,98848,2
PSE,2022,6,98057,16
CNG,2024,10,98524,1
PAC,2022,4,98933,13
Avista,2024,12,99126,4
PSE,2022,1,98045,17
PSE,2024,1,98466,2
PSE,2020,10,98596,3
PSE,2021,9,98056,170
PSE,2023,10,98199,2
PSE,2023,12,98403,2
PSE,2021,11,98006,23
Avista,2022,11,99032,8
PSE,2022,2,98294,6
NWN,2021,2,98607,3
PSE,2025,6,98112,5
Avista,2025,12,99009,180
CNG,2024,12,98953,25
PSE,2023,10,98155,21
PSE,2023,1,98252,2
PAC,2020,11,98936,10
PSE,2025,5,98532,5
PSE,2024,10,98380,11
Avista,2025,1,99006,804
PSE,2025,2,98516,144
PSE,2021,4,98022,78
Avista,2023,1,99109,22
PAC,2024,7,98937,43
PSE,2021,6,98371,18
PSE,2025,7,98199,19
PSE,2025,7,98224,2
Avista,2025,6,99341,101
Avista,2022,10,99102,1
CNG,2023,2,98557,1
PSE,2022,7,98337,12
NWN,2025,1,98661,12
PAC,2025,5,98932,79
Avista,2023,3,99039,2
PAC,2023,4,98947,125
PSE,2024,11,98445,25
CNG,2025,9,98930,186
PAC,2023,7,98903,563
PSE,2024,1,98346,39
PSE,2022,12,98371,441
PSE,2024,7,98247,21
PSE,2022,7,98126,7
CNG,2022,1,98541,1
Avista,2020,3,99344,52
PSE,2024,5,98503,231
PSE,2023,10,98466,3
PSE,2020,6,98146,26
PSE,2021,6,98272,2
CNG,2025,4,98903,182
NWN,2020,9,98660,1
PSE,2023,8,98110,17
Avista,2024,2,99217,164
Avista,2022,2,99004,4
PAC,2024,9,98908,504
NWN,2023,12,98208,0
PSE,2020,7,98008,31
PSE,2023,12,98422,3
Avista,2024,11,99163,116
NWN,2022,3,98639,0
PSE,2022,9,98075,2
PSE,2020,7,98273,85
PSE,2024,4,98031,224
PSE,2021,12,98940,15
CNG,2023,4,98247,11
PAC,2024,12,98908,484
CNG,2024,1,98277,101
PSE,2024,9,98516,55
CNG,2025,2,98367,145
PSE,2020,7,98020,2
PSE,2020,6,98422,5
PSE,2020,12,98208,15
Avista,2025,3,99203,1470
PAC,2025,4,98933,9
PSE,2024,3,98033,55
PSE,2023,10,98596,1
NWN,2021,12,98685,3
CNG,2024,3,98942,37
PSE,2024,8,98002,221
Avista,2023,10,99034,5
CNG,2023,5,99352,5
PSE,2025,7,98136,26
PSE,2020,12,98052,87
NWN,2023,11,98620,0
PSE,2020,5,98335,13
Avista,2022,1,99031,3
PSE,2021,12,98037,86
NWN,2022,10,98642,0
PSE,2025,9,98001,53
PSE,2025,7,98506,58
PSE,2023,10,98225,81
CNG,2023,11,98264,1
PSE,2021,2,98391,45
PSE,2022,4,98024,4
PSE,2021,6,98275,3
PAC,2023,10,99361,20
PSE,2025,8,98290,5
PSE,2021,9,98148,42
Avista,2022,12,99004,4
PSE,2021,9,98235,3
Avista,2021,7,99403,47
PSE,2023,6,98226,512
Avista,2025,2,99026,179
PSE,2021,7,98270,9
Avista,2024,8,99149,4
NWN,2022,12,98629,0
PSE,2023,1,98026,27
Avista,2024,7,99009,12
PSE,2023,1,98230,19
PSE,2024,7,98403,4
Avista,2024,4,99033,4
PAC,2025,9,98921,3
PSE,2025,7,98115,26
PSE,2020,7,98253,2
NWN,2024,4,98682,22
PSE,2020,4,98444,8
CNG,2023,4,98901,10
PAC,2022,5,99360,6
NWN,2024,7,98208,0
Avista,2023,2,99021,34
PSE,2022,8,98237,11
PSE,2022,11,98026,7
PSE,2021,12,98360,132
PSE,2021,7,98155,2
PAC,2024,7,98908,525
PAC,2020,7,98933,4
PSE,2023,4,98148,11
NWN,2024,1,98629,2
PSE,2021,10,98087,4
CNG,2025,2,98557,18
PSE,2020,8,98021,3
PSE,2021,2,98372,41
PSE,2022,12,98403,26
CNG,2025,4,98944,479
PSE,2023,11,98391,105
NWN,2024,2,97301,0
NWN,2023,1,98307,0
Avista,2024,11,99207,246
PSE,2023,3,98439,6
CNG,2025,8,98345,8
PSE,2023,5,98008,30
PSE,2020,11,98596,1
PSE,2022,6,98404,22
Avista,2023,6,99134,2
Avista,2023,2,99016,59
PSE,2022,12,98532,44
PSE,2021,4,98371,52
Avista,2024,9,99012,1
Avista,2021,10,99126,8
PSE,2020,11,98383,10
PAC,2022,10,99348,16
PSE,2023,5,98014,7
Avista,2020,9,99185,7
PSE,2024,4,98166,17
PSE,2023,12,98108,24
NWN,2020,6,98639,0
PSE,2020,5,98248,61
NWN,2023,4,98682,17
PAC,2020,12,98952,0
PSE,2020,12,98031,134
PAC,2022,11,98930,357
PSE,2022,1,98105,1
PSE,2024,6,98267,1
PSE,2022,3,98047,28
Avista,2025,7,99181,334
PSE,2023,12,98466,10
PSE,2024,8,98512,101
NWN,2020,6,98684,9
PAC,2024,5,98948,505
Avista,2020,4,99122,12
PSE,2020,4,98005,22
CNG,2021,1,98366,6
Avista,2025,10,99171,97
Avista,2023,9,99122,8
PSE,2023,2,98036,15
Avista,2024,9,99125,4
NWN,2023,6,98125,0
PSE,2022,8,98005,15
NWN,2022,10,98683,0
Avista,2021,3,99371,1
Avista,2021,7,99008,3
Avista,2022,4,99157,11
PAC,2025,2,99323,16
Avista,2023,11,99224,117
Avista,2021,12,99126,7
PSE,2025,4,98272,39
NWN,2023,2,98119,0
CNG,2022,3,98274,15
Avista,2023,11,99003,17
PSE,2020,9,98065,11
PSE,2024,8,98037,20
PSE,2024,7,98026,21
PSE,2025,1,98354,11
CNG,2023,8,98383,3
PSE,2022,2,98034,109
PSE,2023,1,98283,1
Avista,2025,2,99126,140
PSE,2021,5,98258,16
Avista,2025,9,99117,42
Avista,2021,11,99016,94
CNG,2021,7,98233,5
NWN,2025,9,98605,0
PSE,2025,4,98502,147
PSE,2022,2,98345,1
PSE,2021,8,98204,10
NWN,2024,5,98617,0
PSE,2023,7,98270,6
PSE,2020,4,98359,7
PSE,2022,1,98070,25
PSE,2023,7,98262,2
PSE,2024,10,98199,2
PSE,2023,2,98146,3
Avista,2025,5,99006,866
PSE,2024,9,98359,2
Avista,2023,4,99020,1
NWN,2021,2,98626,0
PSE,2024,12,98443,8
PSE,2022,2,98050,1
PSE,2021,3,98002,197
PSE,2023,9,98257,60
NWN,2024,1,98665,17
PSE,2020,3,98253,5
PSE,2024,5,98029,60
CNG,2024,10,98229,191
PSE,2023,10,98257,10
CNG,2022,8,98902,26
PSE,2025,9,98168,28
PSE,2020,12,98516,53
PSE,2022,4,98021,7
Avista,2024,4,99151,2
CNG,2020,12,98292,1
NWN,2024,7,98620,0
PSE,2021,7,98019,9
PSE,2021,2,98012,8
PSE,2021,1,98443,2
PSE,2024,10,98006,64
PSE,2024,1,98253,7
CNG,2020,7,98311,3
PSE,2023,2,98118,15
PSE,2021,12,98404,278
CNG,2021,11,98550,2
PSE,2024,10,98236,15
PSE,2020,9,98105,1
Avista,2025,9,99157,112
PSE,2024,11,98168,25
CNG,2020,7,98908,5
PSE,2025,5,98371,103
PSE,2024,2,98201,29
CNG,2024,6,98584,69
Avista,2020,12,99125,3
NWN,2024,4,98125,0
PSE,2024,4,98281,5
PSE,2025,7,98392,62
PAC,2022,11,98948,393
PSE,2021,9,98943,8
PSE,2021,8,98072,8
PSE,2023,4,98042,68
PSE,2021,12,98387,336
Avista,2022,2,99037,12
PSE,2023,6,98201,113
Avista,2022,4,99040,16
CNG,2023,7,98226,37
PSE,2020,10,98418,5
PSE,2025,9,98028,3
PSE,2022,6,98391,35
PSE,2024,2,98026,18
PSE,2024,2,98275,6
NWN,2020,12,98662,16
CNG,2025,7,98277,339
PSE,2023,3,98056,61
PSE,2021,7,98011,11
PSE,2024,7,98040,13
PSE,2022,12,98501,810
NWN,2021,10,98683,1
PSE,2020,7,98262,3
CNG,2022,3,98310,7
Avista,2025,8,99037,362
Avista,2021,3,99129,4
Avista,2023,3,99126,7
PSE,2021,10,98221,27
Avista,2023,4,99021,11
PSE,2023,10,98021,3
Avista,2024,11,99026,11
NWN,2023,4,98665,8
PSE,2021,4,98031,228
CNG,2020,6,98226,26
PSE,2023,11,98037,22
Avista,2021,9,99167,1
PAC,2023,3,99323,20
NWN,2023,2,98685,6
PSE,2024,10,98155,32
PSE,2021,9,98375,83
PSE,2022,3,98323,1
NWN,2022,4,98612,0
Avista,2025,4,99040,185
PSE,2022,6,98027,33
PSE,2022,3,98312,66
Avista,2022,4,99029,5
PSE,2023,11,98258,18
Avista,2024,1,99138,51
PAC,2020,2,98933,4
PSE,2021,7,98403,1
CNG,2020,8,98232,0
CNG,2021,4,98367,12
PSE,2021,5,98266,29
Avista,2021,1,99341,3
PSE,2023,11,98230,61
PSE,2023,7,98337,11
Avista,2020,4,99029,4
PSE,2022,7,98110,3
PSE,2024,12,98359,11
PSE,2023,12,98023,165
Avista,2021,7,99021,12
PSE,2024,3,98375,34
PSE,2024,8,98446,24
PSE,2022,11,98072,10
PSE,2025,4,98004,73
CNG,2020,3,98282,0
CNG,2024,11,98273,275
PAC,2020,12,98908,23
PSE,2020,4,98258,22
PSE,2022,6,98007,83
PSE,2020,8,98110,11
CNG,2021,11,99324,3
Avista,2024,11,98648,4
PSE,2020,8,98274,18
PSE,2022,4,98264,35
PSE,2021,2,98370,19
Avista,2022,11,99206,152
Avista,2023,5,99185,4
PAC,2020,9,98947,9
PSE,2025,8,98105,40
Avista,2024,5,99134,5
PSE,2020,7,98252,1
Avista,2025,3,99003,255
PAC,2020,4,98952,2
CNG,2021,10,98930,4
PAC,2023,2,98936,114
NWN,2021,11,98684,3
PSE,2025,8,98102,28
PAC,2020,7,98930,20
Avista,2023,12,99033,19
CNG,2021,11,98284,8
Avista,2025,10,99040,191
Avista,2024,6,99001,28
PAC,2024,3,99323,16
PSE,2021,2,98023,111
PSE,2024,12,98036,6
CNG,2021,3,99301,161
PSE,2024,7,98446,17
PSE,2025,1,98266,78
NWN,2025,1,98668,0
PSE,2021,12,98499,204
PSE,2024,11,98053,29
PAC,2024,1,98942,230
PSE,2024,2,98057,76
PSE,2022,7,98311,13
PSE,2022,1,98513,67
PSE,2025,3,98532,8
Avista,2021,10,99122,18
PSE,2025,1,98027,119
NWN,2022,7,98683,6
PSE,2021,3,98057,29
Avista,2025,2,99344,1427
PSE,2024,12,98239,42
Avista,2024,2,99034,3
NWN,2020,4,98663,1
PSE,2021,8,98290,1
PSE,2024,9,98409,63
PSE,2022,9,98005,17
PSE,2025,8,98390,53
CNG,2020,4,98345,0
NWN,2023,4,98612,0
Avista,2022,11,99012,5
Avista,2025,8,99216,2100
PSE,2022,8,98077,2
NWN,2020,7,98662,11
CNG,2021,2,98223,15
PSE,2021,5,98028,38
Avista,2025,10,99173,299
PSE,2025,6,98367,92
NWN,2023,9,98684,1
PSE,2025,8,98342,8
NWN,2025,7,97388,0
PSE,2022,2,98422,2
Avista,2023,5,99403,55
PSE,2023,12,98057,49
PSE,2021,11,98281,4
NWN,2021,10,98635,0
PSE,2025,2,98031,202
Avista,2021,1,99130,8
PSE,2024,9,98367,34
PSE,2022,4,98580,8
PAC,2025,4,98937,66
Avista,2023,12,99005,27
PSE,2024,6,98005,27
PSE,2024,12,98262,2
PSE,2021,12,98247,195
PSE,2022,8,98058,42
PSE,2020,5,98445,25
NWN,2022,8,98607,0
PAC,2020,2,99362,35
Avista,2025,12,99025,287
PSE,2023,4,98029,44
NWN,2023,2,98610,1
Avista,2022,4,99008,5
PAC,2020,4,99350,1
PSE,2021,11,98375,18
CNG,2025,1,99336,257
PSE,2020,6,98337,8
Avista,2021,2,99008,3
PSE,2024,1,98503,161
PSE,2024,7,98106,9
PSE,2020,6,98058,194
NWN,2025,8,98601,0
CNG,2025,3,98674,43
PSE,2025,9,98568,1
CNG,2021,1,98557,1
Avista,2020,10,99218,90
PSE,2024,9,98390,18
Avista,2025,10,99217,2449
CNG,2020,5,98274,13
CNG,2024,10,98942,58
PSE,2020,12,98075,4
PSE,2023,10,98248,53
CNG,2025,2,98273,543
PAC,2021,2,98903,48
Avista,2025,8,99023,5
NWN,2020,8,98119,0
PSE,2023,2,98403,2
Avista,2021,8,99173,12
PSE,2024,3,98258,32
PSE,2023,7,98409,1
PSE,2021,11,98513,54
CNG,2025,9,98944,364
NWN,2024,5,98663,6
Avista,2023,8,99018,2
PSE,2021,2,98037,8
PSE,2021,1,98940,1
PSE,2020,8,98284,66
PSE,2022,2,98248,96
PSE,2023,3,98057,29
PSE,2021,9,98501,237
Avista,2023,10,99218,428
Avista,2022,4,99138,9
PSE,2024,4,98335,6
PSE,2020,5,98037,23
PSE,2023,5,98409,2
PSE,2020,6,98036,9
PAC,2024,9,98939,14
PSE,2025,7,98467,7
Avista,2023,12,99171,10
PSE,2023,4,98133,3
CNG,2021,4,98625,1
PSE,2022,11,98392,30
Avista,2025,9,99134,85
CNG,2020,12,98953,0
NWN,2022,7,97301,0
Avista,2021,11,99217,111
PSE,2024,2,98034,139
PAC,2021,5,99362,46
PSE,2025,1,98264,100
PSE,2025,2,98226,229
PSE,2020,10,98232,4
CNG,2024,6,98247,76
Avista,2023,5,99161,4
PSE,2024,3,98443,1
NWN,2022,6,98682,2430
PSE,2020,10,98022,89
NWN,2023,8,98665,10
PAC,2025,6,98937,66
PSE,2024,9,98926,5
Avista,2024,11,99149,1
CNG,2022,1,98247,8
Avista,2023,8,99019,26
CNG,2020,11,98226,7
NWN,2021,4,98675,0
PSE,2025,3,98056,105
CNG,2020,5,98930,2
PSE,2022,6,98119,1
Avista,2021,7,99103,2
NWN,2021,7,98663,5
PAC,2022,10,99328,100
PSE,2022,8,98177,3
Avista,2021,4,99169,6
NWN,2025,1,98666,0
CNG,2023,5,98337,3
CNG,2025,3,98220,13
PSE,2024,5,98239,27
PSE,2024,11,98198,126
Avista,2025,12,99003,265
PSE,2023,9,98007,16
PSE,2023,4,98418,2
PSE,2020,3,98934,6
PSE,2021,4,98531,18
CNG,2021,11,98366,2
NWN,2024,10,98684,0
PSE,2020,8,98034,38
CNG,2024,7,98295,15
NWN,2020,6,98668,0
CNG,2024,2,98936,34
NWN,2023,4,98635,0
CNG,2024,12,98229,255
CNG,2023,6,99362,27
CNG,2020,11,98908,8
Avista,2022,12,99201,76
NWN,2020,3,98674,0
CNG,2025,8,98274,296
Avista,2024,6,99003,5
Avista,2023,5,99008,1
PSE,2022,3,98513,57
Avista,2022,11,99025,14
CNG,2025,4,98625,5
CNG,2020,11,98273,6
CNG,2021,5,98801,8
PSE,2024,8,98337,60
PSE,2023,3,98065,20
CNG,2025,6,98274,292
NWN,2025,4,98125,0
PSE,2025,7,98121,5
PSE,2021,11,98380,3
NWN,2024,10,98685,0
NWN,2023,11,98686,1
PSE,2021,5,98367,26
Avista,2024,7,99174,2
CNG,2020,9,98524,0
Avista,2021,7,99216,65
CNG,2021,4,99336,31
Avista,2022,2,99208,351
Avista,2024,4,99171,6
CNG,2024,1,99362,189
Avista,2022,12,99202,149
NWN,2024,2,98307,0
PAC,2023,2,98921,49
CNG,2022,9,99344,3
CNG,2024,12,99337,79
PSE,2024,7,98340,8
PSE,2023,3,98359,3
PSE,2025,5,98042,137
PSE,2024,7,98388,6
Avista,2021,6,99206,81
Avista,2022,3,99149,4
PSE,2021,2,98109,2
CNG,2024,3,98901,171
PSE,2021,9,98112,9
Avista,2022,10,99143,4
PAC,2023,8,98908,562
PSE,2023,6,98530,6
CNG,2025,2,98953,58
Avista,2020,6,99113,3
PAC,2024,3,98930,463
NWN,2020,7,98665,7
NWN,2022,8,98672,0
Avista,2024,10,99159,4
CNG,2024,10,98295,16
PSE,2021,3,98204,9
PSE,2022,12,98270,441
PSE,2023,7,98277,88
NWN,2024,7,98626,0
PAC,2023,11,98936,102
PSE,2022,3,98148,19
Avista,2020,3,99125,3
CNG,2025,4,99338,77
PSE,2023,7,98230,22
PAC,2025,2,98936,82
Avista,2023,1,99223,236
PSE,2020,8,98445,14
CNG,2023,1,98367,1
PAC,2020,1,98936,8
PAC,2025,7,98932,57
PSE,2023,3,98408,2
NWN,2021,11,98682,9
PSE,2025,5,98409,78
Avista,2023,6,99212,79
PSE,2021,8,98597,74
PSE,2024,5,98396,1
CNG,2020,10,98295,4
Avista,2021,9,99005,9
Avista,2022,7,99027,32
PSE,2023,8,98405,2
Avista,2021,1,99204,14
PSE,2023,11,98270,31
Avista,2024,7,99179,3
Avista,2024,4,99217,178
Avista,2022,6,99217,127
Avista,2020,3,99169,12
NWN,2021,11,98127,0
PAC,2021,5,99350,0
Avista,2021,4,99170,9
PSE,2024,1,98335,4
Avista,2025,11,99179,45
PSE,2020,3,98077,1
Avista,2021,8,99341,3
Avista,2023,1,99006,57
NWN,2025,8,98605,0
NWN,2025,4,98626,0
Avista,2020,10,99216,141
PSE,2021,2,98166,2
PSE,2024,8,98039,2
CNG,2020,7,98226,30
Avista,2020,5,99004,2
Avista,2023,7,99102,2
PSE,2024,6,98283,2
PSE,2023,11,98119,3
PSE,2024,11,98116,2
PSE,2023,2,98290,2
Avista,2022,8,99176,1
PSE,2022,8,98370,22
Avista,2020,12,99223,460
PSE,2022,9,98052,37
Avista,2025,3,99403,2312
PSE,2024,8,98007,92
PSE,2022,12,98237,203
Avista,2022,3,99014,1
PAC,2020,12,98947,9
CNG,2025,6,98632,76
Avista,2024,9,99402,12
PSE,2024,7,98051,4
PAC,2025,6,98903,225
NWN,2023,5,98663,4
CNG,2025,2,98802,19
CNG,2021,1,98312,5
PSE,2024,9,98011,3
Avista,2025,2,99128,13
PSE,2024,12,98272,5
NWN,2024,9,98686,0
PSE,2024,8,98034,101
PSE,2022,4,98052,48
PSE,2021,11,98144,5
PAC,2020,2,98944,30
NWN,2022,10,98620,0
PSE,2023,3,98503,93
PAC,2024,3,98938,53
PSE,2023,8,98312,45
PAC,2023,2,98952,5
PSE,2024,3,98237,22
PSE,2020,11,98103,3
PSE,2022,11,98208,9
PSE,2022,2,98045,12
PSE,2021,11,98022,43
PSE,2021,4,98345,1
Avista,2021,11,99151,5
PSE,2021,8,98008,15
PSE,2023,1,98033,14
PSE,2025,1,98466,20
NWN,2022,1,98610,6
PSE,2020,8,98011,16
Avista,2025,3,99163,2577
Avista,2025,9,99129,158
Avista,2025,6,99371,37
Avista,2025,5,99202,2907
Avista,2020,6,99148,14
Avista,2025,11,99103,46
PSE,2023,9,98266,4
PSE,2021,12,98118,317
PSE,2024,7,98033,29
Avista,2024,6,99012,4
PAC,2022,5,98935,121
PSE,2025,9,98236,1
PSE,2025,8,98112,34
CNG,2024,4,98220,5
PSE,2021,3,98295,1
PSE,2021,1,98240,2
PSE,2021,6,98466,7
PSE,2023,2,98103,4
Avista,2021,12,99138,22
PSE,2024,8,98199,1
PSE,2024,6,98532,5
Avista,2024,4,99020,1
PSE,2022,10,98264,19
PSE,2022,3,98031,137
CNG,2025,4,98951,93
PSE,2021,6,98946,1
CNG,2022,11,98944,37
PSE,2022,10,98045,17
PSE,2025,1,98105,2
PSE,2022,7,98290,1
PSE,2021,9,98106,21
PSE,2024,11,98501,139
PSE,2020,5,98337,13
PSE,2021,12,98238,1
CNG,2024,10,98557,8
PSE,2024,2,98125,7
NWN,2022,9,98664,2
Avista,2023,1,99117,3
Avista,2023,8,99326,1
NWN,2024,6,98307,0
PSE,2022,7,98004,10
NWN,2022,11,98606,0
PSE,2024,10,98281,7
PSE,2020,7,98516,57
Avista,2021,2,99005,6
PSE,2023,5,98262,2
PSE,2021,8,98502,111
PSE,2023,7,98106,7
NWN,2024,4,98604,8
PSE,2022,3,98010,14
Avista,2022,10,99205,163
Avista,2020,3,99402,7
PSE,2023,3,98005,34
Avista,2021,4,99344,96
Avista,2025,4,99020,8
Avista,2024,8,99040,22
PAC,2022,4,98951,298
PSE,2022,3,98371,39
Avista,2021,3,99102,4
PSE,2022,10,98405,6
Avista,2022,6,99216,131
PAC,2025,6,99329,3
Avista,2025,12,99141,836
PSE,2023,11,98422,1
PSE,2024,4,98109,4
Avista,2025,2,99130,101
Avista,2023,5,99129,3
PSE,2020,8,98443,1
PSE,2021,6,98288,1
CNG,2025,6,98801,50
Avista,2023,12,99125,3
PSE,2024,12,98370,78
PSE,2021,1,98390,18
PSE,2021,10,98270,6
CNG,2025,3,98295,55
PSE,2025,1,98502,308
NWN,2024,6,98606,0
PSE,2024,9,98283,1
Avista,2024,3,99026,17
NWN,2021,10,98660,3
PSE,2024,8,98012,53
NWN,2022,3,98666,0
CNG,2023,8,98232,1
PSE,2022,12,98263,15
NWN,2020,3,98610,2
PSE,2023,2,98281,2
PSE,2024,12,98310,102
PSE,2022,1,98374,60
PAC,2020,12,99329,2
CNG,2025,5,98230,409
Avista,2024,1,99029,11
CNG,2024,5,98366,126
PAC,2021,2,98942,14
PSE,2023,10,98056,103
PSE,2025,5,98387,101
PSE,2020,3,98201,11
Avista,2021,7,99031,2
CNG,2024,12,98244,4
PSE,2023,11,98003,421
NWN,2021,5,98612,0
PSE,2022,8,98144,6
PAC,2024,6,99347,42
CNG,2020,7,99337,1
NWN,2021,1,97301,0
PSE,2022,9,98102,1
CNG,2024,11,98244,1
Avista,2023,10,99216,530
Avista,2024,7,99159,15
PSE,2022,12,98275,52
PSE,2023,3,98230,22
NWN,2021,5,98686,1
CNG,2023,6,98366,2
PSE,2020,3,98941,10
PSE,2024,3,98232,5
PSE,2023,4,98260,9
PSE,2023,3,98589,9
Avista,2021,10,99146,0
PSE,2024,9,98248,21
PSE,2021,6,98220,2
Avista,2024,3,99173,21
NWN,2025,6,98685,3
PSE,2022,11,98512,56
PSE,2023,2,98133,12
PSE,2022,9,98264,14
PSE,2022,2,98109,3
Avista,2023,5,99029,4
PSE,2024,5,98328,1
PSE,2025,5,98047,43
CNG,2022,12,99344,4
PSE,2020,9,98354,2
Avista,2024,7,99158,7
PAC,2023,8,98951,360
Avista,2022,1,99212,113
PSE,2021,6,98248,66
PSE,2025,3,98387,32
Avista,2021,10,99021,16
CNG,2023,2,98310,11
PSE,2023,4,98424,2
PSE,2024,1,98136,4
PSE,2022,4,98253,2
CNG,2020,10,98264,17
PSE,2023,10,98168,9
PSE,2020,11,98467,2
PSE,2023,1,98043,13
PAC,2024,8,99350,1
PSE,2024,7,98503,110
CNG,2022,8,98311,2
Avista,2022,4,99005,19
PSE,2022,4,98058,104
PSE,2024,10,98133,14
PAC,2024,3,98939,12
PSE,2024,7,98052,91
PSE,2020,10,98532,5
Avista,2020,11,99021,6
PSE,2025,8,98148,41
PSE,2022,1,98188,65
PSE,2025,1,98224,3
Avista,2021,4,99151,5
CNG,2020,8,98284,11
Avista,2022,1,99223,127
Avista,2022,11,99102,5
PAC,2022,2,98942,198
PSE,2021,3,98276,1
NWN,2024,10,98661,1
PSE,2022,1,98092,196
CNG,2022,3,98229,14
Avista,2023,7,99117,1
PSE,2020,12,98288,1
PSE,2020,8,98503,111
NWN,2021,3,98605,0
PAC,2020,11,99324,20
PSE,2022,2,98021,6
PSE,2021,12,98310,778
Avista,2021,3,99344,111
Avista,2022,5,99170,6
CNG,2021,9,98248,3
PSE,2024,10,98925,2
Avista,2020,6,99103,1
PAC,2024,7,99348,9
Avista,2023,3,99157,9
PSE,2024,6,98047,12
PSE,2021,1,98370,15
PAC,2023,12,99362,735
PAC,2020,10,98948,24
PSE,2022,5,98220,1
PSE,2023,4,98075,10
CNG,2023,8,98908,1
PAC,2020,10,98938,6
PSE,2022,11,98053,6
PSE,2023,12,98335,3
PSE,2024,11,98403,2
NWN,2022,5,98628,30
NWN,2025,4,98628,0
NWN,2025,4,97388,0
PSE,2024,2,98031,273
NWN,2020,8,98617,0
Avista,2024,7,99201,239
Avista,2022,1,99033,9
Avista,2023,8,99027,22
CNG,2020,10,98584,5
Avista,2022,11,99169,11
Avista,2025,2,99122,241
Avista,2024,11,99025,9
PSE,2023,9,98506,21
NWN,2021,2,98683,5
PSE,2024,12,98052,188
PSE,2022,1,98283,1
PSE,2021,7,98038,31
PSE,2022,3,98257,28
PSE,2020,10,98105,4
PAC,2022,6,98923,22
PSE,2024,12,98374,189
CNG,2025,4,98230,396
Avista,2024,4,99005,18
CNG,2020,4,98282,0
Avista,2022,8,99137,2
PSE,2023,3,98446,1
PSE,2023,10,98014,19
CNG,2024,12,98936,66
PAC,2022,6,98932,158
NWN,2022,8,98642,0
CNG,2023,3,98942,1
PSE,2022,10,98276,2
PSE,2023,6,98006,98
CNG,2024,7,98541,14
PSE,2024,9,98007,8
PSE,2025,1,98031,246
Avista,2025,5,99371,37
PSE,2020,11,98512,50
CNG,2025,7,98944,374
PSE,2024,1,98039,1
PSE,2021,7,98310,52
NWN,2022,7,98671,1
PSE,2024,10,98201,8
PSE,2023,5,98328,1
CNG,2022,2,98311,3
CNG,2024,7,99337,49
Avista,2025,10,99163,2473
PSE,2020,6,98109,3
NWN,2023,8,98663,6
Avista,2024,11,99129,3
PSE,2025,4,98056,220
PSE,2020,8,98005,24
CNG,2020,12,98524,0
PSE,2021,10,98340,1
PAC,2022,9,98942,180
Avista,2023,4,99114,47
CNG,2023,11,98284,2
Avista,2025,1,99012,90
PSE,2022,6,98030,90
PAC,2021,5,98936,3
PSE,2024,11,98941,3
PSE,2022,8,98006,22
PSE,2024,10,98501,137
Avista,2023,10,99137,20
PSE,2020,11,98220,3
Avista,2025,9,99205,6067
Avista,2023,9,99160,1
Avista,2022,10,99206,81
PSE,2020,12,98580,16
Avista,2025,8,99012,96
PAC,2022,9,98937,47
PAC,2021,1,98953,11
PSE,2020,12,98404,16
CNG,2024,12,98632,49
PSE,2022,5,98166,2
PSE,2023,1,98251,1
PSE,2024,2,98253,5
Avista,2025,11,99114,1524
NWN,2025,5,98606,0
PSE,2021,5,98943,4
PAC,2022,6,98921,38
PSE,2023,6,98005,59
CNG,2020,7,98383,3
PSE,2021,1,98133,9
PSE,2025,9,98506,17
PSE,2021,1,98027,32
PSE,2024,9,98251,1
Avista,2025,3,99171,101
NWN,2020,4,98635,0
NWN,2021,9,98635,0
CNG,2023,6,98848,1
PSE,2022,1,98038,50
PSE,2022,6,98284,55
Avista,2024,8,99023,1
PSE,2022,2,98391,75
PAC,2021,2,99362,81
CNG,2024,4,98274,92
PSE,2020,11,98249,7
Avista,2022,7,99012,5
Avista,2021,9,99161,4
Avista,2023,4,99138,1
NWN,2023,5,98648,0
Avista,2021,3,99104,1
PSE,2024,10,98059,77
Avista,2022,9,99181,12
PSE,2024,8,98383,72
CNG,2025,6,98930,190
PSE,2021,1,98126,17
Avista,2022,9,99148,14
PSE,2023,2,98354,1
PSE,2020,3,98922,21
PSE,2022,3,98359,5
PSE,2021,5,98466,5
PSE,2022,1,98270,45
NWN,2021,1,98607,8
Avista,2023,12,99036,1
Avista,2024,5,99125,6
Avista,2022,4,99109,27
PAC,2022,3,98903,516
PSE,2023,12,98392,46
PSE,2020,11,98201,8
CNG,2025,7,98274,290
PSE,2023,5,98045,11
Avista,2023,11,98620,4
Avista,2024,9,99019,35
PSE,2022,5,98372,35
NWN,2025,8,97301,0
Avista,2021,2,99113,3
PSE,2025,4,98273,293
CNG,2020,8,98625,0
Avista,2024,6,99005,7
Avista,2023,5,99208,142
Avista,2025,1,99109,462
CNG,2024,12,98232,4
Avista,2024,5,99344,53
NWN,2023,8,98617,0
PSE,2020,9,98033,21
PSE,2023,7,98310,46
PSE,2024,2,98941,3
PSE,2021,1,98311,15
NWN,2021,1,98127,0
PSE,2022,1,98311,38
PSE,2024,5,98087,21
Avista,2024,2,99012,10
PAC,2025,7,98923,20
PSE,2023,5,98277,97
PAC,2024,11,99328,102
CNG,2020,10,98221,11
PSE,2024,6,98375,77
PSE,2023,12,98008,78
PSE,2022,11,98418,4
Avista,2022,6,99114,79
NWN,2025,4,98605,0
PSE,2025,8,98375,67
PAC,2022,1,98947,79
PSE,2022,3,98230,48
PSE,2020,5,98391,103
PSE,2024,8,98070,26
NWN,2020,9,98208,0
PSE,2021,8,98255,2
CNG,2022,10,98312,4
PSE,2024,3,98233,52
Avista,2021,5,99170,3
Avista,2021,9,99009,4
CNG,2024,4,98282,5
Avista,2023,10,99013,109
Avista,2020,7,99344,66
PSE,2024,8,98388,9
NWN,2024,1,97388,0
PSE,2020,7,98236,6
Avista,2022,8,99181,13
PAC,2024,9,98936,83
CNG,2022,7,98584,5
PSE,2023,5,98266,24
Avista,2024,7,99216,164
CNG,2024,12,98223,313
Avista,2020,6,99019,25
PSE,2023,2,98233,39
PSE,2023,3,98068,1
PSE,2023,4,98408,8
Avista,2025,4,99016,1518
PSE,2021,10,98001,22
PSE,2023,1,98597,60
PSE,2020,10,98136,2
NWN,2024,3,98626,0
Avista,2022,11,99128,3
CNG,2025,7,99324,144
PAC,2024,7,98932,207
Avista,2020,5,99137,1
PSE,2021,10,98055,16
PSE,2025,5,98296,21
PSE,2020,4,98443,1
PAC,2023,10,98953,108
PSE,2024,8,98203,25
PSE,2023,11,98272,5
CNG,2021,10,99336,1
PAC,2022,8,99348,12
PSE,2021,12,98373,443
PSE,2022,8,98065,8
PSE,2022,3,98340,2
PSE,2025,8,98155,12
CNG,2021,8,98541,1
NWN,2023,10,98660,0
CNG,2020,3,98247,7
Avista,2025,5,99181,349
CNG,2025,1,98944,335
PSE,2024,4,98020,7
PSE,2023,12,98224,1
PSE,2023,3,98239,11
PSE,2022,2,98121,2
PSE,2020,10,98201,30
PSE,2020,8,98106,8
PSE,2025,8,98036,19
PSE,2021,6,98237,16
PSE,2021,5,98177,6
Avista,2023,2,99185,10
PSE,2023,1,98253,2
PSE,2023,1,98579,35
PSE,2021,7,98126,11
Avista,2021,6,99027,21
PSE,2024,11,98002,253
PSE,2025,3,98221,78
PSE,2021,5,98239,11
Avista,2023,7,99110,2
CNG,2022,5,98284,27
PAC,2024,4,98901,1168
NWN,2022,6,98684,1080
PSE,2021,8,98359,9
PAC,2025,8,98953,116
Avista,2024,4,99173,13
PSE,2021,3,98116,3
CNG,2020,4,98230,4
PSE,2021,1,98108,48
PSE,2024,2,98346,23
PSE,2025,1,98418,4
PSE,2024,10,98229,116
PSE,2022,7,98272,1
Avista,2022,7,99170,7
Avista,2023,8,99160,1
PSE,2021,6,98367,17
CNG,2024,11,98248,248
Avista,2020,4,99138,3
PSE,2025,1,98499,33
PSE,2021,8,98252,1
NWN,2020,10,98672,0
NWN,2022,3,98605,0
PAC,2022,10,98944,727
CNG,2021,1,98951,5
PAC,2023,11,98944,808
PSE,2020,11,98019,5
Avista,2022,10,99033,10
PSE,2021,12,98109,53
CNG,2022,10,99344,9
PSE,2020,9,98203,8
Avista,2021,3,99117,2
Avista,2021,10,99039,4
PSE,2020,10,98012,25
PSE,2022,6,98240,6
PAC,2021,5,98951,27
PSE,2023,6,98033,93
NWN,2023,9,98665,3
PSE,2023,2,98087,13
PSE,2021,10,98110,8
Avista,2023,8,99040,6
PSE,2020,11,98042,41
PSE,2023,8,98026,7
PSE,2022,1,98249,7
PSE,2021,10,98532,5
Avista,2020,4,99117,1
PSE,2022,9,98396,1
PSE,2024,4,98027,39
PSE,2025,7,98075,23
NWN,2025,5,98607,5
Avista,2021,1,99167,1
Avista,2023,3,99111,54
PSE,2022,11,98337,5
NWN,2022,10,98672,0
PSE,2020,4,98360,17
Avista,2023,12,99206,291
PSE,2021,4,98052,123
PSE,2022,10,98940,1
CNG,2023,2,98244,1
PSE,2021,1,98199,2
PSE,2021,10,98392,27
Avista,2023,3,99009,5
PSE,2025,3,98444,23
CNG,2024,4,98273,156
PSE,2023,6,98422,21
PSE,2022,8,98371,31
PAC,2025,2,98908,450
CNG,2025,3,98953,53
PSE,2023,6,98340,8
PSE,2025,5,98512,129
PSE,2022,10,98321,10
Avista,2023,3,99019,45
PSE,2020,7,98047,20
PSE,2024,6,98276,5
CNG,2025,1,98632,52
Avista,2023,11,99026,6
PSE,2023,5,98001,116
Avista,2023,2,99146,2
CNG,2023,1,98276,2
PAC,2024,3,99328,111
NWN,2024,2,98662,13
Avista,2020,5,99021,12
PSE,2024,6,98019,12
Avista,2020,8,99161,5
PSE,2024,12,98422,11
Avista,2021,3,99033,5
NWN,2022,4,98684,1161
PSE,2022,5,98354,1
PSE,2021,11,98270,6
PSE,2021,3,98580,6
PSE,2020,10,98922,29
PSE,2021,5,98934,12
Avista,2020,7,99224,53
Avista,2024,6,99201,143
Avista,2025,11,99018,34
PSE,2023,12,98271,11
PSE,2020,6,98312,50
PSE,2021,11,98031,76
PSE,2024,6,98499,20
PSE,2024,8,98502,158
CNG,2021,2,98273,16
CNG,2024,8,98370,28
NWN,2020,11,98604,1
PSE,2023,9,98168,2
PSE,2020,9,98102,1
NWN,2023,2,98665,29
Avista,2023,7,99025,9
PSE,2024,1,98003,296
PSE,2024,11,98047,27
Avista,2024,1,98620,20
PSE,2023,4,98034,54
PSE,2024,5,98262,1
PSE,2023,10,98387,24
CNG,2024,4,98244,1
PSE,2021,12,98354,22
PSE,2025,3,98053,39
PSE,2020,7,98032,157
PSE,2022,12,98006,305
Avista,2020,5,99027,15
PSE,2022,6,98221,20
PSE,2020,9,98922,10
CNG,2020,4,98274,5
NWN,2024,8,98642,0
CNG,2021,1,99354,4
Avista,2025,1,99005,338
PSE,2022,2,98253,2
CNG,2025,5,98292,160
Avista,2021,3,99161,3
PSE,2022,1,98056,115
PSE,2024,10,98296,1
PSE,2021,6,98133,10
PSE,2020,12,98103,8
CNG,2025,9,98229,405
PAC,2023,9,99328,88
Avista,2021,4,99160,1
PAC,2020,8,99360,2
CNG,2022,11,98936,1
PSE,2023,1,98403,1
PSE,2024,9,98237,1
Avista,2021,12,99151,5
Avista,2023,2,99039,2
PAC,2024,8,98944,820
PSE,2024,1,98068,2
NWN,2020,10,98661,0
Avista,2024,10,99013,17
PSE,2022,11,98003,194
Avista,2023,7,99218,29
PSE,2021,2,98031,134
PAC,2020,4,99361,8
PSE,2022,2,98284,99
PSE,2024,12,98531,37
Avista,2024,5,99102,5
PSE,2022,10,98274,1
PSE,2024,8,98188,67
PSE,2021,4,98273,144
PSE,2022,12,98253,13
Avista,2020,10,99138,18
Avista,2022,11,99114,82
Avista,2021,12,99003,18
Avista,2025,2,99129,155
PSE,2021,3,98327,3
PSE,2022,11,98589,17
Avista,2020,12,99014,3
PSE,2024,11,98001,125
PSE,2025,1,98367,93
PAC,2022,8,98908,445
CNG,2022,9,99336,1
NWN,2022,8,98674,0
Avista,2024,1,99005,29
PSE,2020,4,98506,44
PSE,2023,1,98502,116
PSE,2023,4,98007,67
PSE,2024,4,98248,82
PSE,2023,12,98248,88
PSE,2023,2,98208,25
PSE,2025,4,98034,244
NWN,2024,11,98660,3
PSE,2024,12,98327,29
PSE,2024,5,98112,3
PSE,2021,6,98404,23
PSE,2021,1,98033,24
CNG,2021,1,98230,11
Avista,2020,4,99141,26
PSE,2021,2,98232,9
Avista,2023,10,99008,10
PAC,2021,1,98901,44
PSE,2023,1,98055,25
NWN,2025,6,98672,0
PSE,2021,2,98501,140
Avista,2021,4,99126,3
CNG,2024,4,98311,63
Avista,2025,7,99137,69
PSE,2022,4,98045,5
Avista,2022,9,99171,8
PSE,2024,9,98201,7
PSE,2020,6,98338,27
PSE,2020,6,98032,305
PSE,2025,8,98011,57
NWN,2022,10,98660,0
PSE,2024,3,98059,78
PSE,2025,2,98321,58
PSE,2024,11,98249,17
Avista,2023,6,99128,2
PSE,2022,8,98499,14
NWN,2022,11,98119,0
PSE,2023,3,98422,5
PSE,2022,4,98270,24
PSE,2022,7,98233,14
Avista,2025,5,99146,4
Avista,2021,2,99160,1
CNG,2021,8,98902,20
PSE,2020,12,98240,5
Avista,2021,7,99159,6
Avista,2021,7,99026,5
PSE,2025,9,98126,17
NWN,2020,9,98668,0
PSE,2020,4,98253,2
CNG,2025,7,99338,81
PSE,2020,7,98276,1
PSE,2023,11,98922,38
PSE,2024,2,98466,4
CNG,2023,9,99352,3
CNG,2020,5,98936,1
Avista,2020,7,99021,17
PSE,2024,10,98116,1
NWN,2023,6,98762,0
NWN,2022,9,98660,2
PSE,2022,6,98012,15
PSE,2020,10,98003,377
CNG,2022,8,98520,2
Avista,2023,1,99207,529
PAC,2020,9,99363,2
PSE,2024,2,98248,101
PSE,2023,5,98026,2
Avista,2021,6,99224,70
Avista,2021,2,99181,12
PSE,2020,11,98295,2
PSE,2025,1,98503,342
PSE,2023,9,98188,15
PSE,2024,9,98290,2
NWN,2024,11,98684,3
PSE,2024,10,98371,113
Avista,2025,1,99003,240
Avista,2022,8,99217,120
NWN,2024,6,98628,0
Avista,2024,1,99160,8
PSE,2024,8,98409,16
PSE,2022,12,98288,21
PSE,2020,6,98033,46
PSE,2024,10,98023,216
PSE,2020,8,98337,12
CNG,2023,5,98903,5
CNG,2022,3,98948,3
PSE,2021,7,98387,12
Avista,2021,6,99403,44
PAC,2022,12,98952,7
PAC,2020,4,99363,2
CNG,2022,5,98901,4
PSE,2025,7,98010,37
PSE,2022,12,98037,133
PSE,2021,2,98221,24
Avista,2022,2,99022,32
PSE,2025,3,98321,21
NWN,2020,3,98685,2
CNG,2021,8,98226,29
PSE,2020,12,98178,5
PSE,2021,5,98042,102
PSE,2023,11,98107,3
NWN,2025,7,98762,0
CNG,2020,12,98276,2
Avista,2025,4,99034,18
NWN,2024,9,98626,0
PSE,2023,2,98271,7
Avista,2022,8,99160,1
CNG,2020,8,98367,1
CNG,2022,2,98273,28
PSE,2020,3,98267,1
PSE,2024,3,98409,10
PSE,2021,3,98383,8
Avista,2023,2,99101,11
PSE,2024,7,98281,5
PSE,2022,2,98532,3
Avista,2023,11,99170,3
Avista,2020,4,99169,8
CNG,2025,6,98932,47
NWN,2024,4,98208,0
PSE,2021,6,98052,70
CNG,2024,7,98632,7
PAC,2024,6,98933,19
PSE,2022,5,98532,3
Avista,2025,11,99005,290
PSE,2024,3,98235,2
Avista,2025,3,99039,19
Avista,2021,6,99032,4
PAC,2024,7,98902,1516
Avista,2021,2,99202,123
NWN,2021,9,98666,0
Avista,2022,3,99402,8
PSE,2020,9,98166,7
Avista,2024,9,99181,23
CNG,2024,7,98223,120
CNG,2022,12,98277,1
PSE,2023,2,98059,20
NWN,2025,3,98119,0
Avista,2021,1,99029,2
PSE,2023,2,98058,44
PSE,2022,2,98407,9
NWN,2023,10,98125,0
PSE,2025,7,98354,10
Avista,2021,9,99031,2
PSE,2024,3,98418,9
PSE,2021,2,98057,15
PSE,2025,8,98292,2
PSE,2024,7,98576,11
Avista,2024,4,99039,3
NWN,2021,12,98127,0
Avista,2021,10,99160,0
NWN,2021,9,98606,0
NWN,2021,3,98026,0
Avista,2022,2,99341,3
PSE,2020,5,98155,6
PAC,2021,1,99362,69
Avista,2021,12,99122,20
Avista,2021,5,99008,2
CNG,2024,8,98247,77
PSE,2025,5,98360,62
PSE,2024,5,98225,176
PSE,2023,11,98239,35
PSE,2022,8,98103,5
PSE,2024,1,98199,2
Avista,2021,10,99101,7
NWN,2024,5,98626,0
PSE,2023,6,98014,24
PSE,2025,7,98021,14
PSE,2021,6,98270,13
PSE,2024,2,98204,11
PSE,2025,2,98115,11
CNG,2025,1,98229,324
PSE,2025,8,98235,3
PSE,2020,3,98247,7
CNG,2020,11,98366,2
Avista,2024,3,99163,235
Avista,2023,7,99207,119
PAC,2023,4,98923,31
PSE,2022,6,98109,1
Avista,2021,8,99207,139
Avista,2020,10,99013,2
PSE,2022,12,98224,23
PSE,2023,12,98056,97
PAC,2022,10,98908,511
NWN,2022,5,98629,262
CNG,2021,12,99301,15
PSE,2020,4,98002,160
PSE,2024,12,98020,5
CNG,2020,12,98221,5
Avista,2023,5,99402,1
PSE,2024,8,98465,1
PSE,2020,8,98248,56
PSE,2020,12,98065,14
PSE,2022,2,98275,2
NWN,2023,5,98626,0
PSE,2020,12,98283,3
PSE,2022,11,98058,70
Avista,2024,12,99130,2
Avista,2020,11,99143,4
PSE,2024,5,98288,1
CNG,2020,6,98903,3
PSE,2024,8,98247,15
PSE,2023,9,98439,4
PSE,2021,12,98267,15
PSE,2021,4,98072,16
NWN,2022,6,98208,0
Avista,2024,11,99169,16
Avista,2025,8,99109,398
CNG,2023,3,98229,8
PSE,2020,9,98204,4
PSE,2022,8,98444,7
PSE,2022,11,98070,10
Avista,2024,8,99037,30
Avista,2020,5,99109,22
CNG,2022,6,98264,11
PSE,2022,6,98029,23
PSE,2021,12,98053,52
PSE,2020,11,98380,2
PSE,2024,10,98136,2
PSE,2022,8,98021,2
CNG,2025,5,98311,424
PAC,2023,12,99329,3
Avista,2024,10,99169,21
PAC,2025,5,99323,27
NWN,2020,9,98629,0
PSE,2024,8,98001,110
Avista,2024,12,99203,64
Avista,2023,5,99025,10
PSE,2021,4,98047,27
PSE,2022,1,98380,1
PSE,2025,5,98321,84
Avista,2020,6,99001,23
PAC,2020,4,98944,28
NWN,2023,5,98642,4
CNG,2024,6,98226,203
CNG,2023,8,98284,23
Avista,2021,12,99217,135
Avista,2021,4,99157,6
PAC,2024,9,98901,1027
PSE,2023,8,98105,1
PSE,2024,1,98102,2
PSE,2023,11,98501,178
PSE,2022,11,98323,2
CNG,2020,10,98953,0
PSE,2023,1,98108,40
PSE,2022,4,98248,63
PSE,2025,1,98043,30
Avista,2021,6,99008,1
Avista,2020,7,99216,63
PSE,2023,5,98047,31
PSE,2022,7,98042,30
PAC,2022,8,98939,8
PAC,2022,9,98947,83
PSE,2020,4,98940,3
PSE,2023,8,98372,52
Avista,2022,10,99148,15
CNG,2022,4,98226,36
CNG,2021,5,99350,6
PSE,2023,1,98037,22
NWN,2021,3,98307,0
PSE,2020,8,98092,94
PSE,2023,5,98502,85
NWN,2025,8,98668,0
Avista,2021,6,99167,4
PSE,2025,6,98034,186
PSE,2024,6,98036,16
Avista,2020,10,99202,260
Avista,2024,3,99216,189
PAC,2023,8,98935,137
PSE,2022,3,98512,64
NWN,2020,6,98660,5
Avista,2020,10,99143,4
Avista,2023,1,99026,6
PSE,2020,11,98281,4
Avista,2022,8,99016,68
Avista,2021,10,99260,0
PSE,2023,1,98266,25
CNG,2022,10,99336,1
Avista,2024,4,99008,2
PSE,2021,12,98020,26
PSE,2021,7,98039,1
CNG,2021,7,99301,8
PSE,2024,9,98188,4
NWN,2023,6,98668,0
PSE,2022,10,98283,7
PSE,2022,3,98106,8
CNG,2023,4,98837,1
PAC,2020,6,98942,16
Avista,2025,10,99137,75
PSE,2023,6,98922,37
CNG,2021,9,98550,1
PSE,2023,7,98424,5
PSE,2025,1,98203,32
NWN,2021,8,98606,0
NWN,2025,7,98607,4
Avista,2023,3,99137,4
PSE,2021,3,98225,98
CNG,2022,8,99337,1
PSE,2020,7,98155,8
NWN,2022,5,98639,46
PAC,2025,1,98932,202
NWN,2023,2,98612,0
PAC,2023,10,98930,450
CNG,2022,4,99338,1
CNG,2022,12,98248,7
PSE,2025,7,98327,24
Avista,2022,2,99021,30
Avista,2022,9,99158,8
CNG,2020,12,98223,6
PSE,2021,11,98321,12
CNG,2024,6,98271,30
PAC,2025,3,98948,469
PSE,2025,5,98941,4
Avista,2023,8,99173,7
CNG,2024,1,98221,85
Avista,2023,8,99341,2
PAC,2020,10,98901,27
CNG,2024,3,98550,51
Avista,2023,1,99179,9
PSE,2023,8,98188,13
PSE,2020,12,98144,7
PSE,2022,10,98941,2
PSE,2021,11,98012,8
NWN,2021,7,97388,0
Avista,2022,3,99174,1
PAC,2024,8,98935,123
Avista,2023,11,99402,2
Avista,2020,3,99031,4
CNG,2021,6,98902,14
PAC,2024,12,98930,412
PAC,2020,8,99362,26
Avista,2023,6,99005,12
CNG,2020,7,98284,11
CNG,2020,11,98674,0
CNG,2022,2,98367,2
PSE,2023,3,98030,182
Avista,2021,4,99006,40
PSE,2020,10,98439,21
CNG,2025,3,98244,6
PSE,2024,5,98408,4
NWN,2023,12,98671,9
CNG,2021,8,98233,10
PSE,2024,2,98115,3
Avista,2022,9,99207,258
CNG,2020,3,98284,21
PSE,2025,5,98026,46
PSE,2023,4,98406,1
PSE,2024,6,98045,11
PSE,2021,6,98107,1
CNG,2023,4,98367,1
PSE,2022,9,98371,33
Avista,2024,1,99008,8
PSE,2021,7,98390,9
Avista,2021,3,99151,5
PSE,2021,1,98332,1
NWN,2021,10,98672,0
Avista,2021,5,99126,4
PSE,2023,6,98148,67
Avista,2024,1,99114,178
PAC,2020,4,98939,4
PSE,2024,11,98092,151
PSE,2020,6,98029,43
CNG,2020,11,98229,14
Avista,2021,11,99018,2
Avista,2020,12,99344,94
PAC,2024,7,98921,65
PSE,2024,6,98275,6
Avista,2024,9,99034,1
PAC,2025,7,98952,11
CNG,2024,7,98277,116
PSE,2025,5,98445,33
Avista,2021,7,99027,19
PSE,2025,3,98372,49
Avista,2020,7,99204,27
PSE,2021,11,98589,18
CNG,2020,11,99336,1
Avista,2023,3,99027,50
NWN,2024,11,97031,0
Avista,2021,11,99160,0
PSE,2020,3,98103,3
NWN,2021,4,98612,0
Avista,2025,7,99148,325
NWN,2024,11,98662,6
PAC,2024,9,98923,24
PSE,2020,3,98390,16
PAC,2025,2,99348,7
PSE,2023,6,98264,141
PSE,2021,2,98203,8
PSE,2025,5,98008,103
PSE,2020,6,98380,4
CNG,2022,2,98903,7
PSE,2022,7,98133,8
PSE,2024,6,98043,13
Avista,2025,8,99001,565
Avista,2025,7,99403,2358
Avista,2024,8,99111,74
PSE,2021,3,98589,17
PSE,2021,9,98373,97
Avista,2021,1,99212,61
Avista,2020,5,99131,2
PSE,2021,10,98360,14
PSE,2021,1,98530,3
CNG,2021,2,98247,6
PSE,2023,12,98058,119
Avista,2021,5,99025,16
NWN,2022,9,97388,0
Avista,2025,1,99111,363
CNG,2022,6,98226,18
PSE,2025,6,98043,26
NWN,2021,10,98604,0
Avista,2020,12,99169,8
Avista,2024,7,99185,4
Avista,2025,6,99103,48
PSE,2024,5,98943,3
PSE,2021,9,98252,7
CNG,2024,2,98802,6
PSE,2021,3,98011,26
Avista,2023,6,99201,35
PSE,2024,10,98446,7
NWN,2023,2,98683,9
PSE,2025,5,98312,117
PSE,2020,4,98038,22
PSE,2025,2,98110,44
NWN,2024,9,98026,0
Avista,2020,5,99205,176
PAC,2025,1,99348,7
CNG,2024,12,98528,9
PSE,2025,3,98338,29
CNG,2020,12,98557,0
PSE,2021,8,98946,2
Avista,2025,5,99032,109
PSE,2020,8,98295,1
PAC,2020,1,98944,30
PAC,2020,9,98932,15
NWN,2025,2,98762,0
Avista,2020,12,99185,4
CNG,2025,8,98226,565
PSE,2021,3,98010,7
CNG,2023,1,98951,2
PSE,2022,11,98275,2
PSE,2021,11,98110,6
Avista,2020,10,99113,4
PAC,2023,5,99348,14
CNG,2023,8,98276,1
CNG,2025,7,98550,193
Avista,2021,3,99003,12
PSE,2021,12,98026,72
PSE,2023,6,98354,13
PSE,2022,2,98027,67
Avista,2021,10,99201,95
CNG,2023,7,98901,12
Avista,2022,9,99122,14
Avista,2020,9,99141,48
PAC,2020,1,99350,1
PSE,2022,10,98270,8
PSE,2025,2,98407,4
NWN,2021,8,98208,0
NWN,2021,5,98626,0
NWN,2025,2,98683,5
PSE,2022,10,98233,27
PSE,2023,1,98296,8
NWN,2024,5,98666,0
PSE,2025,7,98053,44
NWN,2020,9,98666,0
NWN,2023,2,98662,20
PSE,2024,6,98220,2
NWN,2023,2,98127,0
Avista,2025,5,99018,34
PSE,2022,4,98370,27
PSE,2023,7,98332,2
PSE,2023,5,98370,27
Avista,2025,11,99040,190
PSE,2025,3,98346,28
CNG,2022,6,98837,1
Avista,2021,8,99212,82
PSE,2023,10,98020,2
PSE,2025,1,98513,226
PSE,2020,7,98122,5
NWN,2025,2,98672,7
PAC,2024,1,99361,21
Avista,2024,10,99204,54
NWN,2022,12,98119,0
PSE,2021,4,98387,48
CNG,2020,4,98942,0
Avista,2024,10,98648,8
PSE,2021,4,98934,16
PSE,2021,6,98155,9
CNG,2022,7,98240,1
NWN,2023,6,98666,0
Avista,2021,12,99170,10
PSE,2020,10,98059,51
NWN,2025,5,98675,0
PSE,2021,9,98244,21
CNG,2022,1,98944,8
Avista,2024,8,99008,13
Avista,2024,10,99122,16
PAC,2024,1,98952,10
PAC,2023,1,99350,2
PSE,2022,12,98004,342
Avista,2024,8,99029,19
PSE,2025,9,98042,45
Avista,2022,12,99021,21
PSE,2024,3,98367,56
NWN,2020,12,98864,0
CNG,2024,2,98563,8
PSE,2022,6,98360,11
Avista,2024,3,99031,7
PAC,2022,10,98948,389
Avista,2021,10,99129,6
CNG,2025,1,98310,462
PSE,2022,2,98053,17
PSE,2022,3,98134,1
Avista,2021,6,99040,12
PSE,2023,5,98321,24
CNG,2023,9,99336,2
PSE,2022,11,98267,1
NWN,2025,6,98626,0
PSE,2025,9,98037,5
Avista,2021,10,99217,128
CNG,2024,8,98220,5
PAC,2020,8,99324,20
NWN,2023,7,98648,0
PSE,2024,7,98263,1
NWN,2020,7,98648,0
PSE,2023,1,98387,20
PSE,2024,10,98092,208
PSE,2024,5,98155,37
CNG,2025,4,98932,56
PSE,2023,12,98026,5
PSE,2020,4,98579,28
PSE,2021,2,98233,40
PSE,2022,1,98110,15
NWN,2024,2,98675,0
CNG,2023,4,98229,11
Avista,2021,4,99117,1
PSE,2023,10,98043,3
PSE,2021,3,98022,53
CNG,2025,1,98901,367
PSE,2023,6,98031,385
Avista,2021,12,99009,7
NWN,2024,9,98601,0
PSE,2025,9,98010,4
PSE,2020,11,98407,1
PAC,2024,6,98952,9
Avista,2022,8,99111,21
CNG,2025,1,99362,655
Avista,2020,12,99037,68
PSE,2022,8,98327,1
CNG,2023,1,98932,4
PSE,2023,9,98232,2
CNG,2021,12,98584,3
PSE,2025,1,98051,8
NWN,2023,3,98620,0
PAC,2024,3,98952,8
CNG,2024,11,98337,61
NWN,2022,12,98660,9
PSE,2021,9,98028,48
PSE,2025,1,98387,118
CNG,2020,7,98557,0
NWN,2024,2,98685,3
PAC,2022,11,99328,97
PSE,2022,7,98346,25
NWN,2025,4,98604,8
PSE,2025,4,98112,3
PSE,2022,7,98934,2
PSE,2021,7,98208,5
Avista,2024,6,99019,18
PSE,2020,3,98405,7
PSE,2024,6,98531,15
PSE,2023,1,98059,22
PSE,2022,8,98051,2
PSE,2025,3,98230,53
NWN,2021,5,98639,0
PSE,2025,1,98558,2
CNG,2020,9,98282,0
CNG,2024,8,98310,168
CNG,2023,6,98274,8
PAC,2020,3,98937,8
PSE,2025,4,98118,47
PSE,2023,2,98405,11
Avista,2024,12,99006,33
PSE,2022,7,98051,1
NWN,2022,4,98208,0
PSE,2021,2,98406,2
Avista,2023,9,99206,50
PSE,2021,8,98144,5
PSE,2022,1,98375,31
PSE,2024,7,98359,19
PSE,2023,2,98027,48
CNG,2022,9,98311,1
PSE,2021,5,98055,94
PAC,2020,11,98951,19
CNG,2023,5,98520,4
CNG,2021,6,98221,10
CNG,2024,1,98276,18
CNG,2022,6,98223,4
PSE,2024,7,98940,4
CNG,2022,8,98903,7
NWN,2022,1,98607,7
PSE,2022,8,98101,1
PSE,2020,5,98597,70
PSE,2022,2,98178,19
PAC,2024,10,98951,377
PSE,2023,1,98498,33
PAC,2023,2,98948,414
PSE,2020,9,98236,6
PSE,2024,6,98178,14
PAC,2023,3,98908,611
PAC,2023,3,98903,601
Avista,2021,4,99001,34
PAC,2025,6,98908,745
CNG,2020,12,98625,0
PAC,2022,12,98930,357
CNG,2020,3,98948,7
PSE,2023,8,98208,23
PSE,2022,8,98589,10
PSE,2020,12,98019,7
PAC,2023,9,98939,14
PSE,2022,10,98004,31
NWN,2024,12,98601,0
CNG,2024,1,98282,2
PAC,2024,11,99363,6
Avista,2024,6,99148,7
CNG,2024,8,98223,123
PSE,2025,6,98288,2
PSE,2024,8,98332,10
CNG,2020,6,98951,1
PSE,2022,6,98031,93
Avista,2021,12,99026,9
PSE,2024,3,98943,7
Avista,2020,3,99207,581
CNG,2023,7,99324,4
PSE,2022,2,98235,1
PAC,2020,3,99362,34
PSE,2024,9,98275,3
PSE,2022,3,98028,30
PSE,2022,6,98203,9
PSE,2021,2,98323,2
PSE,2023,1,98247,16
PSE,2024,7,98513,50
PSE,2024,11,98371,94
PAC,2022,6,99323,18
PSE,2025,4,98199,4
PSE,2020,5,98077,7
PAC,2023,6,98952,9
Avista,2025,11,99031,45
NWN,2022,3,98662,12
NWN,2025,7,98628,0
NWN,2023,2,98684,21
PSE,2023,7,98008,18
PSE,2021,12,98103,83
PAC,2022,3,98947,79
Avista,2024,3,99110,6
NWN,2022,2,98610,0
PSE,2021,10,98372,25
CNG,2022,9,98229,2
PSE,2025,4,98023,408
PSE,2020,11,98232,1
Avista,2025,11,99110,69
PSE,2023,8,98038,21
CNG,2020,9,99352,2
CNG,2020,4,98953,0
CNG,2020,11,98277,3
CNG,2020,4,99344,1
PSE,2024,1,98201,38
CNG,2020,3,98264,14
PAC,2025,7,98936,119
PSE,2025,2,98023,185
PSE,2023,10,98040,12
Avista,2025,9,99006,608
PSE,2023,1,98107,3
NWN,2023,8,98642,3
PSE,2024,6,98270,30
CNG,2023,3,98273,24
Avista,2025,9,99170,86
PSE,2022,12,98506,393
PSE,2020,6,98387,39
NWN,2024,10,98682,1
NWN,2022,1,98666,0
Avista,2022,3,99019,47
CNG,2025,1,98674,32
NWN,2024,4,98664,14
PSE,2025,5,98133,26
CNG,2021,6,98233,11
PSE,2025,3,98240,7
Avista,2023,10,99129,56
PSE,2020,11,98404,14
CNG,2020,5,98837,0
PSE,2023,3,98387,23
CNG,2020,8,98632,0
CNG,2020,12,98932,1
PSE,2021,5,98112,3
PSE,2024,3,98335,8
NWN,2023,5,98617,0
PSE,2023,7,98396,1
NWN,2022,4,98762,0
Avista,2025,6,99141,787
PAC,2022,9,98952,6
NWN,2022,6,98119,0
PSE,2025,3,98198,180
PSE,2021,4,98037,6
PSE,2025,9,98576,1
PSE,2020,9,98003,154
NWN,2024,4,98683,13
PSE,2022,10,98010,15
PSE,2022,9,98103,2
Avista,2025,11,99014,20
PSE,2024,1,98375,18
PSE,2025,3,98277,183
PSE,2025,8,98230,55
PSE,2022,10,98374,27
Avista,2024,9,99031,1
Avista,2023,10,99110,22
PSE,2022,3,98109,3
CNG,2020,11,98942,2
PSE,2020,11,98367,12
PSE,2023,7,98466,8
Avista,2023,8,99202,53
Avista,2025,5,99157,122
PSE,2023,2,98248,46
Avista,2024,12,99216,119
CNG,2023,9,98284,5
Avista,2021,12,99128,6
PSE,2025,3,98274,77
PAC,2023,3,98948,438
NWN,2025,9,98119,0
PAC,2022,4,98932,162
CNG,2024,10,99337,50
PAC,2020,2,98948,23
PSE,2024,7,98014,6
Avista,2025,12,99216,2332
Avista,2025,3,99130,102
PSE,2023,11,98058,178
Avista,2025,4,99027,697
PSE,2021,4,98337,41
PSE,2025,6,98366,186
NWN,2024,4,98660,9
PAC,2020,8,99361,5
PSE,2025,4,98115,13
PAC,2022,12,99362,678
NWN,2023,12,98307,0
NWN,2025,5,98125,0
PSE,2021,3,98941,2
Avista,2025,7,99174,11
PSE,2023,3,98284,71
Avista,2025,4,99021,635
CNG,2025,2,99323,14
PSE,2024,11,98109,1
PSE,2022,5,98328,2
PSE,2022,10,98380,2
PSE,2022,11,98036,3
PSE,2024,12,98024,8
CNG,2023,2,98563,1
PAC,2025,6,98938,23
Avista,2023,5,99022,7
PSE,2022,7,98270,20
PSE,2022,8,98391,36
PSE,2020,4,98266,22
PAC,2025,4,98942,408
NWN,2022,10,98607,0
PSE,2021,1,98418,4
PSE,2024,2,98277,112
PSE,2020,7,98296,2
PSE,2022,2,98075,6
NWN,2024,7,98671,1
PSE,2023,3,98119,1
Avista,2024,4,99223,244
PSE,2020,7,98177,4
PAC,2024,7,99361,16
PAC,2024,12,99348,7
PSE,2024,4,98346,17
PSE,2023,6,98385,3
NWN,2020,3,98639,2
Avista,2021,1,99181,22
Avista,2024,4,99114,72
PSE,2023,5,98337,8
Avista,2025,11,99020,8
PAC,2024,7,98930,440
CNG,2024,9,98292,38
PSE,2023,10,98576,11
CNG,2024,6,98951,22
Avista,2022,12,99029,6
PAC,2023,4,98933,19
Avista,2024,5,99138,17
PSE,2020,12,98328,1
Avista,2023,3,99212,208
PSE,2020,7,98075,1
PSE,2024,12,98226,370
PSE,2020,12,98444,13
Avista,2022,3,99160,1
PSE,2021,12,98104,3
Avista,2023,10,99203,330
PSE,2023,7,98233,37
PSE,2022,11,98579,25
Avista,2024,12,99004,14
PSE,2024,11,98148,35
CNG,2022,4,98944,3
Avista,2025,3,99016,1488
Avista,2024,7,99149,3
PAC,2020,11,98921,7
PSE,2023,10,98288,4
CNG,2021,4,98292,11
PSE,2024,1,98257,37
PSE,2025,8,98258,39
CNG,2020,9,98223,3
NWN,2021,5,98629,1
CNG,2020,9,98244,0
CNG,2025,6,98248,563
Avista,2025,1,99171,95
Avista,2021,5,99167,2
Avista,2025,10,99122,248
CNG,2021,1,98563,1
PSE,2021,5,98244,12
CNG,2025,3,98271,104
NWN,2020,4,98664,2
PSE,2025,5,98424,16
Avista,2021,1,99223,49
Avista,2021,4,99218,71
PSE,2022,1,98288,2
PSE,2024,3,98530,4
PSE,2023,10,98032,145
Avista,2022,1,99016,47
Avista,2022,6,99004,2
PSE,2021,4,98224,7
PSE,2021,8,98005,8
PSE,2025,6,98375,87
PSE,2024,11,98221,61
PSE,2022,7,98274,16
CNG,2024,6,98837,13
PSE,2024,11,98117,2
PAC,2021,1,98944,79
PSE,2024,11,98503,177
CNG,2020,11,98257,0
PSE,2021,1,98328,1
Avista,2021,7,99206,78
NWN,2020,11,98671,3
Avista,2023,12,99167,15
PAC,2023,5,98902,2023
Avista,2021,8,99169,4
Avista,2024,5,99403,160
PSE,2021,12,98925,15
PSE,2021,6,98166,6
PSE,2023,4,98026,6
PSE,2020,10,98275,8
NWN,2025,9,98601,0
PSE,2023,4,98244,5
Avista,2022,3,99341,2
NWN,2021,2,98642,2
Avista,2023,12,99027,65
PSE,2022,5,98332,1
PSE,2021,2,98392,13
Avista,2020,8,99130,7
PSE,2024,1,98240,7
Avista,2025,6,99218,1496
PSE,2025,6,98327,12
CNG,2024,7,98292,32
CNG,2025,4,98902,1440
CNG,2022,2,99344,6
PSE,2021,11,98372,27
PSE,2023,8,98332,2
PSE,2022,2,98467,4
PSE,2022,8,98055,28
NWN,2021,11,98683,4
NWN,2025,9,98661,6
PSE,2021,9,98226,253
PSE,2020,11,98148,11
PSE,2021,12,98391,558
PSE,2020,10,98032,191
NWN,2020,6,98617,0
PSE,2022,2,98087,20
CNG,2021,3,98226,131
PSE,2022,6,98177,3
PSE,2024,6,98037,6
PSE,2022,6,98178,10
CNG,2023,11,99362,7
PSE,2021,5,98260,4
PAC,2024,1,99363,3
PSE,2025,7,98012,37
NWN,2021,9,98672,0
CNG,2024,2,98292,6
PSE,2022,9,98092,100
NWN,2021,3,98675,0
Avista,2020,7,99013,5
CNG,2021,8,98563,1
PSE,2021,12,98029,197
Avista,2023,11,99143,7
PSE,2021,5,98038,41
Avista,2022,10,99021,15
PSE,2020,9,98168,8
PSE,2021,9,98055,112
Avista,2021,6,99129,1
PSE,2023,7,98506,34
PSE,2020,9,98032,78
PSE,2022,1,98263,2
Avista,2025,1,99173,282
NWN,2020,7,98626,0
PSE,2021,9,98512,176
PSE,2023,1,98310,22
PSE,2022,6,98226,141
PSE,2025,4,98055,228
NWN,2023,6,98127,0
Avista,2024,9,99205,300
PSE,2020,10,98038,29
PSE,2020,3,98122,4
CNG,2022,11,98550,3
PSE,2024,2,98012,29
NWN,2025,1,98605,0
PSE,2021,4,98503,131
CNG,2024,9,98902,604
PSE,2022,3,98288,4
PSE,2025,2,98576,53
Avista,2022,4,99161,7
Avista,2024,7,99026,9
PSE,2025,6,98208,50
PSE,2020,3,98198,40
Avista,2020,11,99009,3
Avista,2022,7,99179,1
PSE,2020,4,98021,7
Avista,2023,10,99025,62
PSE,2020,6,98424,11
PSE,2024,12,98267,3
PSE,2023,5,98037,5
PSE,2025,3,98050,1
PSE,2021,4,98380,7
NWN,2021,10,98675,0
CNG,2025,8,98930,187
Avista,2022,4,99169,10
PSE,2024,9,98444,25
PSE,2021,10,98312,41
PSE,2021,6,98926,2
PAC,2022,7,98923,22
PSE,2022,12,98021,72
PSE,2020,11,98444,12
NWN,2020,9,98664,3
NWN,2023,8,98610,0
PSE,2025,6,98506,86
PSE,2024,11,98374,120
Avista,2023,2,99040,12
Avista,2025,7,99023,6
PSE,2020,7,98580,7
CNG,2022,8,98310,9
PSE,2025,1,98117,9
PAC,2020,10,99329,2
Avista,2020,9,99005,7
PSE,2021,12,98117,61
Avista,2023,3,99202,267
CNG,2021,9,98337,2
PAC,2022,6,98936,74
PSE,2020,6,98115,4
PSE,2022,3,98233,64
PSE,2020,3,98465,1
PSE,2022,10,98122,2
PSE,2020,6,98148,38
PSE,2024,5,98580,11
PSE,2022,10,98323,1
Avista,2024,9,99163,185
PSE,2021,4,98370,48
PSE,2024,4,98233,85
NWN,2020,4,98604,3
NWN,2023,10,98666,0
PSE,2025,1,98028,90
Avista,2025,6,99005,337
PSE,2024,5,98502,216
PAC,2023,3,98901,1373
PSE,2025,7,98422,29
PSE,2024,5,98310,64
PSE,2020,11,98926,8
Avista,2021,4,99167,3
PSE,2025,5,98039,1
Avista,2025,3,99326,19
PSE,2024,8,98244,13
PSE,2023,6,98940,12
CNG,2022,4,98550,3
Avista,2020,6,99202,131
PSE,2022,11,98146,7
PSE,2022,4,98576,9
CNG,2021,12,99324,4
PSE,2021,11,98103,3
NWN,2024,2,98672,1
CNG,2022,6,98310,3
Avista,2025,3,99036,3
Avista,2023,7,99019,26
Avista,2023,5,99117,1
CNG,2020,8,98225,16
PSE,2021,11,98034,43
PSE,2023,8,98272,4
CNG,2025,5,98274,291
Avista,2023,12,99344,108
PAC,2023,12,98952,8
CNG,2025,9,98284,407
PSE,2024,12,98390,74
Avista,2024,9,99138,8
PSE,2024,11,98530,7
PSE,2023,5,98056,54
PSE,2023,10,98275,3
PSE,2025,8,98188,133
Avista,2024,7,99114,121
CNG,2021,3,98295,9
PSE,2021,12,98115,56
CNG,2020,6,98274,9
PAC,2022,10,98903,518
Avista,2025,11,99205,5553
PSE,2020,7,98374,61
PSE,2021,12,98503,987
Avista,2021,9,99159,6
PSE,2022,9,98273,35
PSE,2021,11,98010,7
PSE,2024,9,98340,3
PSE,2024,2,98023,269
PAC,2023,11,99329,3
CNG,2025,4,98563,47
CNG,2020,7,98903,1
PAC,2024,10,98953,112
PSE,2025,7,98292,1
NWN,2024,1,98119,0
NWN,2022,1,98671,6
Avista,2021,3,99204,56
PAC,2025,8,98944,167
PSE,2025,4,98037,53
Avista,2022,5,99004,4
PSE,2020,11,98166,5
PAC,2020,8,98952,1
PSE,2025,3,98024,11
PSE,2021,9,98321,54
PSE,2024,8,98177,4
PSE,2023,12,98110,11
PAC,2024,2,98942,230
PSE,2025,7,98112,14
Avista,2023,2,99344,82
PSE,2024,4,98047,40
Avista,2024,11,99173,3
PAC,2020,3,99347,5
PAC,2021,5,99323,2
CNG,2023,6,98563,1
PSE,2024,9,98568,1
Avista,2020,5,99208,147
PSE,2024,10,98360,41
PSE,2021,4,98030,271
PSE,2024,9,98118,136
Avista,2024,10,99109,36
PSE,2021,12,98121,57
PSE,2024,1,98188,64
Avista,2021,12,99011,0
PSE,2023,9,98155,2
PSE,2025,7,98258,43
NWN,2025,1,97301,0
PSE,2023,12,98498,15
PSE,2025,4,98941,7
Avista,2024,3,99129,8
PSE,2022,4,98144,6
PSE,2022,6,98922,12
CNG,2020,8,99338,1
Avista,2020,3,99173,13
NWN,2021,4,97388,0
NWN,2023,7,98208,0
NWN,2022,5,98610,69
PAC,2023,11,99363,3
CNG,2022,6,98220,1
PSE,2022,8,98276,1
NWN,2021,9,98208,0
PSE,2023,4,98321,10
Avista,2021,6,99025,11
NWN,2024,7,98674,0
PSE,2025,5,98391,250
Avista,2025,5,99129,162
CNG,2025,6,98367,183
Avista,2022,3,99033,11
PAC,2025,5,98923,23
CNG,2022,7,98337,1
Avista,2021,7,99013,11
PSE,2023,1,98229,69
NWN,2022,11,98620,0
PSE,2024,12,98467,10
Avista,2023,8,99126,3
PSE,2023,5,98040,8
CNG,2022,6,98271,2
PSE,2025,1,98943,12
PSE,2021,7,98122,2
Avista,2025,9,99128,14
CNG,2022,6,99362,10
Avista,2024,1,99204,156
PSE,2021,2,98122,6
Avista,2020,8,99224,77
PAC,2020,8,98948,21
PSE,2025,8,98177,35
PSE,2022,1,98239,23
PSE,2024,5,98019,30
Avista,2025,8,99141,777
PSE,2024,2,98312,72
PSE,2024,8,98110,50
PSE,2022,1,98002,318
Avista,2021,11,99157,8
NWN,2025,3,98617,0
PSE,2025,5,98446,12
Avista,2021,8,99013,15
PAC,2023,6,99323,20
PSE,2021,5,98148,23
PAC,2021,5,98908,51
PSE,2024,4,98121,2
Avista,2024,10,99161,6
PSE,2024,12,98558,1
Avista,2021,4,99021,26
PSE,2024,9,98166,1
Avista,2024,9,99206,129
PSE,2023,1,98346,14
PSE,2021,10,98374,32
Avista,2024,3,99171,9
PSE,2021,4,98445,20
Avista,2025,7,99204,1132
CNG,2024,12,98942,123
PAC,2021,1,99326,0
PAC,2020,7,99362,28
PSE,2025,8,98275,8
NWN,2021,10,98666,0
Avista,2023,4,99126,3
Avista,2020,4,99170,8
PAC,2020,7,98923,4
PSE,2020,9,98028,16
PAC,2025,1,98901,993
PSE,2022,4,98275,5
PSE,2024,10,98499,43
Avista,2023,12,99204,137
PAC,2022,6,98902,1305
Avista,2025,8,99040,186
PSE,2024,2,98288,3
PSE,2025,1,98059,112
PSE,2023,6,98204,66
Avista,2020,11,99201,19
PSE,2022,2,98001,142
PSE,2025,6,98012,42
PSE,2021,8,98267,2
PSE,2025,6,98168,44
PSE,2025,6,98051,9
CNG,2021,2,98550,3
PSE,2022,12,98208,245
NWN,2023,8,98682,14
NWN,2024,6,98663,2
CNG,2025,9,98240,15
PSE,2021,5,98008,58
PSE,2024,3,98296,12
PSE,2022,6,98264,29
PSE,2023,1,98051,4
PSE,2020,10,98375,27
PSE,2023,7,98375,26
Avista,2021,2,99208,195
Avista,2023,11,99008,3
Avista,2021,4,99223,154
PSE,2024,5,98312,85
PSE,2021,3,98422,4
Avista,2024,4,99031,3
CNG,2021,3,98944,99
CNG,2021,3,98908,70
PAC,2022,3,98902,1620
PAC,2020,11,98937,9
PSE,2024,8,98122,7
Avista,2022,3,99001,49
CNG,2021,3,98233,65
CNG,2024,2,98312,107
NWN,2025,5,98682,17
PSE,2023,12,98249,16
Avista,2023,3,99006,47
PSE,2022,7,98023,73
PSE,2020,10,98087,26
Avista,2020,3,99157,9
Avista,2022,6,99016,74
PSE,2025,4,98229,120
PSE,2020,5,98126,15
PSE,2025,2,98391,179
Avista,2020,3,99185,4
PSE,2020,6,98408,12
Avista,2023,3,99013,25
NWN,2024,8,98127,0
PSE,2024,10,98110,26
Avista,2024,3,99185,13
PSE,2025,3,98284,162
Avista,2024,3,99217,185
CNG,2024,2,98271,7
CNG,2021,12,98277,5
PSE,2020,11,98005,16
NWN,2022,3,98610,0
Avista,2024,2,99371,1
Avista,2025,6,99130,105
NWN,2023,11,98663,1
NWN,2024,7,98610,0
CNG,2022,10,98908,14
PSE,2023,6,98224,3
Avista,2025,12,99039,22
PAC,2021,4,98935,30
PAC,2020,12,98935,8
PSE,2021,4,98117,2
PSE,2021,12,98001,481
PSE,2025,5,98178,30
PSE,2021,4,98271,4
PSE,2023,2,98028,12
PAC,2020,7,98935,8
Avista,2025,4,99110,63
PAC,2024,12,99362,712
PSE,2024,1,98281,3
PSE,2021,2,98001,49
PSE,2022,8,98038,19
PSE,2022,4,98366,34
PSE,2020,12,98275,3
Avista,2024,4,99126,6
PSE,2024,12,98252,1
PSE,2021,3,98038,26
PSE,2024,9,98388,1
PAC,2024,10,98933,18
PSE,2025,6,98424,14
PSE,2021,8,98001,58
PSE,2021,6,98026,4
NWN,2024,10,98666,0
PSE,2023,7,98946,1
PSE,2020,7,98235,2
Avista,2020,5,99403,42
PAC,2025,1,99329,3
PSE,2024,6,98092,172
NWN,2023,7,98605,0
CNG,2023,5,99324,11
PSE,2024,1,98247,33
PSE,2024,5,98284,171
Avista,2021,11,99228,0
Avista,2022,2,99131,1
PSE,2025,2,98374,174
NWN,2023,4,98671,2
NWN,2022,7,98610,0
PSE,2024,5,98223,1
Avista,2021,7,99138,7
PSE,2022,9,98125,1
PSE,2022,12,98277,728
PSE,2023,7,98346,3
PSE,2023,9,98251,1
PSE,2025,8,98940,2
Avista,2020,4,99151,2
PSE,2025,4,98002,554
NWN,2023,1,98635,0
PSE,2025,8,98404,47
PSE,2025,5,98354,9
PAC,2023,6,98908,648
PSE,2025,7,98235,2
PSE,2022,12,98558,5
CNG,2023,8,98271,5
PAC,2020,11,98932,15
PSE,2021,10,98359,2
CNG,2025,6,98232,6
Avista,2021,5,99104,1
PSE,2022,7,98204,7
PSE,2023,2,98074,12
NWN,2024,8,97301,0
PSE,2025,6,98312,144
Avista,2025,4,99216,2249
PSE,2024,12,98354,5
NWN,2023,3,98683,16
CNG,2025,4,99350,35
PSE,2022,9,98146,11
PSE,2023,6,98532,9
PSE,2021,5,98105,1
PSE,2020,10,98223,1
PSE,2021,9,98122,17
PSE,2023,5,98010,7
Avista,2024,5,99004,17
Avista,2025,4,99122,247
Avista,2022,11,99022,16
PAC,2023,1,98944,771
NWN,2024,9,98660,0
PSE,2024,4,98576,26
Avista,2023,6,99006,23
CNG,2024,5,98930,44
Avista,2020,8,99109,23
CNG,2021,11,98312,3
PSE,2023,3,98232,3
Avista,2022,6,99131,2
PSE,2023,4,98040,5
PSE,2020,4,98342,1
Avista,2020,4,99101,3
Avista,2021,6,99174,1
PSE,2021,11,98516,63
PSE,2024,5,98003,534
PAC,2025,1,98935,124
CNG,2021,7,98264,6
PSE,2023,10,98244,11
PSE,2021,3,98053,12
PAC,2020,10,98930,24
CNG,2024,12,98337,136
PSE,2023,8,98240,2
PSE,2022,3,98946,2
PAC,2020,1,98923,3
CNG,2020,8,98248,11
CNG,2021,4,98276,10
Avista,2021,11,99122,20
NWN,2021,6,98668,0
Avista,2022,6,99223,177
PSE,2020,8,98310,22
Avista,2021,10,99202,153
Avista,2022,2,99167,3
Avista,2020,11,99101,10
PSE,2024,12,98103,3
Avista,2020,9,99102,6
PSE,2020,11,98335,4
PSE,2022,1,98074,10
CNG,2021,3,99337,13
PSE,2023,2,98424,6
CNG,2024,7,99353,3
PSE,2021,1,98498,43
NWN,2024,3,98125,0
CNG,2025,8,99352,242
Avista,2020,12,99020,1
PAC,2024,10,98901,1031
PSE,2023,4,98053,7
PSE,2024,5,98367,51
Avista,2023,6,99027,22
Avista,2022,8,99371,3
Avista,2023,8,99102,2
Avista,2024,9,99021,20
PSE,2024,4,98117,11
PSE,2021,7,98014,4
PSE,2025,5,98262,6
PSE,2023,11,98274,49
PSE,2023,7,98023,58
Avista,2023,6,99111,10
CNG,2023,7,98229,21
NWN,2023,3,98665,27
PSE,2025,1,98087,43
NWN,2022,9,98675,5
PSE,2021,5,98296,2
CNG,2020,11,99344,8
PSE,2024,7,98177,2
PSE,2024,5,98443,2
PSE,2021,7,98409,12
CNG,2023,11,98942,2
CNG,2024,7,98944,148
CNG,2023,7,99344,7
CNG,2024,9,98240,4
PAC,2020,11,98948,22
Avista,2023,8,99006,21
PSE,2020,6,98580,6
PSE,2021,5,98589,26
PSE,2025,4,98121,2
Avista,2024,5,99203,90
PSE,2023,9,98335,1
Avista,2020,8,99022,22
PSE,2024,7,98144,4
PSE,2021,1,98502,247
PSE,2024,7,98345,2
PSE,2023,2,98239,1
PSE,2020,7,98125,8
CNG,2020,3,98936,2
PAC,2025,8,99362,465
PSE,2021,8,98501,84
Avista,2022,7,99125,3
PSE,2021,6,98499,5
PSE,2025,5,98208,73
PSE,2023,3,98133,9
NWN,2025,9,98663,2
PSE,2023,7,98579,15
PSE,2020,7,98338,26
PSE,2021,12,98005,166
Avista,2023,1,99137,2
PSE,2020,8,98530,2
PSE,2024,7,98070,12
PAC,2020,2,99348,3
PSE,2022,11,98277,49
CNG,2021,11,98310,4
PAC,2023,11,98948,447
PSE,2025,6,98940,8
NWN,2024,12,98682,13
PSE,2021,4,98040,15
PSE,2024,7,98155,9
PSE,2024,5,98178,22
PSE,2021,1,98499,5
PSE,2021,8,98148,19
Avista,2022,1,99201,103
PSE,2021,6,98501,97
CNG,2024,8,98345,4
Avista,2025,7,99125,55
PSE,2022,3,98405,14
NWN,2021,1,98672,0
PSE,2025,6,98144,29
PSE,2020,9,98580,5
PAC,2020,12,98937,9
Avista,2024,6,99125,3
PSE,2022,2,98512,88
Avista,2022,6,99403,103
PSE,2022,11,98045,13
PSE,2025,7,98033,87
PSE,2022,1,98040,4
PAC,2022,9,98939,7
PSE,2024,12,98446,14
Avista,2023,3,99218,110
Avista,2022,8,99003,12
PSE,2021,10,98024,3
Avista,2024,10,99130,4
PAC,2020,10,98947,9
CNG,2023,3,98541,1
Avista,2023,9,99003,7
Avista,2020,6,99101,7
PSE,2024,8,98042,96
CNG,2024,10,98908,226
Avista,2023,11,99203,78
CNG,2020,9,99324,6
CNG,2025,4,98248,548
PAC,2024,6,98947,99
PSE,2023,6,98267,5
PSE,2020,8,98240,3
PSE,2021,2,98346,8
NWN,2024,1,98610,10
Avista,2021,12,99219,0
Avista,2020,10,99129,2
PAC,2025,9,99350,2
NWN,2024,5,98665,13
CNG,2025,6,98563,56
PAC,2023,3,99347,41
NWN,2022,7,98663,3
Avista,2021,11,99260,0
PSE,2023,2,98338,9
PSE,2021,2,98065,8
PSE,2023,5,98110,21
PSE,2021,7,98203,3
Avista,2021,7,99218,39
PSE,2024,9,98232,2
CNG,2020,5,99344,0
PAC,2025,3,98903,456
Avista,2020,6,99138,7
PSE,2022,5,98077,2
PSE,2020,7,98014,7
CNG,2020,6,98223,8
PSE,2025,2,98421,1
PSE,2024,7,98277,111
CNG,2023,8,98226,30
CNG,2020,4,98366,7
PSE,2023,12,98087,13
Avista,2025,11,99403,303
PSE,2021,4,98373,45
Avista,2021,10,99014,0
PAC,2023,3,98953,98
Avista,2021,2,99016,56
PSE,2021,11,98407,3
PSE,2023,6,98321,84
PSE,2022,4,98465,1
PSE,2024,7,98290,5
PSE,2021,9,98940,8
NWN,2021,7,98684,0
PAC,2025,6,98936,102
CNG,2023,6,99350,1
PSE,2020,4,98112,5
PSE,2020,10,98121,2
Avista,2025,6,99037,368
Avista,2021,10,99219,0
Avista,2020,8,99032,8
CNG,2022,8,98948,6
PSE,2022,6,98010,5
NWN,2024,9,97301,0
NWN,2025,4,97031,0
Avista,2021,11,99102,4
Avista,2020,7,99157,6
PSE,2025,5,98367,84
PSE,2024,11,98007,149
PSE,2020,10,98380,1
PSE,2023,4,98092,161
Avista,2022,3,99206,148
PSE,2022,8,98940,1
NWN,2025,6,98684,4
NWN,2022,10,98666,0
PSE,2023,4,98033,29
PSE,2024,6,98332,6
PSE,2022,4,98530,2
PSE,2020,5,98208,34
PSE,2024,12,98126,5
PSE,2025,9,98199,4
PAC,2025,4,98902,335
PSE,2020,9,98232,1
PSE,2022,1,98922,21
PSE,2025,9,98445,4
PSE,2023,2,98012,16
Avista,2022,6,99160,1
PSE,2021,2,98405,16
PSE,2021,8,98112,1
PSE,2020,5,98168,20
PSE,2024,5,98506,76
NWN,2024,7,98617,0
PSE,2020,9,98178,4
PSE,2024,11,98340,3
CNG,2021,2,98226,35
PSE,2024,6,98007,62
NWN,2020,5,98601,0
Avista,2025,3,99212,2832
PAC,2024,5,99361,20
PSE,2021,10,98266,11
PAC,2024,2,99361,21
Avista,2024,12,99037,19
NWN,2025,5,98762,0
CNG,2024,11,99338,27
Avista,2022,5,99027,27
PSE,2025,7,98226,274
PSE,2024,7,98335,16
PSE,2021,2,98498,26
PSE,2024,11,98074,21
NWN,2023,5,98607,13
PSE,2021,11,98922,20
Avista,2025,1,99026,174
Avista,2024,11,99206,108
CNG,2025,3,98247,163
NWN,2023,8,98686,5
CNG,2021,6,98801,1
Avista,2020,3,99113,4
PSE,2020,12,98277,116
CNG,2023,1,98230,3
PSE,2023,4,98373,20
PSE,2025,1,98047,49
CNG,2023,4,98802,2
PSE,2022,11,98198,73
PSE,2025,8,98267,2
NWN,2021,12,98026,0
PSE,2020,7,98530,1
PSE,2022,7,98034,32
Avista,2025,6,99146,4
CNG,2025,7,98240,14
PSE,2025,1,98597,177
PSE,2022,2,98059,67
Avista,2025,12,99146,6
PAC,2023,8,98939,14
CNG,2021,5,98932,14
PSE,2022,10,98466,3
PSE,2025,9,98597,43
PSE,2024,5,98168,33
PSE,2025,1,98244,18
Avista,2022,12,99125,2
PSE,2023,7,98221,19
PSE,2023,10,98290,3
PAC,2022,6,98908,406
Avista,2023,6,99138,1
PSE,2025,7,98116,15
NWN,2022,10,98639,0
PSE,2023,12,98294,5
Avista,2025,3,99117,40
PSE,2023,11,98178,10
PAC,2024,9,98947,89
PSE,2022,4,98373,33
PSE,2024,3,98380,10
PSE,2020,7,98392,20
CNG,2023,1,98284,20
PSE,2021,6,98027,44
PAC,2024,3,98921,59
Avista,2025,2,99146,5
PSE,2024,9,98264,8
Avista,2020,3,99103,5
Avista,2025,7,99179,47
CNG,2022,6,98366,2
CNG,2021,4,98221,58
PSE,2023,4,98407,1
PSE,2021,11,98940,5
Avista,2022,3,99169,18
Avista,2024,6,99016,45
Avista,2022,12,99143,3
PSE,2025,3,98188,69
PAC,2023,12,99324,134
PSE,2023,3,98006,47
PSE,2023,2,98422,2
Avista,2025,11,99131,14
PSE,2022,2,98321,23
PSE,2025,4,98198,348
PSE,2024,10,98579,37
PSE,2020,12,98443,4
PSE,2023,9,98110,4
PSE,2020,6,98043,8
Avista,2021,5,99158,3
PSE,2020,9,98516,22
NWN,2021,6,98026,0
Avista,2024,6,99117,1
Avista,2022,4,99402,12
PSE,2021,7,98110,7
PSE,2023,8,98065,13
PSE,2020,10,98409,3
PAC,2020,10,99323,2
NWN,2022,4,98617,0
Avista,2022,9,99403,82
PAC,2023,1,98952,25
Avista,2023,12,99117,4
PSE,2022,8,98310,33
PSE,2022,2,98396,1
PSE,2023,8,98506,50
PSE,2022,12,98230,220
PSE,2025,7,98003,853
Avista,2024,7,99125,5
PSE,2023,4,98027,31
PSE,2024,7,98284,52
PSE,2020,5,98323,1
PSE,2023,12,98037,6
Avista,2021,7,99173,9
Avista,2022,7,99021,24
PSE,2020,4,98276,3
PAC,2022,1,98948,502
Avista,2021,4,99216,110
PSE,2020,7,98021,5
PSE,2022,12,98255,23
PAC,2025,1,98947,81
PSE,2023,5,98177,3
PSE,2025,3,98199,2
Avista,2023,9,99039,2
Avista,2025,7,99016,1525
Avista,2025,1,99141,778
PSE,2020,9,98294,1
PSE,2021,9,98288,6
Avista,2023,5,99216,47
PSE,2024,11,98380,8
PSE,2022,2,98340,1
PSE,2024,9,98027,9
Avista,2020,4,99005,9
CNG,2025,7,98271,109
PAC,2024,1,99348,10
PSE,2024,12,98155,33
PSE,2021,3,98119,3
PSE,2020,9,98503,62
CNG,2021,10,98274,2
PSE,2021,4,98038,49
PAC,2024,7,99363,6
NWN,2020,4,98602,0
PSE,2020,6,98922,7
CNG,2025,1,99352,180
NWN,2022,9,98661,2
Avista,2020,10,99022,38
Avista,2025,3,99146,5
PSE,2025,8,98370,107
PAC,2025,1,98938,47
CNG,2023,1,98312,2
Avista,2024,8,99018,4
PSE,2024,7,98029,40
PSE,2020,8,98375,26
Avista,2022,10,99013,23
PSE,2020,4,98235,2
PSE,2022,12,98168,381
PSE,2021,10,98597,60
CNG,2024,3,98951,11
CNG,2025,3,98345,7
PSE,2023,11,98203,11
PAC,2021,2,98932,10
Avista,2025,4,99218,1490
PSE,2024,3,98512,77
PSE,2025,7,98444,36
Avista,2024,10,99040,3
PSE,2022,6,98267,1
PSE,2025,5,98498,119
NWN,2020,4,98671,5
PSE,2021,3,98037,12
PSE,2020,9,98074,7
PSE,2023,3,98360,8
PSE,2020,6,98248,79
PSE,2022,10,98103,1
Avista,2021,12,99163,73
PAC,2021,4,99323,4
Avista,2022,1,99039,2
PAC,2023,5,99361,20
PAC,2022,1,99329,3
PSE,2024,2,98107,1
NWN,2024,10,98026,0
PSE,2022,6,98387,25
PSE,2023,12,98055,77
CNG,2022,11,98277,2
Avista,2023,4,99163,11
PSE,2020,10,98056,138
CNG,2023,6,98930,3
PSE,2025,5,98050,1
PAC,2025,4,98951,84
CNG,2020,8,99336,2
Avista,2025,12,99101,217
PSE,2020,7,98115,3
NWN,2024,4,98686,9
PAC,2025,9,98947,49
CNG,2022,8,98274,8
NWN,2022,4,98668,0
PSE,2022,6,98328,1
NWN,2024,3,97301,0
PSE,2020,9,98531,6
NWN,2024,10,98125,0
Avista,2022,2,99003,22
Avista,2025,2,99169,254
PSE,2023,3,98236,8
PSE,2020,5,98338,38
Avista,2021,7,99151,3
PSE,2022,4,98332,2
CNG,2025,8,99324,148
PSE,2021,11,98367,12
PSE,2020,10,98077,3
PSE,2021,12,98270,264
PSE,2021,1,98310,23
CNG,2020,7,98247,6
PSE,2025,9,98070,10
PSE,2023,10,98310,22
Avista,2020,8,99202,160
PSE,2021,8,98273,32
PAC,2024,6,98942,220
PSE,2023,9,98312,23
PSE,2025,2,98232,13
NWN,2025,3,98612,0
PSE,2021,6,98373,26
PSE,2020,6,98007,91
Avista,2023,6,99040,6
PSE,2022,9,98274,4
Avista,2025,9,99402,121
Avista,2022,12,99212,132
PSE,2024,12,98385,1
Avista,2020,6,99161,2
NWN,2022,1,98127,0
NWN,2021,9,98610,0
CNG,2024,5,98557,5
CNG,2023,8,98930,2
Avista,2022,8,99134,4
Avista,2020,4,99207,318
NWN,2021,10,98642,0
Avista,2023,2,99103,5
CNG,2020,3,98292,0
CNG,2021,9,98541,1
PAC,2023,2,99347,40
PSE,2021,6,98057,33
PSE,2023,3,98283,2
PAC,2022,11,99347,39
Avista,2022,11,99039,2
PSE,2021,3,98498,32
Avista,2020,6,99004,3
PSE,2021,1,98036,13
Avista,2024,1,99019,70
PSE,2025,1,98115,11
PSE,2021,9,98328,3
CNG,2025,8,98277,319
NWN,2020,5,98671,3
PAC,2020,12,99350,2
CNG,2020,12,98277,7
CNG,2022,9,98233,8
NWN,2025,3,98639,0
PSE,2025,2,98266,47
PSE,2021,12,98380,56
Avista,2024,8,99131,2
NWN,2021,1,98662,13
PSE,2020,5,98407,12
PSE,2024,9,98005,5
PSE,2022,12,98530,29
Avista,2021,11,99208,297
PSE,2023,6,98366,231
PAC,2023,6,98921,53
Avista,2023,2,99029,5
PSE,2020,8,98023,76
NWN,2020,3,98663,1
Avista,2023,9,99027,22
CNG,2023,9,98312,2
Avista,2021,12,99130,16
NWN,2024,8,98626,0
PSE,2023,12,98029,92
PSE,2023,12,98011,82
PSE,2021,9,98531,34
PSE,2024,12,98232,2
PSE,2024,7,98922,11
CNG,2025,3,98908,561
CNG,2020,6,99354,2
PSE,2023,11,98225,304
Avista,2025,11,99163,2024
Avista,2022,10,99176,1
PSE,2023,12,98388,1
PAC,2023,9,99361,20
Avista,2025,7,99113,33
PSE,2025,1,98262,4
NWN,2024,8,97031,0
CNG,2022,10,98366,3
PSE,2025,7,98342,16
Avista,2024,6,99110,3
Avista,2024,5,99206,196
Avista,2020,12,99019,169
PSE,2025,6,98263,3
NWN,2020,10,97388,0
CNG,2020,12,98674,1
PSE,2024,9,98466,8
CNG,2023,7,98908,6
CNG,2024,5,98264,161
NWN,2022,10,98648,0
PSE,2020,7,98465,2
PSE,2021,5,98230,42
CNG,2024,3,98244,1
PSE,2021,3,98045,7
PSE,2023,6,98112,27
CNG,2023,6,98370,1
PSE,2021,8,98375,19
PAC,2020,2,98921,10
PSE,2025,9,98203,9
PSE,2023,3,98467,2
NWN,2020,6,98665,9
PSE,2024,5,98294,4
PSE,2023,4,98028,23
NWN,2022,7,98674,0
PAC,2023,5,98930,453
NWN,2024,6,98674,0
CNG,2024,1,98273,147
PSE,2023,3,98144,12
CNG,2022,8,98264,19
PSE,2025,1,98372,193
Avista,2022,4,99020,1
PSE,2022,9,98220,1
Avista,2021,9,99157,4
CNG,2020,9,98908,7
CNG,2025,3,98541,37
Avista,2021,5,99202,124
PAC,2025,4,99347,17
NWN,2023,5,98684,27
PSE,2022,4,98027,36
PSE,2020,4,98446,5
PSE,2020,5,98148,40
PSE,2022,5,98178,7
PSE,2023,6,98105,29
CNG,2025,3,98225,670
PSE,2022,6,98375,23
CNG,2020,9,98936,0
CNG,2023,2,98271,5
PSE,2023,9,98028,1
Avista,2024,9,99170,5
CNG,2020,4,98271,2
PSE,2025,6,98354,6
PSE,2024,2,98032,330
CNG,2024,4,98383,38
PSE,2021,4,98424,9
Avista,2024,10,99001,40
PSE,2024,8,98283,1
PSE,2025,3,98178,21
PAC,2020,6,98936,8
Avista,2025,11,99130,106
PAC,2022,10,99347,36
PSE,2020,12,98036,6
PSE,2024,7,98579,26
PAC,2024,10,99363,6
PSE,2024,2,98230,36
PSE,2023,1,98501,83
CNG,2022,10,98942,5
PSE,2023,5,98499,7
Avista,2024,6,99039,1
PSE,2025,9,98403,3
Avista,2020,10,99205,413
PSE,2020,9,98295,1
PSE,2021,7,98439,10
Avista,2025,1,99131,19
Avista,2022,6,99203,54
Avista,2024,6,99159,2
Avista,2022,10,99004,1
Avista,2023,4,99005,11
PSE,2022,9,98003,135
CNG,2020,12,98903,5
PSE,2022,3,98597,83
PSE,2020,8,98409,4
PSE,2022,10,98277,28
PSE,2021,7,98283,1
PSE,2022,4,98367,17
PSE,2022,3,98033,25
CNG,2025,2,99336,296
PAC,2020,3,98902,37
PAC,2020,9,99362,21
PSE,2020,4,98407,7
Avista,2020,9,99223,56
PSE,2023,2,98312,29
Avista,2021,12,99179,2
PSE,2024,11,98146,23
NWN,2024,4,98635,0
PSE,2023,10,98232,5
PSE,2023,2,98002,130
PSE,2022,10,98065,6
Avista,2024,6,99008,1
CNG,2020,4,98312,19
CNG,2023,9,98230,10
PSE,2024,8,98396,5
PSE,2020,5,98239,17
PAC,2020,4,98936,8
NWN,2020,3,98628,0
PSE,2021,3,98392,15
PSE,2024,6,98237,35
PSE,2021,6,98208,13
PSE,2022,5,98312,37
PSE,2025,6,98404,41
PSE,2020,6,98133,10
Avista,2021,3,99032,12
Avista,2022,6,99208,295
Avista,2021,4,99176,1
PSE,2022,5,98208,7
PAC,2021,3,99362,92
Avista,2020,11,99163,15
Avista,2025,9,99344,1416
Avista,2024,2,99037,29
PSE,2021,7,98006,20
NWN,2021,5,98617,0
NWN,2023,1,98628,2
PAC,2020,4,98933,4
Avista,2022,2,99128,2
PAC,2020,11,98933,2
PSE,2022,6,98255,1
PSE,2023,6,98271,49
PSE,2022,8,98342,5
PSE,2021,6,98260,7
CNG,2025,5,98383,203
PSE,2020,8,98136,2
PSE,2024,12,98055,94
PSE,2020,9,98239,8
PSE,2022,1,98229,126
Avista,2023,7,99201,33
CNG,2021,8,98366,1
NWN,2020,9,98602,0
PSE,2023,4,98012,13
Avista,2020,8,99402,4
PSE,2020,11,98033,20
Avista,2021,11,99131,2
Avista,2021,2,99025,13
PSE,2023,10,98237,62
PAC,2022,9,98944,655
PSE,2024,10,98272,7
Avista,2021,11,99032,8
PSE,2023,12,98337,13
NWN,2024,8,98629,1
PSE,2023,5,98272,3
CNG,2023,6,98951,1
PSE,2022,7,98446,4
Avista,2022,8,99025,15
PSE,2022,6,98126,13
PSE,2021,11,98498,18
PSE,2020,5,98102,3
PSE,2021,8,98092,153
PSE,2023,4,98240,1
Avista,2021,11,99113,4
PSE,2025,6,98177,15
Avista,2024,4,99169,7
Avista,2024,8,99208,1133
PSE,2020,6,98203,5
Avista,2020,10,99217,190
CNG,2025,6,98541,39
NWN,2024,8,98668,0
Avista,2022,1,99344,89
PSE,2024,9,98144,28
PAC,2023,8,98952,8
Avista,2020,10,99131,2
Avista,2021,11,99020,2
PSE,2024,10,98288,1
CNG,2024,4,99324,31
PSE,2022,4,98101,1
PSE,2023,10,98267,11
Avista,2022,4,99037,14
CNG,2020,10,98626,0
NWN,2020,10,98605,0
Avista,2022,2,99025,16
Avista,2025,1,98648,36
PSE,2024,4,98506,90
CNG,2020,6,99353,0
PAC,2020,10,98932,16
NWN,2025,6,98762,0
PSE,2023,5,98136,3
Avista,2021,10,99103,4
CNG,2020,7,98936,0
PSE,2024,7,98580,24
PSE,2025,8,98042,198
CNG,2020,4,98292,1
PSE,2021,3,98201,7
PSE,2023,3,98136,2
CNG,2020,9,98801,1
PSE,2024,11,98253,2
CNG,2023,3,98948,8
PSE,2021,11,98107,1
PAC,2023,7,99329,2
PSE,2023,3,98922,16
PSE,2023,1,98115,8
PSE,2023,4,98005,17
PSE,2024,8,98277,80
PAC,2020,6,99323,2
PSE,2025,2,98027,73
PSE,2025,8,98006,26
Avista,2021,8,99101,2
Avista,2025,12,99102,84
PSE,2022,11,98513,34
Avista,2024,2,99008,2
PSE,2021,10,98027,41
PSE,2021,3,98321,18
Avista,2022,6,99110,2
PSE,2021,5,98262,3
PSE,2022,10,98501,64
CNG,2021,4,98944,99
Avista,2023,12,99207,576
PSE,2023,9,98360,7
PAC,2021,6,98944,55
NWN,2020,8,98610,0
PSE,2024,6,98051,4
Avista,2024,6,99344,25
NWN,2021,3,98668,0
NWN,2025,3,98606,0
PSE,2025,2,98133,23
PSE,2024,6,98053,4
Avista,2020,9,99341,3
Avista,2021,2,99003,6
PSE,2025,3,98108,18
PSE,2021,8,98270,14
PSE,2022,2,98409,21
PSE,2020,6,98118,27
CNG,2020,4,98223,8
PSE,2024,12,98276,4
PSE,2021,4,98014,13
PSE,2021,12,98277,565
CNG,2022,2,98264,9
PSE,2021,2,98052,65
PSE,2025,9,98072,3
NWN,2024,6,98664,6
PAC,2020,6,98908,21
PSE,2022,10,98012,3
PSE,2020,7,98502,105
CNG,2024,9,98225,333
PSE,2023,6,98387,174
Avista,2020,5,99163,15
PSE,2021,12,98372,505
PSE,2020,10,98126,10
CNG,2025,9,98611,7
PSE,2023,3,98001,80
NWN,2023,11,98125,0
Avista,2020,9,99148,15
PSE,2020,9,98258,8
PSE,2020,9,98406,3
PSE,2020,5,98284,43
PSE,2024,7,98198,185
CNG,2024,8,98337,45
NWN,2020,9,98661,5
PSE,2020,12,98373,45
NWN,2025,1,98648,0
PSE,2023,6,98233,133
PSE,2023,10,98104,1
CNG,2024,7,98908,195
PAC,2023,1,98932,193
PSE,2021,12,98275,30
PSE,2022,11,98498,21
Avista,2022,2,99012,3
PAC,2020,3,98930,24
CNG,2020,5,98848,0
PSE,2024,8,98036,25
Avista,2025,4,99157,121
PSE,2025,4,98226,270
Avista,2024,9,99032,8
Avista,2023,12,99157,13
PAC,2021,6,99324,11
PSE,2024,3,98408,9
Avista,2020,12,99173,6
PSE,2021,9,98039,1
PSE,2021,11,98019,3
Avista,2025,8,99006,852
PSE,2021,7,98024,3
PSE,2024,2,98926,18
PSE,2021,2,98108,29
CNG,2023,1,98310,3
PSE,2022,12,98092,1050
PSE,2022,6,98108,17
PSE,2023,11,98589,26
PSE,2022,2,98220,1
NWN,2024,1,98686,6
Avista,2025,8,99169,262
NWN,2023,11,97031,0
Avista,2022,4,99202,259
NWN,2021,2,98606,0
PSE,2021,8,98530,3
PSE,2025,1,98058,208
NWN,2020,12,98666,0
Avista,2022,5,99117,3
Avista,2022,9,99018,2
PSE,2023,12,98366,32
Avista,2025,3,99032,106
NWN,2020,10,98683,1
CNG,2021,8,98225,34
PSE,2025,9,98008,4
PSE,2024,5,98276,3
PSE,2023,4,98380,1
PSE,2022,4,98036,7
PSE,2025,1,98223,4
Avista,2021,9,99208,190
Avista,2023,1,99173,18
CNG,2025,9,98626,31
CNG,2025,2,99353,19
PSE,2020,6,98229,78
Avista,2024,3,99009,14
Avista,2022,10,99170,6
NWN,2023,2,98672,0
PSE,2023,6,98568,1
PSE,2022,9,98383,9
CNG,2025,1,98292,137
CNG,2021,6,98273,24
PSE,2020,7,98037,5
NWN,2021,6,98601,0
NWN,2022,6,98672,133
Avista,2022,1,99109,36
PSE,2023,5,98532,2
PSE,2023,6,98117,41
PSE,2023,6,98332,6
CNG,2020,8,98337,0
PSE,2020,4,98512,69
PSE,2023,12,98204,14
PAC,2022,7,99348,11
PSE,2025,9,98439,4
Avista,2024,3,99111,39
CNG,2024,4,99344,114
CNG,2021,4,98229,101
PSE,2021,10,98391,32
PAC,2022,7,98932,149
Avista,2022,6,99129,9
PSE,2024,11,98406,5
CNG,2022,1,98942,2
NWN,2020,11,98601,0
PSE,2024,5,98267,2
PSE,2022,9,98296,1
CNG,2025,9,98948,172
CNG,2021,6,98223,3
NWN,2022,5,98762,0
Avista,2024,10,99101,9
Avista,2022,3,99013,26
CNG,2025,3,98230,391
PAC,2021,4,98921,22
PSE,2024,11,98030,173
PAC,2023,7,99347,29
NWN,2025,3,98208,0
PSE,2020,7,98499,3
PSE,2024,9,98383,21
PSE,2024,5,98360,23
CNG,2021,12,98902,28
CNG,2025,5,98226,545
PSE,2022,6,98003,151
CNG,2024,1,98908,129
PSE,2020,8,98367,17
NWN,2023,11,98639,0
PSE,2020,7,98201,7
PSE,2025,1,98579,88
CNG,2022,5,98230,3
Avista,2024,12,99148,11
NWN,2025,8,98617,0
PAC,2020,3,98948,22
PSE,2021,4,98225,127
PSE,2024,1,98311,28
PAC,2022,2,98933,20
PAC,2023,11,98939,15
PSE,2020,5,98288,2
PSE,2022,3,98418,9
PSE,2023,4,98225,95
Avista,2023,1,99104,1
PAC,2023,12,99347,35
PSE,2023,1,98940,6
CNG,2023,2,98337,2
PSE,2025,9,98077,2
PSE,2021,1,98371,36
PSE,2023,10,98038,25
CNG,2025,8,98563,51
PSE,2023,11,98284,120
PSE,2025,8,98255,1
PSE,2022,5,98342,8
PSE,2025,6,98023,359
CNG,2025,9,99362,764
PSE,2023,6,98144,69
NWN,2024,9,98762,0
Avista,2020,4,99111,7
PAC,2025,1,98951,374
PSE,2022,2,98199,4
PSE,2022,2,98014,8
Avista,2022,2,99216,119
Avista,2024,3,99223,247
PSE,2024,12,98201,18
Avista,2022,9,99341,1
PSE,2025,6,98340,10
PAC,2022,3,99329,3
PSE,2025,3,98943,10
CNG,2022,5,99344,6
CNG,2024,1,98948,67
Avista,2024,11,99161,8
CNG,2023,11,98557,1
PSE,2024,2,98021,9
CNG,2024,7,98248,210
Avista,2025,1,99101,189
PSE,2020,5,98115,7
PSE,2022,5,98057,22
CNG,2021,7,98223,2
PAC,2020,8,98903,20
PSE,2020,9,98277,53
PSE,2024,11,98335,10
PSE,2022,7,98342,6
PSE,2022,4,98023,152
PSE,2020,12,98501,59
PSE,2020,4,98312,83
PSE,2023,2,98257,9
Avista,2025,12,99185,142
PSE,2023,1,98275,8
Avista,2025,5,99027,699
PSE,2021,2,98262,2
NWN,2021,4,98604,3
PSE,2020,5,98229,75
PSE,2020,11,98038,16
Avista,2021,11,99141,45
Avista,2024,2,99129,8
PSE,2025,6,98332,8
CNG,2021,4,98383,13
PAC,2025,8,98938,21
Avista,2024,6,99212,127
PSE,2023,8,98367,19
Avista,2025,9,99176,1
NWN,2020,12,98119,0
CNG,2025,5,99354,138
NWN,2025,9,98662,2
PSE,2022,11,98943,2
CNG,2021,1,98295,4
PAC,2021,6,98951,26
Avista,2023,6,99003,7
Avista,2023,1,99126,6
PSE,2023,5,98385,1
CNG,2020,12,98282,0
PSE,2020,9,98323,3
NWN,2020,6,98762,0
PSE,2020,6,98224,1
PSE,2021,10,98328,1
PSE,2024,4,98926,4
CNG,2020,4,98370,5
PSE,2022,5,98168,4
CNG,2022,9,98248,6
PSE,2020,8,98371,29
PSE,2021,8,98021,3
PSE,2025,4,98332,3
PSE,2020,4,98260,10
CNG,2024,8,98277,118
PSE,2022,12,98444,173
PSE,2024,1,98312,37
NWN,2023,12,98664,18
PSE,2023,4,98126,8
Avista,2025,6,99174,12
Avista,2025,9,99326,18
CNG,2022,3,98944,10
PSE,2023,12,98370,42
CNG,2021,9,97754,1
PSE,2023,1,98258,21
PSE,2021,9,98203,25
Avista,2025,2,99019,443
PAC,2020,11,99328,19
PSE,2023,4,98226,162
NWN,2023,5,98664,15
CNG,2024,12,98225,458
Avista,2025,5,99205,6160
PSE,2024,6,98198,123
CNG,2024,9,98802,6
PSE,2024,7,98005,37
PSE,2024,8,98424,20
PSE,2023,11,98273,230
Avista,2025,3,99013,291
PSE,2025,8,98072,35
PSE,2024,1,98022,74
NWN,2024,8,97388,0
PSE,2020,12,98465,2
PSE,2021,12,98237,211
PSE,2024,4,98007,105
NWN,2024,1,97031,0
Avista,2023,4,99111,8
PSE,2024,7,98257,8
Avista,2024,3,99027,51
NWN,2024,8,98671,3
Avista,2023,9,99113,4
PAC,2025,4,99329,3
PSE,2020,11,98058,78
NWN,2020,10,98664,0
CNG,2024,2,98366,93
PAC,2024,7,98948,497
PSE,2024,3,98255,2
PAC,2023,12,98938,46
CNG,2023,5,99337,2
Avista,2024,7,99117,2
PSE,2023,7,98155,2
Avista,2025,3,99207,5808
PSE,2021,4,98045,27
PSE,2024,5,98444,7
PSE,2023,12,98405,14
PSE,2022,5,98513,50
Avista,2022,9,99212,112
PSE,2021,11,98108,22
PSE,2023,11,98072,42
NWN,2025,2,98660,4
NWN,2024,3,98762,0
CNG,2022,1,98230,10
PSE,2021,3,98380,1
PSE,2020,4,98396,1
PSE,2024,10,98249,15
NWN,2024,1,98661,12
PSE,2025,4,98579,49
Avista,2025,10,99130,104
PSE,2024,4,98342,11
NWN,2020,8,98629,0
PSE,2022,3,98188,48
NWN,2022,1,98642,1
PSE,2023,2,98390,5
PSE,2024,8,98580,48
PSE,2021,12,98506,372
PSE,2024,6,98373,90
NWN,2023,11,98668,0
PSE,2020,8,98236,3
CNG,2024,2,98223,34
NWN,2020,3,98620,0
NWN,2025,6,98606,0
PSE,2024,7,98036,17
CNG,2022,4,98264,13
PSE,2021,4,98002,248
CNG,2023,3,98274,11
PSE,2021,3,98008,39
CNG,2023,5,98550,6
CNG,2021,7,98944,3
PSE,2023,10,98589,10
PAC,2024,3,98936,96
PSE,2022,12,98019,98
PSE,2021,10,98439,19
PSE,2022,6,98117,2
PSE,2023,5,98055,56
CNG,2023,4,98264,14
PAC,2021,2,99350,0
PSE,2025,4,98065,36
Avista,2025,5,99149,36
PSE,2024,9,98133,18
Avista,2020,8,99005,8
NWN,2024,12,98660,6
PSE,2023,9,98284,57
PSE,2025,7,98220,1
PAC,2022,1,98930,386
PSE,2020,4,98198,125
PSE,2021,10,98408,6
PSE,2024,4,98106,19
PAC,2025,3,99361,18
CNG,2024,5,98528,4
PAC,2024,4,99323,15
CNG,2023,2,98908,54
PSE,2024,2,98264,52
PSE,2021,10,98126,1
CNG,2023,2,98273,56
PSE,2022,6,98072,18
CNG,2023,3,98225,13
PSE,2023,7,98388,3
PSE,2022,6,98579,17
PSE,2025,4,98106,12
PSE,2024,10,98248,122
NWN,2022,11,98663,0
PSE,2024,12,98053,32
Avista,2025,6,98620,124
CNG,2025,5,98951,75
NWN,2021,4,98685,4
PSE,2023,12,98390,10
PSE,2024,9,98404,79
PAC,2020,10,99360,1
PSE,2023,5,98106,10
PSE,2025,3,98267,3
PSE,2022,4,98178,10
Avista,2022,11,99111,12
PSE,2024,11,98273,21
Avista,2023,4,99167,1
PAC,2023,6,98923,28
PSE,2023,10,98512,40
NWN,2024,4,98307,0
PAC,2025,8,98902,340
PSE,2024,6,98042,83
PSE,2021,12,98002,1520
PSE,2024,12,98404,34
PSE,2021,6,98335,5
PSE,2022,9,98229,32
Avista,2023,8,99402,2
Avista,2023,9,99130,9
CNG,2024,1,98232,1
Avista,2022,3,98648,1
PSE,2020,3,98271,3
PSE,2023,8,98198,64
CNG,2025,3,98229,373
NWN,2024,10,98610,0
PAC,2020,8,98901,23
Avista,2024,9,99169,11
PSE,2021,8,98229,61
CNG,2024,2,99354,8
Avista,2021,11,99012,4
NWN,2023,11,98672,0
NWN,2021,9,98620,0
NWN,2024,5,98607,16
PAC,2025,2,99329,3
CNG,2021,12,98233,16
Avista,2025,8,99208,6039
PAC,2024,1,98902,1762
PSE,2020,6,98502,113
PAC,2025,6,99328,43
Avista,2020,9,99001,5
Avista,2025,10,99181,353
PSE,2021,5,98444,23
PSE,2020,7,98354,1
PSE,2022,10,98204,3
NWN,2024,5,98672,0
PSE,2025,4,98074,31
Avista,2023,4,99025,10
PSE,2024,9,98208,1
PSE,2022,6,98040,8
PAC,2020,9,98953,8
PSE,2023,1,98045,4
PSE,2020,12,98110,11
PSE,2025,1,98251,6
PSE,2023,9,98264,5
PSE,2023,2,98023,82
CNG,2024,4,98930,40
Avista,2022,4,99137,4
CNG,2025,8,98557,15
CNG,2024,10,99352,56
PSE,2020,8,98926,4
CNG,2021,12,98953,2
PAC,2024,4,98952,20
CNG,2021,10,98257,1
Avista,2025,4,99179,47
PSE,2021,1,98406,5
Avista,2025,6,99151,36
CNG,2024,7,98611,1
PSE,2023,1,98941,5
PSE,2023,7,98321,14
PSE,2023,11,98248,134
CNG,2024,8,98944,147
PAC,2024,3,98953,115
PSE,2022,7,98103,1
PSE,2020,12,98102,2
PSE,2021,5,98281,5
PAC,2021,1,99363,0
CNG,2020,9,98311,1
CNG,2025,7,98948,176
CNG,2020,12,98908,13
PAC,2025,9,98952,2
CNG,2025,3,98942,164
Avista,2025,12,99206,2998
PSE,2020,6,98383,14
PSE,2021,7,98267,1
PSE,2025,6,98276,4
PSE,2024,6,98443,2
PSE,2023,10,98342,7
PSE,2024,12,98119,3
PSE,2023,6,98367,147
PSE,2024,4,98446,5
PSE,2020,3,98033,15
CNG,2022,10,99338,1
PSE,2024,1,98014,8
PSE,2024,2,98532,4
Avista,2025,3,99170,93
PSE,2023,7,98271,1
NWN,2024,12,98662,13
PSE,2024,11,98597,114
Avista,2023,11,99185,6
PSE,2025,1,98002,365
Avista,2021,10,99011,0
PSE,2022,4,98360,11
PSE,2021,8,98238,1
PAC,2020,11,98902,27
Avista,2024,11,99113,1
CNG,2025,6,99324,138
PSE,2020,6,98596,2
Avista,2025,9,99138,292
Avista,2021,5,99137,2
PSE,2022,11,98253,1
PSE,2024,12,98001,121
PSE,2021,3,98409,8
Avista,2023,11,99029,8
Avista,2025,1,99402,116
CNG,2021,12,99344,9
CNG,2024,10,98951,31
PSE,2021,11,98404,12
PSE,2023,3,98294,8
PSE,2021,9,98503,313
Avista,2025,8,98620,120
CNG,2021,12,99352,1
Avista,2024,9,99159,5
NWN,2022,8,98639,5
PSE,2022,11,98027,33
PSE,2020,5,98281,3
Avista,2021,9,99021,12
PSE,2021,8,98516,65
PSE,2023,5,98034,69
PSE,2021,12,98498,559
PSE,2020,8,98087,6
CNG,2021,11,98233,7
CNG,2023,6,98902,25
NWN,2025,7,98610,0
Avista,2024,2,99402,13
PSE,2021,6,98418,5
Avista,2024,7,99130,6
PSE,2021,9,98229,105
PSE,2020,7,98498,38
PSE,2021,3,98121,3
Avista,2024,12,99103,3
NWN,2024,1,98664,10
PSE,2025,1,98516,179
PSE,2024,4,98133,24
PSE,2020,8,98012,9
Avista,2021,9,99149,1
NWN,2022,2,98668,0
Avista,2020,7,99026,7
Avista,2023,3,99003,15
PSE,2021,1,98007,76
CNG,2024,4,98276,16
CNG,2020,10,98248,19
CNG,2024,2,98942,33
NWN,2024,10,98668,0
NWN,2023,2,98661,22
PSE,2021,11,98188,34
CNG,2024,5,98277,105
PSE,2023,4,98036,7
PSE,2021,11,98274,29
PSE,2022,5,98408,9
Avista,2023,7,99113,4
PSE,2024,12,98198,116
CNG,2025,2,98274,277
PAC,2024,5,99362,783
PSE,2023,6,98074,19
Avista,2024,1,99143,12
PSE,2022,12,98087,192
PAC,2025,5,98908,778
CNG,2022,1,98221,9
NWN,2023,6,98635,0
PSE,2023,4,98576,6
PSE,2023,2,98070,9
PSE,2023,11,98220,6
Avista,2025,11,99207,4975
PSE,2025,4,98116,11
NWN,2020,10,98639,0
CNG,2025,4,98225,690
PSE,2023,5,98022,62
PAC,2020,6,98930,21
PSE,2023,8,98264,29
PSE,2021,2,98255,3
PSE,2025,3,98107,4
PSE,2020,8,98370,27
PAC,2024,2,99323,15
CNG,2022,4,98902,34
NWN,2021,2,98648,0
PAC,2022,4,98908,432
PSE,2021,12,98311,439
PAC,2020,3,98901,30
PSE,2021,10,98237,31
Avista,2025,4,99101,207
PSE,2025,9,98058,46
Avista,2025,2,99206,2728
PAC,2020,1,98932,19
PSE,2023,1,98512,66
PSE,2023,5,98512,49
Avista,2022,8,99208,254
Avista,2023,8,99141,19
Avista,2022,3,99020,1
PSE,2023,9,98274,7
PSE,2023,11,98338,45
Avista,2023,5,99113,4
PAC,2020,7,99329,2
CNG,2021,8,98223,5
PSE,2021,11,98047,12
NWN,2020,9,98601,0
NWN,2020,8,98626,0
CNG,2020,12,98370,1
PSE,2020,6,98439,28
NWN,2024,4,98026,0
PSE,2024,4,98499,13
PSE,2021,6,98390,8
NWN,2023,5,98660,9
PSE,2023,9,98374,31
PAC,2020,7,98932,16
PAC,2021,4,99350,0
CNG,2020,11,98337,0
PSE,2020,3,98373,24
PSE,2023,3,98337,13
PSE,2024,4,98232,13
NWN,2024,11,98661,9
Avista,2023,6,99030,2
Avista,2024,5,99003,17
Avista,2021,7,99025,12
Avista,2025,6,99016,1397
NWN,2021,12,98675,0
NWN,2022,7,98635,0
PSE,2023,2,98065,11
Avista,2022,11,99129,1
PSE,2025,8,98367,105
CNG,2020,7,98370,2
NWN,2024,12,98607,4
PSE,2022,4,98188,56
PSE,2022,1,98051,6
CNG,2020,4,99362,22
PSE,2022,4,98047,19
PSE,2022,8,98002,116
PAC,2021,3,99361,1
PAC,2023,5,99350,2
PSE,2020,11,98498,30
PSE,2025,7,98092,493
Avista,2023,6,99223,78
PSE,2023,3,98262,2
NWN,2024,1,98601,0
CNG,2022,8,98337,2
PSE,2023,4,98385,2
NWN,2023,10,98119,0
Avista,2025,1,99206,2677
NWN,2021,2,98685,6
CNG,2021,3,98273,119
CNG,2024,5,98367,51
NWN,2020,6,98661,11
CNG,2020,10,98230,12
PSE,2023,10,98467,2
Avista,2025,12,99205,6328
Avista,2025,6,99018,34
PSE,2022,12,98295,16
CNG,2020,4,98901,5
PSE,2024,10,98237,16
PAC,2024,4,99347,44
PSE,2022,4,98121,1
Avista,2025,6,99013,289
PSE,2024,12,98271,4
PSE,2022,3,98321,17
PSE,2021,6,98038,27
Avista,2020,6,99005,6
NWN,2020,10,98626,0
CNG,2022,8,98930,3
Avista,2021,8,99016,47
PAC,2024,6,98935,138
PSE,2025,5,98421,1
Avista,2022,12,99019,36
Avista,2024,9,99110,1
CNG,2024,6,98550,63
Avista,2022,12,99171,7
PSE,2022,6,98396,2
Avista,2024,7,99131,2
PSE,2022,2,98388,1
Avista,2020,9,99126,8
PSE,2020,11,98418,2
PSE,2021,11,98323,1
PSE,2023,12,98001,111
PAC,2025,4,98950,1
CNG,2024,12,98903,91
PSE,2020,6,98260,8
Avista,2023,5,99138,1
Avista,2023,10,99040,95
PSE,2024,6,98513,93
Avista,2025,4,99128,15
PSE,2025,7,98270,53
Avista,2022,9,99027,26
Avista,2023,5,99020,1
CNG,2023,8,98584,4
PSE,2024,11,98391,152
Avista,2020,3,99114,79
PSE,2023,9,98383,5
Avista,2024,8,99138,41
PSE,2021,3,98065,9
PSE,2021,6,98010,7
Avista,2021,11,99031,4
NWN,2023,12,98605,0
PSE,2022,8,98568,1
Avista,2024,8,99009,32
NWN,2021,6,98661,11
Avista,2025,3,99167,103
NWN,2022,11,98307,0
Avista,2024,11,99005,16
PSE,2024,4,98465,3
Avista,2021,3,99114,96
CNG,2024,2,98282,4
Avista,2021,7,99129,2
Avista,2021,11,99201,128
Avista,2021,4,99171,4
CNG,2020,8,99352,1
PAC,2025,8,98923,22
CNG,2025,4,98312,469
PSE,2024,12,98926,22
CNG,2024,12,98226,347
Avista,2020,3,99003,18
PSE,2024,12,98244,23
PSE,2025,9,98513,45
PSE,2020,4,98252,2
Avista,2021,11,99344,83
PAC,2023,3,98952,11
Avista,2023,9,99170,2
NWN,2021,7,98635,0
NWN,2025,1,98610,0
PSE,2023,2,98371,17
CNG,2021,10,98908,19
PSE,2022,11,98422,3
NWN,2022,5,98672,146
Avista,2022,10,99104,1
Avista,2022,9,99003,15
PSE,2023,7,98532,1
PSE,2022,12,98294,58
PAC,2025,9,98936,105
Avista,2023,10,99027,147
Avista,2020,9,99146,1
Avista,2024,10,99171,7
PSE,2021,6,98296,2
Avista,2023,12,99008,3
PSE,2023,2,98006,46
PSE,2021,7,98107,1
CNG,2021,6,98311,1
PSE,2024,11,98229,124
NWN,2025,1,98642,4
PSE,2021,11,98204,6
NWN,2025,4,98674,0
CNG,2020,9,99338,0
NWN,2022,1,98686,8
CNG,2023,5,98557,1
Avista,2020,9,99008,2
PAC,2025,9,98902,336
PSE,2023,1,98405,8
CNG,2021,10,98233,8
PSE,2022,9,98558,1
PSE,2020,5,98177,5
PSE,2023,4,98203,10
PSE,2020,3,98273,62
NWN,2022,6,98642,686
CNG,2020,11,98282,0
CNG,2025,8,98674,46
PSE,2024,4,98264,48
PSE,2023,8,98108,24
PSE,2025,2,98337,28
Avista,2020,4,99159,10
NWN,2022,6,98664,670
PSE,2021,5,98597,62
PSE,2023,2,98001,49
Avista,2021,4,99027,35
NWN,2023,8,98668,0
PSE,2023,12,98121,2
PSE,2022,5,98337,13
CNG,2020,12,99323,0
CNG,2023,8,99337,1
NWN,2024,4,98612,0
PSE,2023,2,98108,20
Avista,2025,11,99204,572
PSE,2024,12,98373,110
NWN,2024,10,98648,0
PSE,2021,2,98074,9
PSE,2021,7,98275,2
PSE,2024,9,98198,15
PAC,2020,5,98933,4
PSE,2022,11,98366,13
PAC,2022,1,99347,46
PSE,2021,9,98107,3
PSE,2025,4,98119,10
PSE,2025,4,98274,84
Avista,2021,8,99117,1
PSE,2021,5,98502,144
PAC,2025,8,98933,9
CNG,2024,5,98271,26
PSE,2025,8,98925,2
CNG,2020,12,98942,7
Avista,2022,6,99207,350
PAC,2024,2,98930,453
CNG,2022,3,98837,1
CNG,2025,3,98264,546
PSE,2021,1,98040,2
PSE,2023,2,98380,1
CNG,2024,6,98557,5
PSE,2021,2,98926,4
NWN,2024,4,97388,0
PSE,2022,11,98201,16
PSE,2022,11,98030,93
PSE,2020,4,98006,41
PSE,2024,3,98030,232
NWN,2025,3,98127,0
CNG,2024,3,98337,31
NWN,2022,11,98664,1
PSE,2024,5,98337,26
Avista,2021,12,99203,73
Avista,2021,4,99205,298
CNG,2023,1,98233,12
PAC,2024,8,98903,486
PSE,2022,8,98045,11
NWN,2022,3,98648,0
Avista,2024,8,99109,84
PSE,2025,3,98270,122
CNG,2021,6,98295,1
NWN,2023,8,98026,0
PSE,2020,12,98934,14
PSE,2025,2,98439,24
PSE,2023,1,98359,3
PSE,2022,9,98087,1
CNG,2025,1,98248,496
PSE,2025,4,98380,15
Avista,2024,3,99326,1
PSE,2022,10,98354,2
PSE,2023,10,98074,12
PSE,2022,9,98240,1
NWN,2024,9,98661,0
PSE,2023,8,98443,1
PSE,2020,9,98072,7
PSE,2020,6,98445,12
PSE,2023,7,98105,1
PSE,2023,1,98375,17
PSE,2021,7,98579,14
PSE,2020,12,98366,25
Avista,2020,6,99224,69
PSE,2024,5,98271,10
PAC,2021,6,99326,0
PAC,2020,4,99347,6
Avista,2025,12,99151,34
PSE,2022,10,98406,1
PSE,2021,9,98011,79
PSE,2025,1,98042,151
CNG,2025,2,98244,4
PSE,2022,6,98418,8
Avista,2022,2,99148,20
Avista,2022,3,99207,447
PAC,2023,10,98923,30
PSE,2023,2,98021,6
NWN,2022,9,98610,0
CNG,2022,6,98248,8
PSE,2022,6,98312,44
PSE,2023,7,98203,5
NWN,2024,10,98626,0
Avista,2020,3,99126,8
CNG,2023,11,99301,1
PSE,2020,5,98502,136
CNG,2021,1,98220,1
PAC,2025,8,99329,3
PSE,2023,12,98053,32
Avista,2022,5,99101,5
PSE,2025,7,98372,177
PSE,2023,8,98027,32
PSE,2021,2,98275,1
PSE,2025,7,98498,132
PSE,2021,2,98107,3
PAC,2022,4,98948,375
PSE,2022,12,98053,77
PSE,2024,5,98204,17
Avista,2024,3,99169,8
CNG,2025,5,98240,18
Avista,2024,8,99205,1171
PSE,2023,8,98103,1
CNG,2024,4,98295,11
Avista,2022,3,99030,2
CNG,2022,11,98520,2
PSE,2021,11,98220,3
PSE,2021,7,98178,11
PSE,2023,9,98026,1
Avista,2024,3,99148,17
PSE,2020,6,98506,58
CNG,2021,2,98244,1
Avista,2023,7,99126,3
CNG,2021,7,99324,6
NWN,2022,12,98668,5
CNG,2020,11,98903,5
PSE,2024,7,98074,9
PSE,2024,6,98295,5
Avista,2025,8,99181,285
PSE,2023,4,98267,2
Avista,2023,6,99403,58
PSE,2020,11,98257,5
PAC,2022,7,99363,3
PSE,2023,9,98077,1
CNG,2023,5,98226,31
PSE,2021,6,98112,1
PSE,2024,11,98276,3
PAC,2022,12,99350,2
PSE,2022,10,98110,14
PSE,2024,11,98037,18
PSE,2024,7,98053,11
PSE,2023,7,98027,16
PSE,2020,5,98074,15
Avista,2023,3,99129,11
NWN,2024,4,98629,0
NWN,2022,1,98864,0
PSE,2022,6,98220,1
CNG,2024,4,98367,33
NWN,2021,11,98628,0
Avista,2021,3,99137,6
CNG,2021,3,98370,11
PSE,2020,7,98006,21
CNG,2022,4,98366,1
NWN,2024,5,98026,0
CNG,2025,7,99362,776
PSE,2022,12,98110,113
PSE,2024,10,98383,36
NWN,2023,12,98626,0
PSE,2024,10,98012,11
PSE,2022,1,98387,41
Avista,2021,2,99158,6
NWN,2024,3,98684,6
PSE,2023,3,98146,5
PSE,2022,5,98404,21
CNG,2024,12,98345,4
Avista,2020,9,99031,1
Avista,2024,11,99033,7
Avista,2025,9,99223,3028
PSE,2024,11,98122,5
PSE,2021,2,98028,27
CNG,2020,4,98310,31
PSE,2023,6,98295,10
NWN,2020,12,98606,0
CNG,2023,1,98930,7
PSE,2023,7,98032,56
NWN,2021,2,98605,0
CNG,2025,2,98951,80
PSE,2024,10,98310,92
PAC,2020,7,98938,7
NWN,2022,8,97663,0
PSE,2020,10,98248,22
CNG,2020,4,98801,0
PSE,2024,3,98007,93
PSE,2023,3,98311,18
PSE,2023,3,98391,43
PSE,2020,5,98506,61
CNG,2020,6,98942,2
PSE,2022,12,98513,621
Avista,2024,11,99179,1
Avista,2025,6,99040,185
Avista,2025,11,99129,170
CNG,2024,4,99301,154
PSE,2021,1,98516,121
NWN,2024,12,98684,15
PSE,2025,1,98934,24
PAC,2022,6,98952,2
CNG,2022,10,98584,1
PSE,2022,9,98370,23
Avista,2021,4,99402,4
Avista,2020,11,99111,1
PSE,2021,8,98271,2
CNG,2024,5,99324,42
CNG,2022,4,98274,9
PSE,2025,3,98576,37
CNG,2025,7,98345,9
CNG,2024,11,99301,502
Avista,2023,1,99344,62
PSE,2022,11,98274,33
Avista,2025,5,99040,186
PSE,2021,5,98409,20
PSE,2024,2,98003,424
Avista,2023,9,99126,3
PSE,2023,9,98032,109
PAC,2022,12,98948,402
CNG,2024,1,99301,135
PSE,2022,1,98340,1
PSE,2022,10,98225,75
NWN,2021,12,98307,0
NWN,2021,2,98629,1
NWN,2024,9,98648,0
PSE,2021,11,98257,15
Avista,2024,11,99212,109
NWN,2020,10,98307,0
Avista,2021,6,99022,14
CNG,2020,12,99350,0
Avista,2021,3,99001,31
PSE,2021,12,98271,60
NWN,2023,11,98666,0
PSE,2022,11,98360,8
PSE,2020,9,98284,44
PSE,2022,9,98122,3
CNG,2021,8,98311,1
Avista,2021,12,99220,1
CNG,2023,3,98837,1
PSE,2023,8,98328,1
PSE,2024,1,98178,13
PSE,2020,12,98294,1
PSE,2025,6,98117,5
PSE,2023,2,98022,46
Avista,2023,2,99179,1
PSE,2025,4,98531,38
NWN,2024,9,98639,0
PAC,2025,2,98952,11
NWN,2025,7,98626,0
Avista,2022,6,99371,2
Avista,2024,6,99026,8
PSE,2023,12,98059,70
Avista,2023,7,99169,8
Avista,2023,6,99131,1
CNG,2022,3,99324,5
Avista,2023,6,99101,1
PSE,2025,8,98178,27
CNG,2024,8,98611,1
PSE,2022,7,98941,1
PSE,2021,7,98188,59
PSE,2025,3,98038,84
PSE,2023,9,98024,1
Avista,2025,7,99141,784
PSE,2022,11,98056,46
PSE,2025,5,98513,124
PSE,2020,7,98208,10
PSE,2021,3,98103,15
PSE,2021,8,98007,33
PAC,2022,7,98939,8
Avista,2023,7,99005,11
PSE,2020,7,98260,17
PSE,2021,4,98513,86
PSE,2025,8,98335,6
Avista,2025,5,99021,639
PSE,2020,3,98092,90
PSE,2024,7,98136,1
PSE,2024,8,98031,125
PSE,2024,3,98295,2
PSE,2021,6,98465,1
NWN,2021,8,98617,0
CNG,2022,4,98284,11
Avista,2025,11,99169,230
Avista,2024,6,99030,3
Avista,2020,7,99005,10
PSE,2023,10,98030,140
PSE,2022,2,98263,3
PSE,2021,4,98026,7
PSE,2025,5,98005,75
PSE,2023,11,98367,26
PSE,2023,11,98226,346
PAC,2020,5,98947,8
Avista,2021,4,99029,5
Avista,2025,6,99032,108
NWN,2023,1,98762,0
NWN,2021,9,97301,0
NWN,2021,1,98674,0
PSE,2024,3,98166,25
Avista,2023,8,99125,2
NWN,2023,3,98127,0
PSE,2025,8,98439,24
Avista,2020,8,99131,2
NWN,2025,6,98127,0
Avista,2023,10,99167,23
NWN,2023,2,98208,0
PSE,2020,3,98499,11
PSE,2021,12,98004,262
Avista,2025,4,99039,20
PSE,2023,4,98360,7
PSE,2023,6,98106,56
CNG,2023,1,98520,8
PSE,2020,4,98077,4
Avista,2023,12,99022,57
PSE,2021,7,98244,8
PSE,2020,8,98263,1
CNG,2021,7,98247,3
PSE,2022,8,98236,7
PSE,2024,9,98366,61
NWN,2021,4,98026,0
PSE,2024,8,98273,87
Avista,2021,4,99003,12
PSE,2021,6,98011,37
NWN,2025,4,98127,0
PSE,2020,5,98178,27
CNG,2021,3,98520,40
PSE,2020,5,98198,185
PAC,2025,8,99348,5
Avista,2024,9,99185,7
Avista,2023,12,99216,256
Avista,2022,12,99111,16
PSE,2024,11,98366,86
PSE,2021,4,98126,32
NWN,2025,4,98683,7
CNG,2023,3,98366,2
PSE,2022,3,98310,46
Avista,2025,2,99174,13
NWN,2024,1,98626,0
PAC,2023,6,98937,58
PSE,2020,4,98354,1
Avista,2025,3,99012,96
PSE,2020,3,98107,1
PSE,2021,9,98335,12
CNG,2023,7,98367,1
PSE,2025,2,98340,3
PAC,2022,9,99348,13
PSE,2025,1,98226,427
NWN,2020,7,98682,26
NWN,2020,3,98208,0
Avista,2020,8,99208,250
NWN,2023,1,98606,0
PSE,2022,6,98058,40
PSE,2025,3,98922,35
CNG,2023,6,98226,15
CNG,2021,5,98312,71
PSE,2021,2,98513,72
PAC,2023,11,98901,1163
PSE,2025,1,98277,180
PSE,2024,7,98443,7
NWN,2021,7,97301,0
PAC,2024,8,98951,372
PSE,2020,11,98391,41
Avista,2023,4,99217,47
PAC,2020,3,98953,12
PSE,2025,3,98002,310
CNG,2022,6,98932,1
Avista,2022,11,99031,4
PSE,2021,5,98001,105
PAC,2025,9,98939,4
PSE,2024,5,98558,1
PSE,2023,5,98274,22
Avista,2022,8,99104,1
Avista,2022,7,99167,3
Avista,2025,6,99111,385
PSE,2025,3,98115,7
PAC,2023,7,99350,2
Avista,2022,9,99134,4
Avista,2023,1,99170,18
CNG,2021,11,98802,1
NWN,2022,10,98665,0
Avista,2021,10,99208,325
PSE,2020,9,98021,4
CNG,2022,11,98837,2
PSE,2021,12,98059,434
CNG,2025,2,98282,25
NWN,2024,12,98668,0
PSE,2020,8,98383,12
Avista,2021,8,99019,27
PSE,2024,7,98024,4
CNG,2024,5,98225,262
PSE,2020,8,98043,2
PAC,2022,1,99348,14
PSE,2021,12,98943,10
PSE,2020,12,98372,41
Avista,2023,1,99149,14
NWN,2022,12,98686,0
CNG,2020,10,98520,3
Avista,2021,3,99148,21
Avista,2021,10,99030,1
PSE,2023,11,98439,20
CNG,2025,6,98264,557
PSE,2023,7,98296,1
PSE,2024,2,98119,1
CNG,2022,9,98942,2
PSE,2021,4,98125,15
PAC,2022,7,99350,2
PSE,2021,10,98424,2
PSE,2024,2,98388,4
PSE,2024,11,98323,1
PSE,2024,5,98252,5
PSE,2024,12,98056,85
PSE,2022,1,98579,26
PSE,2021,10,98327,1
Avista,2020,11,99208,70
Avista,2020,9,99025,7
Avista,2021,4,99163,69
PSE,2025,6,98360,45
PSE,2024,11,98021,15
PSE,2020,10,98208,15
PSE,2020,11,98087,8
PSE,2021,10,98405,6
Avista,2020,12,99141,22
PSE,2021,3,98310,34
PSE,2024,5,98926,20
Avista,2025,5,99169,263
PAC,2020,3,98952,2
PSE,2020,8,98253,4
PSE,2022,3,98058,85
PAC,2021,1,98952,1
PAC,2022,7,98953,80
PSE,2022,3,98374,65
PSE,2022,1,98388,4
CNG,2025,7,98951,68
NWN,2020,6,98864,0
PSE,2025,6,98053,32
PSE,2022,2,98359,6
PAC,2023,11,98903,536
PSE,2024,9,98110,19
NWN,2023,4,98663,1
PSE,2023,2,98597,44
PAC,2024,4,98902,1648
PSE,2022,1,98466,3
Avista,2025,12,99125,55
NWN,2022,5,98684,1143
PSE,2020,12,98383,7
CNG,2025,1,99323,6
NWN,2024,8,98660,2
PSE,2020,5,98579,26
PSE,2024,8,98281,2
PSE,2021,3,98021,3
PSE,2020,4,98146,9
PSE,2024,7,98392,67
PSE,2025,7,98232,17
Avista,2023,1,99216,151
PSE,2020,11,98422,5
Avista,2024,1,99040,24
PSE,2022,11,98281,1
PSE,2021,1,98204,9
PSE,2023,2,98110,8
PSE,2021,3,98006,34
Avista,2021,4,99159,5
CNG,2025,3,98932,51
CNG,2025,6,98557,15
NWN,2025,3,98610,0
PSE,2020,10,98264,21
PSE,2022,2,98168,23
PSE,2020,9,98312,41
Avista,2021,2,99009,6
