Utility,Year,Month,Zip Code,Vintage,Arrearage_Amount
Avista,2025,3,99158,90 Days +,1178.5
Avista,2025,8,99008,Total Arrearages,4347.88
Avista,2025,1,99125,60 Days,762.16
Avista,2025,4,99122,60 Days,9391.28
Avista,2025,7,99201,60 Days,70580.24
Avista,2025,3,99170,Total Arrearages,2852.74
Avista,2025,9,99125,Total Arrearages,3247.33
Avista,2025,7,99125,Total Arrearages,2596.08
Avista,2025,3,99122,30 Days,1951.53
Avista,2025,3,99160,90 Days +,0.0
Avista,2025,9,99134,60 Days,4068.81
Avista,2025,6,99158,60 Days,1081.17
Avista,2025,1,99036,Total Arrearages,0.0
Avista,2025,3,99212,30 Days,28505.24
Avista,2025,9,99113,60 Days,211.99
Avista,2025,6,99029,60 Days,2400.0
Avista,2025,5,99130,30 Days,966.62
Avista,2025,7,99174,30 Days,31.8
Avista,2025,9,99039,30 Days,438.87
Avista,2025,1,99109,60 Days,1384.83
Avista,2025,5,99001,30 Days,3909.58
Avista,2025,3,99018,90 Days +,1275.91
Avista,2025,3,99326,90 Days +,0.0
Avista,2025,8,99203,60 Days,34066.85
Avista,2025,3,99009,Total Arrearages,13966.23
Avista,2025,1,99021,60 Days,4732.49
Avista,2025,5,99033,60 Days,1604.28
Avista,2025,2,99207,90 Days +,90623.04
Avista,2025,8,99008,60 Days,377.67
Avista,2025,1,99151,90 Days +,0.0
Avista,2025,2,99117,90 Days +,0.0
Avista,2025,8,99005,90 Days +,1927.53
Avista,2025,3,99160,60 Days,148.53
Avista,2025,4,99146,60 Days,25.0
Avista,2025,3,99018,60 Days,737.42
Avista,2025,8,99131,Total Arrearages,435.91
Avista,2025,5,99167,90 Days +,856.85
Avista,2025,7,99161,30 Days,1268.08
Avista,2025,3,99144,90 Days +,0.0
Avista,2025,4,99141,90 Days +,10536.83
Avista,2025,9,99173,Total Arrearages,23916.36
Avista,2025,8,99217,Total Arrearages,132950.84
Avista,2025,4,99014,60 Days,1588.56
Avista,2025,2,99008,30 Days,311.63
Avista,2025,8,99204,60 Days,44701.57
Avista,2025,4,99036,Total Arrearages,0.0
Avista,2025,7,99129,90 Days +,2790.67
Avista,2025,1,99114,Total Arrearages,34479.05
Avista,2025,6,99008,60 Days,1464.18
Avista,2025,3,99161,30 Days,1169.75
Avista,2025,8,99102,Total Arrearages,3326.42
Avista,2025,3,99037,90 Days +,5731.05
Avista,2025,1,99181,Total Arrearages,8485.58
Avista,2025,5,99117,Total Arrearages,5040.87
Avista,2025,3,99403,60 Days,8956.48
Avista,2025,8,98648,Total Arrearages,1196.43
Avista,2025,2,99125,60 Days,201.76
Avista,2025,2,99027,90 Days +,8497.33
Avista,2025,6,99203,90 Days +,21559.13
Avista,2025,5,99170,60 Days,1474.34
Avista,2025,2,99016,Total Arrearages,32371.6
Avista,2025,3,99013,Total Arrearages,33405.73
Avista,2025,8,99034,90 Days +,727.66
Avista,2025,5,99201,60 Days,105025.43
Avista,2025,1,99019,Total Arrearages,9974.3
Avista,2025,4,99204,30 Days,10375.18
Avista,2025,3,99161,60 Days,1548.94
Avista,2025,4,99131,Total Arrearages,0.0
Avista,2025,4,99156,Total Arrearages,0.0
Avista,2025,8,99141,Total Arrearages,23128.08
Avista,2025,7,99224,30 Days,6603.08
Avista,2025,2,99170,Total Arrearages,1356.9
Avista,2025,1,99034,90 Days +,322.65
Avista,2025,8,99137,60 Days,2114.54
Avista,2025,2,99129,90 Days +,2024.31
Avista,2025,2,99173,90 Days +,4778.41
Avista,2025,1,99003,Total Arrearages,2347.75
Avista,2025,9,99205,30 Days,45439.15
Avista,2025,3,99164,90 Days +,0.0
Avista,2025,9,99008,Total Arrearages,4989.81
Avista,2025,7,99022,90 Days +,11418.07
Avista,2025,1,99032,90 Days +,4192.83
Avista,2025,3,99102,Total Arrearages,3438.43
Avista,2025,6,99224,30 Days,10407.2
Avista,2025,6,99003,60 Days,5261.15
Avista,2025,5,99207,30 Days,52534.25
Avista,2025,1,99034,60 Days,182.42
Avista,2025,9,99143,90 Days +,4806.09
Avista,2025,5,99031,Total Arrearages,6295.5
Avista,2025,4,99008,30 Days,113.51
Avista,2025,1,99005,Total Arrearages,7300.9
Avista,2025,1,99341,60 Days,1050.41
Avista,2025,1,99148,Total Arrearages,5321.06
Avista,2025,7,99205,60 Days,161028.95
Avista,2025,9,99008,30 Days,184.32
Avista,2025,8,99103,Total Arrearages,3324.16
Avista,2025,4,99101,30 Days,1251.94
Avista,2025,4,99403,60 Days,75500.6
Avista,2025,2,99004,Total Arrearages,1764.47
Avista,2025,1,99204,30 Days,3219.67
Avista,2025,3,99109,60 Days,1957.91
Avista,2025,3,99157,Total Arrearages,2659.27
Avista,2025,8,99176,90 Days +,1740.12
Avista,2025,6,99176,Total Arrearages,1691.05
Avista,2025,7,99004,30 Days,278.31
Avista,2025,7,99016,60 Days,42843.01
Avista,2025,5,99111,90 Days +,16252.53
Avista,2025,2,99111,30 Days,852.12
Avista,2025,6,99208,Total Arrearages,423116.13
Avista,2025,7,99174,90 Days +,83.18
Avista,2025,1,99202,90 Days +,45121.85
Avista,2025,7,99134,90 Days +,2954.02
Avista,2025,6,99143,90 Days +,3017.47
Avista,2025,9,99179,Total Arrearages,4681.15
Avista,2025,1,99025,30 Days,864.15
Avista,2025,2,99335,90 Days +,0.0
Avista,2025,7,99402,30 Days,429.97
Avista,2025,1,99110,90 Days +,2121.26
Avista,2025,1,99169,30 Days,2.76
Avista,2025,2,99158,30 Days,109.82
Avista,2025,9,99003,30 Days,1099.81
Avista,2025,2,99163,90 Days +,30612.62
Avista,2025,9,99146,30 Days,165.8
Avista,2025,9,99163,Total Arrearages,112045.4
Avista,2025,6,99001,30 Days,4033.64
Avista,2025,3,99341,Total Arrearages,6090.77
Avista,2025,2,99179,Total Arrearages,1581.25
Avista,2025,3,99019,90 Days +,7073.84
Avista,2025,8,99143,60 Days,3198.95
Avista,2025,9,99160,60 Days,177.73
Avista,2025,9,99326,90 Days +,599.92
Avista,2025,5,99169,Total Arrearages,20794.42
Avista,2025,3,99206,90 Days +,45058.12
Avista,2025,4,99103,30 Days,327.08
Avista,2025,3,99179,Total Arrearages,1499.24
Avista,2025,7,99125,30 Days,160.54
Avista,2025,2,99134,30 Days,340.81
Avista,2025,6,99101,Total Arrearages,12661.69
Avista,2025,4,99134,30 Days,1065.34
Avista,2025,4,99110,Total Arrearages,10843.84
Avista,2025,3,99141,60 Days,4312.98
Avista,2025,1,99009,90 Days +,3655.5
Avista,2025,3,99125,Total Arrearages,4192.79
Avista,2025,1,99034,30 Days,602.31
Avista,2025,8,99207,30 Days,42348.74
Avista,2025,7,99113,Total Arrearages,297.81
Avista,2025,9,99158,Total Arrearages,2943.93
Avista,2025,8,99224,90 Days +,20995.4
Avista,2025,8,99160,90 Days +,20.76
Avista,2025,2,99003,Total Arrearages,3132.8
Avista,2025,4,99344,Total Arrearages,106591.88
Avista,2025,9,99122,90 Days +,4802.88
Avista,2025,6,99157,Total Arrearages,4398.06
Avista,2025,9,99157,90 Days +,1811.93
Avista,2025,4,99037,Total Arrearages,15084.2
Avista,2025,6,99030,30 Days,295.46
Avista,2025,3,99402,60 Days,945.98
Avista,2025,1,99208,90 Days +,88188.85
Avista,2025,7,99138,Total Arrearages,13937.17
Avista,2025,7,99158,30 Days,147.02
Avista,2025,7,99223,30 Days,16097.85
Avista,2025,9,98857,Total Arrearages,0.0
Avista,2025,7,99223,90 Days +,57830.79
Avista,2025,7,99020,Total Arrearages,934.22
Avista,2025,3,99218,Total Arrearages,42661.1
Avista,2025,8,99371,30 Days,266.34
Avista,2025,4,99216,60 Days,112165.94
Avista,2025,4,99402,30 Days,982.7
Avista,2025,9,99034,Total Arrearages,0.0
Avista,2025,8,99171,30 Days,237.34
Avista,2025,9,99341,60 Days,4307.82
Avista,2025,5,99013,90 Days +,44305.22
Avista,2025,9,99114,90 Days +,19763.91
Avista,2025,2,99203,60 Days,5502.17
Avista,2025,5,99018,Total Arrearages,425.18
Avista,2025,5,99012,30 Days,1293.62
Avista,2025,2,99185,30 Days,1787.72
Avista,2025,6,99216,60 Days,93158.58
Avista,2025,2,99138,90 Days +,2336.63
Avista,2025,5,99126,60 Days,12390.41
Avista,2025,7,99344,60 Days,22000.08
Avista,2025,1,99102,90 Days +,998.28
Avista,2025,6,99219,Total Arrearages,0.0
Avista,2025,3,99101,90 Days +,3740.95
Avista,2025,4,99004,60 Days,7503.79
Avista,2025,8,99114,30 Days,7457.04
Avista,2025,5,99114,30 Days,15024.75
Avista,2025,9,99224,60 Days,56538.31
Avista,2025,9,99208,Total Arrearages,327531.79
Avista,2025,8,99173,90 Days +,19295.0
Avista,2025,9,99039,60 Days,938.52
Avista,2025,8,99037,60 Days,6850.29
Avista,2025,9,99033,Total Arrearages,12003.11
Avista,2025,9,99009,60 Days,1476.53
Avista,2025,4,99174,90 Days +,711.87
Avista,2025,9,99039,Total Arrearages,1377.39
Avista,2025,1,99122,60 Days,256.97
Avista,2025,2,99004,30 Days,506.12
Avista,2025,3,99114,90 Days +,21494.09
Avista,2025,2,99006,60 Days,1987.87
Avista,2025,5,99134,Total Arrearages,7981.76
Avista,2025,7,99021,Total Arrearages,28809.11
Avista,2025,7,99201,90 Days +,37183.14
Avista,2025,6,99114,Total Arrearages,80038.56
Avista,2025,7,99101,Total Arrearages,10953.12
Avista,2025,1,99224,90 Days +,22673.44
Avista,2025,4,99030,60 Days,1061.24
Avista,2025,1,99216,30 Days,10533.09
Avista,2025,5,99219,Total Arrearages,0.0
Avista,2025,8,99223,30 Days,17587.39
Avista,2025,4,99170,Total Arrearages,5052.6
Avista,2025,6,99016,60 Days,68807.15
Avista,2025,8,99371,90 Days +,409.91
Avista,2025,6,99005,60 Days,6358.32
Avista,2025,8,99037,30 Days,815.62
Avista,2025,9,99130,90 Days +,3234.37
Avista,2025,2,99039,30 Days,574.32
Avista,2025,6,99009,90 Days +,4840.58
Avista,2025,8,99260,Total Arrearages,0.0
Avista,2025,6,99005,Total Arrearages,11732.25
Avista,2025,9,99019,Total Arrearages,34245.03
Avista,2025,6,99032,30 Days,331.9
Avista,2025,9,99138,90 Days +,7646.49
Avista,2025,3,99201,60 Days,22663.69
Avista,2025,7,99169,Total Arrearages,12828.6
Avista,2025,7,99021,30 Days,3358.56
Avista,2025,2,99137,Total Arrearages,2896.15
Avista,2025,8,99030,90 Days +,2404.09
Avista,2025,4,99030,30 Days,956.49
Avista,2025,9,99113,Total Arrearages,359.53
Avista,2025,7,99012,Total Arrearages,3491.65
Avista,2025,9,99117,60 Days,488.2
Avista,2025,3,99223,60 Days,27318.03
Avista,2025,3,99160,Total Arrearages,441.13
Avista,2025,6,99402,90 Days +,648.67
Avista,2025,8,99205,Total Arrearages,272488.28
Avista,2025,1,99335,Total Arrearages,0.0
Avista,2025,5,99004,Total Arrearages,17174.99
Avista,2025,1,99117,Total Arrearages,1026.75
Avista,2025,5,99126,90 Days +,7074.16
Avista,2025,1,99034,Total Arrearages,1107.38
Avista,2025,1,99341,30 Days,1110.97
Avista,2025,3,99021,Total Arrearages,27290.84
Avista,2025,5,99125,Total Arrearages,4285.58
Avista,2025,4,99037,90 Days +,6256.78
Avista,2025,7,99158,90 Days +,1653.11
Avista,2025,3,99130,60 Days,1004.96
Avista,2025,8,99218,30 Days,11554.88
Avista,2025,7,99104,Total Arrearages,0.0
Avista,2025,4,99402,90 Days +,1041.71
Avista,2025,3,99138,90 Days +,3042.0
Avista,2025,3,99019,60 Days,2597.23
Avista,2025,4,99141,60 Days,19709.74
Avista,2025,7,99129,Total Arrearages,9697.22
Avista,2025,4,99219,Total Arrearages,0.0
Avista,2025,3,99170,60 Days,1123.91
Avista,2025,6,99004,30 Days,778.73
Avista,2025,2,99176,Total Arrearages,0.0
Avista,2025,6,99009,Total Arrearages,9431.94
Avista,2025,1,99160,Total Arrearages,431.09
Avista,2025,8,99111,60 Days,8541.73
Avista,2025,3,99014,90 Days +,0.0
Avista,2025,7,99110,60 Days,7585.94
Avista,2025,4,99160,60 Days,1537.98
Avista,2025,1,99021,30 Days,4573.59
Avista,2025,2,99151,Total Arrearages,871.09
Avista,2025,8,99026,60 Days,825.58
Avista,2025,1,99102,60 Days,1798.94
Avista,2025,5,99161,60 Days,5284.59
Avista,2025,1,99161,60 Days,348.21
Avista,2025,8,99103,60 Days,821.28
Avista,2025,3,99033,30 Days,1581.57
Avista,2025,6,99169,60 Days,5939.85
Avista,2025,3,99203,60 Days,12137.81
Avista,2025,7,99160,60 Days,44.85
Avista,2025,6,99181,30 Days,2089.85
Avista,2025,5,99126,Total Arrearages,20653.25
Avista,2025,7,99037,Total Arrearages,9688.84
Avista,2025,3,99022,60 Days,5256.78
Avista,2025,5,99181,30 Days,4051.89
Avista,2025,3,99031,30 Days,539.78
Avista,2025,7,99174,Total Arrearages,114.98
Avista,2025,1,99205,30 Days,36738.32
Avista,2025,3,99207,90 Days +,105058.04
Avista,2025,1,99126,90 Days +,1301.97
Avista,2025,2,99159,90 Days +,3979.74
Avista,2025,2,99131,Total Arrearages,150.57
Avista,2025,5,99217,60 Days,95763.08
Avista,2025,2,99176,90 Days +,0.0
Avista,2025,8,99020,60 Days,543.56
Avista,2025,8,99003,60 Days,4811.01
Avista,2025,4,99125,90 Days +,3456.91
Avista,2025,3,99217,Total Arrearages,91671.03
Avista,2025,1,99176,Total Arrearages,0.0
Avista,2025,9,98620,30 Days,30.12
Avista,2025,9,99170,30 Days,706.42
Avista,2025,6,99126,30 Days,879.82
Avista,2025,3,99173,60 Days,5543.77
Avista,2025,9,99341,90 Days +,2591.48
Avista,2025,6,99125,Total Arrearages,4434.78
Avista,2025,9,99203,30 Days,9723.57
Avista,2025,7,99159,Total Arrearages,4533.85
Avista,2025,6,99131,Total Arrearages,319.86
Avista,2025,2,99158,90 Days +,949.63
Avista,2025,1,99022,60 Days,2485.46
Avista,2025,2,99025,90 Days +,4955.02
Avista,2025,3,99161,Total Arrearages,4618.36
Avista,2025,7,99031,30 Days,345.65
Avista,2025,9,99129,30 Days,1402.01
Avista,2025,6,99160,Total Arrearages,562.33
Avista,2025,3,99224,30 Days,16574.94
Avista,2025,4,99161,30 Days,1499.52
Avista,2025,4,99224,30 Days,14554.58
Avista,2025,7,99019,60 Days,15258.16
Avista,2025,6,99371,Total Arrearages,2505.79
Avista,2025,5,99167,30 Days,1020.85
Avista,2025,6,99179,30 Days,257.73
Avista,2025,5,99016,Total Arrearages,100744.53
Avista,2025,2,99013,30 Days,2490.53
Avista,2025,8,99122,30 Days,1374.0
Avista,2025,4,99012,60 Days,2634.0
Avista,2025,6,99018,Total Arrearages,436.36
Avista,2025,7,99181,Total Arrearages,7997.66
Avista,2025,9,99143,30 Days,155.52
Avista,2025,2,99260,Total Arrearages,0.0
Avista,2025,9,99125,60 Days,1087.32
Avista,2025,2,99159,Total Arrearages,4136.94
Avista,2025,8,99169,60 Days,3613.27
Avista,2025,4,99009,60 Days,16591.01
Avista,2025,7,99031,60 Days,1231.54
Avista,2025,7,99217,Total Arrearages,136818.31
Avista,2025,9,99040,30 Days,951.33
Avista,2025,6,99179,Total Arrearages,4770.88
Avista,2025,2,99218,30 Days,9036.62
Avista,2025,6,99143,60 Days,1557.44
Avista,2025,7,99146,Total Arrearages,243.36
Avista,2025,5,99125,90 Days +,2813.1
Avista,2025,2,99122,60 Days,3225.25
Avista,2025,9,99013,90 Days +,21531.0
Avista,2025,9,99170,60 Days,852.67
Avista,2025,8,99039,90 Days +,0.0
Avista,2025,6,99138,90 Days +,8538.25
Avista,2025,4,99161,90 Days +,5547.4
Avista,2025,8,99125,30 Days,543.25
Avista,2025,1,99111,Total Arrearages,11012.19
Avista,2025,6,99344,30 Days,7262.64
Avista,2025,2,99217,90 Days +,37077.39
Avista,2025,8,99151,30 Days,328.06
Avista,2025,1,99179,Total Arrearages,770.82
Avista,2025,7,99141,60 Days,12682.44
Avista,2025,9,99146,Total Arrearages,165.8
Avista,2025,8,99218,Total Arrearages,79587.4
Avista,2025,4,99101,90 Days +,7472.84
Avista,2025,6,99033,30 Days,1098.13
Avista,2025,7,99003,90 Days +,4534.46
Avista,2025,7,99137,30 Days,349.97
Avista,2025,5,99117,90 Days +,4580.43
Avista,2025,9,99122,60 Days,6185.25
Avista,2025,2,99143,90 Days +,400.0
Avista,2025,7,99027,Total Arrearages,38127.78
Avista,2025,1,99170,60 Days,395.78
Avista,2025,9,98648,Total Arrearages,1067.5
Avista,2025,2,99107,Total Arrearages,0.0
Avista,2025,9,99212,30 Days,28529.28
Avista,2025,3,99016,Total Arrearages,42998.27
Avista,2025,4,99326,90 Days +,0.0
Avista,2025,3,99151,60 Days,815.84
Avista,2025,2,99021,60 Days,3546.38
Avista,2025,4,99341,90 Days +,646.51
Avista,2025,8,99027,30 Days,5639.84
Avista,2025,2,99185,60 Days,181.25
Avista,2025,1,99016,60 Days,12550.19
Avista,2025,2,99129,Total Arrearages,4759.53
Avista,2025,8,99220,Total Arrearages,0.0
Avista,2025,9,99025,90 Days +,1972.98
Avista,2025,4,99202,90 Days +,50183.12
Avista,2025,5,99205,Total Arrearages,377661.1
Avista,2025,5,99141,60 Days,22309.81
Avista,2025,9,99012,30 Days,1479.33
Avista,2025,1,99218,Total Arrearages,29726.26
Avista,2025,2,99126,90 Days +,2132.23
Avista,2025,5,99149,Total Arrearages,4596.37
Avista,2025,5,99101,Total Arrearages,13021.78
Avista,2025,3,99129,30 Days,1637.08
Avista,2025,6,99102,90 Days +,1412.61
Avista,2025,2,99149,Total Arrearages,2272.29
Avista,2025,7,99033,30 Days,269.04
Avista,2025,1,99113,30 Days,396.1
Avista,2025,2,99034,60 Days,542.39
Avista,2025,1,99031,Total Arrearages,8111.8
Avista,2025,6,99111,90 Days +,18828.06
Avista,2025,4,99202,60 Days,101612.29
Avista,2025,1,99134,90 Days +,1766.81
Avista,2025,9,99019,30 Days,5615.71
Avista,2025,3,99157,60 Days,331.38
Avista,2025,8,99020,90 Days +,223.68
Avista,2025,4,99034,Total Arrearages,2821.71
Avista,2025,5,99009,90 Days +,3834.67
Avista,2025,1,99126,60 Days,1188.32
Avista,2025,5,99033,90 Days +,15361.74
Avista,2025,3,99003,30 Days,1835.87
Avista,2025,5,99034,60 Days,9800.0
Avista,2025,1,99030,Total Arrearages,4932.64
Avista,2025,8,99164,Total Arrearages,0.0
Avista,2025,2,99144,90 Days +,0.0
Avista,2025,3,99016,90 Days +,19768.07
Avista,2025,1,99201,60 Days,11147.19
Avista,2025,3,99012,60 Days,2244.11
Avista,2025,9,99143,Total Arrearages,6451.38
Avista,2025,6,99149,30 Days,103.14
Avista,2025,6,99117,30 Days,247.45
Avista,2025,6,99169,Total Arrearages,18739.33
Avista,2025,2,99114,30 Days,8763.65
Avista,2025,5,99020,Total Arrearages,662.39
Avista,2025,1,99005,30 Days,1644.51
Avista,2025,8,99109,90 Days +,7944.65
Avista,2025,7,99114,Total Arrearages,64806.55
Avista,2025,2,99113,Total Arrearages,298.53
Avista,2025,7,99111,Total Arrearages,27745.49
Avista,2025,6,99163,30 Days,15125.91
Avista,2025,4,99341,30 Days,1092.45
Avista,2025,4,99218,90 Days +,24360.32
Avista,2025,7,99016,Total Arrearages,74613.76
Avista,2025,9,99026,90 Days +,422.56
Avista,2025,2,99344,60 Days,2699.31
Avista,2025,1,99111,30 Days,1263.16
Avista,2025,2,99110,30 Days,2541.27
Avista,2025,5,99012,Total Arrearages,6294.91
Avista,2025,2,99181,Total Arrearages,10007.4
Avista,2025,3,99173,90 Days +,6021.46
Avista,2025,2,99143,60 Days,247.28
Avista,2025,9,99016,60 Days,39731.36
Avista,2025,3,99207,60 Days,68239.58
Avista,2025,6,99102,Total Arrearages,4720.34
Avista,2025,3,99025,30 Days,3172.92
Avista,2025,3,99219,90 Days +,0.0
Avista,2025,6,99128,60 Days,1468.62
Avista,2025,2,99036,90 Days +,0.0
Avista,2025,3,99125,30 Days,400.51
Avista,2025,4,99206,60 Days,127514.55
Avista,2025,6,99030,60 Days,1461.09
Avista,2025,6,99104,Total Arrearages,0.0
Avista,2025,6,99181,90 Days +,3596.28
Avista,2025,7,99143,90 Days +,3493.84
Avista,2025,1,98648,60 Days,220.52
Avista,2025,7,99201,Total Arrearages,117680.87
Avista,2025,1,99039,30 Days,102.3
Avista,2025,5,99131,90 Days +,0.0
Avista,2025,4,99018,90 Days +,1633.07
Avista,2025,9,99014,90 Days +,1831.59
Avista,2025,4,99021,60 Days,20960.54
Avista,2025,5,99125,30 Days,171.9
Avista,2025,5,99174,60 Days,422.5
Avista,2025,3,98857,90 Days +,0.0
Avista,2025,4,99141,Total Arrearages,37514.44
Avista,2025,1,99223,30 Days,18880.1
Avista,2025,1,99016,Total Arrearages,31294.15
Avista,2025,7,99101,90 Days +,5788.5
Avista,2025,3,99149,90 Days +,2359.95
Avista,2025,4,99109,30 Days,3726.31
Avista,2025,7,99212,30 Days,21086.64
Avista,2025,2,99171,60 Days,747.3
Avista,2025,8,99402,90 Days +,1788.11
Avista,2025,8,99403,60 Days,53023.45
Avista,2025,3,99141,Total Arrearages,15155.82
Avista,2025,4,99151,60 Days,863.49
Avista,2025,3,99341,90 Days +,4063.3
Avista,2025,5,99008,60 Days,1274.96
Avista,2025,4,99148,60 Days,4491.27
Avista,2025,8,99134,30 Days,1001.39
Avista,2025,7,99022,30 Days,1722.05
Avista,2025,8,99208,90 Days +,98583.01
Avista,2025,7,99109,30 Days,1520.96
Avista,2025,7,99371,30 Days,378.46
Avista,2025,8,99029,Total Arrearages,7166.14
Avista,2025,3,99137,30 Days,479.7
Avista,2025,1,99148,30 Days,2007.82
Avista,2025,9,99151,60 Days,389.79
Avista,2025,5,99335,Total Arrearages,0.0
Avista,2025,2,99208,Total Arrearages,159000.17
Avista,2025,6,98620,30 Days,73.58
Avista,2025,1,99030,60 Days,74.51
Avista,2025,1,99170,Total Arrearages,2398.88
Avista,2025,9,99022,90 Days +,7762.14
Avista,2025,6,98648,30 Days,52.2
Avista,2025,3,99170,30 Days,751.61
Avista,2025,1,99163,Total Arrearages,45582.92
Avista,2025,7,99218,90 Days +,24964.06
Avista,2025,1,99219,90 Days +,0.0
Avista,2025,4,99031,30 Days,661.12
Avista,2025,6,99111,30 Days,1623.77
Avista,2025,5,99223,90 Days +,75662.56
Avista,2025,7,99170,90 Days +,2445.61
Avista,2025,7,99344,90 Days +,21351.19
Avista,2025,7,99006,60 Days,15441.53
Avista,2025,4,99117,60 Days,1574.87
Avista,2025,4,99004,90 Days +,7645.23
Avista,2025,2,99025,60 Days,408.61
Avista,2025,2,99218,Total Arrearages,29555.97
Avista,2025,2,99402,Total Arrearages,2550.48
Avista,2025,1,99159,90 Days +,1762.63
Avista,2025,2,99201,60 Days,21749.16
Avista,2025,2,99341,Total Arrearages,4702.59
Avista,2025,6,99039,Total Arrearages,2730.26
Avista,2025,1,99141,Total Arrearages,11256.99
Avista,2025,5,99143,90 Days +,2156.45
Avista,2025,4,99114,30 Days,20060.43
Avista,2025,3,99181,90 Days +,6035.32
Avista,2025,2,98648,90 Days +,132.97
Avista,2025,9,99174,Total Arrearages,524.02
Avista,2025,4,99171,Total Arrearages,5574.61
Avista,2025,6,99216,90 Days +,52702.28
Avista,2025,5,99158,30 Days,273.1
Avista,2025,8,99151,90 Days +,1002.6
Avista,2025,4,99025,Total Arrearages,12245.81
Avista,2025,7,99216,30 Days,14503.19
Avista,2025,1,99341,90 Days +,1911.28
Avista,2025,2,99111,90 Days +,10751.75
Avista,2025,2,99031,90 Days +,7489.81
Avista,2025,3,99025,Total Arrearages,10259.0
Avista,2025,7,99371,90 Days +,203.05
Avista,2025,7,99110,Total Arrearages,9135.52
Avista,2025,2,99019,30 Days,1991.23
Avista,2025,5,99143,Total Arrearages,5824.9
Avista,2025,1,99216,Total Arrearages,58504.4
Avista,2025,8,99013,30 Days,2729.99
Avista,2025,2,99160,Total Arrearages,22.46
Avista,2025,3,98857,Total Arrearages,0.0
Avista,2025,6,99151,Total Arrearages,2686.94
Avista,2025,1,99114,90 Days +,17706.81
Avista,2025,2,99019,90 Days +,7570.83
Avista,2025,2,99138,60 Days,2465.04
Avista,2025,6,99344,60 Days,52279.13
Avista,2025,9,99344,60 Days,31360.12
Avista,2025,2,99344,Total Arrearages,18950.08
Avista,2025,7,99025,90 Days +,3418.67
Avista,2025,4,99163,Total Arrearages,155290.05
Avista,2025,5,99204,30 Days,13342.05
Avista,2025,5,99159,60 Days,1253.12
Avista,2025,2,99117,30 Days,866.77
Avista,2025,4,99167,60 Days,2256.32
Avista,2025,3,99122,90 Days +,6990.08
Avista,2025,2,99101,60 Days,2058.44
Avista,2025,1,99344,60 Days,4991.87
Avista,2025,1,99026,Total Arrearages,2139.2
Avista,2025,6,99101,60 Days,4296.3
Avista,2025,2,99173,Total Arrearages,12915.01
Avista,2025,8,99029,60 Days,3586.85
Avista,2025,8,99151,Total Arrearages,1439.02
Avista,2025,4,99158,30 Days,736.98
Avista,2025,6,99137,90 Days +,3094.67
Avista,2025,5,99034,Total Arrearages,12156.02
Avista,2025,6,99003,Total Arrearages,10076.8
Avista,2025,5,99223,Total Arrearages,210636.29
Avista,2025,1,99107,90 Days +,0.0
Avista,2025,1,99402,Total Arrearages,2385.55
Avista,2025,1,99027,Total Arrearages,20718.89
Avista,2025,2,99037,Total Arrearages,6373.96
Avista,2025,8,99019,60 Days,21118.4
Avista,2025,4,99159,60 Days,2455.53
Avista,2025,2,99101,90 Days +,2404.57
Avista,2025,5,99205,60 Days,226236.49
Avista,2025,8,99223,90 Days +,52804.12
Avista,2025,7,99018,30 Days,52.22
Avista,2025,2,98857,90 Days +,0.0
Avista,2025,5,99161,Total Arrearages,11428.9
Avista,2025,7,99341,60 Days,1453.64
Avista,2025,4,99107,Total Arrearages,0.0
Avista,2025,8,99131,60 Days,368.7
Avista,2025,4,98857,Total Arrearages,0.0
Avista,2025,2,99030,Total Arrearages,4632.41
Avista,2025,3,99036,Total Arrearages,0.0
Avista,2025,4,99114,Total Arrearages,79957.96
Avista,2025,1,99201,30 Days,12762.06
Avista,2025,8,99179,60 Days,997.03
Avista,2025,4,99169,90 Days +,13435.16
Avista,2025,7,99009,60 Days,2321.39
Avista,2025,1,98620,60 Days,177.04
Avista,2025,2,99170,90 Days +,1003.93
Avista,2025,6,99138,30 Days,3036.27
Avista,2025,9,99117,30 Days,496.39
Avista,2025,6,99174,60 Days,251.4
Avista,2025,4,99029,30 Days,874.72
Avista,2025,6,99126,90 Days +,6712.66
Avista,2025,7,99207,90 Days +,79029.42
Avista,2025,7,99029,Total Arrearages,3724.51
Avista,2025,5,99224,30 Days,13058.92
Avista,2025,5,99020,60 Days,485.95
Avista,2025,2,99148,60 Days,310.16
Avista,2025,7,99128,60 Days,689.45
Avista,2025,1,99130,60 Days,468.32
Avista,2025,7,99004,Total Arrearages,11181.91
Avista,2025,9,99102,60 Days,1752.35
Avista,2025,7,99204,90 Days +,17614.27
Avista,2025,2,99126,30 Days,1713.75
Avista,2025,8,99206,90 Days +,46942.28
Avista,2025,9,99129,90 Days +,2102.69
Avista,2025,6,99167,30 Days,552.83
Avista,2025,6,99113,30 Days,423.64
Avista,2025,4,99335,Total Arrearages,0.0
Avista,2025,9,99148,60 Days,5502.33
Avista,2025,7,99101,60 Days,4113.57
Avista,2025,1,99113,90 Days +,0.0
Avista,2025,1,99101,60 Days,599.97
Avista,2025,2,99023,Total Arrearages,187.59
Avista,2025,1,99122,90 Days +,3586.07
Avista,2025,9,99134,30 Days,641.16
Avista,2025,6,99018,90 Days +,83.55
Avista,2025,9,99001,90 Days +,8622.49
Avista,2025,4,99173,60 Days,8376.57
Avista,2025,5,99022,30 Days,4196.04
Avista,2025,7,99111,90 Days +,20905.78
Avista,2025,1,99341,Total Arrearages,4072.66
Avista,2025,6,99218,60 Days,66088.45
Avista,2025,4,99033,90 Days +,12483.48
Avista,2025,4,99006,60 Days,13818.03
Avista,2025,5,99185,Total Arrearages,8761.08
Avista,2025,8,99016,90 Days +,19102.07
Avista,2025,2,99326,Total Arrearages,0.0
Avista,2025,9,99185,Total Arrearages,3738.08
Avista,2025,3,99170,90 Days +,977.22
Avista,2025,6,99006,90 Days +,5967.88
Avista,2025,1,99149,30 Days,33.66
Avista,2025,3,99171,90 Days +,7116.24
Avista,2025,8,99207,Total Arrearages,330996.42
Avista,2025,9,99021,30 Days,3723.82
Avista,2025,9,99022,30 Days,2340.59
Avista,2025,5,99137,60 Days,2762.32
Avista,2025,3,99026,Total Arrearages,720.17
Avista,2025,5,99040,Total Arrearages,31553.98
Avista,2025,2,99216,Total Arrearages,63512.95
Avista,2025,8,99219,Total Arrearages,0.0
Avista,2025,8,99216,30 Days,16638.6
Avista,2025,1,99009,30 Days,1342.84
Avista,2025,6,99218,30 Days,10291.22
Avista,2025,3,99103,Total Arrearages,1519.18
Avista,2025,8,99167,60 Days,1603.05
Avista,2025,9,99220,Total Arrearages,0.0
Avista,2025,3,99102,60 Days,814.41
Avista,2025,8,99040,60 Days,7552.28
Avista,2025,9,99111,60 Days,4116.3
Avista,2025,9,99208,90 Days +,87937.78
Avista,2025,9,99109,Total Arrearages,29061.59
Avista,2025,6,99005,90 Days +,2708.44
Avista,2025,9,99169,60 Days,3803.56
Avista,2025,1,99181,90 Days +,6173.3
Avista,2025,5,99103,60 Days,1467.83
Avista,2025,1,99141,30 Days,4439.1
Avista,2025,1,99114,30 Days,8349.89
Avista,2025,1,99117,90 Days +,829.89
Avista,2025,9,99174,90 Days +,262.01
Avista,2025,2,99223,30 Days,20511.82
Avista,2025,6,99371,90 Days +,839.07
Avista,2025,9,99201,30 Days,10068.66
Avista,2025,9,99004,30 Days,843.71
Avista,2025,5,99004,60 Days,7014.96
Avista,2025,6,99326,30 Days,69.3
Avista,2025,1,99037,Total Arrearages,3043.75
Avista,2025,9,99206,90 Days +,51575.39
Avista,2025,1,99023,90 Days +,0.0
Avista,2025,3,99005,Total Arrearages,9047.04
Avista,2025,4,99031,Total Arrearages,4573.36
Avista,2025,6,99027,Total Arrearages,44988.41
Avista,2025,9,99156,Total Arrearages,0.0
Avista,2025,8,99030,30 Days,249.74
Avista,2025,6,99031,90 Days +,2200.72
Avista,2025,4,99034,90 Days +,2070.47
Avista,2025,4,99224,Total Arrearages,107242.88
Avista,2025,5,99021,60 Days,33344.32
Avista,2025,9,99114,30 Days,7992.14
Avista,2025,1,99014,Total Arrearages,0.0
Avista,2025,7,99173,30 Days,1852.3
Avista,2025,4,99025,30 Days,3188.55
Avista,2025,3,99216,Total Arrearages,79406.8
Avista,2025,2,99001,Total Arrearages,12864.38
Avista,2025,7,99101,30 Days,1051.05
Avista,2025,6,99034,90 Days +,2609.57
Avista,2025,2,99217,Total Arrearages,79381.18
Avista,2025,5,99030,60 Days,2086.38
Avista,2025,4,99026,60 Days,2395.25
Avista,2025,5,99212,30 Days,29222.13
Avista,2025,8,99021,Total Arrearages,29695.21
Avista,2025,8,99174,60 Days,524.02
Avista,2025,9,99138,60 Days,7985.49
Avista,2025,8,99016,Total Arrearages,74680.03
Avista,2025,2,99163,Total Arrearages,52417.26
Avista,2025,2,99164,Total Arrearages,0.0
Avista,2025,7,99403,90 Days +,26752.94
Avista,2025,1,99156,Total Arrearages,0.0
Avista,2025,8,99026,30 Days,1093.53
Avista,2025,7,99009,90 Days +,3101.78
Avista,2025,8,99018,Total Arrearages,469.77
Avista,2025,2,99126,60 Days,1328.11
Avista,2025,9,99176,90 Days +,1566.9
Avista,2025,9,99114,60 Days,30241.5
Avista,2025,4,99004,30 Days,1387.78
Avista,2025,1,98620,90 Days +,391.21
Avista,2025,4,99144,Total Arrearages,0.0
Avista,2025,4,99014,90 Days +,760.3
Avista,2025,5,99039,90 Days +,0.0
Avista,2025,9,99158,30 Days,339.65
Avista,2025,6,99032,Total Arrearages,4336.75
Avista,2025,2,99009,90 Days +,3416.88
Avista,2025,1,99029,90 Days +,4824.4
Avista,2025,5,99122,Total Arrearages,22134.59
Avista,2025,5,99205,90 Days +,96133.24
Avista,2025,8,99205,30 Days,48693.1
Avista,2025,7,99122,Total Arrearages,8635.64
Avista,2025,8,99025,60 Days,5901.54
Avista,2025,9,99223,90 Days +,49345.72
Avista,2025,8,99130,60 Days,1358.73
Avista,2025,9,99029,60 Days,2920.58
Avista,2025,5,99159,Total Arrearages,8698.51
Avista,2025,9,99207,Total Arrearages,310869.16
Avista,2025,1,98620,30 Days,81.67
Avista,2025,9,99207,60 Days,190007.28
Avista,2025,2,99151,60 Days,46.06
Avista,2025,5,99018,90 Days +,60.74
Avista,2025,9,99205,Total Arrearages,313474.87
Avista,2025,8,99018,30 Days,144.54
Avista,2025,2,99027,30 Days,1916.14
Avista,2025,6,99129,Total Arrearages,10167.25
Avista,2025,9,99167,30 Days,214.48
Avista,2025,7,99176,Total Arrearages,1727.38
Avista,2025,8,99021,90 Days +,7012.64
Avista,2025,7,99206,Total Arrearages,166359.57
Avista,2025,2,99205,60 Days,50839.45
Avista,2025,7,99134,60 Days,1219.89
Avista,2025,8,99326,60 Days,291.48
Avista,2025,2,99208,90 Days +,84380.73
Avista,2025,8,99170,60 Days,4013.22
Avista,2025,8,99203,Total Arrearages,54100.68
Avista,2025,5,99171,90 Days +,3383.84
Avista,2025,7,99171,90 Days +,3846.74
Avista,2025,4,99212,Total Arrearages,214116.87
Avista,2025,5,99146,Total Arrearages,665.73
Avista,2025,6,99144,Total Arrearages,0.0
Avista,2025,5,98620,30 Days,422.99
Avista,2025,6,99137,30 Days,676.13
Avista,2025,8,99141,30 Days,6035.01
Avista,2025,5,99110,60 Days,3931.65
Avista,2025,6,99173,60 Days,7370.56
Avista,2025,7,99013,60 Days,7571.04
Avista,2025,9,99102,30 Days,887.18
Avista,2025,5,99037,30 Days,2264.22
Avista,2025,5,99179,30 Days,42.25
Avista,2025,5,99138,60 Days,11237.22
Avista,2025,1,99205,60 Days,31796.25
Avista,2025,8,99019,90 Days +,9660.2
Avista,2025,3,99025,60 Days,800.06
Avista,2025,6,99171,30 Days,654.55
Avista,2025,8,99003,30 Days,997.69
Avista,2025,4,99138,60 Days,14679.66
Avista,2025,9,99021,90 Days +,6233.22
Avista,2025,8,99201,Total Arrearages,127504.52
Avista,2025,5,99126,30 Days,1188.68
Avista,2025,2,99027,60 Days,1184.32
Avista,2025,3,99039,Total Arrearages,2613.7
Avista,2025,4,99149,90 Days +,2839.11
Avista,2025,7,99206,30 Days,15157.5
Avista,2025,1,99029,Total Arrearages,5823.68
Avista,2025,6,99004,Total Arrearages,16850.03
Avista,2025,5,99014,30 Days,226.47
Avista,2025,4,99111,Total Arrearages,24837.37
Avista,2025,2,99109,90 Days +,9198.12
Avista,2025,9,99223,30 Days,21229.78
Avista,2025,7,99151,30 Days,177.01
Avista,2025,2,99224,60 Days,8213.57
Avista,2025,4,99126,30 Days,1189.87
Avista,2025,6,99207,Total Arrearages,397446.91
Avista,2025,5,99021,Total Arrearages,49787.36
Avista,2025,5,99204,90 Days +,27911.21
Avista,2025,1,99037,30 Days,745.41
Avista,2025,3,99008,60 Days,631.94
Avista,2025,2,99149,30 Days,33.66
Avista,2025,8,99122,60 Days,5839.1
Avista,2025,4,99218,60 Days,53437.7
Avista,2025,9,99204,90 Days +,21533.96
Avista,2025,9,99176,Total Arrearages,1566.9
Avista,2025,6,99141,60 Days,18378.5
Avista,2025,4,99033,Total Arrearages,16456.53
Avista,2025,4,99176,30 Days,33.74
Avista,2025,3,99176,90 Days +,0.0
Avista,2025,1,99326,90 Days +,0.0
Avista,2025,6,99137,Total Arrearages,4809.37
Avista,2025,8,99402,30 Days,714.3
Avista,2025,7,99228,Total Arrearages,0.0
Avista,2025,6,99025,60 Days,4558.28
Avista,2025,4,99218,30 Days,13740.32
Avista,2025,6,99160,90 Days +,534.35
Avista,2025,3,99158,Total Arrearages,1493.4
Avista,2025,6,99114,90 Days +,31473.85
Avista,2025,5,99167,60 Days,1780.4
Avista,2025,9,99217,90 Days +,39547.65
Avista,2025,2,99013,90 Days +,24214.79
Avista,2025,4,99146,30 Days,545.12
Avista,2025,1,99101,90 Days +,2429.0
Avista,2025,4,99159,Total Arrearages,6989.0
Avista,2025,7,99126,30 Days,1340.84
Avista,2025,9,99344,Total Arrearages,57182.43
Avista,2025,1,98857,90 Days +,0.0
Avista,2025,4,99181,Total Arrearages,18700.71
Avista,2025,2,99202,90 Days +,32171.64
Avista,2025,5,99032,90 Days +,4336.63
Avista,2025,1,99104,Total Arrearages,0.0
Avista,2025,9,99023,Total Arrearages,0.0
Avista,2025,4,99212,60 Days,127945.26
Avista,2025,7,99130,30 Days,171.06
Avista,2025,5,99202,90 Days +,50843.41
Avista,2025,1,99033,90 Days +,3353.04
Avista,2025,6,99143,30 Days,508.44
Avista,2025,9,99005,60 Days,7391.18
Avista,2025,8,99138,30 Days,2521.03
Avista,2025,9,99006,Total Arrearages,38560.17
Avista,2025,7,99026,60 Days,308.55
Avista,2025,4,99138,30 Days,5325.54
Avista,2025,2,99012,Total Arrearages,3342.82
Avista,2025,4,99151,Total Arrearages,1320.02
Avista,2025,3,99110,Total Arrearages,3656.24
Avista,2025,2,99032,60 Days,180.1
Avista,2025,5,99137,Total Arrearages,6184.15
Avista,2025,1,99207,30 Days,41568.52
Avista,2025,4,99185,30 Days,1549.79
Avista,2025,7,99003,Total Arrearages,9778.68
Avista,2025,4,99040,60 Days,5517.48
Avista,2025,4,99032,90 Days +,4180.3
Avista,2025,9,99216,90 Days +,39096.2
Avista,2025,4,99020,90 Days +,10.56
Avista,2025,7,99159,90 Days +,1154.78
Avista,2025,4,99326,60 Days,265.9
Avista,2025,3,99005,30 Days,1520.55
Avista,2025,6,99138,60 Days,8997.98
Avista,2025,3,99037,30 Days,1752.99
Avista,2025,6,99110,90 Days +,2750.13
Avista,2025,1,99146,30 Days,36.5
Avista,2025,6,99228,Total Arrearages,0.0
Avista,2025,1,99220,90 Days +,0.0
Avista,2025,7,99212,60 Days,92363.99
Avista,2025,6,99148,90 Days +,2279.75
Avista,2025,8,99012,90 Days +,1328.64
Avista,2025,3,99217,60 Days,27690.18
Avista,2025,8,99181,60 Days,4841.04
Avista,2025,2,99341,30 Days,198.56
Avista,2025,9,99224,90 Days +,19313.09
Avista,2025,1,99206,60 Days,12864.18
Avista,2025,5,99036,Total Arrearages,0.0
Avista,2025,6,99102,60 Days,3008.11
Avista,2025,4,99109,60 Days,7645.3
Avista,2025,4,99149,30 Days,330.69
Avista,2025,3,99224,60 Days,10918.32
Avista,2025,1,99179,60 Days,116.03
Avista,2025,9,99101,90 Days +,3711.18
Avista,2025,2,99157,90 Days +,952.14
Avista,2025,3,99131,90 Days +,365.23
Avista,2025,6,99013,90 Days +,23183.73
Avista,2025,6,99151,60 Days,2245.14
Avista,2025,8,99110,30 Days,414.06
Avista,2025,5,99341,30 Days,1144.64
Avista,2025,7,99034,90 Days +,682.33
Avista,2025,8,99326,30 Days,44.4
Avista,2025,6,99114,30 Days,10163.82
Avista,2025,7,99169,90 Days +,8195.87
Avista,2025,4,99203,60 Days,33205.69
Avista,2025,2,99138,30 Days,868.6
Avista,2025,4,99159,90 Days +,3570.58
Avista,2025,8,99109,60 Days,7597.97
Avista,2025,3,99156,Total Arrearages,0.0
Avista,2025,6,99117,Total Arrearages,1726.71
Avista,2025,9,99216,60 Days,60135.4
Avista,2025,3,99023,Total Arrearages,348.87
Avista,2025,9,99001,60 Days,16717.83
Avista,2025,8,99224,30 Days,15837.97
Avista,2025,1,99173,60 Days,789.52
Avista,2025,7,99001,90 Days +,9370.2
Avista,2025,3,99164,Total Arrearages,0.0
Avista,2025,5,99223,30 Days,22466.14
Avista,2025,2,99134,60 Days,250.82
Avista,2025,9,98648,90 Days +,570.33
Avista,2025,2,99029,90 Days +,4899.53
Avista,2025,3,99004,Total Arrearages,3264.42
Avista,2025,1,99158,Total Arrearages,2207.97
Avista,2025,4,99143,90 Days +,2169.43
Avista,2025,1,99005,90 Days +,4166.74
Avista,2025,9,99032,Total Arrearages,3434.79
Avista,2025,7,99014,90 Days +,697.53
Avista,2025,9,99171,Total Arrearages,11472.83
Avista,2025,9,99040,90 Days +,19936.68
Avista,2025,1,99012,60 Days,90.58
Avista,2025,3,99134,30 Days,558.75
Avista,2025,2,99013,Total Arrearages,29604.38
Avista,2025,8,99025,Total Arrearages,9690.26
Avista,2025,8,99025,30 Days,1478.36
Avista,2025,7,99160,30 Days,82.84
Avista,2025,4,98648,30 Days,67.19
Avista,2025,3,99205,Total Arrearages,212242.69
Avista,2025,5,99185,90 Days +,2757.67
Avista,2025,2,99174,Total Arrearages,227.96
Avista,2025,8,99103,90 Days +,2193.42
Avista,2025,7,99344,Total Arrearages,50240.35
Avista,2025,3,99030,60 Days,970.26
Avista,2025,1,99207,60 Days,32523.39
Avista,2025,7,99224,Total Arrearages,71750.66
Avista,2025,3,99185,90 Days +,2275.05
Avista,2025,1,99228,90 Days +,0.0
Avista,2025,6,99141,30 Days,4611.18
Avista,2025,8,99144,Total Arrearages,0.0
Avista,2025,2,99033,Total Arrearages,11676.8
Avista,2025,3,99022,90 Days +,7387.89
Avista,2025,8,99031,30 Days,245.15
Avista,2025,8,99006,30 Days,5225.09
Avista,2025,5,99134,30 Days,525.26
Avista,2025,8,99004,30 Days,602.18
Avista,2025,5,99131,Total Arrearages,222.79
Avista,2025,3,99011,Total Arrearages,0.0
Avista,2025,9,99161,90 Days +,3347.28
Avista,2025,1,99371,30 Days,462.22
Avista,2025,6,99109,60 Days,8348.46
Avista,2025,5,99026,60 Days,1620.79
Avista,2025,3,99008,90 Days +,3138.6
Avista,2025,1,99344,30 Days,4229.56
Avista,2025,7,99149,30 Days,169.52
Avista,2025,7,99402,60 Days,3735.35
Avista,2025,4,99149,60 Days,233.82
Avista,2025,1,99021,90 Days +,4537.97
Avista,2025,7,98620,Total Arrearages,13027.2
Avista,2025,9,99171,90 Days +,8907.82
Avista,2025,5,99103,30 Days,756.55
Avista,2025,3,99201,30 Days,21600.25
Avista,2025,5,99016,60 Days,59112.77
Avista,2025,3,99008,Total Arrearages,3941.38
Avista,2025,3,99326,Total Arrearages,0.0
Avista,2025,3,99157,90 Days +,1073.43
Avista,2025,7,99023,Total Arrearages,1.66
Avista,2025,3,99207,30 Days,57213.55
Avista,2025,4,99102,90 Days +,1321.41
Avista,2025,3,99206,30 Days,24331.28
Avista,2025,7,99014,30 Days,12.8
Avista,2025,9,99204,60 Days,32499.67
Avista,2025,4,99137,90 Days +,2877.7
Avista,2025,8,99149,60 Days,359.79
Avista,2025,2,99110,Total Arrearages,3673.77
Avista,2025,5,99129,30 Days,838.85
Avista,2025,4,99207,Total Arrearages,410547.01
Avista,2025,5,99160,Total Arrearages,1128.23
Avista,2025,9,99032,30 Days,1242.41
Avista,2025,8,99126,30 Days,1280.81
Avista,2025,9,99202,90 Days +,40488.12
Avista,2025,5,99009,30 Days,1367.24
Avista,2025,8,99212,60 Days,101913.81
Avista,2025,8,99014,60 Days,352.2
Avista,2025,2,99025,30 Days,1891.83
Avista,2025,6,99021,90 Days +,6073.14
Avista,2025,2,99104,90 Days +,0.0
Avista,2025,4,99224,60 Days,61365.62
Avista,2025,7,99039,90 Days +,0.0
Avista,2025,2,99125,Total Arrearages,2495.05
Avista,2025,9,99031,90 Days +,1453.51
Avista,2025,2,99167,90 Days +,993.14
Avista,2025,9,99001,Total Arrearages,28009.21
Avista,2025,2,99144,Total Arrearages,0.0
Avista,2025,8,99009,Total Arrearages,5283.7
Avista,2025,2,98648,Total Arrearages,132.97
Avista,2025,7,99025,Total Arrearages,11093.28
Avista,2025,6,99008,90 Days +,7824.65
Avista,2025,9,99203,Total Arrearages,54828.95
Avista,2025,7,99114,90 Days +,19049.28
Avista,2025,2,99185,90 Days +,1501.68
Avista,2025,9,99103,60 Days,1182.44
Avista,2025,8,99005,Total Arrearages,12576.27
Avista,2025,1,99117,30 Days,196.86
Avista,2025,5,99181,60 Days,7347.73
Avista,2025,2,99040,60 Days,1657.93
Avista,2025,4,99208,30 Days,64613.23
Avista,2025,1,99206,30 Days,14074.74
Avista,2025,3,99032,Total Arrearages,6120.62
Avista,2025,9,99207,30 Days,47293.71
Avista,2025,1,99371,90 Days +,0.0
Avista,2025,5,99008,30 Days,329.21
Avista,2025,5,99212,60 Days,146415.95
Avista,2025,4,99113,30 Days,226.72
Avista,2025,2,99146,Total Arrearages,28.59
Avista,2025,6,99206,90 Days +,63709.16
Avista,2025,9,99163,90 Days +,47301.24
Avista,2025,8,99204,90 Days +,21775.25
Avista,2025,4,99157,90 Days +,936.93
Avista,2025,5,99113,60 Days,473.58
Avista,2025,9,99030,60 Days,1086.21
Avista,2025,4,99201,90 Days +,59188.64
Avista,2025,3,99110,60 Days,2313.54
Avista,2025,3,99223,30 Days,28802.9
Avista,2025,6,99029,Total Arrearages,7740.56
Avista,2025,8,99005,60 Days,8277.12
Avista,2025,1,99216,90 Days +,33343.59
Avista,2025,4,99031,60 Days,3068.97
Avista,2025,9,99173,90 Days +,17413.28
Avista,2025,7,99026,90 Days +,6157.08
Avista,2025,6,99260,Total Arrearages,0.0
Avista,2025,6,99022,Total Arrearages,24325.83
Avista,2025,3,99149,60 Days,569.46
Avista,2025,8,99163,60 Days,59456.6
Avista,2025,1,99001,60 Days,1012.92
Avista,2025,9,99012,60 Days,1518.29
Avista,2025,5,99027,90 Days +,16439.01
Avista,2025,9,99163,30 Days,11852.12
Avista,2025,7,99203,Total Arrearages,54620.72
Avista,2025,8,99167,Total Arrearages,3027.68
Avista,2025,2,99040,90 Days +,14736.99
Avista,2025,6,98857,90 Days +,0.0
Avista,2025,5,99111,30 Days,2980.63
Avista,2025,6,99025,30 Days,1881.32
Avista,2025,3,99148,60 Days,829.04
Avista,2025,5,99170,Total Arrearages,4946.19
Avista,2025,9,99403,Total Arrearages,87137.87
Avista,2025,3,99009,30 Days,1641.17
Avista,2025,6,99008,30 Days,384.46
Avista,2025,1,99138,Total Arrearages,8242.09
Avista,2025,8,99006,90 Days +,9635.27
Avista,2025,1,99156,90 Days +,0.0
Avista,2025,1,99206,90 Days +,37233.5
Avista,2025,3,99205,60 Days,51191.36
Avista,2025,2,99018,Total Arrearages,1401.32
Avista,2025,3,99403,Total Arrearages,48869.45
Avista,2025,3,99126,30 Days,854.99
Avista,2025,4,99111,60 Days,9669.15
Avista,2025,4,99005,30 Days,3954.53
Avista,2025,1,99134,Total Arrearages,2632.05
Avista,2025,7,99040,Total Arrearages,26531.45
Avista,2025,8,99125,90 Days +,1786.43
Avista,2025,4,99179,60 Days,1950.27
Avista,2025,2,99402,90 Days +,959.89
Avista,2025,3,99122,Total Arrearages,10100.71
Avista,2025,4,99371,30 Days,110.52
Avista,2025,9,99004,Total Arrearages,7411.47
Avista,2025,4,99161,Total Arrearages,16060.56
Avista,2025,9,99029,90 Days +,1620.48
Avista,2025,2,99020,90 Days +,0.0
Avista,2025,2,99107,90 Days +,0.0
Avista,2025,9,99037,60 Days,8740.97
Avista,2025,5,99114,60 Days,35794.28
Avista,2025,6,99326,Total Arrearages,1477.06
Avista,2025,2,99018,90 Days +,888.8
Avista,2025,9,99030,Total Arrearages,2513.51
Avista,2025,9,99003,90 Days +,2876.85
Avista,2025,3,99125,90 Days +,3248.51
Avista,2025,8,99111,30 Days,558.37
Avista,2025,1,99403,Total Arrearages,33385.18
Avista,2025,2,99205,Total Arrearages,175452.88
Avista,2025,6,99224,60 Days,45020.76
Avista,2025,4,98648,60 Days,1810.82
Avista,2025,6,99009,60 Days,2682.25
Avista,2025,8,99344,30 Days,10515.32
Avista,2025,8,99114,90 Days +,17580.32
Avista,2025,8,99181,90 Days +,2793.38
Avista,2025,6,99176,30 Days,170.9
Avista,2025,4,99223,30 Days,26875.99
Avista,2025,7,99005,60 Days,6399.04
Avista,2025,7,99146,90 Days +,0.0
Avista,2025,2,99026,30 Days,418.82
Avista,2025,4,99033,60 Days,3309.13
Avista,2025,1,99103,60 Days,632.03
Avista,2025,5,99164,Total Arrearages,0.0
Avista,2025,5,99016,90 Days +,25725.01
Avista,2025,5,99111,Total Arrearages,27150.3
Avista,2025,6,99029,90 Days +,4032.48
Avista,2025,4,99158,60 Days,2048.59
Avista,2025,1,99216,60 Days,14627.72
Avista,2025,2,98857,Total Arrearages,0.0
Avista,2025,5,99218,Total Arrearages,125062.47
Avista,2025,7,98648,Total Arrearages,1204.19
Avista,2025,4,99039,90 Days +,0.0
Avista,2025,4,99212,90 Days +,53577.02
Avista,2025,3,99012,30 Days,464.32
Avista,2025,3,99014,Total Arrearages,613.95
Avista,2025,2,99149,90 Days +,2238.63
Avista,2025,7,99212,90 Days +,54203.87
Avista,2025,5,99158,Total Arrearages,4562.34
Avista,2025,3,99163,Total Arrearages,67913.69
Avista,2025,2,99005,30 Days,2190.92
Avista,2025,4,99148,30 Days,4447.0
Avista,2025,1,99179,90 Days +,294.59
Avista,2025,6,99174,90 Days +,62.85
Avista,2025,4,99029,Total Arrearages,9325.66
Avista,2025,8,99218,60 Days,45780.92
Avista,2025,5,99157,Total Arrearages,6810.37
Avista,2025,6,99341,90 Days +,4606.27
Avista,2025,3,99027,90 Days +,14372.43
Avista,2025,9,99020,60 Days,309.93
Avista,2025,7,99181,90 Days +,2888.69
Avista,2025,4,99160,Total Arrearages,2262.32
Avista,2025,9,99403,90 Days +,17754.32
Avista,2025,8,99101,90 Days +,3434.08
Avista,2025,3,99179,30 Days,106.43
Avista,2025,4,99012,Total Arrearages,8415.29
Avista,2025,6,99026,30 Days,287.43
Avista,2025,4,99205,90 Days +,104779.39
Avista,2025,2,99005,Total Arrearages,9021.26
Avista,2025,9,99122,30 Days,2740.78
Avista,2025,1,99125,30 Days,280.54
Avista,2025,9,99157,30 Days,145.45
Avista,2025,3,99103,30 Days,464.39
Avista,2025,5,99163,30 Days,20753.87
Avista,2025,5,99131,30 Days,222.79
Avista,2025,3,99335,90 Days +,0.0
Avista,2025,7,99208,30 Days,43371.59
Avista,2025,7,99208,90 Days +,107454.29
Avista,2025,1,99403,90 Days +,26615.12
Avista,2025,6,99003,90 Days +,3609.84
Avista,2025,1,99008,Total Arrearages,1679.38
Avista,2025,9,99008,60 Days,1573.08
Avista,2025,8,99224,60 Days,43512.17
Avista,2025,3,99171,Total Arrearages,9389.99
Avista,2025,1,99169,Total Arrearages,1441.92
Avista,2025,7,99220,Total Arrearages,0.0
Avista,2025,2,99023,60 Days,187.59
Avista,2025,5,98620,Total Arrearages,8112.91
Avista,2025,9,99126,30 Days,1074.05
Avista,2025,6,99006,30 Days,3722.51
Avista,2025,8,99023,Total Arrearages,0.0
Avista,2025,9,99009,Total Arrearages,4936.23
Avista,2025,2,99114,60 Days,10476.9
Avista,2025,1,99157,Total Arrearages,2232.0
Avista,2025,6,99019,Total Arrearages,35376.91
Avista,2025,9,99260,Total Arrearages,0.0
Avista,2025,6,99037,90 Days +,3206.34
Avista,2025,1,99003,90 Days +,0.0
Avista,2025,7,99040,30 Days,1207.74
Avista,2025,6,99220,90 Days +,0.0
Avista,2025,5,99185,30 Days,598.7
Avista,2025,2,99181,30 Days,1519.69
Avista,2025,2,99008,90 Days +,1499.68
Avista,2025,9,99018,90 Days +,122.37
Avista,2025,9,99027,60 Days,18315.07
Avista,2025,8,99326,Total Arrearages,989.91
Avista,2025,6,99125,60 Days,1088.3
Avista,2025,4,99021,Total Arrearages,41181.48
Avista,2025,5,99144,Total Arrearages,0.0
Avista,2025,2,99014,90 Days +,0.0
Avista,2025,2,99202,Total Arrearages,77166.9
Avista,2025,5,99103,90 Days +,1085.4
Avista,2025,8,99110,Total Arrearages,1495.05
Avista,2025,9,99009,90 Days +,1854.05
Avista,2025,7,99202,30 Days,12786.78
Avista,2025,1,99004,Total Arrearages,2462.46
Avista,2025,3,99216,90 Days +,41152.04
Avista,2025,1,99203,60 Days,4818.53
Avista,2025,1,99113,Total Arrearages,775.92
Avista,2025,6,99034,Total Arrearages,3081.35
Avista,2025,4,99003,30 Days,3423.29
Avista,2025,1,99026,90 Days +,1898.8
Avista,2025,9,99129,60 Days,4145.04
Avista,2025,8,99169,Total Arrearages,13364.17
Avista,2025,5,99128,30 Days,437.11
Avista,2025,5,99143,30 Days,884.12
Avista,2025,5,99160,90 Days +,821.16
Avista,2025,4,99023,Total Arrearages,0.0
Avista,2025,5,99216,30 Days,20708.37
Avista,2025,6,99207,90 Days +,90950.9
Avista,2025,1,99103,90 Days +,0.0
Avista,2025,9,99159,Total Arrearages,6049.53
Avista,2025,7,99148,30 Days,1281.17
Avista,2025,2,99141,Total Arrearages,12776.62
Avista,2025,3,99159,Total Arrearages,4984.46
Avista,2025,6,99341,Total Arrearages,17710.07
Avista,2025,4,99006,30 Days,5775.32
Avista,2025,3,99402,Total Arrearages,5068.87
Avista,2025,1,99205,90 Days +,94483.51
Avista,2025,1,99018,60 Days,835.05
Avista,2025,4,99012,90 Days +,3605.96
Avista,2025,2,99169,Total Arrearages,3489.32
Avista,2025,4,99103,Total Arrearages,2409.31
Avista,2025,1,99207,90 Days +,88319.87
Avista,2025,4,99205,30 Days,76350.65
Avista,2025,3,99143,Total Arrearages,3262.47
Avista,2025,1,99402,60 Days,728.53
Avista,2025,2,99012,60 Days,2366.78
Avista,2025,5,99371,60 Days,1142.51
Avista,2025,1,99167,60 Days,415.78
Avista,2025,8,99202,30 Days,15769.23
Avista,2025,1,99158,90 Days +,1989.59
Avista,2025,8,99335,Total Arrearages,0.0
Avista,2025,4,99027,Total Arrearages,33203.41
Avista,2025,8,99020,Total Arrearages,767.24
Avista,2025,6,99167,Total Arrearages,3963.68
Avista,2025,8,99004,Total Arrearages,10237.09
Avista,2025,9,99146,90 Days +,0.0
Avista,2025,5,99026,90 Days +,5837.62
Avista,2025,2,99205,90 Days +,84701.0
Avista,2025,3,99040,30 Days,1685.69
Avista,2025,3,99113,90 Days +,0.0
Avista,2025,5,99228,Total Arrearages,0.0
Avista,2025,8,99159,Total Arrearages,2967.82
Avista,2025,8,99185,90 Days +,328.55
Avista,2025,6,99036,Total Arrearages,0.0
Avista,2025,1,99031,90 Days +,5438.34
Avista,2025,2,99143,30 Days,522.1
Avista,2025,1,99027,60 Days,6802.67
Avista,2025,1,99134,60 Days,374.4
Avista,2025,8,99203,90 Days +,15144.5
Avista,2025,7,99036,Total Arrearages,0.0
Avista,2025,3,99013,60 Days,4697.2
Avista,2025,5,99022,60 Days,14474.4
Avista,2025,4,99171,90 Days +,3798.28
Avista,2025,1,99138,60 Days,720.83
Avista,2025,4,99014,30 Days,263.47
Avista,2025,9,99128,90 Days +,684.92
Avista,2025,8,99171,60 Days,2511.24
Avista,2025,4,99125,30 Days,203.95
Avista,2025,2,99151,90 Days +,0.0
Avista,2025,3,99027,60 Days,2364.13
Avista,2025,9,99149,Total Arrearages,1833.29
Avista,2025,4,99341,Total Arrearages,5952.44
Avista,2025,4,99202,Total Arrearages,188167.17
Avista,2025,5,99326,60 Days,911.01
Avista,2025,3,99260,90 Days +,0.0
Avista,2025,6,99181,Total Arrearages,15521.29
Avista,2025,8,99125,Total Arrearages,3463.36
Avista,2025,2,99012,90 Days +,159.97
Avista,2025,7,99022,Total Arrearages,20186.65
Avista,2025,7,99185,90 Days +,536.47
Avista,2025,2,99022,30 Days,2009.9
Avista,2025,2,99212,90 Days +,38455.54
Avista,2025,6,99022,90 Days +,8569.24
Avista,2025,5,99033,Total Arrearages,17822.49
Avista,2025,1,99033,30 Days,1784.18
Avista,2025,1,99171,90 Days +,3792.41
Avista,2025,6,99212,60 Days,123556.26
Avista,2025,8,98620,60 Days,2501.69
Avista,2025,5,99206,30 Days,23410.64
Avista,2025,2,99016,30 Days,8759.33
Avista,2025,2,99040,Total Arrearages,17963.65
Avista,2025,4,99014,Total Arrearages,2612.33
Avista,2025,6,99026,Total Arrearages,9348.27
Avista,2025,6,99403,60 Days,57684.77
Avista,2025,3,99130,Total Arrearages,4109.76
Avista,2025,9,99204,Total Arrearages,59138.62
Avista,2025,2,99104,Total Arrearages,0.0
Avista,2025,7,99026,Total Arrearages,6942.49
Avista,2025,2,99223,60 Days,22734.38
Avista,2025,6,99027,90 Days +,16976.89
Avista,2025,6,99131,90 Days +,0.0
Avista,2025,3,99212,90 Days +,72424.45
Avista,2025,1,99204,Total Arrearages,17548.21
Avista,2025,1,99403,60 Days,273.08
Avista,2025,9,99171,30 Days,423.68
Avista,2025,1,99013,90 Days +,23928.83
Avista,2025,4,99176,60 Days,1130.39
Avista,2025,2,99151,30 Days,825.03
Avista,2025,3,99138,60 Days,1088.31
Avista,2025,3,99011,90 Days +,0.0
Avista,2025,8,99163,90 Days +,47543.28
Avista,2025,9,99138,30 Days,2758.56
Avista,2025,4,98620,Total Arrearages,6984.8
Avista,2025,6,99203,Total Arrearages,69870.47
Avista,2025,3,99109,30 Days,4741.6
Avista,2025,8,99040,30 Days,1286.67
Avista,2025,6,99036,90 Days +,0.0
Avista,2025,1,99260,Total Arrearages,0.0
Avista,2025,5,99009,Total Arrearages,8178.23
Avista,2025,4,99181,90 Days +,8014.52
Avista,2025,1,99223,90 Days +,47567.49
Avista,2025,1,99141,90 Days +,3706.22
Avista,2025,3,99156,90 Days +,0.0
Avista,2025,5,99040,60 Days,10199.02
Avista,2025,3,98648,90 Days +,136.28
Avista,2025,4,99207,30 Days,73214.07
Avista,2025,3,99117,60 Days,336.43
Avista,2025,3,99018,30 Days,661.34
Avista,2025,2,99216,60 Days,15844.77
Avista,2025,2,99201,Total Arrearages,62324.3
Avista,2025,4,99019,Total Arrearages,32745.84
Avista,2025,1,99023,Total Arrearages,454.02
Avista,2025,7,99203,30 Days,6157.18
Avista,2025,3,99001,90 Days +,9844.83
Avista,2025,8,99019,30 Days,6156.05
Avista,2025,8,99110,90 Days +,666.82
Avista,2025,6,99129,60 Days,3732.2
Avista,2025,4,99117,30 Days,512.89
Avista,2025,8,99159,60 Days,967.95
Avista,2025,8,99018,90 Days +,108.41
Avista,2025,8,99201,30 Days,12365.44
Avista,2025,3,99220,90 Days +,0.0
Avista,2025,3,99402,30 Days,2160.87
Avista,2025,1,99260,90 Days +,0.0
Avista,2025,6,99171,60 Days,1728.61
Avista,2025,9,99022,Total Arrearages,16086.87
Avista,2025,9,99037,30 Days,476.03
Avista,2025,1,99148,90 Days +,705.16
Avista,2025,6,99171,90 Days +,4359.48
Avista,2025,6,99207,30 Days,39730.06
Avista,2025,7,99156,Total Arrearages,0.0
Avista,2025,6,99203,30 Days,7421.44
Avista,2025,6,99019,60 Days,24191.64
Avista,2025,7,99402,Total Arrearages,5891.31
Avista,2025,1,99157,60 Days,234.98
Avista,2025,9,99149,30 Days,278.53
Avista,2025,4,99176,90 Days +,0.0
Avista,2025,6,99157,90 Days +,2096.26
Avista,2025,2,99122,30 Days,1540.26
Avista,2025,5,99344,30 Days,11968.44
Avista,2025,7,99034,60 Days,731.55
Avista,2025,9,99141,60 Days,15291.06
Avista,2025,8,99037,Total Arrearages,10323.06
Avista,2025,1,99174,90 Days +,0.0
Avista,2025,9,99025,Total Arrearages,6159.54
Avista,2025,2,99022,60 Days,3078.41
Avista,2025,8,99170,90 Days +,2402.57
Avista,2025,4,99164,Total Arrearages,0.0
Avista,2025,1,99202,60 Days,14113.02
Avista,2025,5,99326,30 Days,7.23
Avista,2025,5,99173,Total Arrearages,30272.44
Avista,2025,1,99129,90 Days +,2039.72
Avista,2025,6,99185,Total Arrearages,7019.41
Avista,2025,8,99014,Total Arrearages,1298.93
Avista,2025,7,99013,Total Arrearages,26891.81
Avista,2025,9,99020,90 Days +,337.1
Avista,2025,6,99130,30 Days,1033.76
Avista,2025,2,99212,Total Arrearages,86667.73
Avista,2025,4,99122,90 Days +,12588.09
Avista,2025,4,99208,90 Days +,105213.44
Avista,2025,1,99201,90 Days +,30956.53
Avista,2025,5,99130,60 Days,1185.71
Avista,2025,4,99016,90 Days +,23014.22
Avista,2025,7,99205,Total Arrearages,272904.62
Avista,2025,4,99207,90 Days +,89149.16
Avista,2025,8,99011,Total Arrearages,0.0
Avista,2025,8,99027,60 Days,14341.83
Avista,2025,2,98620,90 Days +,594.79
Avista,2025,6,99016,Total Arrearages,102888.76
Avista,2025,2,99156,90 Days +,0.0
Avista,2025,7,98620,60 Days,10707.65
Avista,2025,5,99402,90 Days +,1032.33
Avista,2025,6,99163,60 Days,84455.16
Avista,2025,1,99185,30 Days,458.5
Avista,2025,7,99032,90 Days +,1821.11
Avista,2025,1,99122,Total Arrearages,6744.44
Avista,2025,9,99006,90 Days +,10337.24
Avista,2025,4,99203,Total Arrearages,66484.36
Avista,2025,9,99029,30 Days,301.59
Avista,2025,3,98648,30 Days,0.5
Avista,2025,7,99167,60 Days,7481.97
Avista,2025,3,99032,30 Days,428.08
Avista,2025,4,99403,Total Arrearages,124535.2
Avista,2025,6,99001,90 Days +,11225.96
Avista,2025,8,99130,Total Arrearages,6043.42
Avista,2025,7,99004,60 Days,5305.62
Avista,2025,6,99344,Total Arrearages,100729.65
Avista,2025,8,99137,90 Days +,2321.79
Avista,2025,5,99208,Total Arrearages,468789.55
Avista,2025,7,99151,Total Arrearages,2273.2
Avista,2025,1,99218,60 Days,8159.63
Avista,2025,4,99134,60 Days,2747.24
Avista,2025,1,99011,Total Arrearages,0.0
Avista,2025,3,99159,30 Days,332.2
Avista,2025,7,99137,90 Days +,2595.22
Avista,2025,3,99169,Total Arrearages,2982.65
Avista,2025,3,99212,Total Arrearages,128006.28
Avista,2025,4,99110,30 Days,1701.52
Avista,2025,4,99403,90 Days +,33832.91
Avista,2025,1,99103,30 Days,280.15
Avista,2025,5,98857,Total Arrearages,0.0
Avista,2025,2,99040,30 Days,1568.73
Avista,2025,7,99114,60 Days,36724.9
Avista,2025,6,99167,90 Days +,1753.11
Avista,2025,9,99117,90 Days +,481.15
Avista,2025,5,99403,30 Days,10867.95
Avista,2025,7,99169,30 Days,1034.17
Avista,2025,3,99037,60 Days,1012.65
Avista,2025,1,99036,90 Days +,0.0
Avista,2025,4,99201,30 Days,20423.5
Avista,2025,7,99006,90 Days +,8769.68
Avista,2025,8,99037,90 Days +,2657.15
Avista,2025,2,99029,Total Arrearages,7496.86
Avista,2025,5,99403,60 Days,63273.73
Avista,2025,1,99014,90 Days +,0.0
Avista,2025,2,99179,30 Days,610.72
Avista,2025,6,99218,90 Days +,23432.37
Avista,2025,3,99151,90 Days +,106.46
Avista,2025,8,99137,30 Days,352.87
Avista,2025,9,99402,90 Days +,282.73
Avista,2025,6,99003,30 Days,1205.81
Avista,2025,6,99128,90 Days +,0.0
Avista,2025,8,99033,90 Days +,12894.18
Avista,2025,9,99130,Total Arrearages,6467.6
Avista,2025,6,99011,90 Days +,0.0
Avista,2025,8,99403,30 Days,15439.77
Avista,2025,6,99134,30 Days,246.64
Avista,2025,8,99039,Total Arrearages,428.5
Avista,2025,5,99030,90 Days +,5421.55
Avista,2025,1,99141,60 Days,3111.67
Avista,2025,7,99016,90 Days +,18515.49
Avista,2025,7,99179,Total Arrearages,4490.42
Avista,2025,9,99117,Total Arrearages,1465.74
Avista,2025,4,99022,60 Days,6993.95
Avista,2025,8,99130,30 Days,1413.51
Avista,2025,6,99026,90 Days +,8271.58
Avista,2025,9,99223,60 Days,85682.27
Avista,2025,6,99025,Total Arrearages,15648.47
Avista,2025,7,99117,30 Days,278.0
Avista,2025,1,99031,30 Days,263.76
Avista,2025,7,99216,90 Days +,37136.66
Avista,2025,4,99003,Total Arrearages,10831.97
Avista,2025,5,99202,60 Days,113197.88
Avista,2025,8,99107,Total Arrearages,0.0
Avista,2025,7,99218,60 Days,43954.22
Avista,2025,5,99212,Total Arrearages,240165.52
Avista,2025,6,99001,60 Days,17366.8
Avista,2025,3,99014,30 Days,613.95
Avista,2025,5,99101,90 Days +,6922.39
Avista,2025,6,99149,60 Days,1600.74
Avista,2025,5,99141,30 Days,7296.3
Avista,2025,1,99012,Total Arrearages,2218.66
Avista,2025,7,99260,Total Arrearages,0.0
Avista,2025,3,99185,Total Arrearages,5981.2
Avista,2025,1,99402,30 Days,329.51
Avista,2025,7,99157,30 Days,1176.66
Avista,2025,7,99185,Total Arrearages,3324.72
Avista,2025,8,99216,60 Days,78518.85
Avista,2025,1,99026,30 Days,240.4
Avista,2025,8,99146,90 Days +,0.0
Avista,2025,6,99204,30 Days,6605.61
Avista,2025,4,99114,90 Days +,24752.45
Avista,2025,9,99025,30 Days,1412.73
Avista,2025,5,99208,60 Days,279580.05
Avista,2025,1,99018,Total Arrearages,1506.77
Avista,2025,8,99158,Total Arrearages,2520.6
Avista,2025,1,99203,Total Arrearages,19634.62
Avista,2025,9,99216,Total Arrearages,117198.41
Avista,2025,5,99031,30 Days,398.96
Avista,2025,8,99203,30 Days,4889.33
Avista,2025,1,99107,Total Arrearages,0.0
Avista,2025,1,99217,60 Days,19412.17
Avista,2025,4,99173,Total Arrearages,31480.05
Avista,2025,1,99335,90 Days +,0.0
Avista,2025,9,99157,60 Days,2878.33
Avista,2025,5,99341,Total Arrearages,17908.28
Avista,2025,6,99402,Total Arrearages,4938.51
Avista,2025,7,99224,60 Days,40015.32
Avista,2025,6,99110,60 Days,2182.05
Avista,2025,5,99217,90 Days +,41054.95
Avista,2025,1,99163,90 Days +,23046.05
Avista,2025,7,99030,30 Days,1001.67
Avista,2025,6,99157,30 Days,263.18
Avista,2025,7,99022,60 Days,7046.53
Avista,2025,7,98648,90 Days +,447.69
Avista,2025,9,99030,90 Days +,971.73
Avista,2025,6,99160,30 Days,0.17
Avista,2025,2,99039,Total Arrearages,671.29
Avista,2025,3,99126,Total Arrearages,4669.34
Avista,2025,7,99114,30 Days,9032.37
Avista,2025,4,99371,60 Days,1072.52
Avista,2025,9,99003,60 Days,2966.07
Avista,2025,5,99026,30 Days,425.15
Avista,2025,8,99114,60 Days,40304.24
Avista,2025,2,99161,60 Days,1296.04
Avista,2025,6,99031,30 Days,274.12
Avista,2025,9,99203,60 Days,30304.77
Avista,2025,3,99341,30 Days,1023.21
Avista,2025,1,99018,90 Days +,567.15
Avista,2025,1,99185,90 Days +,554.36
Avista,2025,7,99171,Total Arrearages,5323.84
Avista,2025,7,99027,90 Days +,11753.44
Avista,2025,3,99025,90 Days +,6286.02
Avista,2025,4,99158,Total Arrearages,4237.57
Avista,2025,8,99204,30 Days,4190.22
Avista,2025,7,99102,30 Days,251.19
Avista,2025,2,99206,90 Days +,37540.56
Avista,2025,7,99205,30 Days,39836.2
Avista,2025,7,99141,Total Arrearages,24216.77
Avista,2025,3,99185,30 Days,1360.09
Avista,2025,8,99161,90 Days +,3159.1
Avista,2025,5,99207,Total Arrearages,416183.72
Avista,2025,9,99185,30 Days,104.48
Avista,2025,2,99114,90 Days +,20758.95
Avista,2025,7,99019,90 Days +,10624.69
Avista,2025,2,99030,30 Days,461.88
Avista,2025,3,99206,Total Arrearages,96934.22
Avista,2025,7,99004,90 Days +,5597.98
Avista,2025,4,99208,60 Days,210417.18
Avista,2025,9,99036,Total Arrearages,0.0
Avista,2025,1,99202,30 Days,23913.76
Avista,2025,7,99160,90 Days +,14.95
Avista,2025,6,99011,Total Arrearages,0.0
Avista,2025,4,99008,Total Arrearages,11814.54
Avista,2025,8,99208,30 Days,51376.15
Avista,2025,7,99005,30 Days,1423.46
Avista,2025,5,99224,Total Arrearages,109391.65
Avista,2025,1,99170,90 Days +,1418.96
Avista,2025,8,99141,60 Days,12218.66
Avista,2025,3,99344,60 Days,6564.29
Avista,2025,3,99169,90 Days +,423.24
Avista,2025,4,99018,60 Days,664.59
Avista,2025,3,99144,Total Arrearages,0.0
Avista,2025,3,99171,60 Days,1093.45
Avista,2025,2,99102,60 Days,589.17
Avista,2025,8,99114,Total Arrearages,65341.6
Avista,2025,9,99013,60 Days,7349.86
Avista,2025,2,99021,30 Days,6777.96
Avista,2025,4,99029,60 Days,1695.52
Avista,2025,6,99012,90 Days +,4367.13
Avista,2025,8,99128,60 Days,159.33
Avista,2025,2,99004,60 Days,410.19
Avista,2025,6,99032,60 Days,2683.49
Avista,2025,2,99011,90 Days +,0.0
Avista,2025,1,99022,90 Days +,3882.81
Avista,2025,5,99326,90 Days +,233.08
Avista,2025,5,99109,30 Days,3720.17
Avista,2025,7,99171,30 Days,374.51
Avista,2025,4,99019,30 Days,8119.38
Avista,2025,6,99039,30 Days,283.33
Avista,2025,6,99122,Total Arrearages,19873.43
Avista,2025,4,99167,30 Days,1135.8
Avista,2025,9,99169,30 Days,1520.78
Avista,2025,4,99126,90 Days +,5130.55
Avista,2025,7,99212,Total Arrearages,167654.5
Avista,2025,2,99022,Total Arrearages,9778.64
Avista,2025,1,99001,30 Days,2599.22
Avista,2025,5,99201,30 Days,14074.87
Avista,2025,6,99031,60 Days,307.09
Avista,2025,3,99003,60 Days,406.57
Avista,2025,7,99219,Total Arrearages,0.0
Avista,2025,5,99029,60 Days,1610.45
Avista,2025,1,99006,30 Days,4185.65
Avista,2025,7,99109,60 Days,4123.46
Avista,2025,7,99029,30 Days,407.8
Avista,2025,7,99039,30 Days,86.72
Avista,2025,8,99129,Total Arrearages,5274.95
Avista,2025,1,99144,Total Arrearages,0.0
Avista,2025,7,99181,60 Days,3369.91
Avista,2025,6,99128,30 Days,315.7
Avista,2025,2,99131,90 Days +,150.57
Avista,2025,4,99005,Total Arrearages,15018.71
Avista,2025,3,99204,Total Arrearages,32784.26
Avista,2025,5,99134,90 Days +,5160.0
Avista,2025,6,99021,30 Days,4381.25
Avista,2025,3,99040,90 Days +,17243.36
Avista,2025,9,99033,90 Days +,9993.51
Avista,2025,8,99021,60 Days,17292.76
Avista,2025,2,99110,60 Days,88.34
Avista,2025,5,99122,30 Days,1915.67
Avista,2025,7,99027,30 Days,2966.33
Avista,2025,1,99008,90 Days +,1583.23
Avista,2025,7,99341,30 Days,852.77
Avista,2025,4,99129,30 Days,3823.96
Avista,2025,4,99341,60 Days,4213.48
Avista,2025,9,99138,Total Arrearages,18390.54
Avista,2025,6,99034,60 Days,426.0
Avista,2025,4,99019,90 Days +,6497.98
Avista,2025,7,99217,60 Days,78412.81
Avista,2025,4,99104,Total Arrearages,0.0
Avista,2025,5,99001,60 Days,32771.58
Avista,2025,3,99031,90 Days +,2075.17
Avista,2025,9,99027,90 Days +,7385.48
Avista,2025,2,99148,30 Days,2572.17
Avista,2025,4,99103,90 Days +,459.11
Avista,2025,6,99026,60 Days,789.26
Avista,2025,5,99148,60 Days,7127.05
Avista,2025,8,99126,Total Arrearages,5077.63
Avista,2025,1,99126,Total Arrearages,3702.26
Avista,2025,2,99005,60 Days,1177.83
Avista,2025,3,99204,30 Days,8710.88
Avista,2025,8,99341,60 Days,2337.08
Avista,2025,1,99185,Total Arrearages,1999.65
Avista,2025,5,99160,30 Days,307.07
Avista,2025,2,99020,Total Arrearages,0.0
Avista,2025,5,99171,Total Arrearages,6518.94
Avista,2025,8,99008,30 Days,633.29
Avista,2025,3,99004,60 Days,825.6
Avista,2025,5,99006,60 Days,19879.85
Avista,2025,3,99021,60 Days,6180.79
Avista,2025,1,99207,Total Arrearages,162411.78
Avista,2025,2,99033,30 Days,1923.9
Avista,2025,2,99141,30 Days,3788.84
Avista,2025,7,99217,30 Days,17745.98
Avista,2025,6,99012,30 Days,813.94
Avista,2025,7,99185,30 Days,732.51
Avista,2025,6,99160,60 Days,27.81
Avista,2025,6,99335,Total Arrearages,0.0
Avista,2025,4,99181,30 Days,4340.61
Avista,2025,3,99026,30 Days,197.82
Avista,2025,2,99224,30 Days,8315.73
Avista,2025,9,99160,30 Days,117.12
Avista,2025,2,99173,60 Days,3615.27
Avista,2025,9,99161,30 Days,929.19
Avista,2025,4,99138,Total Arrearages,24919.78
Avista,2025,5,99110,Total Arrearages,7560.65
Avista,2025,9,99111,Total Arrearages,26933.53
Avista,2025,6,99134,Total Arrearages,9061.96
Avista,2025,4,99206,90 Days +,53072.28
Avista,2025,1,99212,90 Days +,44595.47
Avista,2025,6,99201,60 Days,83726.15
Avista,2025,1,99174,Total Arrearages,169.54
Avista,2025,2,99207,60 Days,57120.89
Avista,2025,4,99220,Total Arrearages,0.0
Avista,2025,8,99201,90 Days +,35109.41
Avista,2025,1,99031,60 Days,2409.7
Avista,2025,7,99207,60 Days,158361.68
Avista,2025,2,99203,90 Days +,10789.7
Avista,2025,9,99128,60 Days,396.08
Avista,2025,1,99137,Total Arrearages,3957.15
Avista,2025,5,99207,90 Days +,105464.6
Avista,2025,2,99326,90 Days +,0.0
Avista,2025,8,99129,60 Days,1462.69
Avista,2025,8,99113,30 Days,252.65
Avista,2025,7,99203,60 Days,31714.08
Avista,2025,9,99163,60 Days,52892.04
Avista,2025,9,99006,60 Days,24649.83
Avista,2025,5,99223,60 Days,112507.59
Avista,2025,1,99016,30 Days,7721.36
Avista,2025,3,99029,Total Arrearages,7104.92
Avista,2025,6,99164,90 Days +,0.0
Avista,2025,6,99171,Total Arrearages,6742.64
Avista,2025,5,99169,90 Days +,14577.03
Avista,2025,7,99344,30 Days,6889.08
Avista,2025,7,99148,90 Days +,1341.91
Avista,2025,6,99134,90 Days +,3001.03
Avista,2025,7,99204,Total Arrearages,72913.35
Avista,2025,7,99202,60 Days,70360.57
Avista,2025,6,99126,60 Days,3234.72
Avista,2025,9,98620,90 Days +,1799.97
Avista,2025,9,99031,60 Days,904.1
Avista,2025,9,99141,30 Days,4882.9
Avista,2025,3,99122,60 Days,1159.1
Avista,2025,1,99203,30 Days,4970.72
Avista,2025,9,99144,Total Arrearages,0.0
Avista,2025,1,99104,90 Days +,0.0
Avista,2025,5,99117,60 Days,290.43
Avista,2025,9,99031,30 Days,595.93
Avista,2025,4,99128,90 Days +,1610.56
Avista,2025,5,99104,Total Arrearages,0.0
Avista,2025,5,99040,90 Days +,19205.58
Avista,2025,1,99027,90 Days +,10907.9
Avista,2025,6,99173,30 Days,2677.4
Avista,2025,4,99011,Total Arrearages,0.0
Avista,2025,9,99228,Total Arrearages,0.0
Avista,2025,5,99003,90 Days +,3068.03
Avista,2025,1,99220,Total Arrearages,0.0
Avista,2025,8,99208,60 Days,193033.54
Avista,2025,1,99005,60 Days,1489.65
Avista,2025,5,99109,60 Days,10094.58
Avista,2025,5,99201,90 Days +,59443.01
Avista,2025,7,99167,Total Arrearages,9498.84
Avista,2025,2,99130,90 Days +,0.0
Avista,2025,6,99021,60 Days,18389.19
Avista,2025,2,99005,90 Days +,5652.51
Avista,2025,7,99040,60 Days,4494.79
Avista,2025,3,99006,60 Days,6445.11
Avista,2025,3,99163,90 Days +,38326.0
Avista,2025,6,99144,90 Days +,0.0
Avista,2025,6,99216,Total Arrearages,159901.7
Avista,2025,7,99027,60 Days,23408.01
Avista,2025,8,99029,90 Days +,2634.63
Avista,2025,8,99014,90 Days +,910.57
Avista,2025,4,99143,Total Arrearages,4832.26
Avista,2025,4,99126,60 Days,3722.38
Avista,2025,2,99022,90 Days +,4690.33
Avista,2025,3,99031,Total Arrearages,4476.9
Avista,2025,9,99109,30 Days,4613.45
Avista,2025,1,99101,Total Arrearages,4906.59
Avista,2025,1,99033,60 Days,1693.69
Avista,2025,3,99344,90 Days +,7767.32
Avista,2025,2,99137,30 Days,502.63
Avista,2025,2,99173,30 Days,4521.33
Avista,2025,2,99033,60 Days,3293.27
Avista,2025,8,99016,60 Days,43801.43
Avista,2025,4,99027,30 Days,3080.62
Avista,2025,4,99161,60 Days,9013.64
Avista,2025,2,99008,Total Arrearages,1811.31
Avista,2025,2,99212,60 Days,24143.29
Avista,2025,5,99203,60 Days,39046.23
Avista,2025,4,98620,60 Days,5552.18
Avista,2025,4,99128,Total Arrearages,11101.49
Avista,2025,9,99032,90 Days +,807.53
Avista,2025,6,99205,60 Days,222230.41
Avista,2025,2,99204,Total Arrearages,22347.82
Avista,2025,3,99223,Total Arrearages,125131.58
Avista,2025,2,99016,60 Days,14019.03
Avista,2025,2,99034,Total Arrearages,1966.33
Avista,2025,4,99102,Total Arrearages,3932.05
Avista,2025,5,99137,90 Days +,2626.83
Avista,2025,4,99326,Total Arrearages,359.06
Avista,2025,8,99174,Total Arrearages,632.39
Avista,2025,3,99101,60 Days,2115.31
Avista,2025,4,99001,Total Arrearages,34410.77
Avista,2025,5,99158,90 Days +,3002.06
Avista,2025,8,99176,Total Arrearages,2391.22
Avista,2025,6,99107,Total Arrearages,0.0
Avista,2025,2,99341,90 Days +,3165.42
Avista,2025,9,99203,90 Days +,14800.61
Avista,2025,9,99212,Total Arrearages,173981.61
Avista,2025,8,99019,Total Arrearages,36934.65
Avista,2025,5,99212,90 Days +,64527.44
Avista,2025,6,99158,90 Days +,4122.06
Avista,2025,6,99032,90 Days +,1321.36
Avista,2025,1,99204,90 Days +,11006.8
Avista,2025,3,99117,30 Days,560.32
Avista,2025,5,99224,90 Days +,40467.23
Avista,2025,9,99128,Total Arrearages,1245.76
Avista,2025,1,99212,30 Days,23443.01
Avista,2025,9,99371,60 Days,637.07
Avista,2025,6,99159,Total Arrearages,6311.43
Avista,2025,9,99402,Total Arrearages,4166.25
Avista,2025,8,99013,90 Days +,17574.59
Avista,2025,9,99212,90 Days +,47480.73
Avista,2025,2,99218,60 Days,6346.13
Avista,2025,3,99003,90 Days +,2153.42
Avista,2025,7,99126,Total Arrearages,4551.47
Avista,2025,6,99114,60 Days,38400.89
Avista,2025,6,99205,Total Arrearages,364420.64
Avista,2025,2,99204,30 Days,3930.48
Avista,2025,4,99207,60 Days,248183.78
Avista,2025,5,99402,60 Days,3198.32
Avista,2025,7,99206,90 Days +,50734.75
Avista,2025,6,99170,90 Days +,1027.51
Avista,2025,7,99033,60 Days,1934.55
Avista,2025,5,99110,30 Days,700.36
Avista,2025,6,99129,90 Days +,4748.23
Avista,2025,1,99164,90 Days +,0.0
Avista,2025,4,99013,60 Days,7625.4
Avista,2025,3,99022,30 Days,3790.32
Avista,2025,5,99201,Total Arrearages,178543.31
Avista,2025,9,99167,Total Arrearages,3307.79
Avista,2025,6,99023,Total Arrearages,0.0
Avista,2025,4,99185,90 Days +,2782.17
Avista,2025,7,99008,Total Arrearages,3304.49
Avista,2025,2,99207,Total Arrearages,201667.83
Avista,2025,7,99149,90 Days +,1563.88
Avista,2025,4,99171,60 Days,1657.12
Avista,2025,7,99126,90 Days +,2067.36
Avista,2025,9,99170,Total Arrearages,4405.46
Avista,2025,5,99344,60 Days,53849.73
Avista,2025,7,99111,30 Days,870.39
Avista,2025,2,99344,30 Days,6876.93
Avista,2025,2,99169,90 Days +,2311.56
Avista,2025,3,99202,30 Days,29874.61
Avista,2025,3,99101,Total Arrearages,8525.08
Avista,2025,1,99203,90 Days +,9845.37
Avista,2025,2,99103,30 Days,412.66
Avista,2025,9,99134,90 Days +,2519.54
Avista,2025,7,99110,90 Days +,1023.3
Avista,2025,6,99202,60 Days,104810.1
Avista,2025,8,99173,Total Arrearages,27313.06
Avista,2025,9,99344,30 Days,9538.52
Avista,2025,9,99208,60 Days,187365.73
Avista,2025,2,99217,30 Days,20699.24
Avista,2025,2,99126,Total Arrearages,5174.09
Avista,2025,7,99159,30 Days,179.88
Avista,2025,9,99151,30 Days,373.95
Avista,2025,3,99103,90 Days +,317.89
Avista,2025,2,99216,30 Days,15818.07
Avista,2025,8,99185,Total Arrearages,4137.65
Avista,2025,1,99146,Total Arrearages,36.5
Avista,2025,2,99220,Total Arrearages,0.0
Avista,2025,8,99026,90 Days +,694.83
Avista,2025,2,99143,Total Arrearages,1169.38
Avista,2025,9,99018,60 Days,244.74
Avista,2025,9,99040,60 Days,4288.66
Avista,2025,5,99174,30 Days,446.31
Avista,2025,5,99027,Total Arrearages,45686.02
Avista,2025,1,99039,60 Days,814.62
Avista,2025,9,99027,Total Arrearages,32667.84
Avista,2025,2,99031,Total Arrearages,7489.81
Avista,2025,1,99103,Total Arrearages,912.18
Avista,2025,7,99021,60 Days,18405.11
Avista,2025,1,99167,Total Arrearages,1689.97
Avista,2025,2,99141,90 Days +,5344.74
Avista,2025,4,99113,90 Days +,1176.57
Avista,2025,8,99207,90 Days +,77052.28
Avista,2025,3,99021,30 Days,10163.73
Avista,2025,2,99158,Total Arrearages,1059.45
Avista,2025,6,99104,90 Days +,0.0
Avista,2025,5,99125,60 Days,1300.58
Avista,2025,2,99021,90 Days +,8266.24
Avista,2025,8,99111,Total Arrearages,31909.0
Avista,2025,9,99344,90 Days +,16283.79
Avista,2025,1,99158,30 Days,218.38
Avista,2025,8,99217,90 Days +,28586.29
Avista,2025,8,99026,Total Arrearages,2613.94
Avista,2025,7,99003,30 Days,641.23
Avista,2025,3,99203,90 Days +,17268.71
Avista,2025,2,99163,60 Days,12253.33
Avista,2025,4,99157,30 Days,1991.68
Avista,2025,7,99009,Total Arrearages,6373.25
Avista,2025,4,99016,30 Days,15201.87
Avista,2025,5,99157,90 Days +,1813.42
Avista,2025,6,99403,Total Arrearages,92599.66
Avista,2025,5,99022,Total Arrearages,27148.75
Avista,2025,6,99223,60 Days,104144.33
Avista,2025,7,99113,60 Days,297.81
Avista,2025,3,99208,90 Days +,92972.27
Avista,2025,3,99151,Total Arrearages,1004.42
Avista,2025,8,99009,90 Days +,1946.69
Avista,2025,7,99117,90 Days +,0.0
Avista,2025,4,99009,90 Days +,6638.6
Avista,2025,3,99203,Total Arrearages,39375.12
Avista,2025,4,99012,30 Days,2175.33
Avista,2025,9,99217,30 Days,21570.68
Avista,2025,7,99146,30 Days,243.36
Avista,2025,4,99205,Total Arrearages,396929.72
Avista,2025,2,99125,90 Days +,2161.94
Avista,2025,4,99344,30 Days,19598.81
Avista,2025,8,99148,90 Days +,1133.37
Avista,2025,2,99021,Total Arrearages,18590.58
Avista,2025,9,99013,Total Arrearages,30123.63
Avista,2025,1,99122,30 Days,2901.4
Avista,2025,3,99173,Total Arrearages,16125.16
Avista,2025,8,99022,90 Days +,6383.27
Avista,2025,1,99173,Total Arrearages,11274.81
Avista,2025,5,99016,30 Days,15906.75
Avista,2025,1,99206,Total Arrearages,64172.42
Avista,2025,6,99173,Total Arrearages,29339.51
Avista,2025,9,99206,Total Arrearages,163157.69
Avista,2025,2,99219,90 Days +,0.0
Avista,2025,5,99004,90 Days +,8892.73
Avista,2025,3,99204,60 Days,6576.91
Avista,2025,6,99201,Total Arrearages,151548.68
Avista,2025,9,99206,60 Days,92165.34
Avista,2025,3,99201,Total Arrearages,88865.02
Avista,2025,6,99208,60 Days,254436.58
Avista,2025,1,99159,Total Arrearages,2842.51
Avista,2025,1,99001,Total Arrearages,10557.34
Avista,2025,2,99130,30 Days,2122.04
Avista,2025,8,99033,60 Days,3270.29
Avista,2025,7,99111,60 Days,5969.32
Avista,2025,4,99016,60 Days,73644.17
Avista,2025,7,99170,60 Days,2729.23
Avista,2025,9,99335,Total Arrearages,0.0
Avista,2025,9,99006,30 Days,3573.1
Avista,2025,7,99141,90 Days +,7039.4
Avista,2025,9,99149,90 Days +,885.78
Avista,2025,6,99014,90 Days +,0.0
Avista,2025,7,99025,60 Days,6803.61
Avista,2025,4,99111,90 Days +,12618.01
Avista,2025,8,99179,30 Days,320.86
Avista,2025,6,99141,90 Days +,10818.91
Avista,2025,5,98648,Total Arrearages,1958.04
Avista,2025,8,99344,90 Days +,19898.14
Avista,2025,4,99130,60 Days,4338.63
Avista,2025,5,99012,60 Days,770.17
Avista,2025,3,99167,Total Arrearages,2351.14
Avista,2025,6,99161,30 Days,868.46
Avista,2025,2,99030,90 Days +,3521.97
Avista,2025,7,99335,Total Arrearages,0.0
Avista,2025,6,99103,Total Arrearages,2851.72
Avista,2025,3,99110,90 Days +,0.0
Avista,2025,5,99102,30 Days,1052.27
Avista,2025,1,99163,30 Days,12457.41
Avista,2025,9,99341,Total Arrearages,7207.11
Avista,2025,2,99212,30 Days,24068.9
Avista,2025,5,99157,30 Days,2270.05
Avista,2025,7,99029,90 Days +,3316.71
Avista,2025,5,99141,Total Arrearages,40571.67
Avista,2025,5,99032,60 Days,1360.34
Avista,2025,6,99204,Total Arrearages,84380.52
Avista,2025,7,99144,Total Arrearages,0.0
Avista,2025,2,99014,Total Arrearages,0.0
Avista,2025,9,99207,90 Days +,73568.17
Avista,2025,7,99202,Total Arrearages,128455.02
Avista,2025,1,99173,90 Days +,6139.41
Avista,2025,8,99218,90 Days +,22251.6
Avista,2025,8,99006,Total Arrearages,33944.72
Avista,2025,8,99169,30 Days,1627.3
Avista,2025,6,99037,30 Days,613.21
Avista,2025,3,99202,90 Days +,64406.75
Avista,2025,2,99113,30 Days,298.53
Avista,2025,1,99130,30 Days,1775.75
Avista,2025,1,99344,Total Arrearages,15784.32
Avista,2025,4,99110,90 Days +,2532.14
Avista,2025,8,99201,60 Days,80029.67
Avista,2025,8,99013,Total Arrearages,28086.13
Avista,2025,8,99181,30 Days,2433.78
Avista,2025,1,99134,30 Days,490.84
Avista,2025,3,99114,30 Days,10281.99
Avista,2025,7,99205,90 Days +,72039.47
Avista,2025,9,99185,90 Days +,1981.2
Avista,2025,3,99181,30 Days,1485.19
Avista,2025,8,99101,60 Days,4535.66
Avista,2025,5,99204,Total Arrearages,83922.26
Avista,2025,6,99224,Total Arrearages,86367.48
Avista,2025,6,99224,90 Days +,30939.52
Avista,2025,5,99039,Total Arrearages,777.97
Avista,2025,4,99020,Total Arrearages,498.13
Avista,2025,3,99217,90 Days +,43066.32
Avista,2025,7,99131,Total Arrearages,0.0
Avista,2025,5,99001,Total Arrearages,47141.69
Avista,2025,7,99030,60 Days,702.32
Avista,2025,9,99161,Total Arrearages,8602.01
Avista,2025,3,99034,Total Arrearages,1981.71
Avista,2025,6,99008,Total Arrearages,9673.29
Avista,2025,7,99138,90 Days +,5662.16
Avista,2025,1,99143,60 Days,190.06
Avista,2025,5,99326,Total Arrearages,1151.32
Avista,2025,8,99031,60 Days,1617.76
Avista,2025,4,99201,Total Arrearages,169590.86
Avista,2025,3,99185,60 Days,2346.06
Avista,2025,5,99161,90 Days +,4949.25
Avista,2025,2,99029,30 Days,783.06
Avista,2025,7,99173,90 Days +,15909.31
Avista,2025,7,99157,90 Days +,1536.25
Avista,2025,5,99138,Total Arrearages,25193.11
Avista,2025,1,99025,Total Arrearages,6566.41
Avista,2025,6,99130,90 Days +,4170.0
Avista,2025,4,99134,Total Arrearages,6302.02
Avista,2025,2,99103,60 Days,198.76
Avista,2025,2,99228,90 Days +,0.0
Avista,2025,5,99005,60 Days,9068.71
Avista,2025,6,99335,90 Days +,0.0
Avista,2025,1,99129,Total Arrearages,3823.45
Avista,2025,5,99146,90 Days +,0.0
Avista,2025,1,99403,30 Days,6496.98
Avista,2025,9,99159,30 Days,287.35
Avista,2025,2,99137,90 Days +,2350.47
Avista,2025,9,99022,60 Days,5984.14
Avista,2025,6,99138,Total Arrearages,20572.5
Avista,2025,9,99130,30 Days,797.28
Avista,2025,6,99179,60 Days,535.72
Avista,2025,7,99008,30 Days,137.13
Avista,2025,3,99203,30 Days,9968.6
Avista,2025,2,99117,Total Arrearages,866.77
Avista,2025,5,99019,90 Days +,9116.74
Avista,2025,3,99126,60 Days,3095.68
Avista,2025,2,99013,60 Days,2899.06
Avista,2025,3,99023,90 Days +,348.87
Avista,2025,9,99181,60 Days,4950.09
Avista,2025,3,99220,Total Arrearages,0.0
Avista,2025,8,99128,30 Days,1.77
Avista,2025,7,99138,30 Days,2808.46
Avista,2025,3,99137,Total Arrearages,4783.04
Avista,2025,7,99224,90 Days +,25132.26
Avista,2025,2,99335,Total Arrearages,0.0
Avista,2025,3,99114,60 Days,10223.06
Avista,2025,3,99143,60 Days,235.3
Avista,2025,6,99122,90 Days +,7093.15
Avista,2025,3,99125,60 Days,543.77
Avista,2025,6,99158,30 Days,456.41
Avista,2025,4,99114,60 Days,35145.08
Avista,2025,1,99205,Total Arrearages,163018.08
Avista,2025,8,98648,60 Days,700.46
Avista,2025,4,99122,30 Days,2198.37
Avista,2025,5,99206,60 Days,146081.09
Avista,2025,1,99114,60 Days,8422.35
Avista,2025,6,99148,30 Days,1718.09
Avista,2025,9,99217,60 Days,74359.83
Avista,2025,5,99218,60 Days,81285.93
Avista,2025,5,99113,30 Days,214.98
Avista,2025,5,99149,30 Days,896.02
Avista,2025,1,99149,Total Arrearages,2714.26
Avista,2025,2,99204,90 Days +,13533.09
Avista,2025,7,99009,30 Days,950.08
Avista,2025,2,99034,30 Days,805.51
Avista,2025,8,99022,30 Days,3320.85
Avista,2025,8,99208,Total Arrearages,342992.7
Avista,2025,8,99161,30 Days,919.69
Avista,2025,3,98648,Total Arrearages,136.78
Avista,2025,4,99149,Total Arrearages,3403.62
Avista,2025,8,99185,60 Days,3082.55
Avista,2025,7,99109,Total Arrearages,19434.44
Avista,2025,6,99020,Total Arrearages,810.01
Avista,2025,8,98620,90 Days +,1772.23
Avista,2025,3,99006,Total Arrearages,19511.94
Avista,2025,3,99012,Total Arrearages,7991.82
Avista,2025,6,99185,90 Days +,4856.54
Avista,2025,8,99032,Total Arrearages,2589.98
Avista,2025,1,99039,90 Days +,653.19
Avista,2025,3,99174,90 Days +,0.0
Avista,2025,8,99212,90 Days +,47465.87
Avista,2025,7,99128,Total Arrearages,1271.2
Avista,2025,7,99204,30 Days,7186.27
Avista,2025,8,99128,90 Days +,1767.78
Avista,2025,3,99129,60 Days,1117.45
Avista,2025,8,99031,Total Arrearages,3741.08
Avista,2025,3,98620,30 Days,184.05
Avista,2025,2,99032,Total Arrearages,5348.06
Avista,2025,2,99128,90 Days +,709.23
Avista,2025,2,99003,60 Days,1586.14
Avista,2025,1,99149,60 Days,491.92
Avista,2025,5,99169,60 Days,3795.14
Avista,2025,5,99014,90 Days +,385.56
Avista,2025,3,99111,60 Days,1804.12
Avista,2025,7,99341,Total Arrearages,4519.15
Avista,2025,3,99159,60 Days,125.1
Avista,2025,3,99159,90 Days +,4527.16
Avista,2025,8,99170,Total Arrearages,6898.65
Avista,2025,5,99371,90 Days +,1336.24
Avista,2025,3,99205,90 Days +,105566.17
Avista,2025,5,99128,90 Days +,0.0
Avista,2025,7,99163,30 Days,10739.46
Avista,2025,9,99103,30 Days,74.98
Avista,2025,9,99004,60 Days,4557.35
Avista,2025,2,99130,60 Days,931.94
Avista,2025,1,99224,30 Days,7792.56
Avista,2025,3,99032,60 Days,318.34
Avista,2025,6,99159,30 Days,780.17
Avista,2025,2,99206,60 Days,21632.17
Avista,2025,3,99148,Total Arrearages,8842.36
Avista,2025,1,99001,90 Days +,6945.2
Avista,2025,5,99173,30 Days,2561.1
Avista,2025,1,99110,30 Days,542.29
Avista,2025,6,99159,60 Days,4129.95
Avista,2025,5,99202,Total Arrearages,185560.36
Avista,2025,4,99013,Total Arrearages,55303.21
Avista,2025,4,99102,30 Days,792.36
Avista,2025,6,99223,90 Days +,76465.34
Avista,2025,4,99020,30 Days,13.78
Avista,2025,3,99169,60 Days,1445.85
Avista,2025,5,99032,30 Days,1060.16
Avista,2025,6,99103,90 Days +,1282.8
Avista,2025,3,99113,Total Arrearages,1130.59
Avista,2025,6,99217,Total Arrearages,158434.66
Avista,2025,1,99111,90 Days +,9037.79
Avista,2025,8,99012,Total Arrearages,2272.15
Avista,2025,5,99216,Total Arrearages,186281.5
Avista,2025,6,99146,60 Days,186.88
Avista,2025,4,99179,90 Days +,2556.74
Avista,2025,6,99027,30 Days,4617.06
Avista,2025,5,99040,30 Days,2149.38
Avista,2025,8,99157,90 Days +,1640.32
Avista,2025,1,99130,Total Arrearages,2244.07
Avista,2025,8,99161,Total Arrearages,6739.03
Avista,2025,5,99001,90 Days +,10460.53
Avista,2025,6,98620,60 Days,5476.88
Avista,2025,7,99122,30 Days,1647.77
Avista,2025,2,99371,60 Days,924.14
Avista,2025,1,99129,60 Days,809.06
Avista,2025,7,99207,Total Arrearages,276991.72
Avista,2025,2,99129,60 Days,1638.78
Avista,2025,5,99163,90 Days +,54351.27
Avista,2025,9,99149,60 Days,668.98
Avista,2025,2,99169,30 Days,880.33
Avista,2025,3,99104,90 Days +,0.0
Avista,2025,3,99030,90 Days +,3070.59
Avista,2025,4,99134,90 Days +,2489.44
Avista,2025,4,99326,30 Days,93.16
Avista,2025,7,99026,30 Days,476.86
Avista,2025,9,99018,Total Arrearages,501.95
Avista,2025,3,99012,90 Days +,5283.39
Avista,2025,8,99179,Total Arrearages,4613.47
Avista,2025,7,99326,90 Days +,273.29
Avista,2025,4,99167,Total Arrearages,4115.34
Avista,2025,7,99181,30 Days,1739.06
Avista,2025,3,99040,Total Arrearages,20998.38
Avista,2025,8,99138,Total Arrearages,15999.61
Avista,2025,6,99122,30 Days,697.78
Avista,2025,2,99109,60 Days,918.76
Avista,2025,3,99111,Total Arrearages,17330.07
Avista,2025,7,99176,90 Days +,1599.5
Avista,2025,6,99130,60 Days,629.29
Avista,2025,5,99371,30 Days,528.97
Avista,2025,5,99149,60 Days,333.76
Avista,2025,1,99181,60 Days,844.31
Avista,2025,3,99039,90 Days +,186.66
Avista,2025,4,99027,60 Days,20316.72
Avista,2025,4,99039,30 Days,422.13
Avista,2025,8,99159,90 Days +,1513.94
Avista,2025,2,99009,60 Days,1502.93
Avista,2025,6,98620,Total Arrearages,8111.57
Avista,2025,5,99129,60 Days,5707.4
Avista,2025,4,99033,30 Days,663.92
Avista,2025,8,99146,Total Arrearages,738.37
Avista,2025,9,99113,90 Days +,0.0
Avista,2025,1,99126,30 Days,1211.97
Avista,2025,6,99012,Total Arrearages,7416.91
Avista,2025,7,99012,60 Days,1054.68
Avista,2025,3,99029,90 Days +,6273.83
Avista,2025,9,99137,60 Days,854.33
Avista,2025,2,99006,Total Arrearages,12901.58
Avista,2025,3,99109,90 Days +,9831.42
Avista,2025,5,99218,90 Days +,31143.35
Avista,2025,4,99228,Total Arrearages,0.0
Avista,2025,1,99008,30 Days,96.15
Avista,2025,3,98620,90 Days +,98.44
Avista,2025,4,99018,Total Arrearages,2458.65
Avista,2025,2,99201,30 Days,12092.72
Avista,2025,5,99185,60 Days,5404.71
Avista,2025,5,99146,60 Days,665.73
Avista,2025,8,99158,60 Days,367.59
Avista,2025,8,99207,60 Days,211595.4
Avista,2025,7,99218,30 Days,9716.43
Avista,2025,7,99160,Total Arrearages,142.64
Avista,2025,9,99167,90 Days +,1506.46
Avista,2025,7,99158,Total Arrearages,3126.23
Avista,2025,8,99402,Total Arrearages,5171.22
Avista,2025,6,98648,Total Arrearages,2094.5
Avista,2025,1,99102,30 Days,650.29
Avista,2025,8,99202,Total Arrearages,164162.45
Avista,2025,3,99157,30 Days,1254.46
Avista,2025,9,99026,60 Days,6753.92
Avista,2025,7,99117,60 Days,548.94
Avista,2025,9,99218,Total Arrearages,85948.61
Avista,2025,4,99130,30 Days,740.43
Avista,2025,4,99126,Total Arrearages,10042.8
Avista,2025,3,99107,90 Days +,0.0
Avista,2025,3,99228,Total Arrearages,0.0
Avista,2025,5,99023,Total Arrearages,0.0
Avista,2025,1,99009,Total Arrearages,5972.95
Avista,2025,4,99202,30 Days,36371.76
Avista,2025,9,99110,30 Days,109.05
Avista,2025,7,99001,Total Arrearages,37380.69
Avista,2025,6,99170,30 Days,819.42
Avista,2025,3,99202,Total Arrearages,125381.74
Avista,2025,5,99113,Total Arrearages,1755.52
Avista,2025,3,99005,90 Days +,4785.66
Avista,2025,6,99005,30 Days,2665.49
Avista,2025,9,99326,60 Days,97.38
Avista,2025,7,99013,90 Days +,17328.18
Avista,2025,9,99016,30 Days,14535.76
Avista,2025,5,99203,90 Days +,19556.04
Avista,2025,9,99216,30 Days,17966.81
Avista,2025,7,99148,Total Arrearages,7208.41
Avista,2025,3,99101,30 Days,2668.82
Avista,2025,1,99181,30 Days,1467.97
Avista,2025,6,99158,Total Arrearages,5659.64
Avista,2025,9,99371,90 Days +,13.42
Avista,2025,3,99031,60 Days,1861.95
Avista,2025,1,99006,60 Days,3403.19
Avista,2025,1,99125,Total Arrearages,2077.44
Avista,2025,3,99208,Total Arrearages,185714.98
Avista,2025,5,99011,Total Arrearages,0.0
Avista,2025,5,99344,Total Arrearages,95434.07
Avista,2025,8,99001,30 Days,3907.23
Avista,2025,6,99030,90 Days +,6239.36
Avista,2025,5,99149,90 Days +,3366.59
Avista,2025,6,99217,90 Days +,41422.01
Avista,2025,4,99130,90 Days +,2347.54
Avista,2025,2,99203,30 Days,10647.23
Avista,2025,7,99223,60 Days,82928.74
Avista,2025,6,99033,90 Days +,17627.26
Avista,2025,2,99160,90 Days +,0.0
Avista,2025,5,99203,Total Arrearages,71556.88
Avista,2025,9,99159,60 Days,2567.16
Avista,2025,5,99203,30 Days,12954.61
Avista,2025,7,99128,90 Days +,581.75
Avista,2025,4,99203,30 Days,15197.5
Avista,2025,3,99201,90 Days +,44601.08
Avista,2025,6,99371,60 Days,1580.47
Avista,2025,1,99003,30 Days,1018.55
Avista,2025,3,99033,90 Days +,7391.81
Avista,2025,4,99020,60 Days,473.79
Avista,2025,7,99326,30 Days,26.9
Avista,2025,2,99034,90 Days +,618.43
Avista,2025,1,99174,30 Days,169.54
Avista,2025,1,99143,Total Arrearages,845.08
Avista,2025,8,99101,30 Days,1248.44
Avista,2025,7,99176,30 Days,127.88
Avista,2025,4,99040,90 Days +,18334.66
Avista,2025,1,99019,60 Days,2508.96
Avista,2025,2,99102,30 Days,1538.32
Avista,2025,8,99134,90 Days +,2376.17
Avista,2025,7,99218,Total Arrearages,78634.71
Avista,2025,6,99006,Total Arrearages,35897.39
Avista,2025,3,99223,90 Days +,69010.65
Avista,2025,6,99212,90 Days +,66297.11
Avista,2025,8,99148,Total Arrearages,11999.72
Avista,2025,2,99371,Total Arrearages,924.14
Avista,2025,9,99158,60 Days,649.04
Avista,2025,7,99102,90 Days +,1734.36
Avista,2025,1,99004,60 Days,168.41
Avista,2025,7,99170,Total Arrearages,5811.87
Avista,2025,6,99201,30 Days,11979.96
Avista,2025,5,99128,Total Arrearages,862.94
Avista,2025,6,99179,90 Days +,3977.43
Avista,2025,2,99019,60 Days,1298.6
Avista,2025,2,99169,60 Days,297.43
Avista,2025,6,99107,90 Days +,0.0
Avista,2025,6,99021,Total Arrearages,28843.58
Avista,2025,4,99034,60 Days,751.24
Avista,2025,6,99402,30 Days,361.27
Avista,2025,5,99137,30 Days,795.0
Avista,2025,8,99160,60 Days,103.8
Avista,2025,7,99208,60 Days,191127.5
Avista,2025,3,99027,30 Days,6743.33
Avista,2025,6,99260,90 Days +,0.0
Avista,2025,6,99164,Total Arrearages,0.0
Avista,2025,8,99029,30 Days,944.66
Avista,2025,6,99040,60 Days,9791.45
Avista,2025,4,99176,Total Arrearages,1164.13
Avista,2025,4,99217,30 Days,28296.27
Avista,2025,4,99171,30 Days,119.21
Avista,2025,9,99173,60 Days,5606.84
Avista,2025,4,99146,Total Arrearages,570.12
Avista,2025,5,98648,90 Days +,612.42
Avista,2025,3,99013,90 Days +,25749.13
Avista,2025,6,98857,Total Arrearages,0.0
Avista,2025,6,99125,90 Days +,3346.48
Avista,2025,6,99176,90 Days +,1520.15
Avista,2025,6,99113,Total Arrearages,1765.33
Avista,2025,6,99030,Total Arrearages,7995.91
Avista,2025,7,99008,60 Days,645.88
Avista,2025,9,99167,60 Days,1586.85
Avista,2025,2,99217,60 Days,21604.55
Avista,2025,8,99034,Total Arrearages,727.66
Avista,2025,8,99104,Total Arrearages,0.0
Avista,2025,7,99403,Total Arrearages,72176.7
Avista,2025,9,99202,60 Days,90663.42
Avista,2025,2,99036,Total Arrearages,0.0
Avista,2025,1,99040,30 Days,979.4
Avista,2025,1,99171,30 Days,1100.93
Avista,2025,8,99179,90 Days +,3295.58
Avista,2025,4,99169,Total Arrearages,20975.02
Avista,2025,9,99143,60 Days,1489.77
Avista,2025,4,99130,Total Arrearages,7426.6
Avista,2025,5,99206,90 Days +,63843.42
Avista,2025,7,99030,90 Days +,1559.9
Avista,2025,2,99185,Total Arrearages,3470.65
Avista,2025,4,99170,60 Days,2932.17
Avista,2025,7,99143,30 Days,277.43
Avista,2025,4,99223,60 Days,144464.03
Avista,2025,2,99202,30 Days,18068.23
Avista,2025,3,99126,90 Days +,718.67
Avista,2025,5,99025,60 Days,6912.09
Avista,2025,6,99341,30 Days,141.06
Avista,2025,3,99019,Total Arrearages,13275.54
Avista,2025,5,99204,60 Days,42669.0
Avista,2025,2,99216,90 Days +,31850.11
Avista,2025,8,99212,Total Arrearages,175441.0
Avista,2025,5,99148,90 Days +,1858.58
Avista,2025,7,99173,Total Arrearages,22397.56
Avista,2025,4,99122,Total Arrearages,24177.74
Avista,2025,3,99111,90 Days +,13083.31
Avista,2025,9,99003,Total Arrearages,6942.73
Avista,2025,5,99170,90 Days +,2512.41
Avista,2025,9,99128,30 Days,164.76
Avista,2025,2,99206,Total Arrearages,81701.72
Avista,2025,9,99181,Total Arrearages,9000.51
Avista,2025,6,99113,90 Days +,1262.76
Avista,2025,4,99174,30 Days,101.89
Avista,2025,4,99260,Total Arrearages,0.0
Avista,2025,9,99012,Total Arrearages,3351.31
Avista,2025,4,99170,30 Days,762.69
Avista,2025,4,99185,Total Arrearages,6367.79
Avista,2025,7,99164,Total Arrearages,0.0
Avista,2025,3,99134,90 Days +,1995.18
Avista,2025,4,99403,30 Days,15201.69
Avista,2025,9,99111,30 Days,895.61
Avista,2025,8,99122,90 Days +,4535.02
Avista,2025,3,99033,Total Arrearages,13436.95
Avista,2025,3,99109,Total Arrearages,16530.93
Avista,2025,7,99159,60 Days,3199.19
Avista,2025,9,99019,60 Days,18808.83
Avista,2025,3,99020,90 Days +,0.0
Avista,2025,1,99029,30 Days,999.28
Avista,2025,6,99113,60 Days,78.93
Avista,2025,6,99101,90 Days +,6509.58
Avista,2025,1,99151,60 Days,488.47
Avista,2025,9,99218,90 Days +,23473.28
Avista,2025,8,99161,60 Days,2660.24
Avista,2025,4,99008,60 Days,1350.57
Avista,2025,2,99403,60 Days,9764.46
Avista,2025,3,99103,60 Days,736.9
Avista,2025,4,99019,60 Days,18128.48
Avista,2025,8,99126,60 Days,2313.94
Avista,2025,2,99001,30 Days,3717.04
Avista,2025,6,99109,Total Arrearages,26774.41
Avista,2025,1,99030,30 Days,305.22
Avista,2025,2,99171,Total Arrearages,6716.77
Avista,2025,2,99146,90 Days +,0.0
Avista,2025,8,99134,60 Days,971.89
Avista,2025,2,99208,60 Days,34918.15
Avista,2025,3,99117,90 Days +,0.0
Avista,2025,8,99174,90 Days +,108.37
Avista,2025,2,99125,30 Days,131.35
Avista,2025,5,99101,30 Days,1547.68
Avista,2025,2,98620,Total Arrearages,699.89
Avista,2025,3,99149,Total Arrearages,2929.41
Avista,2025,5,99037,90 Days +,4040.94
Avista,2025,4,99206,30 Days,31140.62
Avista,2025,9,99032,60 Days,1384.85
Avista,2025,1,99012,90 Days +,1560.39
Avista,2025,5,99027,30 Days,7369.22
Avista,2025,7,99137,60 Days,1837.76
Avista,2025,5,99027,60 Days,21877.79
Avista,2025,5,99151,Total Arrearages,1241.42
Avista,2025,8,99157,Total Arrearages,4807.61
Avista,2025,3,99143,30 Days,673.35
Avista,2025,4,99170,90 Days +,1357.74
Avista,2025,7,99129,30 Days,649.77
Avista,2025,2,99102,Total Arrearages,4600.08
Avista,2025,4,99129,Total Arrearages,15643.59
Avista,2025,7,98648,60 Days,722.03
Avista,2025,7,99157,Total Arrearages,5561.26
Avista,2025,4,99128,60 Days,9490.93
Avista,2025,3,99129,Total Arrearages,8381.77
Avista,2025,9,99151,Total Arrearages,1803.03
Avista,2025,8,99001,90 Days +,7902.42
Avista,2025,2,99137,60 Days,43.05
Avista,2025,2,99159,30 Days,157.2
Avista,2025,6,99216,30 Days,14040.84
Avista,2025,8,99402,60 Days,2668.81
Avista,2025,4,99005,60 Days,8041.11
Avista,2025,5,99037,60 Days,17776.44
Avista,2025,9,99218,60 Days,48617.06
Avista,2025,9,99026,Total Arrearages,8013.43
Avista,2025,5,99176,Total Arrearages,2051.44
Avista,2025,9,99011,Total Arrearages,0.0
Avista,2025,1,99012,30 Days,567.69
Avista,2025,6,99009,30 Days,1909.11
Avista,2025,2,99219,Total Arrearages,0.0
Avista,2025,7,99107,Total Arrearages,0.0
Avista,2025,7,99122,60 Days,4119.76
Avista,2025,6,99013,60 Days,9311.04
Avista,2025,5,99403,Total Arrearages,102776.22
Avista,2025,2,99039,60 Days,96.97
Avista,2025,3,99208,60 Days,47262.8
Avista,2025,8,99163,Total Arrearages,119398.94
Avista,2025,3,99016,60 Days,9018.79
Avista,2025,6,99163,90 Days +,62108.7
Avista,2025,1,99344,90 Days +,6562.89
Avista,2025,2,99102,90 Days +,2472.59
Avista,2025,1,98648,90 Days +,120.76
Avista,2025,4,99148,90 Days +,1596.93
Avista,2025,8,99341,Total Arrearages,5604.2
Avista,2025,7,99110,30 Days,526.28
Avista,2025,8,99013,60 Days,7781.55
Avista,2025,3,99034,90 Days +,1582.22
Avista,2025,4,99158,90 Days +,1452.0
Avista,2025,9,99030,30 Days,455.57
Avista,2025,2,99114,Total Arrearages,39999.5
Avista,2025,8,99159,30 Days,485.93
Avista,2025,6,99109,90 Days +,15286.02
Avista,2025,5,98648,60 Days,1193.3
Avista,2025,4,99179,30 Days,670.18
Avista,2025,4,99224,90 Days +,31322.68
Avista,2025,6,99022,30 Days,2289.04
Avista,2025,8,99160,30 Days,167.26
Avista,2025,2,99223,Total Arrearages,85821.28
Avista,2025,3,99009,60 Days,2570.45
Avista,2025,5,99141,90 Days +,10965.56
Avista,2025,2,99032,90 Days +,4778.07
Avista,2025,4,99217,Total Arrearages,162831.92
Avista,2025,9,99170,90 Days +,2846.37
Avista,2025,3,99130,30 Days,1964.19
Avista,2025,6,99403,90 Days +,25123.11
Avista,2025,2,99016,90 Days +,9593.24
Avista,2025,9,99224,30 Days,8245.56
Avista,2025,2,99032,30 Days,389.89
Avista,2025,8,99117,Total Arrearages,1544.25
Avista,2025,9,99402,60 Days,3263.26
Avista,2025,9,99402,30 Days,620.26
Avista,2025,5,99148,Total Arrearages,12013.23
Avista,2025,2,99171,30 Days,397.81
Avista,2025,4,99344,60 Days,60903.92
Avista,2025,8,98648,90 Days +,475.3
Avista,2025,6,99130,Total Arrearages,5833.05
Avista,2025,5,99005,Total Arrearages,14102.6
Avista,2025,8,99027,Total Arrearages,30116.54
Avista,2025,6,98648,60 Days,1622.91
Avista,2025,2,99109,30 Days,1429.7
Avista,2025,9,99109,90 Days +,9727.03
Avista,2025,2,99170,30 Days,352.97
Avista,2025,3,99130,90 Days +,1140.61
Avista,2025,3,99204,90 Days +,17496.47
Avista,2025,2,99001,90 Days +,4907.46
Avista,2025,4,99163,30 Days,16399.31
Avista,2025,5,99013,30 Days,2214.71
Avista,2025,7,99167,90 Days +,1789.85
Avista,2025,4,99001,60 Days,20314.72
Avista,2025,2,99260,90 Days +,0.0
Avista,2025,8,99217,60 Days,87192.12
Avista,2025,3,99146,90 Days +,0.0
Avista,2025,1,99167,90 Days +,861.13
Avista,2025,9,99101,60 Days,4328.65
Avista,2025,3,99341,60 Days,1004.26
Avista,2025,4,99013,90 Days +,44018.34
Avista,2025,6,99018,30 Days,18.61
Avista,2025,2,99160,30 Days,22.46
Avista,2025,5,99129,90 Days +,4775.84
Avista,2025,8,99102,30 Days,552.69
Avista,2025,4,99205,60 Days,215799.68
Avista,2025,5,99019,Total Arrearages,38242.15
Avista,2025,6,99131,60 Days,319.86
Avista,2025,6,99185,60 Days,1410.64
Avista,2025,2,99205,30 Days,39912.43
Avista,2025,1,99144,90 Days +,0.0
Avista,2025,6,99102,30 Days,299.62
Avista,2025,2,99130,Total Arrearages,3053.98
Avista,2025,1,99157,90 Days +,990.17
Avista,2025,5,99161,30 Days,1195.06
Avista,2025,8,99146,60 Days,738.37
Avista,2025,8,99212,30 Days,26061.32
Avista,2025,1,99033,Total Arrearages,6830.91
Avista,2025,8,99008,90 Days +,3336.92
Avista,2025,6,99326,90 Days +,351.15
Avista,2025,8,99202,60 Days,105327.1
Avista,2025,8,99109,30 Days,2018.82
Avista,2025,9,99004,90 Days +,2010.41
Avista,2025,8,99223,Total Arrearages,156340.77
Avista,2025,6,99156,Total Arrearages,0.0
Avista,2025,8,99176,60 Days,651.1
Avista,2025,5,99122,90 Days +,12144.51
Avista,2025,5,99117,30 Days,170.01
Avista,2025,9,99137,30 Days,203.41
Avista,2025,6,99126,Total Arrearages,10827.2
Avista,2025,5,99003,Total Arrearages,8948.37
Avista,2025,8,99004,90 Days +,5578.42
Avista,2025,8,99022,60 Days,9227.69
Avista,2025,8,99138,90 Days +,7707.46
Avista,2025,6,99101,30 Days,1855.81
Avista,2025,6,99204,60 Days,55794.06
Avista,2025,8,99173,60 Days,5275.65
Avista,2025,3,99173,30 Days,4559.93
Avista,2025,1,99212,60 Days,20406.16
Avista,2025,5,99174,Total Arrearages,868.81
Avista,2025,8,99012,30 Days,458.88
Avista,2025,1,99021,Total Arrearages,13844.05
Avista,2025,4,99022,30 Days,5434.38
Avista,2025,9,99217,Total Arrearages,135478.16
Avista,2025,8,99143,90 Days +,4286.3
Avista,2025,5,99110,90 Days +,2928.64
Avista,2025,3,99212,60 Days,27076.59
Avista,2025,1,99212,Total Arrearages,88444.64
Avista,2025,3,99141,30 Days,4905.9
Avista,2025,2,99009,30 Days,1753.9
Avista,2025,5,99111,60 Days,7917.14
Avista,2025,6,99146,Total Arrearages,186.88
Avista,2025,3,99107,Total Arrearages,0.0
Avista,2025,9,99122,Total Arrearages,13728.91
Avista,2025,5,99025,30 Days,1166.61
Avista,2025,2,99201,90 Days +,28482.42
Avista,2025,8,99001,Total Arrearages,27350.62
Avista,2025,3,99146,30 Days,515.05
Avista,2025,3,99040,60 Days,2069.33
Avista,2025,5,98648,30 Days,152.32
Avista,2025,7,99138,60 Days,5466.55
Avista,2025,1,99125,90 Days +,1034.74
Avista,2025,3,99218,30 Days,12164.96
Avista,2025,7,99202,90 Days +,45307.67
Avista,2025,7,99102,Total Arrearages,3040.17
Avista,2025,1,99037,90 Days +,1637.51
Avista,2025,1,99109,Total Arrearages,9621.11
Avista,2025,1,99208,30 Days,44159.03
Avista,2025,9,99403,60 Days,59054.06
Avista,2025,9,99021,Total Arrearages,22998.38
Avista,2025,4,99216,Total Arrearages,187109.92
Avista,2025,4,99185,60 Days,2035.83
Avista,2025,7,99402,90 Days +,1725.99
Avista,2025,2,99167,30 Days,93.43
Avista,2025,9,99008,90 Days +,3232.41
Avista,2025,1,99019,90 Days +,5325.9
Avista,2025,9,99114,Total Arrearages,57997.55
Avista,2025,9,99202,Total Arrearages,145181.19
Avista,2025,9,99109,60 Days,14721.11
Avista,2025,9,99173,30 Days,896.24
Avista,2025,6,99025,90 Days +,9208.87
Avista,2025,3,99102,30 Days,1019.23
Avista,2025,8,99125,60 Days,1133.68
Avista,2025,4,99117,90 Days +,1760.99
Avista,2025,5,99170,30 Days,959.44
Avista,2025,5,99171,60 Days,1788.95
Avista,2025,1,99164,Total Arrearages,0.0
Avista,2025,5,99020,90 Days +,176.44
Avista,2025,3,99036,90 Days +,0.0
Avista,2025,3,99219,Total Arrearages,0.0
Avista,2025,1,99032,30 Days,352.26
Avista,2025,6,99020,90 Days +,348.85
Avista,2025,6,99208,30 Days,44003.87
Avista,2025,3,99218,60 Days,9392.85
Avista,2025,9,99101,Total Arrearages,9210.6
Avista,2025,3,99138,30 Days,3581.82
Avista,2025,3,99117,Total Arrearages,896.75
Avista,2025,1,99025,90 Days +,3931.26
Avista,2025,7,99020,90 Days +,312.2
Avista,2025,7,99102,60 Days,1054.62
Avista,2025,7,99126,60 Days,1143.27
Avista,2025,2,99228,Total Arrearages,0.0
Avista,2025,9,99029,Total Arrearages,4842.65
Avista,2025,1,99217,90 Days +,31953.5
Avista,2025,6,99040,Total Arrearages,33794.8
Avista,2025,7,99217,90 Days +,40659.52
Avista,2025,8,99122,Total Arrearages,11748.12
Avista,2025,1,99161,Total Arrearages,3138.0
Avista,2025,1,99022,30 Days,2359.6
Avista,2025,9,99371,30 Days,709.13
Avista,2025,6,99037,60 Days,16236.21
Avista,2025,9,99019,90 Days +,9820.49
Avista,2025,2,99103,90 Days +,0.0
Avista,2025,4,99103,60 Days,1623.12
Avista,2025,5,99202,30 Days,21519.07
Avista,2025,4,99009,Total Arrearages,25529.54
Avista,2025,4,99032,60 Days,3829.54
Avista,2025,8,99206,Total Arrearages,170732.38
Avista,2025,6,99206,60 Days,130903.19
Avista,2025,1,99011,90 Days +,0.0
Avista,2025,5,99138,30 Days,3657.68
Avista,2025,8,98648,30 Days,20.67
Avista,2025,4,99167,90 Days +,723.22
Avista,2025,8,99223,60 Days,85949.26
Avista,2025,2,99026,Total Arrearages,933.92
Avista,2025,8,98857,Total Arrearages,0.0
Avista,2025,7,99161,Total Arrearages,8312.77
Avista,2025,7,99012,30 Days,469.69
Avista,2025,7,99129,60 Days,6256.78
Avista,2025,5,99143,60 Days,2784.33
Avista,2025,5,99019,30 Days,12014.26
Avista,2025,2,99122,Total Arrearages,8854.31
Avista,2025,4,99217,60 Days,85632.05
Avista,2025,5,99224,60 Days,55865.5
Avista,2025,5,99207,60 Days,258184.87
Avista,2025,2,99033,90 Days +,6459.63
Avista,2025,8,99151,60 Days,108.36
Avista,2025,6,99208,90 Days +,124675.68
Avista,2025,2,99164,90 Days +,0.0
Avista,2025,6,99109,30 Days,3139.93
Avista,2025,2,99128,Total Arrearages,709.23
Avista,2025,4,99223,90 Days +,70685.97
Avista,2025,1,99170,30 Days,584.14
Avista,2025,5,99006,Total Arrearages,39255.75
Avista,2025,8,99022,Total Arrearages,18931.81
Avista,2025,8,99403,90 Days +,28442.26
Avista,2025,6,99169,90 Days +,11538.22
Avista,2025,4,99173,30 Days,4492.8
Avista,2025,5,99013,Total Arrearages,60994.91
Avista,2025,6,99004,60 Days,7954.84
Avista,2025,9,99126,Total Arrearages,5508.18
Avista,2025,3,99176,Total Arrearages,0.0
Avista,2025,8,99111,90 Days +,22808.9
Avista,2025,2,99146,30 Days,28.59
Avista,2025,7,99326,Total Arrearages,835.36
Avista,2025,7,99125,60 Days,755.48
Avista,2025,9,99181,90 Days +,2143.41
Avista,2025,2,99224,Total Arrearages,35605.76
Avista,2025,7,99039,Total Arrearages,239.08
Avista,2025,4,99129,60 Days,7226.67
Avista,2025,1,99020,Total Arrearages,0.0
Avista,2025,2,98620,60 Days,105.1
Avista,2025,3,98620,Total Arrearages,282.49
Avista,2025,2,99179,60 Days,353.97
Avista,2025,8,99117,30 Days,207.8
Avista,2025,4,99029,90 Days +,6755.42
Avista,2025,3,99029,30 Days,831.09
Avista,2025,1,99040,Total Arrearages,18241.84
Avista,2025,4,98620,90 Days +,1034.36
Avista,2025,8,99206,60 Days,106120.56
Avista,2025,3,99169,30 Days,1113.56
Avista,2025,6,99029,30 Days,1308.08
Avista,2025,6,99141,Total Arrearages,33808.59
Avista,2025,1,99111,60 Days,711.24
Avista,2025,8,99160,Total Arrearages,291.82
Avista,2025,7,99012,90 Days +,1967.28
Avista,2025,2,99141,60 Days,3643.04
Avista,2025,1,99006,90 Days +,7313.34
Avista,2025,4,99208,Total Arrearages,380243.85
Avista,2025,9,99151,90 Days +,1039.29
Avista,2025,5,99138,90 Days +,10298.21
Avista,2025,3,99006,90 Days +,7694.69
Avista,2025,4,99026,30 Days,2097.12
Avista,2025,3,99037,Total Arrearages,8496.69
Avista,2025,7,99223,Total Arrearages,156857.38
Avista,2025,7,99130,90 Days +,2480.47
Avista,2025,5,99344,90 Days +,29615.9
Avista,2025,3,99207,Total Arrearages,230511.17
Avista,2025,9,98620,60 Days,2784.83
Avista,2025,6,99033,60 Days,3093.46
Avista,2025,4,99004,Total Arrearages,16536.8
Avista,2025,5,99179,90 Days +,3124.26
Avista,2025,9,99205,90 Days +,61842.86
Avista,2025,4,99030,Total Arrearages,7681.11
Avista,2025,9,99224,Total Arrearages,84096.96
Avista,2025,6,99151,90 Days +,180.8
Avista,2025,6,99169,30 Days,1261.26
Avista,2025,5,99019,60 Days,17111.15
Avista,2025,9,99164,Total Arrearages,0.0
Avista,2025,2,99403,30 Days,7772.33
Avista,2025,3,99033,60 Days,4463.57
Avista,2025,2,99402,30 Days,303.49
Avista,2025,9,99326,30 Days,40.67
Avista,2025,1,99131,90 Days +,150.57
Avista,2025,3,99027,Total Arrearages,23479.89
Avista,2025,5,99013,60 Days,14474.98
Avista,2025,8,99040,Total Arrearages,27771.57
Avista,2025,2,99218,90 Days +,14173.22
Avista,2025,6,99122,60 Days,12082.5
Avista,2025,6,99039,90 Days +,0.0
Avista,2025,6,99167,60 Days,1657.74
Avista,2025,8,99185,30 Days,726.55
Avista,2025,6,98620,90 Days +,2561.11
Avista,2025,3,99344,30 Days,7022.39
Avista,2025,5,99148,30 Days,3027.6
Avista,2025,1,99161,30 Days,1584.26
Avista,2025,9,99148,90 Days +,543.6
Avista,2025,5,99034,90 Days +,2356.02
Avista,2025,8,99143,30 Days,249.96
Avista,2025,4,99022,90 Days +,12442.03
Avista,2025,7,99201,30 Days,9917.49
Avista,2025,9,99161,60 Days,4325.54
Avista,2025,6,99148,Total Arrearages,11065.13
Avista,2025,7,99040,90 Days +,20828.92
Avista,2025,4,99125,Total Arrearages,6366.46
Avista,2025,6,99019,30 Days,5119.51
Avista,2025,1,99018,30 Days,104.57
Avista,2025,7,99170,30 Days,637.03
Avista,2025,1,99149,90 Days +,2188.68
Avista,2025,1,99129,30 Days,974.67
Avista,2025,5,99341,60 Days,13346.69
Avista,2025,8,99039,30 Days,428.5
Avista,2025,2,99122,90 Days +,4088.8
Avista,2025,4,99018,30 Days,160.99
Avista,2025,9,99103,90 Days +,2883.75
Avista,2025,5,99163,60 Days,92623.77
Avista,2025,6,99019,90 Days +,6065.76
Avista,2025,3,99004,30 Days,1106.32
Avista,2025,3,99003,Total Arrearages,4395.86
Avista,2025,9,99126,90 Days +,2050.17
Avista,2025,2,99161,30 Days,1770.21
Avista,2025,4,99040,Total Arrearages,26214.3
Avista,2025,7,99130,Total Arrearages,4338.27
Avista,2025,2,99167,Total Arrearages,1086.57
Avista,2025,3,99113,60 Days,464.25
Avista,2025,2,99011,Total Arrearages,0.0
Avista,2025,1,99110,Total Arrearages,2663.55
Avista,2025,8,99032,30 Days,477.27
Avista,2025,6,99013,Total Arrearages,34120.57
Avista,2025,4,99113,Total Arrearages,1403.29
Avista,2025,1,99039,Total Arrearages,1570.11
Avista,2025,6,99185,30 Days,752.23
Avista,2025,8,99173,30 Days,2742.41
Avista,2025,7,99018,Total Arrearages,245.86
Avista,2025,2,99025,Total Arrearages,7255.46
Avista,2025,7,99023,30 Days,1.66
Avista,2025,6,99117,90 Days +,1479.26
Avista,2025,8,99001,60 Days,15540.97
Avista,2025,8,99167,90 Days +,410.67
Avista,2025,4,99157,60 Days,4495.66
Avista,2025,3,99148,30 Days,1526.94
Avista,2025,4,99206,Total Arrearages,211727.45
Avista,2025,8,98620,Total Arrearages,4323.47
Avista,2025,6,99103,60 Days,1568.92
Avista,2025,5,99208,90 Days +,118945.54
Avista,2025,3,99134,Total Arrearages,3054.76
Avista,2025,4,99163,90 Days +,50171.03
Avista,2025,9,99039,90 Days +,0.0
Avista,2025,5,99217,30 Days,26174.13
Avista,2025,9,99040,Total Arrearages,25176.67
Avista,2025,6,99023,90 Days +,0.0
Avista,2025,6,99031,Total Arrearages,2781.93
Avista,2025,4,99040,30 Days,2362.16
Avista,2025,7,99006,Total Arrearages,27684.35
Avista,2025,6,99111,Total Arrearages,28455.94
Avista,2025,3,99134,60 Days,500.83
Avista,2025,3,99006,30 Days,5372.14
Avista,2025,1,99019,30 Days,2139.44
Avista,2025,9,99403,30 Days,10329.49
Avista,2025,9,99001,30 Days,2668.89
Avista,2025,7,99161,60 Days,5566.19
Avista,2025,1,99217,30 Days,14888.85
Avista,2025,7,99005,Total Arrearages,9781.12
Avista,2025,3,99206,60 Days,27544.82
Avista,2025,8,99031,90 Days +,1878.17
Avista,2025,8,99113,Total Arrearages,252.65
Avista,2025,4,99204,60 Days,49271.15
Avista,2025,4,99146,90 Days +,0.0
Avista,2025,6,99219,90 Days +,0.0
Avista,2025,4,99204,90 Days +,25406.94
Avista,2025,2,99111,60 Days,3624.74
Avista,2025,7,99371,Total Arrearages,1855.6
Avista,2025,7,99032,60 Days,2293.66
Avista,2025,5,99129,Total Arrearages,11322.09
Avista,2025,6,99027,60 Days,23394.46
Avista,2025,5,99021,90 Days +,9225.37
Avista,2025,1,99030,90 Days +,4552.91
Avista,2025,6,99033,Total Arrearages,21818.85
Avista,2025,3,99030,Total Arrearages,4044.26
Avista,2025,2,99371,90 Days +,0.0
Avista,2025,8,99149,30 Days,215.43
Avista,2025,5,99216,90 Days +,57856.0
Avista,2025,2,99179,90 Days +,616.56
Avista,2025,8,99170,30 Days,482.86
Avista,2025,2,99341,60 Days,1338.61
Avista,2025,7,99032,30 Days,80.74
Avista,2025,1,99022,Total Arrearages,8727.87
Avista,2025,8,99036,Total Arrearages,0.0
Avista,2025,5,99006,30 Days,8953.39
Avista,2025,9,99157,Total Arrearages,4835.71
Avista,2025,2,99026,60 Days,515.1
Avista,2025,2,99037,60 Days,2072.26
Avista,2025,2,99027,Total Arrearages,11597.79
Avista,2025,8,99163,30 Days,12399.06
Avista,2025,2,99402,60 Days,1287.1
Avista,2025,8,99018,60 Days,216.82
Avista,2025,1,99228,Total Arrearages,0.0
Avista,2025,1,99128,Total Arrearages,722.21
Avista,2025,6,99344,90 Days +,41187.88
Avista,2025,4,99160,30 Days,451.95
Avista,2025,3,99104,Total Arrearages,0.0
Avista,2025,1,99143,30 Days,56.6
Avista,2025,3,99179,60 Days,306.39
Avista,2025,2,99018,30 Days,512.52
Avista,2025,3,99158,30 Days,314.9
Avista,2025,5,99018,60 Days,364.44
Avista,2025,7,99013,30 Days,1992.59
Avista,2025,1,99131,Total Arrearages,150.57
Avista,2025,3,99403,30 Days,11537.5
Avista,2025,4,99137,60 Days,1319.74
Avista,2025,6,99403,30 Days,9791.78
Avista,2025,6,99217,60 Days,100711.27
Avista,2025,6,99110,30 Days,536.8
Avista,2025,6,99159,90 Days +,1401.31
Avista,2025,8,99143,Total Arrearages,7735.21
Avista,2025,4,99151,90 Days +,142.46
Avista,2025,8,99016,30 Days,11776.53
Avista,2025,9,99201,Total Arrearages,127394.8
Avista,2025,3,99402,90 Days +,1962.02
Avista,2025,1,99218,90 Days +,13769.23
Avista,2025,7,99016,30 Days,13255.26
Avista,2025,8,99128,Total Arrearages,1928.88
Avista,2025,4,99223,Total Arrearages,242025.99
Avista,2025,1,98620,Total Arrearages,649.92
Avista,2025,8,99371,Total Arrearages,1583.71
Avista,2025,1,99173,30 Days,4345.88
Avista,2025,3,99131,Total Arrearages,365.23
Avista,2025,9,99141,Total Arrearages,27499.06
Avista,2025,2,99223,90 Days +,42575.08
Avista,2025,7,99169,60 Days,3598.56
Avista,2025,1,99157,30 Days,1006.85
Avista,2025,4,99174,Total Arrearages,813.76
Avista,2025,9,99014,60 Days,577.46
Avista,2025,5,99008,90 Days +,8334.03
Avista,2025,5,99163,Total Arrearages,167728.91
Avista,2025,7,99031,90 Days +,1739.98
Avista,2025,5,99009,60 Days,2976.32
Avista,2025,9,99204,30 Days,5104.99
Avista,2025,8,99149,Total Arrearages,1369.33
Avista,2025,9,98620,Total Arrearages,4614.92
Avista,2025,5,99174,90 Days +,0.0
Avista,2025,9,99129,Total Arrearages,7649.74
Avista,2025,6,99001,Total Arrearages,32626.4
Avista,2025,3,99146,Total Arrearages,515.05
Avista,2025,5,99151,30 Days,909.56
Avista,2025,5,99101,60 Days,4551.71
Avista,2025,7,99037,90 Days +,3503.76
Avista,2025,5,99205,30 Days,55291.37
Avista,2025,1,99208,Total Arrearages,176898.23
Avista,2025,8,99131,90 Days +,0.0
Avista,2025,1,99032,Total Arrearages,4545.09
Avista,2025,1,99025,60 Days,1771.0
Avista,2025,2,99156,Total Arrearages,0.0
Avista,2025,8,99344,Total Arrearages,53972.81
Avista,2025,3,99128,Total Arrearages,980.4
Avista,2025,3,99371,90 Days +,3506.87
Avista,2025,9,99169,Total Arrearages,13576.84
Avista,2025,2,99113,90 Days +,0.0
Avista,2025,1,99016,90 Days +,11022.6
Avista,2025,4,99025,90 Days +,3276.32
Avista,2025,9,99201,60 Days,83751.48
Avista,2025,3,99224,90 Days +,28855.72
Avista,2025,3,99114,Total Arrearages,41999.14
Avista,2025,2,99403,90 Days +,25081.09
Avista,2025,7,99163,Total Arrearages,123073.14
Avista,2025,6,99156,90 Days +,0.0
Avista,2025,5,99179,60 Days,1176.09
Avista,2025,9,99159,90 Days +,3195.02
Avista,2025,5,99107,Total Arrearages,0.0
Avista,2025,7,99371,60 Days,1274.09
Avista,2025,9,99016,Total Arrearages,72976.25
Avista,2025,4,99203,90 Days +,18081.17
Avista,2025,2,99181,90 Days +,6423.37
Avista,2025,5,99206,Total Arrearages,233335.15
Avista,2025,7,99025,30 Days,871.0
Avista,2025,6,99012,60 Days,2235.84
Avista,2025,5,99037,Total Arrearages,24081.6
Avista,2025,6,99223,Total Arrearages,197387.95
Avista,2025,7,99158,60 Days,1326.1
Avista,2025,7,99032,Total Arrearages,4195.51
Avista,2025,5,99039,60 Days,276.98
Avista,2025,9,99016,90 Days +,18709.13
Avista,2025,1,99223,Total Arrearages,88975.57
Avista,2025,7,99103,Total Arrearages,3116.2
Avista,2025,7,99148,60 Days,4585.33
Avista,2025,3,99151,30 Days,82.12
Avista,2025,8,99102,60 Days,1009.44
Avista,2025,1,99223,60 Days,22527.98
Avista,2025,6,99212,30 Days,24247.28
Avista,2025,2,99157,30 Days,1214.19
Avista,2025,9,99223,Total Arrearages,156257.77
Avista,2025,3,99034,30 Days,399.49
Avista,2025,5,99181,90 Days +,10037.51
Avista,2025,9,99179,30 Days,529.89
Avista,2025,7,99143,60 Days,1612.21
Avista,2025,1,99171,Total Arrearages,5625.06
Avista,2025,7,99001,60 Days,25106.96
Avista,2025,1,99004,90 Days +,1014.74
Avista,2025,7,99137,Total Arrearages,4782.95
Avista,2025,9,99012,90 Days +,353.69
Avista,2025,4,99169,60 Days,5060.41
Avista,2025,5,99216,60 Days,107717.13
Avista,2025,3,99202,60 Days,31100.38
Avista,2025,2,99103,Total Arrearages,611.42
Avista,2025,6,99128,Total Arrearages,1784.32
Avista,2025,8,99149,90 Days +,794.11
Avista,2025,3,99138,Total Arrearages,7712.13
Avista,2025,9,99013,30 Days,1242.77
Avista,2025,5,99134,60 Days,2296.5
Avista,2025,8,99138,60 Days,5771.12
Avista,2025,2,99163,30 Days,9551.31
Avista,2025,3,99019,30 Days,3604.47
Avista,2025,6,99014,60 Days,453.75
Avista,2025,4,99204,Total Arrearages,85053.27
Avista,2025,8,99204,Total Arrearages,70667.04
Avista,2025,2,99023,90 Days +,0.0
Avista,2025,9,99158,90 Days +,1955.24
Avista,2025,2,99101,Total Arrearages,6081.55
Avista,2025,4,99129,90 Days +,4592.96
Avista,2025,1,99148,60 Days,2608.08
Avista,2025,3,99171,30 Days,1180.3
Avista,2025,5,99021,30 Days,7217.67
Avista,2025,9,99113,30 Days,147.54
Avista,2025,7,99134,30 Days,378.84
Avista,2025,8,99005,30 Days,2371.62
Avista,2025,9,99137,90 Days +,2025.94
Avista,2025,2,99037,90 Days +,3204.86
Avista,2025,6,99203,60 Days,40889.9
Avista,2025,4,99109,Total Arrearages,22598.56
Avista,2025,5,99031,60 Days,3638.97
Avista,2025,7,99203,90 Days +,16749.46
Avista,2025,7,99216,60 Days,75905.97
Avista,2025,5,99026,Total Arrearages,7883.56
Avista,2025,5,99402,Total Arrearages,5142.19
Avista,2025,6,99228,90 Days +,0.0
Avista,2025,5,99005,90 Days +,2555.69
Avista,2025,9,99107,Total Arrearages,0.0
Avista,2025,9,98648,60 Days,497.17
Avista,2025,8,99148,30 Days,1787.86
Avista,2025,2,99344,90 Days +,9373.84
Avista,2025,3,99018,Total Arrearages,2674.67
Avista,2025,7,99179,30 Days,210.31
Avista,2025,4,98648,90 Days +,307.47
Avista,2025,9,99125,30 Days,100.44
Avista,2025,2,99026,90 Days +,0.0
Avista,2025,4,99402,60 Days,2759.87
Avista,2025,6,99220,Total Arrearages,0.0
Avista,2025,5,99173,90 Days +,19310.98
Avista,2025,8,99103,30 Days,309.46
Avista,2025,6,99143,Total Arrearages,5083.35
Avista,2025,9,99033,60 Days,1736.95
Avista,2025,5,99114,90 Days +,26299.14
Avista,2025,5,99159,90 Days +,4713.06
Avista,2025,2,99161,90 Days +,203.95
Avista,2025,5,99039,30 Days,500.99
Avista,2025,9,99110,90 Days +,823.03
Avista,2025,3,99026,60 Days,328.41
Avista,2025,1,99159,60 Days,359.11
Avista,2025,9,99160,Total Arrearages,320.24
Avista,2025,5,99122,60 Days,8074.41
Avista,2025,6,99212,Total Arrearages,214100.65
Avista,2025,8,99113,90 Days +,0.0
Avista,2025,4,99201,60 Days,89978.72
Avista,2025,4,99117,Total Arrearages,3848.75
Avista,2025,1,99009,60 Days,974.61
Avista,2025,9,99101,30 Days,1170.77
Avista,2025,5,99176,30 Days,625.11
Avista,2025,8,99033,Total Arrearages,16811.35
Avista,2025,4,99109,90 Days +,11226.95
Avista,2025,8,99137,Total Arrearages,4789.2
Avista,2025,7,99204,60 Days,48112.81
Avista,2025,3,99148,90 Days +,6486.38
Avista,2025,3,99143,90 Days +,2353.82
Avista,2025,7,99005,90 Days +,1958.62
Avista,2025,3,99004,90 Days +,1332.5
Avista,2025,2,99203,Total Arrearages,26939.1
Avista,2025,1,99224,Total Arrearages,36531.88
Avista,2025,5,99006,90 Days +,10422.51
Avista,2025,5,99151,60 Days,165.93
Avista,2025,6,99218,Total Arrearages,99812.04
Avista,2025,6,99151,30 Days,261.0
Avista,2025,4,99006,Total Arrearages,30225.51
Avista,2025,5,99025,90 Days +,3477.91
Avista,2025,8,99158,90 Days +,2025.85
Avista,2025,3,99217,30 Days,20914.53
Avista,2025,5,99157,60 Days,2726.9
Avista,2025,3,99111,30 Days,2442.64
Avista,2025,2,99004,90 Days +,848.16
Avista,2025,3,99174,Total Arrearages,140.38
Avista,2025,7,99206,60 Days,100467.32
Avista,2025,9,99126,60 Days,2383.96
Avista,2025,1,99109,30 Days,567.7
Avista,2025,8,99206,30 Days,17669.54
Avista,2025,5,99403,90 Days +,28634.54
Avista,2025,7,99403,60 Days,38294.48
Avista,2025,6,99039,60 Days,2446.93
Avista,2025,8,99012,60 Days,484.63
Avista,2025,8,99156,Total Arrearages,0.0
Avista,2025,5,99033,30 Days,856.47
Avista,2025,8,99171,90 Days +,5629.33
Avista,2025,3,99163,60 Days,12877.0
Avista,2025,4,99157,Total Arrearages,7424.27
Avista,2025,6,98648,90 Days +,419.39
Avista,2025,3,99179,90 Days +,1086.42
Avista,2025,6,99129,30 Days,1686.82
Avista,2025,4,99031,90 Days +,843.27
Avista,2025,6,99326,60 Days,1056.61
Avista,2025,2,99037,30 Days,1096.84
Avista,2025,5,99102,Total Arrearages,4800.44
Avista,2025,5,99029,Total Arrearages,6411.89
Avista,2025,2,99019,Total Arrearages,10860.66
Avista,2025,8,99216,90 Days +,41109.29
Avista,2025,6,99006,60 Days,26207.0
Avista,2025,7,99020,30 Days,21.12
Avista,2025,9,99134,Total Arrearages,7229.51
Avista,2025,1,99101,30 Days,1877.62
Avista,2025,8,99130,90 Days +,3271.18
Avista,2025,6,99181,60 Days,9835.16
Avista,2025,8,99224,Total Arrearages,80345.54
Avista,2025,7,99019,Total Arrearages,31067.95
Avista,2025,8,99148,60 Days,9078.49
Avista,2025,7,99021,90 Days +,7045.44
Avista,2025,1,99113,60 Days,379.82
Avista,2025,3,99022,Total Arrearages,16434.99
Avista,2025,9,99201,90 Days +,33574.66
Avista,2025,7,98648,30 Days,34.47
Avista,2025,2,99029,60 Days,1814.27
Avista,2025,6,99016,90 Days +,23177.82
Avista,2025,3,99344,Total Arrearages,21354.0
Avista,2025,4,99181,60 Days,6345.58
Avista,2025,9,99174,60 Days,262.01
Avista,2025,3,99167,90 Days +,1184.12
Avista,2025,1,99201,Total Arrearages,54865.78
Avista,2025,7,99141,30 Days,4494.93
Avista,2025,7,99122,90 Days +,2868.11
Avista,2025,6,99201,90 Days +,55842.57
Avista,2025,4,99216,90 Days +,51563.82
Avista,2025,3,99228,90 Days +,0.0
Avista,2025,6,99223,30 Days,16778.28
Avista,2025,5,99156,Total Arrearages,0.0
Avista,2025,5,99218,30 Days,12633.19
Avista,2025,4,99022,Total Arrearages,24870.36
Avista,2025,4,99021,90 Days +,12853.35
Avista,2025,9,99206,30 Days,19416.96
Avista,2025,8,99040,90 Days +,18932.62
Avista,2025,8,99228,Total Arrearages,0.0
Avista,2025,4,99163,60 Days,88719.71
Avista,2025,2,99174,30 Days,227.96
Avista,2025,9,99326,Total Arrearages,737.97
Avista,2025,1,99204,60 Days,3321.74
Avista,2025,1,99137,90 Days +,2377.78
Avista,2025,6,99016,30 Days,10903.79
Avista,2025,8,99169,90 Days +,8123.6
Avista,2025,3,99026,90 Days +,193.94
Avista,2025,9,99020,Total Arrearages,647.03
Avista,2025,8,99027,90 Days +,10134.87
Avista,2025,5,99102,60 Days,2855.15
Avista,2025,3,99008,30 Days,170.84
Avista,2025,5,99114,Total Arrearages,77118.17
Avista,2025,9,99005,30 Days,2238.56
Avista,2025,7,99109,90 Days +,13790.02
Avista,2025,1,99020,90 Days +,0.0
Avista,2025,3,99013,30 Days,2959.4
Avista,2025,6,99202,90 Days +,52823.12
Avista,2025,9,99171,60 Days,2141.33
Avista,2025,3,99001,Total Arrearages,17985.03
Avista,2025,7,99034,Total Arrearages,1413.88
Avista,2025,9,99005,90 Days +,1946.37
Avista,2025,7,99014,Total Arrearages,710.33
Avista,2025,3,99032,90 Days +,5374.2
Avista,2025,1,99160,30 Days,172.04
Avista,2025,5,99014,Total Arrearages,612.03
Avista,2025,5,99025,Total Arrearages,11556.61
Avista,2025,5,99005,30 Days,2478.2
Avista,2025,4,99032,Total Arrearages,8009.84
Avista,2025,9,99181,30 Days,1907.01
Avista,2025,4,99371,Total Arrearages,1834.11
Avista,2025,8,99004,60 Days,4056.49
Avista,2025,5,99032,Total Arrearages,6757.13
Avista,2025,3,99001,60 Days,5369.33
Avista,2025,6,99149,Total Arrearages,5622.12
Avista,2025,4,99006,90 Days +,10632.16
Avista,2025,9,99033,30 Days,272.65
Avista,2025,2,99204,60 Days,4884.25
Avista,2025,7,99179,60 Days,905.75
Avista,2025,9,99202,30 Days,14029.65
Avista,2025,6,99161,Total Arrearages,11860.3
Avista,2025,6,99161,90 Days +,6301.77
Avista,2025,2,99101,30 Days,1618.54
Avista,2025,3,99167,30 Days,1167.02
Avista,2025,7,99117,Total Arrearages,826.94
Avista,2025,1,99169,90 Days +,1070.87
Avista,2025,4,99102,60 Days,1818.28
Avista,2025,2,99030,60 Days,648.56
Avista,2025,8,99109,Total Arrearages,17561.44
Avista,2025,8,99009,30 Days,1116.02
Avista,2025,8,99403,Total Arrearages,96905.48
Avista,2025,3,99224,Total Arrearages,56348.98
Avista,2025,2,99220,90 Days +,0.0
Avista,2025,4,99218,Total Arrearages,91538.34
Avista,2025,8,99341,30 Days,807.69
Avista,2025,7,99185,60 Days,2055.74
Avista,2025,1,98857,Total Arrearages,0.0
Avista,2025,4,99027,90 Days +,9806.07
Avista,2025,6,99037,Total Arrearages,20055.76
Avista,2025,5,99022,90 Days +,8478.31
Avista,2025,7,99031,Total Arrearages,3317.17
Avista,2025,1,99224,60 Days,6065.88
Avista,2025,8,99025,90 Days +,2310.36
Avista,2025,4,99217,90 Days +,48903.6
Avista,2025,6,99134,60 Days,5814.29
Avista,2025,3,99141,90 Days +,5936.94
Avista,2025,3,99218,90 Days +,21103.29
Avista,2025,6,99402,60 Days,3928.57
Avista,2025,5,99130,90 Days +,4108.28
Avista,2025,8,99101,Total Arrearages,9218.18
Avista,2025,1,99006,Total Arrearages,14902.18
Avista,2025,7,99179,90 Days +,3374.36
Avista,2025,1,99003,60 Days,1329.2
Avista,2025,6,99149,90 Days +,3918.24
Avista,2025,5,99031,90 Days +,2257.57
Avista,2025,8,99003,Total Arrearages,9884.23
Avista,2025,7,99103,90 Days +,2051.06
Avista,2025,5,99341,90 Days +,3416.95
Avista,2025,8,99110,60 Days,414.17
Avista,2025,5,99181,Total Arrearages,21437.13
Avista,2025,6,99202,30 Days,18466.07
Avista,2025,4,99101,60 Days,4982.02
Avista,2025,7,99003,60 Days,4602.99
Avista,2025,7,99207,30 Days,39600.62
Avista,2025,4,99212,30 Days,32594.59
Avista,2025,7,99020,60 Days,600.9
Avista,2025,5,99109,90 Days +,12386.89
Avista,2025,1,99169,60 Days,368.29
Avista,2025,6,99341,60 Days,12962.74
Avista,2025,4,99169,30 Days,2479.45
Avista,2025,7,99149,Total Arrearages,1733.4
Avista,2025,3,99403,90 Days +,28375.47
Avista,2025,3,99181,60 Days,2110.14
Avista,2025,3,99161,90 Days +,1899.67
Avista,2025,7,99130,60 Days,1686.74
Avista,2025,4,99039,60 Days,2327.16
Avista,2025,1,98648,Total Arrearages,341.28
Avista,2025,4,98648,Total Arrearages,2185.48
Avista,2025,2,99138,Total Arrearages,5670.27
Avista,2025,8,99157,60 Days,2946.54
Avista,2025,5,99030,Total Arrearages,8372.67
Avista,2025,2,99207,30 Days,53923.9
Avista,2025,6,99207,60 Days,266765.95
Avista,2025,4,99143,30 Days,825.17
Avista,2025,9,99005,Total Arrearages,11576.11
Avista,2025,1,99130,90 Days +,0.0
Avista,2025,2,99111,Total Arrearages,15228.61
Avista,2025,2,99039,90 Days +,0.0
Avista,2025,9,99185,60 Days,1652.4
Avista,2025,8,99158,30 Days,127.16
Avista,2025,9,99031,Total Arrearages,2953.54
Avista,2025,8,99117,90 Days +,642.07
Avista,2025,9,99371,Total Arrearages,1359.62
Avista,2025,6,99148,60 Days,7067.29
Avista,2025,4,99371,90 Days +,651.07
Avista,2025,6,99170,Total Arrearages,5648.82
Avista,2025,7,99001,30 Days,2903.53
Avista,2025,4,99402,Total Arrearages,4784.28
Avista,2025,9,99141,90 Days +,7325.1
Avista,2025,6,99206,30 Days,16873.78
Avista,2025,5,99371,Total Arrearages,3007.72
Avista,2025,4,99110,60 Days,6610.18
Avista,2025,4,99159,30 Days,962.89
Avista,2025,1,99040,60 Days,807.63
Avista,2025,1,99004,30 Days,1279.31
Avista,2025,6,99173,90 Days +,19291.55
Avista,2025,6,99110,Total Arrearages,5468.98
Avista,2025,4,99016,Total Arrearages,111860.26
Avista,2025,7,99326,60 Days,535.17
Avista,2025,3,99208,30 Days,45479.91
Avista,2025,7,98857,Total Arrearages,0.0
Avista,2025,2,99157,Total Arrearages,2166.33
Avista,2025,5,99179,Total Arrearages,4342.6
Avista,2025,4,99148,Total Arrearages,10535.2
Avista,2025,4,99137,30 Days,192.38
Avista,2025,6,99217,30 Days,16301.38
Avista,2025,3,99113,30 Days,666.34
Avista,2025,7,99103,60 Days,961.81
Avista,2025,2,99208,30 Days,39701.29
Avista,2025,4,99026,90 Days +,4828.63
Avista,2025,7,99011,Total Arrearages,0.0
Avista,2025,2,99148,90 Days +,1736.88
Avista,2025,3,99020,Total Arrearages,0.0
Avista,2025,9,99179,90 Days +,3415.66
Avista,2025,3,99371,Total Arrearages,3506.87
Avista,2025,7,99403,30 Days,7129.28
Avista,2025,5,99151,90 Days +,165.93
Avista,2025,8,99032,90 Days +,717.26
Avista,2025,5,99169,30 Days,2422.25
Avista,2025,2,99003,30 Days,1048.85
Avista,2025,3,99163,30 Days,16710.69
Avista,2025,8,99131,30 Days,67.21
Avista,2025,9,99018,30 Days,134.84
Avista,2025,6,99161,60 Days,4690.07
Avista,2025,6,99170,60 Days,3801.89
Avista,2025,3,99001,30 Days,2770.87
Avista,2025,6,99040,90 Days +,22430.01
Avista,2025,3,99137,90 Days +,4303.34
Avista,2025,7,99173,60 Days,4635.95
Avista,2025,8,99371,60 Days,907.46
Avista,2025,1,99159,30 Days,720.77
Avista,2025,4,99137,Total Arrearages,4389.82
Avista,2025,8,99157,30 Days,220.75
Avista,2025,1,99171,60 Days,731.72
Avista,2025,6,99020,60 Days,461.16
Avista,2025,4,99344,90 Days +,26089.15
Avista,2025,1,99128,90 Days +,722.21
Avista,2025,9,99027,30 Days,6967.29
Avista,2025,5,99171,30 Days,1346.15
Avista,2025,9,99026,30 Days,836.95
Avista,2025,9,99025,60 Days,2773.83
Avista,2025,2,99006,30 Days,4492.02
Avista,2025,7,99018,60 Days,96.82
Avista,2025,2,99009,Total Arrearages,6673.71
Avista,2025,1,99151,30 Days,582.68
Avista,2025,7,99037,30 Days,1265.11
Avista,2025,8,99341,90 Days +,2459.43
Avista,2025,2,99012,30 Days,816.07
Avista,2025,8,99102,90 Days +,1764.29
Avista,2025,4,99111,30 Days,2550.21
Avista,2025,9,99219,Total Arrearages,0.0
Avista,2025,5,99128,60 Days,425.83
Avista,2025,7,99216,Total Arrearages,127545.82
Avista,2025,7,99143,Total Arrearages,5383.48
Avista,2025,2,99174,90 Days +,0.0
Avista,2025,4,99025,60 Days,5780.94
Avista,2025,5,99102,90 Days +,893.02
Avista,2025,1,99326,Total Arrearages,0.0
Avista,2025,1,99109,90 Days +,7668.58
Avista,2025,7,98620,90 Days +,2278.46
Avista,2025,3,99129,90 Days +,5627.24
Avista,2025,6,99040,30 Days,1573.34
Avista,2025,5,99004,30 Days,1267.3
Avista,2025,9,99111,90 Days +,21921.62
Avista,2025,3,99128,60 Days,665.3
Avista,2025,8,99126,90 Days +,1482.88
Avista,2025,2,99129,30 Days,1096.44
Avista,2025,4,99173,90 Days +,18610.68
Avista,2025,5,99029,90 Days +,3923.15
Avista,2025,5,99220,Total Arrearages,0.0
Avista,2025,4,99160,90 Days +,272.39
Avista,2025,3,99039,60 Days,2427.04
Avista,2025,4,99143,60 Days,1837.66
Avista,2025,1,99202,Total Arrearages,83148.63
Avista,2025,4,99037,60 Days,6987.97
Avista,2025,5,99217,Total Arrearages,162992.16
Avista,2025,8,99009,60 Days,2220.99
Avista,2025,8,99205,60 Days,157884.88
Avista,2025,5,98620,90 Days +,2334.24
Avista,2025,7,99125,90 Days +,1680.06
Avista,2025,7,99006,30 Days,3473.14
Avista,2025,4,99005,90 Days +,3023.07
Avista,2025,7,99033,Total Arrearages,16342.4
Avista,2025,7,99008,90 Days +,2521.48
Avista,2025,6,99205,90 Days +,100584.04
Avista,2025,4,99008,90 Days +,10350.46
Avista,2025,7,99163,90 Days +,44036.97
Avista,2025,5,99029,30 Days,878.29
Avista,2025,8,99006,60 Days,19084.36
Avista,2025,9,99037,Total Arrearages,11565.64
Avista,2025,1,99138,30 Days,1331.71
Avista,2025,4,99001,90 Days +,8632.95
Avista,2025,4,99125,60 Days,2705.6
Avista,2025,4,99141,30 Days,7267.87
Avista,2025,5,99159,30 Days,2732.33
Avista,2025,9,99218,30 Days,13858.27
Avista,2025,5,99030,30 Days,864.74
Avista,2025,7,99134,Total Arrearages,4552.75
Avista,2025,5,99003,60 Days,4878.21
Avista,2025,4,99179,Total Arrearages,5177.19
Avista,2025,8,99032,60 Days,1395.45
Avista,2025,7,99033,90 Days +,14138.81
Avista,2025,3,99260,Total Arrearages,0.0
Avista,2025,5,99158,60 Days,1287.18
Avista,2025,1,99185,60 Days,986.79
Avista,2025,6,99205,30 Days,41606.19
Avista,2025,5,99173,60 Days,8400.36
Avista,2025,9,99103,Total Arrearages,4141.17
Avista,2025,2,99171,90 Days +,5571.66
Avista,2025,5,99260,Total Arrearages,0.0
Avista,2025,4,99026,Total Arrearages,9321.0
Avista,2025,3,99110,30 Days,1342.7
Avista,2025,3,99216,30 Days,17267.08
Avista,2025,6,99204,90 Days +,21980.85
Avista,2025,6,99034,30 Days,45.78
Avista,2025,1,99037,60 Days,660.83
Avista,2025,9,99341,30 Days,307.81
Avista,2025,1,99167,30 Days,413.06
Avista,2025,6,99018,60 Days,334.2
Avista,2025,3,99021,90 Days +,10946.32
Avista,2025,5,99003,30 Days,1002.13
Avista,2025,9,99148,30 Days,1860.59
Avista,2025,9,99021,60 Days,13041.34
Avista,2025,1,99176,90 Days +,0.0
Avista,2025,7,99161,90 Days +,1478.5
Avista,2025,1,99208,60 Days,44550.35
Avista,2025,4,99101,Total Arrearages,13706.8
Avista,2025,7,99103,30 Days,103.33
Avista,2025,8,99134,Total Arrearages,4349.45
Avista,2025,8,99171,Total Arrearages,8377.91
Avista,2025,1,99160,90 Days +,259.05
Avista,2025,1,99151,Total Arrearages,1071.15
Avista,2025,9,99179,60 Days,735.6
Avista,2025,5,99103,Total Arrearages,3309.78
Avista,2025,2,99224,90 Days +,19076.46
Avista,2025,1,99371,Total Arrearages,462.22
Avista,2025,9,99110,60 Days,1686.16
Avista,2025,8,99014,30 Days,36.16
Avista,2025,7,99341,90 Days +,2212.74
Avista,2025,9,99169,90 Days +,8252.5
Avista,2025,1,99023,60 Days,454.02
Avista,2025,4,99021,30 Days,7367.59
Avista,2025,5,99109,Total Arrearages,26201.64
Avista,2025,2,99003,90 Days +,497.81
Avista,2025,5,99012,90 Days +,4231.12
Avista,2025,1,99013,60 Days,2911.1
Avista,2025,6,99206,Total Arrearages,211486.13
Avista,2025,6,99111,60 Days,8004.11
Avista,2025,2,99006,90 Days +,6421.69
Avista,2025,6,99202,Total Arrearages,176099.29
Avista,2025,2,99181,60 Days,2064.34
Avista,2025,2,99134,Total Arrearages,2636.34
Avista,2025,7,99163,60 Days,68296.71
Avista,2025,4,99013,30 Days,3659.47
Avista,2025,8,98620,30 Days,49.55
Avista,2025,9,99208,30 Days,52228.28
Avista,2025,1,99013,30 Days,2571.97
Avista,2025,9,99130,60 Days,2435.95
Avista,2025,3,99160,30 Days,292.6
Avista,2025,8,99167,30 Days,1013.96
Avista,2025,3,99181,Total Arrearages,9630.65
Avista,2025,7,99113,90 Days +,0.0
Avista,2025,8,99003,90 Days +,4075.53
Avista,2025,7,99019,30 Days,5185.1
Avista,2025,9,99014,Total Arrearages,2409.05
Avista,2025,7,99018,90 Days +,96.82
Avista,2025,6,99004,90 Days +,8116.46
Avista,2025,9,99148,Total Arrearages,7906.52
Avista,2025,4,99030,90 Days +,5663.38
Avista,2025,1,99161,90 Days +,1205.53
Avista,2025,5,99113,90 Days +,1066.96
Avista,2025,1,99179,30 Days,360.2
Avista,2025,7,99030,Total Arrearages,3263.89
Avista,2025,4,99151,30 Days,314.07
Avista,2025,5,99008,Total Arrearages,9938.2
Avista,2025,4,99138,90 Days +,4914.58
Avista,2025,3,99030,30 Days,3.41
Avista,2025,2,99206,30 Days,22528.99
Avista,2025,8,99117,60 Days,694.38
Avista,2025,7,99171,60 Days,1102.59
Avista,2025,9,99205,60 Days,206192.86
Avista,2025,2,99134,90 Days +,2044.71
Avista,2025,3,99216,60 Days,20987.68
Avista,2025,3,99174,30 Days,140.38
Avista,2025,6,99163,Total Arrearages,161689.77
Avista,2025,9,99212,60 Days,97971.6
Avista,2025,3,99009,90 Days +,9754.61
Avista,2025,3,99335,Total Arrearages,0.0
Avista,2025,4,99003,60 Days,5271.65
Avista,2025,6,99157,60 Days,2038.62
Avista,2025,5,99208,30 Days,70263.96
Avista,2025,1,99013,Total Arrearages,29411.9
Avista,2025,1,99217,Total Arrearages,66254.52
Avista,2025,8,99326,90 Days +,654.03
Avista,2025,6,99013,30 Days,1625.8
Avista,2025,4,99037,30 Days,1839.45
Avista,2025,8,99129,30 Days,2138.86
Avista,2025,1,99219,Total Arrearages,0.0
Avista,2025,8,99217,30 Days,17172.43
Avista,2025,1,99146,90 Days +,0.0
Avista,2025,3,99016,30 Days,14211.41
Avista,2025,9,99131,Total Arrearages,0.0
Avista,2025,1,99138,90 Days +,6189.55
Avista,2025,6,99022,60 Days,13467.55
Avista,2025,4,99009,30 Days,2299.93
Avista,2025,5,99167,Total Arrearages,3658.1
Avista,2025,8,99344,60 Days,23559.35
Avista,2025,9,99009,30 Days,1605.65
Avista,2025,2,99202,60 Days,26927.03
Avista,2025,7,99037,60 Days,4919.97
Avista,2025,6,99146,90 Days +,0.0
Avista,2025,4,99003,90 Days +,2137.03
Avista,2025,5,99130,Total Arrearages,6260.61
Avista,2025,8,99030,60 Days,667.45
Avista,2025,2,99109,Total Arrearages,11546.58
Avista,2025,6,99174,Total Arrearages,314.25
Avista,2025,5,99402,30 Days,911.54
Avista,2025,1,99218,30 Days,7797.4
Avista,2025,4,98620,30 Days,398.26
Avista,2025,9,99102,Total Arrearages,4749.46
Avista,2025,7,99151,60 Days,378.57
Avista,2025,8,99129,90 Days +,1673.4
Avista,2025,3,99128,90 Days +,0.0
Avista,2025,9,99125,90 Days +,2059.57
Avista,2025,2,99161,Total Arrearages,3270.2
Avista,2025,2,99148,Total Arrearages,4619.21
Avista,2025,8,99181,Total Arrearages,10068.2
Avista,2025,8,99205,90 Days +,65910.3
Avista,2025,7,98620,30 Days,41.09
Avista,2025,3,99005,60 Days,2740.83
Avista,2025,7,99157,60 Days,2848.35
Avista,2025,7,99167,30 Days,227.02
Avista,2025,8,99033,30 Days,646.88
Avista,2025,7,99023,90 Days +,0.0
Avista,2025,1,99027,30 Days,3008.32
Avista,2025,2,99001,60 Days,4239.88
Avista,2025,4,99039,Total Arrearages,2749.29
Avista,2025,1,99163,60 Days,10079.46
Avista,2025,2,99403,Total Arrearages,42617.88
Avista,2025,8,99021,30 Days,5389.81
Avista,2025,5,99176,90 Days +,1426.33
Avista,2025,9,99160,90 Days +,25.39
Avista,2025,7,99208,Total Arrearages,341953.38
Avista,2025,5,98620,60 Days,5355.68
Avista,2025,3,99205,30 Days,55485.16
Avista,2025,1,99143,90 Days +,598.42
Avista,2025,4,99001,30 Days,5463.1
Avista,2025,8,99030,Total Arrearages,3321.28
Avista,2025,9,99037,90 Days +,2348.64
Avista,2025,3,99102,90 Days +,1604.79
Avista,2025,8,99202,90 Days +,43066.12
Avista,2025,6,99371,30 Days,86.25
Avista,2025,1,99040,90 Days +,16454.81
Avista,2025,6,99014,Total Arrearages,453.75
Avista,2025,1,99402,90 Days +,1327.51
Avista,2025,4,99216,30 Days,23380.16
Avista,2025,1,99137,30 Days,1579.37
Avista,2025,9,99104,Total Arrearages,0.0
Avista,2025,7,99039,60 Days,152.36
Avista,2025,8,99216,Total Arrearages,136266.74
Avista,2025,6,99137,60 Days,1038.57
Avista,2025,8,99141,90 Days +,4874.41
Avista,2025,9,99110,Total Arrearages,2618.24
Avista,2025,7,99151,90 Days +,1717.62
Avista,2025,3,99128,30 Days,315.1
Avista,2025,1,99102,Total Arrearages,3447.51
Avista,2025,2,99110,90 Days +,1044.16
Avista,2025,9,99102,90 Days +,2109.93
Avista,2025,9,99137,Total Arrearages,3083.68
