Utility,Year,Month,Zip Code,Late Fee Amount
PSE,2025,10,98579,0.0
PAC,2023,11,99328,0.0
PSE,2022,7,98121,0.0
Avista,2023,9,99402,0.0
Avista,2023,2,99036,0.0
CNG,2020,10,98220,0.0
PSE,2024,3,98283,0.0
PSE,2024,6,98007,0.0
NWN,2024,3,98125,0.0
CNG,2020,6,98274,0.0
PSE,2021,2,98512,0.0
Avista,2022,3,99114,0.0
PSE,2022,3,98110,0.0
NWN,2022,2,98675,0.0
PSE,2023,3,98506,0.0
PSE,2022,4,98092,0.0
CNG,2022,11,98312,0.0
PSE,2020,7,98387,0.0
NWN,2023,9,98660,0.0
NWN,2020,4,98026,0.0
NWN,2025,2,98604,0.0
Avista,2022,2,99206,0.0
PSE,2023,3,98008,0.0
PSE,2022,8,98406,0.0
NWN,2022,8,98607,0.0
PSE,2024,1,98225,0.0
PAC,2024,6,99348,0.0
PSE,2020,10,98597,0.0
CNG,2020,8,98632,0.0
NWN,2021,11,98666,0.0
NWN,2024,2,98026,0.0
NWN,2023,3,98682,0.0
PSE,2023,6,98008,0.0
PSE,2020,6,98272,0.0
PSE,2024,7,98106,0.0
Avista,2021,2,99131,0.0
PSE,2021,6,98065,0.0
Avista,2025,7,99036,0.0
Avista,2021,7,99167,0.0
NWN,2021,9,98605,0.0
Avista,2021,10,99341,0.0
PSE,2021,12,98116,0.0
Avista,2024,8,99111,0.0
CNG,2022,7,98233,0.0
PSE,2021,6,98118,0.0
PSE,2021,10,98051,0.0
CNG,2024,11,98248,0.0
Avista,2021,12,99103,0.0
PSE,2023,6,98030,0.0
Avista,2022,9,99030,0.0
PAC,2020,6,99350,0.0
PSE,2022,8,98392,0.0
Avista,2024,5,99146,0.0
Avista,2021,7,99018,0.0
Avista,2020,7,98620,0.0
PSE,2021,4,98244,0.0
CNG,2024,4,99354,0.0
CNG,2025,11,98345,0.0
NWN,2020,10,97388,0.0
NWN,2025,2,98662,0.0
NWN,2023,9,98127,0.0
PSE,2021,12,98372,0.0
PAC,2023,12,98908,0.0
CNG,2025,10,98295,0.0
PSE,2020,7,98244,0.0
PSE,2024,3,98226,0.0
CNG,2023,5,98274,0.0
PSE,2022,6,98332,0.0
PSE,2021,2,98446,0.0
Avista,2022,8,99014,0.0
PAC,2024,11,98937,0.0
Avista,2024,5,99217,0.0
PSE,2024,12,98034,0.0
CNG,2020,12,98257,0.0
CNG,2024,11,98563,0.0
PSE,2023,8,98408,0.0
NWN,2023,3,98671,0.0
CNG,2025,4,99323,0.0
PAC,2023,6,98947,0.0
CNG,2020,7,98367,0.0
Avista,2021,10,99159,0.0
CNG,2023,3,98948,0.0
PSE,2024,4,98499,0.0
Avista,2024,1,99205,0.0
Avista,2024,4,99179,0.0
PAC,2020,4,99329,0.0
NWN,2024,4,98662,0.0
Avista,2022,6,99036,0.0
PSE,2025,6,98446,0.0
PAC,2022,8,98948,0.0
Avista,2021,5,99011,0.0
CNG,2023,6,99323,0.0
NWN,2021,12,98642,0.0
CNG,2024,6,98276,0.0
CNG,2021,5,98233,0.0
PSE,2023,7,98233,0.0
Avista,2020,4,99185,0.0
CNG,2023,11,99337,0.0
NWN,2023,5,98604,0.0
PSE,2025,2,98342,0.0
Avista,2022,3,99218,0.0
NWN,2022,4,98307,0.0
CNG,2023,7,98282,0.0
CNG,2021,5,98277,0.0
NWN,2023,9,97388,0.0
PSE,2022,5,98371,0.0
Avista,2025,4,99207,0.0
PAC,2023,1,98936,0.0
PSE,2022,8,98391,0.0
PSE,2025,6,98112,0.0
CNG,2020,7,98295,0.0
CNG,2023,8,98295,0.0
CNG,2021,8,98370,0.0
Avista,2025,6,99151,0.0
CNG,2022,3,98276,0.0
PSE,2025,10,98596,0.0
PSE,2023,7,98110,0.0
CNG,2024,6,98244,0.0
CNG,2021,11,98311,0.0
PSE,2022,7,98374,0.0
PSE,2024,5,98109,0.0
PSE,2023,9,98244,0.0
PSE,2023,8,98257,0.0
Avista,2020,5,99160,0.0
CNG,2022,1,98902,0.0
PSE,2021,8,98372,0.0
NWN,2025,7,98606,0.0
CNG,2023,10,99301,0.0
PSE,2021,2,98409,0.0
PSE,2022,8,98342,0.0
CNG,2024,8,98528,0.0
PSE,2025,12,98033,0.0
CNG,2022,4,98802,0.0
Avista,2022,10,99181,0.0
PSE,2021,4,98531,0.0
CNG,2021,7,98563,0.0
PSE,2022,9,98372,0.0
PSE,2023,10,98270,0.0
PAC,2022,10,98902,0.0
PSE,2023,3,98532,0.0
Avista,2020,12,99110,0.0
PSE,2023,8,98121,0.0
CNG,2023,5,98936,0.0
NWN,2023,1,98666,0.0
Avista,2023,11,99130,0.0
Avista,2024,7,99131,0.0
PSE,2023,10,98037,0.0
CNG,2022,7,98295,0.0
PSE,2024,4,98204,0.0
PSE,2023,2,98371,0.0
PSE,2024,3,98284,0.0
Avista,2024,5,99174,0.0
PSE,2020,7,98104,0.0
NWN,2022,9,98666,0.0
PSE,2025,5,98589,0.0
PSE,2024,8,98021,0.0
PSE,2021,11,98532,0.0
CNG,2020,3,98295,76.15
NWN,2022,10,98601,0.0
PSE,2024,6,98032,0.0
Avista,2021,7,99151,0.0
PSE,2021,1,98373,0.0
PAC,2023,3,98901,0.0
PAC,2020,11,98948,0.0
NWN,2022,6,98610,0.0
PSE,2022,3,98027,0.0
PSE,2025,2,98225,0.0
PAC,2022,5,98952,0.0
PSE,2020,6,98579,0.0
CNG,2020,3,98282,54.75
CNG,2023,1,98942,0.0
PSE,2022,1,98043,0.0
CNG,2022,6,98625,0.0
NWN,2022,10,98610,0.0
Avista,2021,10,99122,0.0
CNG,2020,8,98226,0.0
PSE,2023,4,98122,0.0
CNG,2023,6,98370,0.0
PSE,2021,6,98074,0.0
NWN,2020,9,98642,0.0
NWN,2020,4,98629,0.0
PSE,2023,5,98467,0.0
PAC,2022,9,98938,0.0
Avista,2024,8,99223,0.0
Avista,2024,11,99117,0.0
Avista,2023,1,99217,0.0
PSE,2024,6,98466,0.0
Avista,2020,5,99218,0.0
NWN,2023,6,98628,0.0
CNG,2025,8,98295,0.0
NWN,2021,11,98674,0.0
PSE,2020,7,98045,0.0
PSE,2023,1,98070,0.0
PSE,2020,12,98467,0.0
PSE,2022,7,98404,0.0
PSE,2025,2,98208,0.0
Avista,2023,8,99167,0.0
NWN,2021,12,98864,0.0
Avista,2020,10,99212,0.0
PSE,2023,12,98327,0.0
PAC,2022,3,98932,0.0
CNG,2023,5,98223,0.0
Avista,2024,9,99205,0.0
PAC,2023,5,98921,0.0
PSE,2022,7,98092,0.0
PSE,2023,2,98030,0.0
PAC,2021,7,98948,0.0
NWN,2021,1,98601,0.0
PAC,2025,12,98948,35.06
PSE,2022,12,98337,0.0
Avista,2025,4,99103,0.0
PSE,2020,6,98053,0.0
PSE,2025,3,98444,0.0
Avista,2022,8,99018,0.0
Avista,2024,9,99158,0.0
PSE,2022,8,98005,0.0
PSE,2023,12,98178,0.0
Avista,2022,5,99129,0.0
PAC,2024,7,98952,0.0
NWN,2024,5,98683,0.0
NWN,2024,4,98208,0.0
PSE,2023,7,98922,0.0
Avista,2020,4,99027,0.0
PSE,2023,10,98040,0.0
NWN,2022,4,98119,0.0
PAC,2022,11,98908,0.0
Avista,2024,8,99004,0.0
CNG,2025,4,98802,0.0
PSE,2023,1,98589,0.0
Avista,2025,3,98648,0.0
PAC,2025,10,98903,6.71
CNG,2023,1,98625,0.0
PSE,2023,9,98370,0.0
Avista,2023,3,99122,0.0
PSE,2025,12,98144,0.0
PSE,2023,2,98058,0.0
PSE,2024,8,98056,0.0
CNG,2022,1,98367,0.0
PSE,2024,9,98380,0.0
CNG,2024,11,99344,0.0
Avista,2021,11,99151,0.0
PSE,2021,12,98037,0.0
PAC,2023,11,98952,0.0
CNG,2023,10,98550,0.0
PSE,2020,6,98116,0.0
PAC,2022,9,98939,0.0
Avista,2021,9,99101,0.0
CNG,2021,3,98557,0.0
Avista,2021,9,99158,0.0
PSE,2021,2,98277,0.0
Avista,2021,11,99021,0.0
PSE,2023,4,98106,0.0
CNG,2023,9,98584,0.0
PSE,2020,4,98053,0.0
CNG,2020,1,98230,0.0
PSE,2024,7,98277,0.0
PAC,2024,7,98939,0.0
PSE,2023,8,98201,0.0
Avista,2025,12,99170,0.0
PAC,2021,2,99329,0.0
PSE,2022,1,98270,0.0
NWN,2021,4,98648,0.0
NWN,2025,4,97388,0.0
PSE,2021,6,98204,0.0
CNG,2021,10,98802,0.0
CNG,2022,10,99350,0.0
PSE,2020,3,98941,0.0
Avista,2022,4,98857,0.0
PSE,2023,11,98146,0.0
CNG,2020,6,98264,0.0
Avista,2023,3,99033,0.0
PSE,2021,9,98512,0.0
Avista,2021,12,99014,0.0
PAC,2023,6,98921,0.0
PSE,2020,12,98359,0.0
Avista,2020,7,99160,0.0
PSE,2025,12,98117,0.0
PSE,2021,3,98045,0.0
PSE,2025,6,98922,0.0
PAC,2022,4,98942,0.0
PSE,2022,7,98255,0.0
PSE,2025,6,98026,0.0
PSE,2024,1,98057,0.0
PSE,2025,1,98119,0.0
NWN,2024,3,98639,0.0
NWN,2020,12,98127,0.0
PSE,2025,10,98125,0.0
CNG,2020,9,98584,0.0
PSE,2025,8,98387,0.0
PSE,2021,4,98148,0.0
PAC,2024,6,98952,0.0
PSE,2021,6,98380,0.0
NWN,2023,7,97301,0.0
Avista,2020,10,99341,0.0
Avista,2025,10,99206,0.0
Avista,2022,2,99129,0.0
Avista,2021,1,99021,0.0
PSE,2025,5,98370,0.0
PSE,2022,5,98418,0.0
CNG,2020,7,98948,0.0
PSE,2020,11,98467,0.0
PAC,2023,9,99361,0.0
PSE,2020,7,98402,0.0
PAC,2020,5,98935,0.0
Avista,2020,11,99130,0.0
PSE,2025,3,98074,0.0
CNG,2022,7,99336,0.0
PSE,2025,8,98576,0.0
PSE,2023,5,98502,0.0
NWN,2024,5,98668,0.0
CNG,2021,1,99323,0.0
PAC,2021,3,99328,0.0
PSE,2023,1,98404,0.0
PSE,2021,4,98262,0.0
PSE,2025,7,98027,0.0
PSE,2020,7,98532,0.0
Avista,2022,3,99371,0.0
PSE,2021,9,98321,0.0
PSE,2021,11,98102,0.0
CNG,2022,11,98233,0.0
CNG,2021,4,98932,0.0
CNG,2025,7,98225,0.0
PSE,2024,5,98038,0.0
CNG,2022,1,98932,0.0
Avista,2024,5,99107,0.0
PSE,2024,12,98275,0.0
PSE,2021,1,98244,0.0
NWN,2023,10,98127,0.0
PSE,2022,12,98102,0.0
Avista,2022,5,99176,0.0
CNG,2023,5,98948,0.0
Avista,2020,12,99025,0.0
CNG,2020,12,98520,0.0
Avista,2023,9,99157,0.0
CNG,2023,10,98908,0.0
CNG,2021,5,98944,0.0
PSE,2023,6,98502,0.0
CNG,2020,10,98226,0.0
CNG,2023,6,98284,0.0
PSE,2023,11,98101,0.0
NWN,2023,6,98682,0.0
PSE,2025,9,98244,0.0
PAC,2020,5,98908,0.0
PSE,2022,5,98531,0.0
PSE,2023,10,98178,0.0
NWN,2022,8,97388,0.0
PSE,2025,9,98226,0.0
NWN,2025,4,98307,0.0
Avista,2023,5,99157,0.0
NWN,2024,6,98674,0.0
CNG,2025,8,98848,0.0
Avista,2024,10,99023,0.0
PSE,2022,8,98074,0.0
PSE,2025,8,98409,0.0
CNG,2021,9,98314,0.0
PSE,2023,12,98072,0.0
Avista,2024,5,99031,0.0
CNG,2021,5,98337,0.0
PSE,2023,10,98589,0.0
Avista,2021,4,99034,0.0
PSE,2024,8,98092,0.0
Avista,2021,7,99025,0.0
CNG,2022,11,98314,0.0
NWN,2020,12,98626,0.0
CNG,2022,10,98220,0.0
Avista,2022,6,99218,0.0
PSE,2025,6,98579,0.0
CNG,2024,5,98944,0.0
Avista,2020,10,99149,0.0
CNG,2025,10,98632,0.0
NWN,2025,9,98620,0.0
Avista,2022,12,99161,0.0
PSE,2024,4,98070,0.0
Avista,2025,1,98857,0.0
Avista,2023,5,99159,0.0
CNG,2023,2,98273,0.0
PSE,2021,4,98102,0.0
Avista,2022,5,99149,0.0
PSE,2022,8,98467,0.0
Avista,2021,10,99034,0.0
CNG,2021,5,98282,0.0
PSE,2020,11,98501,0.0
NWN,2021,7,98629,0.0
Avista,2021,12,99018,0.0
CNG,2021,11,98367,0.0
NWN,2021,7,98662,0.0
PSE,2021,1,98934,0.0
PSE,2023,7,98051,0.0
Avista,2020,9,99206,0.0
Avista,2022,10,99122,0.0
PAC,2020,5,98930,0.0
Avista,2023,8,99117,0.0
PSE,2023,10,98392,0.0
Avista,2021,8,99107,0.0
PSE,2024,1,98383,0.0
PSE,2021,11,98024,0.0
PSE,2021,2,98422,0.0
NWN,2023,6,98635,0.0
CNG,2024,2,98908,0.0
CNG,2023,4,98520,0.0
NWN,2021,5,97301,0.0
CNG,2023,11,98284,0.0
PSE,2020,6,98101,0.0
Avista,2025,1,99016,0.0
PSE,2020,7,98021,0.0
CNG,2020,1,98244,0.0
NWN,2023,2,98671,0.0
PAC,2020,5,98932,0.0
PAC,2022,12,98952,0.0
CNG,2021,11,98837,0.0
Avista,2025,9,99029,0.0
CNG,2025,11,98277,0.0
PSE,2025,3,98178,0.0
PSE,2023,9,98108,0.0
PSE,2022,11,98418,0.0
PSE,2021,7,98102,0.0
PSE,2024,11,98290,0.0
Avista,2025,1,99031,0.0
Avista,2023,4,99109,0.0
Avista,2025,5,99103,0.0
PSE,2024,10,98445,0.0
CNG,2023,11,98247,0.0
Avista,2024,8,99025,0.0
NWN,2023,9,98684,0.0
CNG,2024,2,98345,0.0
PSE,2025,4,98108,0.0
CNG,2023,3,98314,0.0
PAC,2022,9,98923,0.0
NWN,2025,11,98628,0.0
CNG,2022,3,98223,0.0
Avista,2021,7,99019,0.0
PSE,2020,9,98332,0.0
CNG,2022,4,98625,0.0
NWN,2024,6,98612,0.0
Avista,2021,3,99018,0.0
CNG,2023,10,98953,0.0
Avista,2024,6,99161,0.0
CNG,2020,2,98248,0.0
PSE,2020,9,98239,0.0
PSE,2024,11,98409,0.0
PSE,2023,1,98366,0.0
PSE,2024,4,98011,0.0
CNG,2022,6,98528,0.0
NWN,2024,4,98612,0.0
Avista,2024,8,99146,0.0
CNG,2021,1,98314,0.0
Avista,2023,12,99402,0.0
Avista,2024,4,99006,0.0
Avista,2022,1,99201,0.0
PAC,2022,11,99329,0.0
Avista,2025,8,99202,0.0
PSE,2024,4,98057,0.0
PSE,2021,11,98177,0.0
Avista,2025,7,99218,0.0
PSE,2025,2,98596,0.0
NWN,2023,7,98612,0.0
PSE,2021,2,98498,0.0
PSE,2020,3,98010,0.0
Avista,2021,12,99013,0.0
PSE,2024,12,98204,0.0
PSE,2022,4,98373,0.0
NWN,2023,6,98668,0.0
PAC,2023,1,99328,0.0
Avista,2021,5,99169,0.0
CNG,2022,4,98282,0.0
CNG,2020,9,98366,0.0
PSE,2024,11,98922,0.0
PSE,2024,11,98045,0.0
PSE,2022,12,98374,0.0
PSE,2023,12,98012,0.0
PSE,2025,3,98405,0.0
PSE,2023,3,98422,0.0
PSE,2022,2,98332,0.0
PAC,2021,10,99348,0.0
NWN,2025,7,98675,0.0
PSE,2023,5,98224,0.0
Avista,2025,7,99403,0.0
CNG,2020,1,99338,0.0
CNG,2021,6,98903,0.0
PSE,2021,3,98272,0.0
NWN,2024,3,98127,0.0
Avista,2021,8,99003,0.0
PSE,2020,6,98021,0.0
PSE,2021,10,98391,0.0
CNG,2024,9,98264,0.0
Avista,2021,1,99130,0.0
NWN,2020,12,97301,0.0
PAC,2023,12,99324,0.0
PAC,2022,4,99362,0.0
Avista,2022,11,99003,0.0
PSE,2023,8,98033,0.0
PSE,2020,6,98155,0.0
PSE,2024,6,98204,0.0
PSE,2025,6,98125,0.0
Avista,2025,6,99164,0.0
CNG,2022,5,98802,0.0
Avista,2022,2,99011,0.0
Avista,2023,3,99103,0.0
Avista,2020,5,99174,0.0
Avista,2021,2,99216,0.0
Avista,2023,1,99260,0.0
NWN,2022,8,98662,0.0
NWN,2025,1,98610,0.0
PSE,2022,12,98516,0.0
CNG,2025,1,98274,0.0
PSE,2022,4,98424,0.0
PSE,2022,9,98374,0.0
PSE,2020,6,98310,0.0
PSE,2021,12,98028,0.0
Avista,2023,5,99009,0.0
NWN,2020,4,98610,0.0
NWN,2025,9,98664,0.0
PSE,2024,4,98406,0.0
CNG,2023,1,99337,0.0
Avista,2021,10,99174,0.0
Avista,2023,9,99143,0.0
NWN,2024,10,98682,0.0
NWN,2024,9,98662,0.0
PSE,2024,2,98388,0.0
Avista,2022,9,99170,0.0
CNG,2022,1,98257,0.0
PSE,2022,7,98122,0.0
PAC,2024,9,98923,0.0
PSE,2020,6,98390,0.0
PSE,2021,3,98402,0.0
PSE,2022,12,98501,0.0
NWN,2022,3,98307,0.0
Avista,2023,3,99104,0.0
Avista,2024,10,99026,0.0
Avista,2022,2,99205,0.0
PSE,2020,10,98233,0.0
Avista,2025,10,99034,0.0
PAC,2020,8,98935,0.0
PSE,2021,2,98053,0.0
PSE,2024,12,98248,0.0
Avista,2025,7,99216,0.0
PSE,2024,11,98445,0.0
CNG,2023,9,98226,0.0
PSE,2023,10,98439,0.0
PSE,2022,6,98126,0.0
CNG,2020,7,98902,0.0
PSE,2024,3,98058,0.0
CNG,2024,10,98295,0.0
PSE,2020,11,98257,0.0
NWN,2023,12,98620,0.0
PSE,2021,9,98337,0.0
PSE,2020,9,98342,0.0
Avista,2021,12,99170,0.0
PAC,2020,12,99301,0.0
CNG,2023,3,98240,0.0
Avista,2024,8,99206,0.0
PSE,2022,12,98424,0.0
PSE,2024,5,98028,0.0
PAC,2020,1,98935,289.0
Avista,2020,7,99159,0.0
PSE,2020,10,98208,0.0
PSE,2023,7,98105,0.0
PAC,2023,3,99350,0.0
PSE,2023,1,98043,0.0
PSE,2023,6,98501,0.0
PAC,2021,2,99350,0.0
Avista,2021,2,99402,0.0
Avista,2025,2,99341,0.0
Avista,2023,2,99009,0.0
PSE,2025,5,98102,0.0
PSE,2020,5,98040,0.0
Avista,2021,9,99169,0.0
PSE,2025,9,98058,0.0
PSE,2021,7,98026,0.0
CNG,2025,9,98274,0.0
Avista,2025,10,99027,0.0
PSE,2023,8,98266,0.0
Avista,2025,2,99003,0.0
PAC,2022,3,98908,0.0
Avista,2020,10,99344,0.0
Avista,2021,2,99161,0.0
PSE,2025,10,98032,0.0
Avista,2023,3,99341,0.0
Avista,2020,8,99185,0.0
Avista,2023,9,99326,0.0
PSE,2021,12,98370,0.0
CNG,2024,8,98292,0.0
NWN,2025,7,98119,0.0
PSE,2021,12,98596,0.0
PSE,2023,5,98446,0.0
PSE,2024,11,98579,0.0
PSE,2024,12,98052,0.0
NWN,2025,2,98666,0.0
Avista,2024,1,99170,0.0
Avista,2025,2,99138,0.0
PSE,2022,2,98051,0.0
PSE,2022,2,98274,0.0
Avista,2021,6,99163,0.0
PSE,2024,3,98418,0.0
PSE,2020,11,98042,0.0
NWN,2023,2,98635,0.0
Avista,2025,5,99129,0.0
CNG,2025,6,98273,0.0
CNG,2021,7,98282,0.0
Avista,2021,8,99170,0.0
PSE,2023,11,98337,0.0
Avista,2021,6,99125,0.0
Avista,2020,4,99143,0.0
Avista,2025,4,99161,0.0
NWN,2022,10,98612,0.0
CNG,2024,9,99324,0.0
PSE,2023,5,98373,0.0
Avista,2022,9,99008,0.0
PSE,2024,1,98177,0.0
PSE,2023,8,98047,0.0
PSE,2024,9,98402,0.0
Avista,2020,12,99176,0.0
Avista,2021,2,99176,0.0
PSE,2021,1,98327,0.0
PSE,2023,5,98248,0.0
Avista,2024,2,99185,0.0
PSE,2025,5,98926,0.0
PSE,2024,7,98338,0.0
PSE,2025,10,98122,0.0
PSE,2022,3,98188,0.0
CNG,2024,10,98632,0.0
PSE,2025,12,98038,0.0
CNG,2022,10,98953,0.0
PSE,2023,7,98387,0.0
Avista,2021,8,99151,0.0
PSE,2025,9,98366,0.0
PAC,2020,6,98942,0.0
PSE,2025,7,98273,0.0
PSE,2023,8,98038,0.0
PAC,2022,11,98937,0.0
Avista,2023,12,99019,0.0
CNG,2022,8,98902,0.0
Avista,2023,4,99006,0.0
NWN,2020,7,98610,0.0
PSE,2024,7,98230,0.0
PSE,2025,8,98148,0.0
CNG,2025,6,98229,0.0
PSE,2023,7,98003,0.0
PSE,2023,9,98102,0.0
PSE,2024,3,98004,0.0
Avista,2021,4,99011,0.0
Avista,2020,9,99033,0.0
PSE,2021,9,98103,0.0
NWN,2023,8,98672,0.0
CNG,2021,3,98337,0.0
Avista,2024,8,99040,0.0
Avista,2025,2,99204,0.0
Avista,2023,9,99341,0.0
Avista,2024,3,99176,0.0
CNG,2022,5,98625,0.0
Avista,2025,6,99174,0.0
PSE,2020,8,98506,0.0
PAC,2023,7,99348,0.0
PSE,2023,3,98266,0.0
PSE,2024,11,98166,0.0
PSE,2020,11,98110,0.0
Avista,2021,12,99109,0.0
PSE,2023,12,98070,0.0
Avista,2023,6,98648,0.0
PSE,2025,4,98284,0.0
PSE,2024,6,98033,0.0
Avista,2024,8,99171,0.0
CNG,2020,12,98311,0.0
CNG,2024,7,98230,0.0
CNG,2024,4,98248,0.0
NWN,2025,8,98682,0.0
PAC,2022,11,98930,0.0
PSE,2023,2,98037,0.0
PSE,2020,7,98208,0.0
CNG,2024,7,99301,0.0
PAC,2022,6,98948,0.0
PSE,2020,10,98404,0.0
Avista,2022,9,99027,0.0
PSE,2023,2,98121,0.0
PSE,2024,4,98258,0.0
PSE,2025,8,98257,0.0
PSE,2025,4,98270,0.0
Avista,2021,6,99026,0.0
Avista,2024,10,99170,0.0
CNG,2020,5,98930,0.0
Avista,2024,9,99144,0.0
Avista,2023,5,99030,0.0
PSE,2024,11,98239,0.0
PAC,2024,6,98938,0.0
PSE,2020,10,98332,0.0
PAC,2023,12,98932,0.0
PSE,2020,6,98371,0.0
PSE,2022,10,98941,0.0
PSE,2024,8,98390,0.0
PSE,2022,11,98038,0.0
PSE,2021,5,98005,0.0
CNG,2025,8,98223,0.0
PSE,2023,10,98512,0.0
Avista,2022,9,99223,0.0
PSE,2023,1,98026,0.0
CNG,2020,10,98310,0.0
PSE,2020,10,98337,0.0
NWN,2025,3,98665,0.0
PSE,2022,12,98934,0.0
Avista,2020,10,99114,0.0
Avista,2024,1,99027,0.0
PSE,2024,5,98360,0.0
PSE,2024,1,98271,0.0
PSE,2023,9,98148,0.0
PSE,2021,7,98375,0.0
PSE,2025,4,98101,0.0
PSE,2022,9,98346,0.0
CNG,2023,3,98312,0.0
CNG,2024,3,98311,0.0
PSE,2023,2,98335,0.0
PSE,2022,9,98022,0.0
PSE,2023,1,98270,0.0
NWN,2020,5,98672,0.0
PSE,2022,9,98118,0.0
PSE,2022,11,98117,0.0
PSE,2022,3,98439,0.0
NWN,2022,7,98119,0.0
PSE,2024,3,98424,0.0
NWN,2021,11,98208,0.0
PSE,2022,6,98506,0.0
PAC,2020,6,99301,0.0
NWN,2025,7,98762,0.0
PSE,2024,4,98342,0.0
PSE,2022,2,98105,0.0
CNG,2023,12,98264,0.0
CNG,2022,12,98225,0.0
PSE,2021,7,98001,0.0
CNG,2020,11,98901,0.0
CNG,2025,11,98220,0.0
PSE,2023,8,98070,0.0
Avista,2025,6,99128,0.0
PSE,2024,3,98373,0.0
NWN,2022,1,98663,0.0
NWN,2023,9,98617,0.0
CNG,2024,6,98942,0.0
PSE,2025,6,98404,0.0
NWN,2021,10,98668,0.0
PSE,2021,6,98934,0.0
PSE,2021,2,98166,0.0
Avista,2024,12,99224,0.0
Avista,2025,10,99164,0.0
Avista,2022,6,99037,0.0
CNG,2025,11,99344,0.0
NWN,2024,10,97031,0.0
PSE,2023,11,98106,0.0
Avista,2025,12,99102,0.0
CNG,2025,3,98674,0.0
Avista,2024,4,99131,0.0
PSE,2022,1,98922,0.0
Avista,2025,10,99109,0.0
Avista,2025,9,99148,0.0
Avista,2023,9,99012,0.0
NWN,2024,7,98664,0.0
Avista,2021,2,99023,0.0
CNG,2025,9,98337,0.0
Avista,2025,9,99371,0.0
PSE,2021,10,98380,0.0
Avista,2023,1,99025,0.0
NWN,2025,5,98675,0.0
CNG,2025,3,98284,0.0
Avista,2024,3,99137,0.0
PAC,2024,5,99350,0.0
PSE,2025,9,98367,0.0
CNG,2023,8,98557,0.0
PSE,2020,10,98027,0.0
PSE,2024,12,98225,0.0
PSE,2023,4,98022,0.0
CNG,2021,3,98953,0.0
Avista,2024,8,99016,0.0
CNG,2025,6,98930,0.0
CNG,2023,3,98257,0.0
PSE,2020,10,98224,0.0
PAC,2024,12,98930,0.0
Avista,2024,12,99335,0.0
PSE,2025,11,98926,0.0
Avista,2021,8,99122,0.0
PSE,2022,11,98260,0.0
Avista,2025,3,99138,0.0
NWN,2023,11,98671,0.0
CNG,2024,1,98367,0.0
NWN,2020,11,98685,0.0
Avista,2025,10,99144,0.0
NWN,2021,2,98605,0.0
Avista,2020,4,99037,0.0
Avista,2021,7,99027,0.0
Avista,2024,9,99206,0.0
PSE,2020,5,98310,0.0
PSE,2024,12,98338,0.0
PAC,2022,12,98937,0.0
Avista,2022,7,99117,0.0
CNG,2025,9,98674,0.0
PSE,2025,8,98266,0.0
Avista,2022,4,99023,0.0
Avista,2021,5,99138,0.0
PSE,2022,2,98445,0.0
Avista,2023,10,99156,0.0
PSE,2024,4,98033,0.0
PSE,2023,7,98262,0.0
PSE,2021,5,98036,0.0
PSE,2020,8,98199,0.0
Avista,2020,12,99019,0.0
PSE,2024,12,98038,0.0
PAC,2022,8,98952,0.0
PSE,2024,3,98359,0.0
PSE,2022,3,98922,0.0
CNG,2022,2,98611,0.0
PAC,2022,3,98942,0.0
Avista,2024,2,99160,0.0
Avista,2022,12,99157,0.0
CNG,2020,10,98244,0.0
PSE,2022,12,98148,0.0
NWN,2025,6,98682,0.0
PSE,2025,3,98273,0.0
NWN,2024,7,98307,0.0
PSE,2022,7,98008,0.0
PSE,2023,6,98232,0.0
NWN,2025,5,98648,0.0
Avista,2022,8,99129,0.0
PAC,2023,3,99363,0.0
PSE,2022,1,98332,0.0
PSE,2023,2,98576,0.0
PAC,2023,4,98951,0.0
Avista,2024,6,99335,0.0
PSE,2025,11,98405,0.0
PAC,2022,2,98933,0.0
PAC,2022,7,98947,0.0
Avista,2025,3,99012,0.0
PSE,2023,7,98026,0.0
PSE,2025,10,98177,0.0
CNG,2020,3,98366,985.76
PSE,2024,11,98055,0.0
NWN,2025,3,98601,0.0
Avista,2023,4,99148,0.0
Avista,2025,1,99170,0.0
NWN,2025,2,98660,0.0
PAC,2025,3,98948,35.67
CNG,2023,5,98951,0.0
PSE,2020,6,98383,0.0
Avista,2024,9,99006,0.0
CNG,2023,4,99323,0.0
NWN,2021,10,98663,0.0
Avista,2021,5,98620,0.0
Avista,2021,1,99151,0.0
PSE,2020,5,98037,0.0
PSE,2024,4,98248,0.0
NWN,2023,5,97388,0.0
PSE,2022,2,98262,0.0
PSE,2020,10,98373,0.0
PSE,2023,2,98178,0.0
Avista,2021,8,99005,0.0
PSE,2023,10,98366,0.0
CNG,2022,6,98611,0.0
NWN,2020,9,98672,0.0
Avista,2023,6,99212,0.0
PSE,2022,10,98327,0.0
PSE,2021,11,98311,0.0
Avista,2021,3,99163,0.0
PAC,2022,9,98937,0.0
CNG,2025,6,98230,0.0
PSE,2021,10,98121,0.0
CNG,2025,5,98244,0.0
PSE,2022,5,98290,0.0
Avista,2022,9,99019,0.0
Avista,2021,12,99208,0.0
Avista,2023,10,99207,0.0
Avista,2024,1,99173,0.0
PSE,2024,5,98332,0.0
PSE,2023,7,98221,0.0
PSE,2022,10,98392,0.0
PSE,2023,5,98274,0.0
NWN,2025,1,98660,0.0
PSE,2023,6,98499,0.0
CNG,2021,8,98932,0.0
CNG,2020,2,98295,0.0
Avista,2020,8,99129,0.0
Avista,2025,4,99403,0.0
NWN,2025,4,98620,0.0
PSE,2020,5,98597,0.0
PSE,2020,6,98019,0.0
PSE,2025,4,98467,0.0
PSE,2023,8,98275,0.0
PSE,2020,9,98198,0.0
Avista,2022,11,99403,0.0
CNG,2025,3,98802,0.0
PAC,2025,3,99362,50.88
PSE,2025,6,98266,0.0
Avista,2024,10,99005,0.0
PSE,2023,10,98021,0.0
PSE,2021,4,98439,0.0
CNG,2023,6,98229,0.0
NWN,2020,6,98686,0.0
PAC,2020,11,99360,0.0
PSE,2024,7,98337,0.0
CNG,2021,10,99337,0.0
PSE,2023,4,98029,0.0
PAC,2024,12,98953,0.0
PSE,2025,7,98057,0.0
Avista,2023,3,99030,0.0
PSE,2022,1,98027,0.0
CNG,2025,1,99337,0.0
PAC,2024,9,98932,0.0
PAC,2023,3,98935,0.0
PSE,2020,5,98337,0.0
Avista,2025,5,99148,0.0
PSE,2022,7,98360,0.0
PSE,2023,5,98501,0.0
PSE,2020,8,98028,0.0
Avista,2022,12,99126,0.0
PSE,2024,9,98498,0.0
PAC,2022,2,98902,0.0
PSE,2023,1,98031,0.0
CNG,2025,5,98563,0.0
NWN,2023,8,98666,0.0
Avista,2025,10,99026,0.0
PSE,2024,7,98055,0.0
PSE,2021,11,98012,0.0
PSE,2021,12,98444,0.0
CNG,2024,10,99338,0.0
PSE,2023,3,98232,0.0
PSE,2020,3,98375,0.0
PAC,2024,11,98944,0.0
PSE,2024,6,98133,0.0
PSE,2025,11,98177,0.0
CNG,2022,1,99350,0.0
PSE,2022,3,98273,0.0
PAC,2021,4,99328,0.0
CNG,2025,10,98837,0.0
PSE,2022,12,98121,0.0
NWN,2024,12,98125,0.0
CNG,2025,5,99324,0.0
Avista,2024,9,99208,0.0
PSE,2020,9,98022,0.0
Avista,2023,4,99027,0.0
Avista,2022,1,99228,0.0
CNG,2021,2,98295,0.0
PSE,2020,7,98110,0.0
PSE,2022,3,98332,0.0
CNG,2023,3,99337,0.0
PSE,2021,6,98208,0.0
PAC,2020,9,99323,0.0
NWN,2021,6,98660,0.0
Avista,2024,6,99030,0.0
NWN,2022,8,98642,0.0
PSE,2022,12,98056,0.0
PSE,2020,3,98226,0.0
PAC,2023,3,98908,0.0
Avista,2021,11,99019,0.0
PSE,2022,11,98055,0.0
NWN,2024,1,98606,0.0
Avista,2023,11,99117,0.0
Avista,2022,2,99326,0.0
Avista,2024,9,99218,0.0
PSE,2021,8,98405,0.0
CNG,2022,6,98220,0.0
Avista,2021,11,99110,0.0
CNG,2025,11,99323,0.0
NWN,2025,4,98125,0.0
PSE,2021,9,98074,0.0
PSE,2024,5,98072,0.0
Avista,2025,5,99202,0.0
NWN,2020,3,98604,0.0
CNG,2024,3,98277,0.0
PSE,2020,12,98499,0.0
CNG,2021,12,99362,0.0
PSE,2021,7,98004,0.0
CNG,2023,2,99350,0.0
CNG,2020,5,98801,0.0
PSE,2023,10,98033,0.0
PSE,2024,2,98346,0.0
PSE,2023,2,98045,0.0
PSE,2024,9,98026,0.0
PAC,2021,10,98936,0.0
PSE,2020,6,98422,0.0
PSE,2024,7,98037,0.0
PSE,2023,11,98270,0.0
CNG,2023,12,99338,0.0
CNG,2025,11,98584,0.0
CNG,2025,11,98226,0.0
CNG,2020,6,98276,0.0
CNG,2021,2,98848,0.0
Avista,2021,6,99036,0.0
CNG,2023,7,98367,0.0
Avista,2023,8,99033,0.0
CNG,2025,11,98229,0.0
PSE,2020,10,98338,0.0
PSE,2025,12,98226,0.0
CNG,2021,3,99362,0.0
NWN,2025,12,98612,0.0
PSE,2023,5,98104,0.0
PSE,2021,3,98058,0.0
PSE,2022,6,98070,0.0
PSE,2021,9,98038,0.0
PSE,2022,5,98424,0.0
CNG,2022,2,99352,0.0
PSE,2020,10,98055,0.0
PSE,2022,4,98498,0.0
Avista,2020,12,99040,0.0
CNG,2024,11,98953,0.0
PSE,2021,11,98087,0.0
PSE,2021,10,98201,0.0
PSE,2024,3,98022,0.0
PAC,2021,9,98952,0.0
PAC,2022,7,98948,0.0
PSE,2023,6,98597,0.0
PSE,2023,12,98501,0.0
PSE,2021,11,98074,0.0
CNG,2020,12,98584,0.0
Avista,2025,10,99170,0.0
CNG,2025,4,98264,0.0
CNG,2025,4,98274,0.0
CNG,2025,7,98220,0.0
CNG,2023,7,98550,0.0
Avista,2024,5,99151,0.0
Avista,2023,4,99004,0.0
PSE,2023,3,98031,0.0
PSE,2025,1,98118,0.0
CNG,2021,12,99337,0.0
PSE,2020,7,98198,0.0
CNG,2024,3,98848,0.0
NWN,2021,5,98762,0.0
PSE,2021,12,98270,0.0
Avista,2022,1,99208,0.0
CNG,2024,3,98292,0.0
CNG,2023,4,98337,0.0
PSE,2020,9,98273,0.0
PSE,2021,2,98030,0.0
NWN,2023,10,98674,0.0
PAC,2023,4,99363,0.0
PSE,2020,7,98391,0.0
PAC,2024,10,99329,0.0
PAC,2022,11,98921,0.0
CNG,2024,5,98282,0.0
PSE,2020,8,98445,0.0
PSE,2020,3,98118,0.0
Avista,2021,4,99174,0.0
PSE,2024,4,98270,0.0
Avista,2025,9,99023,0.0
PSE,2023,10,98155,0.0
Avista,2020,12,99158,0.0
PSE,2024,10,98053,0.0
Avista,2025,9,99031,0.0
PAC,2022,1,98944,0.0
PSE,2024,5,98391,0.0
PSE,2023,3,98310,0.0
CNG,2021,6,98932,0.0
CNG,2020,11,98221,0.0
PAC,2023,8,98937,0.0
NWN,2020,7,98127,0.0
Avista,2022,7,99114,0.0
Avista,2020,10,99111,0.0
PAC,2024,2,99362,0.0
Avista,2024,12,99141,0.0
PSE,2025,8,98072,0.0
CNG,2021,10,99362,0.0
CNG,2020,1,98277,0.0
PSE,2025,12,98208,0.0
Avista,2024,6,99176,0.0
Avista,2025,3,99003,0.0
CNG,2022,12,98271,0.0
CNG,2023,4,99352,0.0
CNG,2024,5,98584,0.0
PSE,2023,6,98404,0.0
PSE,2024,7,98117,0.0
CNG,2025,8,98953,0.0
PSE,2025,11,98516,0.0
NWN,2022,4,98604,0.0
PSE,2025,2,98146,0.0
NWN,2024,7,98663,0.0
CNG,2025,9,98930,0.0
Avista,2024,10,99149,0.0
PSE,2023,10,98109,0.0
CNG,2025,9,98908,0.0
NWN,2022,2,98648,0.0
PSE,2022,10,98332,0.0
NWN,2023,12,98663,0.0
PSE,2021,9,98119,0.0
Avista,2025,2,99107,0.0
PSE,2020,7,98012,0.0
PAC,2024,7,98901,0.0
PSE,2025,8,98043,0.0
Avista,2020,11,99171,0.0
CNG,2024,1,98942,0.0
PSE,2025,10,98498,0.0
NWN,2021,11,98639,0.0
PSE,2022,11,98404,0.0
PAC,2020,4,99363,0.0
PSE,2023,10,98001,0.0
NWN,2023,4,98674,0.0
PSE,2023,11,98201,0.0
PSE,2025,9,98404,0.0
Avista,2021,11,99001,0.0
PAC,2020,2,99362,3020.0
PSE,2022,4,98366,0.0
PSE,2020,8,98021,0.0
Avista,2025,3,99129,0.0
PSE,2024,11,98029,0.0
PSE,2021,12,98391,0.0
Avista,2021,9,99260,0.0
Avista,2020,11,99126,0.0
PSE,2024,10,98038,0.0
PSE,2022,7,98275,0.0
NWN,2022,4,98648,0.0
CNG,2020,3,98557,21.81
NWN,2021,3,98671,0.0
PAC,2022,3,98948,0.0
Avista,2024,11,99003,0.0
PSE,2025,7,98446,0.0
Avista,2021,6,99009,0.0
PSE,2025,3,98043,0.0
PSE,2025,7,98439,0.0
PAC,2025,4,98902,54.2
PSE,2025,12,98105,0.0
NWN,2025,11,98119,0.0
PSE,2025,11,98003,0.0
PSE,2025,7,98040,0.0
Avista,2020,5,99220,0.0
CNG,2023,3,98584,0.0
Avista,2020,6,99341,0.0
Avista,2025,5,99161,0.0
PSE,2020,11,98275,0.0
CNG,2021,8,98230,0.0
PSE,2021,4,98922,0.0
PSE,2022,5,98444,0.0
PSE,2020,12,98026,0.0
Avista,2023,2,99174,0.0
CNG,2025,6,98848,0.0
NWN,2022,2,98668,0.0
PSE,2024,8,98380,0.0
Avista,2022,3,99206,0.0
PSE,2022,3,98056,0.0
CNG,2025,3,98230,0.0
NWN,2023,9,98026,0.0
NWN,2021,2,98671,0.0
PSE,2024,9,98516,0.0
PSE,2020,4,98038,0.0
CNG,2023,1,98632,0.0
PSE,2025,4,98239,0.0
Avista,2023,8,99039,0.0
PSE,2024,4,98028,0.0
Avista,2021,2,99403,0.0
PSE,2025,5,98117,0.0
PSE,2022,5,98008,0.0
Avista,2020,5,99146,0.0
Avista,2023,10,99167,0.0
CNG,2020,1,98936,0.0
PSE,2022,3,98001,0.0
Avista,2023,6,99134,0.0
PSE,2023,7,98239,0.0
PSE,2020,7,98028,0.0
PSE,2021,12,98926,0.0
PSE,2023,9,98501,0.0
Avista,2021,10,99212,0.0
PSE,2023,2,98506,0.0
PSE,2022,10,98118,0.0
CNG,2020,10,98367,0.0
Avista,2025,11,99179,0.0
PSE,2023,6,98589,0.0
Avista,2025,5,99030,0.0
PSE,2024,10,98116,0.0
PSE,2020,11,98941,0.0
PSE,2021,10,98270,0.0
PSE,2025,1,98042,0.0
CNG,2020,2,98273,0.0
PSE,2022,11,98010,0.0
PSE,2025,11,98375,0.0
PSE,2024,2,98290,0.0
Avista,2024,4,98857,0.0
CNG,2022,9,98220,0.0
PSE,2025,6,98146,0.0
CNG,2022,4,99336,0.0
CNG,2025,5,98282,0.0
CNG,2020,2,98276,0.0
PSE,2024,5,98255,0.0
PSE,2021,9,98516,0.0
NWN,2023,2,98648,0.0
Avista,2024,5,99207,0.0
Avista,2021,10,99371,0.0
CNG,2020,7,98277,0.0
PSE,2021,7,98005,0.0
PSE,2022,3,98272,0.0
PSE,2024,10,98408,0.0
PSE,2025,2,98178,0.0
Avista,2021,7,99206,0.0
PSE,2021,9,98178,0.0
PAC,2024,11,98952,0.0
CNG,2025,9,98936,0.0
Avista,2024,2,99202,0.0
PSE,2024,4,98372,0.0
PSE,2021,5,98406,0.0
Avista,2023,9,99037,0.0
PSE,2022,6,98036,0.0
PAC,2025,9,98935,6.37
PSE,2025,4,98051,0.0
PSE,2021,3,98019,0.0
PSE,2025,7,98346,0.0
CNG,2020,3,99301,385.98
Avista,2021,7,99013,0.0
Avista,2023,4,99130,0.0
PSE,2023,2,98119,0.0
CNG,2022,2,98942,0.0
PAC,2023,7,99328,0.0
CNG,2023,9,99352,0.0
NWN,2025,12,98606,0.0
PSE,2025,11,98589,0.0
CNG,2023,6,98282,0.0
PSE,2023,6,98109,0.0
NWN,2024,3,98685,0.0
PSE,2022,7,98053,0.0
PSE,2023,6,98373,0.0
CNG,2024,6,99354,0.0
PSE,2023,9,98117,0.0
PSE,2022,5,98272,0.0
PSE,2021,1,98027,0.0
PSE,2021,1,98391,0.0
Avista,2025,3,99005,0.0
Avista,2024,4,99005,0.0
PSE,2022,11,98144,0.0
PSE,2024,9,98439,0.0
Avista,2025,10,99006,0.0
PSE,2023,5,98055,0.0
PSE,2024,12,98532,0.0
NWN,2022,2,98674,0.0
PSE,2021,1,98233,0.0
PSE,2022,1,98125,0.0
PSE,2023,1,98390,0.0
NWN,2020,8,98635,0.0
PSE,2021,2,98404,0.0
PSE,2020,8,98168,0.0
PSE,2021,3,98008,0.0
CNG,2022,6,98223,0.0
CNG,2024,9,98848,0.0
NWN,2024,2,98686,0.0
CNG,2020,6,99336,0.0
PSE,2022,11,98012,0.0
PSE,2021,12,98499,0.0
PSE,2021,10,98424,0.0
PSE,2023,8,98029,0.0
CNG,2024,3,98282,0.0
PSE,2023,3,98516,0.0
Avista,2022,5,99326,0.0
Avista,2020,5,99138,0.0
PSE,2020,7,98022,0.0
PSE,2024,8,98119,0.0
PAC,2024,9,98930,0.0
Avista,2021,10,99148,0.0
Avista,2021,11,99146,0.0
PSE,2021,5,98311,0.0
Avista,2025,11,99113,0.0
PSE,2023,10,98335,0.0
CNG,2025,7,98524,0.0
CNG,2025,10,98337,0.0
PAC,2022,9,99348,0.0
CNG,2022,5,98902,0.0
CNG,2025,6,98563,0.0
CNG,2024,4,98632,0.0
PSE,2021,6,98117,0.0
PSE,2021,8,98576,0.0
CNG,2024,5,98244,0.0
PSE,2022,5,98103,0.0
Avista,2021,6,98648,0.0
CNG,2024,11,98550,0.0
CNG,2024,3,98942,0.0
NWN,2022,1,98617,0.0
PSE,2023,7,98006,0.0
CNG,2021,7,98951,0.0
NWN,2024,7,98686,0.0
PSE,2020,10,98499,0.0
PSE,2022,12,98058,0.0
Avista,2022,8,99131,0.0
PSE,2025,7,98226,0.0
NWN,2022,11,98605,0.0
Avista,2023,11,99029,0.0
Avista,2023,9,99167,0.0
PSE,2025,11,98055,0.0
NWN,2022,3,98683,0.0
CNG,2021,10,98520,0.0
NWN,2020,10,98665,0.0
PSE,2024,7,98010,0.0
PSE,2022,11,98467,0.0
Avista,2025,1,99025,0.0
PSE,2023,5,98371,0.0
PSE,2025,12,98133,0.0
Avista,2023,7,99030,0.0
PSE,2024,2,98024,0.0
PSE,2024,4,98388,0.0
PSE,2020,7,98072,0.0
NWN,2020,7,98671,0.0
Avista,2020,5,99149,0.0
PSE,2023,5,98408,0.0
Avista,2023,7,99138,0.0
NWN,2021,1,98672,0.0
NWN,2022,5,98629,0.0
Avista,2021,2,99156,0.0
NWN,2025,7,98682,0.0
PSE,2021,3,98148,0.0
PSE,2024,10,98168,0.0
Avista,2024,2,99107,0.0
PSE,2024,5,98283,0.0
PSE,2023,7,98290,0.0
PSE,2024,11,98506,0.0
PSE,2024,2,98117,0.0
PSE,2025,2,98031,0.0
NWN,2021,6,98606,0.0
Avista,2024,8,99149,0.0
Avista,2024,4,99040,0.0
CNG,2024,12,98257,0.0
PSE,2025,6,98338,0.0
Avista,2023,12,99171,0.0
PSE,2022,12,98022,0.0
Avista,2023,5,99223,0.0
CNG,2020,2,98903,0.0
CNG,2021,4,98229,0.0
PSE,2024,1,98032,0.0
NWN,2021,11,98648,0.0
Avista,2023,12,99101,0.0
PSE,2021,12,98027,0.0
NWN,2025,5,98607,0.0
CNG,2020,3,98563,84.14
PSE,2025,12,98424,0.0
Avista,2025,9,99126,0.0
CNG,2024,1,98225,0.0
PSE,2024,9,98404,0.0
PSE,2022,12,98092,0.0
Avista,2021,12,99023,0.0
Avista,2025,1,99034,0.0
Avista,2023,7,99025,0.0
NWN,2021,8,98762,0.0
Avista,2020,10,99203,0.0
PSE,2023,2,98512,0.0
NWN,2025,4,98601,0.0
PSE,2020,6,98402,0.0
PSE,2021,9,98922,0.0
PSE,2024,10,98126,0.0
PAC,2022,10,99360,0.0
CNG,2025,10,99324,0.0
PSE,2022,12,98373,0.0
CNG,2025,7,98936,0.0
Avista,2023,7,99144,0.0
Avista,2023,6,99114,0.0
PSE,2025,6,98258,0.0
PSE,2022,1,98144,0.0
NWN,2020,11,98660,0.0
CNG,2020,3,98311,761.57
PAC,2020,3,98902,21.0
PSE,2025,3,98439,0.0
Avista,2024,4,99004,0.0
PSE,2020,8,98359,0.0
PSE,2023,10,98003,0.0
PSE,2021,10,98001,0.0
PSE,2020,12,98370,0.0
CNG,2022,5,98674,0.0
PSE,2025,4,98105,0.0
CNG,2024,12,98802,0.0
PSE,2020,3,98232,0.0
Avista,2021,4,99006,0.0
PSE,2021,7,98010,0.0
Avista,2022,8,99174,0.0
Avista,2024,12,99131,0.0
PSE,2024,2,98109,0.0
PSE,2025,3,98338,0.0
PSE,2025,4,98506,0.0
PSE,2023,5,98239,0.0
Avista,2024,11,99224,0.0
NWN,2022,12,98607,0.0
PSE,2020,5,98221,0.0
PSE,2025,4,98178,0.0
PSE,2022,8,98597,0.0
CNG,2021,1,98292,0.0
CNG,2022,3,98225,0.0
Avista,2024,2,99223,0.0
PAC,2022,4,98933,0.0
Avista,2025,10,99117,0.0
NWN,2024,8,98604,0.0
Avista,2024,2,98620,0.0
PSE,2023,2,98112,0.0
PSE,2022,7,98011,0.0
PAC,2024,10,98902,0.0
PAC,2022,10,98939,0.0
Avista,2022,3,99013,0.0
Avista,2025,11,99148,0.0
PSE,2024,2,98404,0.0
PSE,2024,3,98203,0.0
NWN,2021,6,98686,0.0
PAC,2022,9,98933,0.0
PSE,2023,1,98466,0.0
PSE,2025,5,98110,0.0
PSE,2021,7,98148,0.0
Avista,2024,10,99218,0.0
PSE,2022,3,98126,0.0
NWN,2025,12,98119,0.0
NWN,2020,6,98664,0.0
PSE,2022,2,98312,0.0
Avista,2024,11,99146,0.0
Avista,2022,4,99341,0.0
PAC,2024,6,98951,0.0
PAC,2023,2,98921,0.0
PSE,2022,3,98028,0.0
NWN,2025,7,98617,0.0
CNG,2020,5,98229,0.0
PSE,2025,6,98445,0.0
NWN,2021,6,98628,0.0
Avista,2022,7,99039,0.0
PSE,2022,11,98258,0.0
PAC,2020,1,98938,176.0
PSE,2024,9,98260,0.0
CNG,2025,6,98524,0.0
PSE,2024,10,98391,0.0
Avista,2025,4,99335,0.0
Avista,2022,4,99011,0.0
Avista,2025,5,99163,0.0
PSE,2023,12,98274,0.0
Avista,2024,5,99176,0.0
PSE,2022,9,98516,0.0
PSE,2024,6,98019,0.0
PSE,2021,11,98042,0.0
CNG,2024,9,98337,0.0
PSE,2024,12,98155,0.0
CNG,2023,1,98257,0.0
PSE,2025,1,98439,0.0
NWN,2024,1,98607,0.0
CNG,2025,5,98257,0.0
PAC,2024,9,98947,0.0
Avista,2024,10,99027,0.0
PSE,2023,5,98040,0.0
PSE,2021,1,98284,0.0
CNG,2025,8,98550,0.0
PSE,2020,10,98168,0.0
PSE,2024,2,98012,0.0
NWN,2024,2,98601,0.0
PAC,2021,10,98937,0.0
NWN,2021,12,98682,0.0
Avista,2020,5,99025,0.0
PSE,2022,6,98922,0.0
PSE,2022,5,98327,0.0
NWN,2024,2,98635,0.0
PSE,2020,10,98047,0.0
Avista,2021,1,99113,0.0
CNG,2022,10,99352,0.0
PSE,2024,3,98338,0.0
CNG,2020,4,98383,0.0
CNG,2025,5,98221,0.0
PSE,2023,7,98033,0.0
Avista,2024,9,99033,0.0
PSE,2023,1,98512,0.0
Avista,2023,10,99101,0.0
PSE,2020,11,98274,0.0
PSE,2023,3,98208,0.0
CNG,2022,2,99323,0.0
PSE,2020,9,98148,0.0
PSE,2020,10,98359,0.0
Avista,2021,2,99025,0.0
PSE,2023,4,98125,0.0
CNG,2025,6,98370,0.0
Avista,2022,7,99128,0.0
PSE,2022,8,98122,0.0
NWN,2024,12,98127,0.0
PSE,2020,9,98271,0.0
PSE,2020,12,98036,0.0
Avista,2025,12,99037,0.0
CNG,2021,4,99336,0.0
PSE,2020,10,98122,0.0
PSE,2020,3,98346,0.0
PSE,2021,3,98225,0.0
Avista,2025,3,99110,0.0
PSE,2024,11,98126,0.0
NWN,2020,3,98208,0.0
CNG,2021,10,99352,0.0
Avista,2020,9,99403,0.0
Avista,2021,2,99344,0.0
Avista,2021,3,99138,0.0
PSE,2020,3,98312,0.0
Avista,2025,7,99022,0.0
Avista,2023,7,99130,0.0
PSE,2024,9,98239,0.0
Avista,2020,10,99160,0.0
Avista,2022,10,99020,0.0
Avista,2022,8,99156,0.0
PSE,2023,8,98390,0.0
PSE,2025,10,98390,0.0
Avista,2021,8,99032,0.0
Avista,2021,5,99114,0.0
PSE,2020,11,98125,0.0
NWN,2023,3,98685,0.0
PSE,2024,3,98146,0.0
Avista,2022,8,99126,0.0
NWN,2022,6,98607,0.0
Avista,2020,5,99164,0.0
PSE,2021,9,98392,0.0
CNG,2021,5,99323,0.0
PAC,2021,7,99328,0.0
PAC,2024,7,99329,0.0
CNG,2021,1,98908,0.0
PSE,2025,12,98258,0.0
PAC,2020,6,99324,0.0
PAC,2021,9,99360,0.0
CNG,2025,10,98314,0.0
NWN,2023,2,98620,0.0
Avista,2021,3,99170,0.0
Avista,2024,9,99344,0.0
PSE,2024,8,98387,0.0
PSE,2023,8,98010,0.0
PSE,2021,10,98008,0.0
PSE,2025,11,98312,0.0
PSE,2023,9,98589,0.0
PSE,2024,1,98248,0.0
Avista,2025,8,99173,0.0
Avista,2021,10,99018,0.0
CNG,2025,3,99338,0.0
PSE,2020,8,98367,0.0
PSE,2025,2,98019,0.0
PSE,2021,5,98057,0.0
PSE,2023,1,98332,0.0
PSE,2021,7,98338,0.0
NWN,2025,7,97301,0.0
PSE,2023,5,98392,0.0
PSE,2021,10,98105,0.0
CNG,2024,2,98837,0.0
PSE,2022,11,98021,0.0
CNG,2023,5,98221,0.0
Avista,2024,9,99173,0.0
CNG,2020,10,99354,0.0
CNG,2020,3,98942,299.21
PSE,2020,7,98409,0.0
Avista,2020,6,99014,0.0
PAC,2022,9,99324,0.0
Avista,2020,11,99371,0.0
PSE,2024,11,98498,0.0
PSE,2023,10,98266,0.0
PSE,2023,9,98260,0.0
Avista,2023,3,99161,0.0
PSE,2023,7,98273,0.0
PSE,2025,12,98512,0.0
Avista,2022,4,99228,0.0
Avista,2021,10,99176,0.0
PSE,2023,5,98002,0.0
PSE,2024,9,98043,0.0
CNG,2022,9,98557,0.0
Avista,2021,12,99036,0.0
Avista,2023,4,99018,0.0
Avista,2024,8,99160,0.0
Avista,2024,6,99160,0.0
PAC,2024,3,98902,0.0
PSE,2022,7,98102,0.0
PAC,2021,3,99347,0.0
PSE,2021,11,98409,0.0
CNG,2022,10,98273,0.0
Avista,2025,8,99223,0.0
Avista,2023,11,99122,0.0
PSE,2021,4,98371,0.0
CNG,2025,12,98247,0.0
Avista,2025,1,99125,0.0
CNG,2025,12,99354,0.0
Avista,2022,4,99101,0.0
CNG,2023,10,98936,0.0
CNG,2025,11,98271,0.0
PSE,2022,4,98446,0.0
PSE,2024,1,98118,0.0
PSE,2024,4,98284,0.0
Avista,2025,4,99030,0.0
PSE,2021,2,98934,0.0
PSE,2025,8,98370,0.0
NWN,2023,5,98026,0.0
PSE,2020,12,98445,0.0
NWN,2024,1,97031,0.0
PAC,2023,8,98923,0.0
Avista,2025,4,99040,0.0
Avista,2025,3,99228,0.0
CNG,2025,5,98240,0.0
PSE,2025,3,98466,0.0
CNG,2025,4,98220,0.0
PSE,2022,3,98031,0.0
PAC,2024,3,98936,0.0
PSE,2024,10,98532,0.0
PSE,2023,10,98277,0.0
CNG,2021,3,99301,0.0
NWN,2025,3,98628,0.0
CNG,2020,10,98247,0.0
PSE,2025,11,98321,0.0
Avista,2025,5,99128,0.0
PSE,2023,5,98036,0.0
Avista,2022,6,99131,0.0
PSE,2020,11,98342,0.0
CNG,2023,11,98951,0.0
PSE,2024,3,98271,0.0
Avista,2024,7,99207,0.0
PSE,2023,6,98388,0.0
NWN,2020,8,98674,0.0
PSE,2022,7,98031,0.0
PSE,2025,6,98498,0.0
PSE,2023,7,98579,0.0
PSE,2020,12,98244,0.0
PSE,2021,6,98337,0.0
NWN,2023,2,98601,0.0
Avista,2023,9,98620,0.0
CNG,2025,1,99323,0.0
PSE,2022,7,98274,0.0
PAC,2024,6,98903,0.0
PAC,2025,3,98953,7.1
PSE,2021,3,98102,0.0
Avista,2024,12,99029,0.0
PSE,2021,4,98260,0.0
PSE,2025,6,98021,0.0
Avista,2020,10,99157,0.0
Avista,2024,9,99020,0.0
NWN,2022,1,98662,0.0
CNG,2023,5,98312,0.0
Avista,2025,11,99030,0.0
Avista,2020,4,99201,0.0
Avista,2025,7,99033,0.0
PSE,2024,2,98312,0.0
NWN,2022,5,98648,0.0
PSE,2023,8,98027,0.0
NWN,2024,1,98612,0.0
PSE,2023,5,98030,0.0
PSE,2023,4,98177,0.0
PAC,2021,10,99328,0.0
NWN,2022,5,98672,0.0
CNG,2023,8,98230,0.0
Avista,2020,3,99102,0.0
PSE,2024,2,98392,0.0
Avista,2020,4,99110,0.0
NWN,2024,5,98604,0.0
PSE,2020,9,98926,0.0
CNG,2025,4,98257,0.0
PAC,2021,11,99363,0.0
PSE,2020,9,98375,0.0
Avista,2022,4,99156,0.0
CNG,2025,6,98225,0.0
PSE,2022,12,98360,0.0
Avista,2025,6,99216,0.0
Avista,2025,7,99111,0.0
PSE,2023,7,98332,0.0
PSE,2025,5,98239,0.0
Avista,2020,4,99260,0.0
CNG,2024,11,98337,0.0
Avista,2023,2,99260,0.0
CNG,2024,1,98221,0.0
Avista,2023,7,99029,0.0
CNG,2024,1,99352,0.0
PSE,2021,10,98004,0.0
PAC,2022,2,98938,0.0
NWN,2025,6,98628,0.0
PSE,2021,10,98224,0.0
Avista,2020,9,99103,0.0
PSE,2023,2,98177,0.0
PSE,2024,2,98226,0.0
PAC,2023,1,98901,0.0
PSE,2024,6,98390,0.0
Avista,2022,4,99160,0.0
Avista,2020,10,99218,0.0
Avista,2024,10,99223,0.0
PSE,2023,11,98404,0.0
NWN,2022,1,98675,0.0
PSE,2023,4,98024,0.0
NWN,2022,6,97301,0.0
PSE,2022,5,98248,0.0
Avista,2025,3,99148,0.0
NWN,2022,11,98660,0.0
CNG,2021,12,98901,0.0
PSE,2021,3,98373,0.0
CNG,2021,6,98611,0.0
Avista,2020,8,99117,0.0
NWN,2025,8,98307,0.0
NWN,2022,4,98685,0.0
CNG,2023,11,99352,0.0
CNG,2022,1,98524,0.0
PSE,2022,1,98199,0.0
PSE,2022,10,98106,0.0
PSE,2024,10,98284,0.0
PSE,2020,7,98108,0.0
NWN,2020,10,98612,0.0
NWN,2020,7,98668,0.0
Avista,2025,4,99005,0.0
Avista,2020,3,99171,0.0
PSE,2022,4,98262,0.0
NWN,2022,1,98605,0.0
PSE,2024,2,98019,0.0
PSE,2021,5,98001,0.0
PAC,2022,11,99348,0.0
NWN,2024,8,98307,0.0
Avista,2024,9,99018,0.0
PSE,2023,9,98010,0.0
PSE,2025,12,98387,0.0
PSE,2024,6,98402,0.0
Avista,2023,4,99037,0.0
PSE,2023,4,98327,0.0
NWN,2024,12,98682,-15.0
CNG,2021,6,98550,0.0
Avista,2021,11,99159,0.0
PSE,2024,10,98941,0.0
Avista,2020,4,99173,0.0
Avista,2023,10,99151,0.0
NWN,2023,3,98675,0.0
Avista,2023,11,99008,0.0
PAC,2024,11,98936,0.0
Avista,2024,9,99003,0.0
Avista,2023,2,99402,0.0
PSE,2020,3,98043,0.0
PSE,2024,10,98934,0.0
PSE,2022,9,98042,0.0
NWN,2021,11,98127,0.0
PSE,2022,6,98037,0.0
PSE,2022,3,98032,0.0
CNG,2021,4,98240,0.0
PAC,2020,8,99360,0.0
PSE,2022,10,98092,0.0
PSE,2024,2,98406,0.0
PSE,2023,11,98034,0.0
CNG,2022,5,98248,0.0
PSE,2021,6,98125,0.0
PSE,2022,9,98274,0.0
CNG,2024,4,98932,0.0
CNG,2023,11,98257,0.0
NWN,2023,1,98617,0.0
PSE,2022,11,98273,0.0
Avista,2022,4,99207,0.0
CNG,2024,2,98563,0.0
PSE,2020,3,98589,0.0
NWN,2022,12,98119,0.0
PSE,2020,11,98057,0.0
Avista,2021,1,99011,0.0
PSE,2024,1,98466,0.0
Avista,2024,6,99012,0.0
CNG,2025,5,99301,0.0
CNG,2021,4,98274,0.0
CNG,2025,6,98314,0.0
NWN,2023,9,98629,0.0
CNG,2022,11,98240,0.0
Avista,2023,3,98620,0.0
PSE,2023,4,98941,0.0
Avista,2025,4,99173,0.0
Avista,2021,10,99335,0.0
CNG,2020,12,98383,0.0
PSE,2023,2,98501,0.0
CNG,2022,5,98948,0.0
CNG,2023,2,98225,0.0
NWN,2020,8,98620,0.0
PSE,2022,2,98166,0.0
Avista,2023,8,99029,0.0
Avista,2020,4,99141,0.0
PSE,2025,1,98446,0.0
PSE,2021,1,98589,0.0
Avista,2021,7,99037,0.0
PSE,2022,3,98597,0.0
Avista,2024,7,99134,0.0
CNG,2025,1,99362,0.0
PSE,2025,2,98513,0.0
NWN,2020,9,98620,0.0
PSE,2021,6,98274,0.0
CNG,2021,11,99324,0.0
PSE,2023,12,98258,0.0
Avista,2023,9,99202,0.0
Avista,2022,5,99204,0.0
PAC,2021,2,98932,0.0
PSE,2024,5,98346,0.0
PSE,2022,9,98239,0.0
CNG,2020,10,98632,0.0
Avista,2020,5,99117,0.0
NWN,2021,10,98642,0.0
PSE,2025,11,98065,0.0
PSE,2023,9,98274,0.0
NWN,2021,9,98628,0.0
CNG,2025,10,99350,0.0
Avista,2020,7,99027,0.0
Avista,2020,11,99131,0.0
NWN,2022,1,97031,0.0
PAC,2024,12,98947,0.0
PSE,2024,8,98045,0.0
NWN,2023,6,98685,0.0
Avista,2022,7,99034,0.0
Avista,2021,7,99021,0.0
PSE,2024,9,98199,0.0
CNG,2020,5,98383,0.0
CNG,2025,3,98632,0.0
PSE,2025,5,98036,0.0
Avista,2020,11,99160,0.0
Avista,2020,10,99220,0.0
PSE,2021,7,98445,0.0
PSE,2024,6,98424,0.0
NWN,2023,11,98674,0.0
PSE,2025,3,98422,0.0
PSE,2021,5,98198,0.0
PSE,2022,10,98007,0.0
Avista,2022,5,99212,0.0
PAC,2021,2,99363,0.0
CNG,2020,4,98584,0.0
PSE,2022,9,98922,0.0
CNG,2022,3,99301,0.0
NWN,2022,5,98628,0.0
PSE,2024,8,98502,0.0
CNG,2020,6,98230,0.0
PSE,2020,9,98275,0.0
PSE,2023,11,98070,0.0
PAC,2025,8,98938,2.3
CNG,2023,5,98584,0.0
PSE,2022,7,98290,0.0
PSE,2020,9,98233,0.0
PSE,2024,9,98056,0.0
PSE,2023,10,98057,0.0
PSE,2022,9,98148,0.0
PAC,2020,10,98902,0.0
Avista,2020,5,99167,0.0
NWN,2021,7,98604,0.0
Avista,2025,8,99203,0.0
CNG,2024,10,99362,0.0
PSE,2024,2,98273,0.0
CNG,2025,10,98292,0.0
CNG,2021,10,99344,0.0
CNG,2020,6,98944,0.0
Avista,2021,1,99219,0.0
PSE,2025,2,98257,0.0
PSE,2021,7,98444,0.0
Avista,2021,8,99335,0.0
CNG,2022,6,98276,0.0
NWN,2020,9,98661,0.0
CNG,2023,7,98632,0.0
PSE,2020,6,98531,0.0
Avista,2024,1,99208,0.0
Avista,2022,5,99179,0.0
CNG,2020,8,98908,0.0
PSE,2024,11,98023,0.0
CNG,2022,11,98337,0.0
PAC,2021,6,98948,0.0
PSE,2020,10,98119,0.0
CNG,2023,7,98902,0.0
PSE,2022,2,98029,0.0
Avista,2022,9,99026,0.0
Avista,2021,8,99128,0.0
PSE,2022,10,98409,0.0
CNG,2024,6,98611,0.0
Avista,2022,9,99228,0.0
PSE,2020,3,98052,0.0
PSE,2020,12,98023,0.0
PAC,2022,7,99324,0.0
PAC,2020,12,98947,0.0
Avista,2025,5,99001,0.0
Avista,2024,11,99203,0.0
Avista,2023,7,99101,0.0
PSE,2022,11,98057,0.0
PSE,2021,7,98290,0.0
PSE,2021,6,98373,0.0
PSE,2022,5,98579,0.0
Avista,2021,4,99021,0.0
CNG,2022,8,98625,0.0
PSE,2020,12,98597,0.0
PAC,2022,4,98930,0.0
PSE,2025,12,98012,0.0
NWN,2025,5,98606,0.0
PSE,2022,9,98277,0.0
PSE,2024,11,98024,0.0
CNG,2020,10,98277,0.0
PSE,2024,7,98029,0.0
NWN,2022,8,98674,0.0
NWN,2022,4,98606,0.0
Avista,2025,7,99026,0.0
PSE,2025,7,98188,0.0
CNG,2023,5,98244,0.0
Avista,2025,6,99029,0.0
PSE,2021,9,98239,0.0
Avista,2020,12,99014,0.0
PSE,2023,12,98010,0.0
Avista,2024,7,99156,0.0
PAC,2021,8,99362,0.0
Avista,2021,5,99216,0.0
PSE,2020,7,98424,0.0
PSE,2022,2,98168,0.0
PSE,2021,12,98087,0.0
CNG,2024,6,99344,0.0
Avista,2022,7,99201,0.0
PSE,2023,4,98047,0.0
Avista,2025,4,99164,0.0
Avista,2025,8,99023,0.0
CNG,2022,8,99350,0.0
PSE,2022,3,98043,0.0
PSE,2025,11,98007,0.0
CNG,2020,1,98264,0.0
PSE,2024,4,98026,0.0
CNG,2022,8,99301,0.0
Avista,2022,9,99371,0.0
Avista,2024,11,99167,0.0
PSE,2025,3,98312,0.0
PSE,2020,5,98188,0.0
PSE,2020,6,98502,0.0
Avista,2021,11,99040,0.0
NWN,2022,11,98601,0.0
PSE,2021,3,98332,0.0
CNG,2021,9,98802,0.0
Avista,2022,11,99109,0.0
Avista,2023,4,99032,0.0
CNG,2022,8,98345,0.0
PAC,2021,1,99360,0.0
NWN,2024,5,98663,0.0
PSE,2023,10,98101,0.0
PAC,2022,1,99324,0.0
PSE,2020,9,98244,0.0
Avista,2022,8,99260,0.0
PSE,2022,5,98373,0.0
CNG,2022,11,98220,0.0
Avista,2021,1,99019,0.0
CNG,2025,5,98942,0.0
Avista,2020,11,99159,0.0
Avista,2021,8,99218,0.0
PSE,2021,1,98372,0.0
CNG,2025,9,98225,0.0
PSE,2020,11,98337,0.0
PSE,2022,7,98272,0.0
PSE,2025,10,98065,0.0
Avista,2024,4,99016,0.0
Avista,2024,3,99181,0.0
Avista,2024,2,99113,0.0
NWN,2020,11,98617,0.0
Avista,2022,8,99146,0.0
PSE,2021,12,98271,0.0
PAC,2023,5,98935,0.0
PSE,2025,4,98370,0.0
Avista,2021,7,99205,0.0
NWN,2022,9,97388,0.0
Avista,2023,4,99179,0.0
PSE,2024,11,98260,0.0
Avista,2020,3,99174,0.0
Avista,2023,9,99034,0.0
PSE,2021,2,98312,0.0
CNG,2020,10,99324,0.0
PSE,2020,5,98391,0.0
CNG,2023,8,98311,0.0
Avista,2023,4,99036,0.0
PSE,2024,2,98422,0.0
PSE,2024,5,98498,0.0
Avista,2022,8,99207,0.0
CNG,2022,5,98611,0.0
CNG,2020,9,98232,0.0
Avista,2022,2,99143,0.0
PSE,2023,9,98337,0.0
PSE,2021,11,98290,0.0
Avista,2024,8,99018,0.0
Avista,2024,3,99009,0.0
Avista,2022,9,99205,0.0
CNG,2020,4,98528,0.0
PSE,2023,9,98597,0.0
PSE,2020,12,98199,0.0
PSE,2024,1,98499,0.0
PSE,2025,4,98258,0.0
Avista,2021,7,99161,0.0
PSE,2020,10,98052,0.0
CNG,2022,4,98520,0.0
PSE,2021,7,98003,0.0
Avista,2025,6,99117,0.0
PSE,2021,5,98531,0.0
PSE,2022,8,98596,0.0
PSE,2023,1,98226,0.0
Avista,2021,5,99144,0.0
PSE,2021,10,98177,0.0
PSE,2023,2,98055,0.0
PSE,2024,1,98102,0.0
CNG,2022,6,98584,0.0
PSE,2025,4,98332,0.0
PSE,2022,11,98513,0.0
CNG,2025,11,99362,0.0
PSE,2023,7,98072,0.0
Avista,2020,4,99018,0.0
Avista,2025,6,99170,0.0
PSE,2024,9,98106,0.0
PSE,2024,2,98266,0.0
PSE,2020,10,98110,0.0
Avista,2022,1,99022,0.0
NWN,2025,1,98686,0.0
CNG,2024,5,98310,0.0
PSE,2022,6,98012,0.0
CNG,2025,6,99352,0.0
PSE,2025,3,98277,0.0
PSE,2020,9,98168,0.0
PSE,2021,12,98274,0.0
PSE,2024,8,98051,0.0
CNG,2022,3,99337,0.0
PSE,2021,9,98230,0.0
Avista,2021,9,99341,0.0
Avista,2021,4,99113,0.0
Avista,2023,12,99129,0.0
CNG,2023,8,99350,0.0
NWN,2020,5,98629,0.0
PSE,2024,7,98513,0.0
PSE,2024,7,98045,0.0
PSE,2023,8,98271,0.0
PSE,2024,1,98327,0.0
PSE,2023,1,98232,0.0
PSE,2020,9,98104,0.0
Avista,2024,4,99027,0.0
PSE,2025,9,98109,0.0
Avista,2020,3,99157,0.0
NWN,2021,3,98762,0.0
PSE,2022,7,98270,0.0
PSE,2020,7,98371,0.0
PSE,2025,6,98103,0.0
CNG,2024,8,98221,0.0
CNG,2023,7,98312,0.0
CNG,2021,2,99301,0.0
CNG,2023,12,98247,0.0
Avista,2023,7,99117,0.0
PSE,2024,10,98045,0.0
PSE,2023,9,98027,0.0
Avista,2021,7,99216,0.0
PSE,2023,1,98072,0.0
PSE,2022,7,98248,0.0
Avista,2023,1,99335,0.0
PSE,2025,1,98367,0.0
PSE,2022,11,98031,0.0
PSE,2023,12,98424,0.0
Avista,2023,2,99163,0.0
Avista,2020,3,99033,0.0
NWN,2024,1,98648,0.0
PSE,2024,11,98201,0.0
PAC,2022,9,98935,0.0
Avista,2023,8,99012,0.0
PSE,2023,12,98038,0.0
CNG,2024,10,98674,0.0
PSE,2020,9,98257,0.0
PSE,2020,9,98370,0.0
CNG,2020,8,98229,0.0
CNG,2024,3,99301,0.0
Avista,2025,10,99163,0.0
Avista,2025,11,99219,0.0
CNG,2025,2,98901,0.0
Avista,2024,12,99032,0.0
CNG,2022,3,99362,0.0
PSE,2021,4,98237,0.0
CNG,2020,3,98292,227.03
PSE,2020,11,98146,0.0
CNG,2025,4,99337,0.0
Avista,2025,1,99026,0.0
CNG,2020,8,98366,0.0
PSE,2023,12,98374,0.0
PAC,2023,12,98923,0.0
Avista,2024,2,99158,0.0
PSE,2022,8,98273,0.0
PSE,2022,1,98579,0.0
NWN,2023,6,98665,0.0
Avista,2024,8,99011,0.0
CNG,2024,3,98936,0.0
Avista,2024,5,99026,0.0
PSE,2025,2,98034,0.0
PAC,2020,2,99323,185.0
PSE,2021,12,98104,0.0
PAC,2024,5,99347,0.0
PSE,2023,3,98597,0.0
NWN,2023,1,98668,0.0
Avista,2023,8,99164,0.0
Avista,2023,1,99326,0.0
PSE,2021,4,98166,0.0
NWN,2022,7,98668,0.0
CNG,2022,10,99336,0.0
PSE,2025,1,98576,0.0
PSE,2020,4,98597,0.0
PSE,2025,7,98375,0.0
PSE,2024,7,98237,0.0
CNG,2021,8,99352,0.0
Avista,2024,12,99167,0.0
PSE,2025,12,98058,0.0
CNG,2024,1,98550,0.0
PAC,2021,11,99361,0.0
NWN,2022,6,98642,0.0
PSE,2021,11,98424,0.0
NWN,2024,8,98127,0.0
CNG,2024,11,98520,0.0
PAC,2023,1,99360,0.0
PSE,2025,7,98037,0.0
CNG,2024,10,98528,0.0
PSE,2020,8,98225,0.0
Avista,2025,8,99107,0.0
PSE,2021,9,98941,0.0
Avista,2024,12,99030,0.0
Avista,2024,12,99402,0.0
Avista,2022,4,99371,0.0
PSE,2024,3,98005,0.0
NWN,2022,8,97301,0.0
Avista,2023,5,99160,0.0
Avista,2021,7,99109,0.0
NWN,2021,12,98601,0.0
NWN,2023,12,98675,0.0
PSE,2022,12,98366,0.0
PSE,2022,10,98221,0.0
Avista,2025,3,99403,0.0
Avista,2021,6,99138,0.0
PAC,2023,6,98923,0.0
PSE,2025,3,98503,0.0
Avista,2025,9,99144,0.0
Avista,2025,10,99025,0.0
PSE,2024,8,98310,0.0
CNG,2023,3,98370,0.0
PSE,2021,5,98056,0.0
PSE,2025,9,98346,0.0
PSE,2022,9,98023,0.0
PAC,2023,9,99347,0.0
PAC,2022,5,98923,0.0
CNG,2020,12,99323,0.0
Avista,2022,5,99018,0.0
Avista,2021,10,99161,0.0
PSE,2021,3,98380,0.0
PSE,2022,6,98274,0.0
PAC,2020,2,98923,141.0
CNG,2020,12,98292,0.0
CNG,2025,10,98240,0.0
Avista,2021,7,99164,0.0
Avista,2020,3,99164,0.0
PSE,2024,1,98029,0.0
NWN,2024,6,98620,0.0
PSE,2025,7,98467,0.0
PSE,2024,7,98031,0.0
PAC,2021,9,99323,0.0
Avista,2023,8,99113,0.0
PSE,2025,9,98232,0.0
PSE,2023,11,98321,0.0
PSE,2024,8,98370,0.0
PSE,2023,9,98284,0.0
NWN,2023,9,98626,0.0
PSE,2022,5,98053,0.0
NWN,2022,11,98675,0.0
CNG,2024,2,98240,0.0
PAC,2020,1,98939,40.0
Avista,2021,8,99163,0.0
PSE,2025,10,98034,0.0
PSE,2022,2,98360,0.0
NWN,2024,4,98686,0.0
CNG,2024,3,98632,0.0
CNG,2020,9,98550,0.0
PSE,2020,3,98056,0.0
CNG,2025,7,98366,0.0
CNG,2021,2,98942,0.0
PSE,2024,7,98001,0.0
PSE,2020,10,98032,0.0
NWN,2024,4,97301,0.0
Avista,2023,11,99014,0.0
Avista,2020,11,99037,0.0
Avista,2024,9,99335,0.0
PSE,2023,6,98040,0.0
PSE,2025,1,98008,0.0
CNG,2024,3,98902,0.0
Avista,2021,10,99156,0.0
PAC,2022,12,98921,0.0
NWN,2020,7,98685,0.0
CNG,2023,5,98232,0.0
CNG,2023,9,98230,0.0
Avista,2021,7,99020,0.0
NWN,2025,9,98666,0.0
PSE,2023,4,98033,0.0
CNG,2021,1,98257,0.0
PSE,2023,12,98239,0.0
NWN,2020,5,98612,0.0
PSE,2020,10,98087,0.0
PSE,2021,10,98512,0.0
Avista,2022,9,99161,0.0
NWN,2023,12,98639,0.0
PSE,2025,11,98070,0.0
Avista,2021,1,99036,0.0
Avista,2024,3,99029,0.0
PSE,2020,10,98501,0.0
PSE,2022,12,98359,0.0
PSE,2025,7,98284,0.0
CNG,2025,5,98366,0.0
NWN,2025,5,98610,0.0
PSE,2024,2,98053,0.0
Avista,2023,5,99114,0.0
PAC,2025,2,98903,3.22
CNG,2020,7,98271,0.0
Avista,2020,9,99009,0.0
PSE,2025,11,98277,0.0
PSE,2025,2,98133,0.0
PSE,2023,1,98221,0.0
CNG,2021,11,98225,0.0
Avista,2023,9,99171,0.0
PSE,2023,10,98337,0.0
PSE,2023,12,98198,0.0
Avista,2023,3,99157,0.0
PSE,2023,4,98337,0.0
PSE,2024,1,98444,0.0
CNG,2022,7,98221,0.0
PSE,2020,12,98589,0.0
NWN,2023,1,98127,0.0
PSE,2024,1,98133,0.0
CNG,2023,12,98226,0.0
CNG,2025,8,98233,0.0
PSE,2021,1,98055,0.0
CNG,2025,10,98383,0.0
NWN,2024,8,98125,0.0
PSE,2025,4,98503,0.0
PSE,2022,11,98374,0.0
PSE,2024,10,98498,0.0
PSE,2020,7,98342,0.0
NWN,2020,3,98672,0.0
PAC,2021,5,99360,0.0
PSE,2021,7,98255,0.0
CNG,2022,5,98942,0.0
NWN,2025,2,98617,0.0
PSE,2021,12,98198,0.0
PSE,2023,11,98125,0.0
Avista,2025,5,99144,0.0
PSE,2025,1,98053,0.0
PSE,2022,4,98387,0.0
CNG,2022,4,98948,0.0
PSE,2022,2,98026,0.0
Avista,2023,10,99260,0.0
CNG,2021,4,98226,0.0
PSE,2021,6,98383,0.0
PSE,2025,2,98047,0.0
Avista,2020,4,99170,0.0
CNG,2024,9,98550,0.0
PSE,2025,4,98122,0.0
NWN,2023,5,97301,0.0
CNG,2021,7,98276,0.0
CNG,2025,6,98802,0.0
Avista,2022,3,99025,0.0
CNG,2024,9,98528,0.0
Avista,2024,8,99208,0.0
PSE,2022,10,98146,0.0
CNG,2024,6,98520,0.0
PSE,2024,3,98002,0.0
PSE,2024,12,98105,0.0
Avista,2022,7,99011,0.0
NWN,2020,9,98671,0.0
NWN,2021,9,98683,0.0
CNG,2023,2,98277,0.0
NWN,2025,10,98208,0.0
PSE,2021,2,98105,0.0
CNG,2025,6,98901,0.0
PAC,2022,1,99360,0.0
Avista,2025,4,99160,0.0
Avista,2021,6,99128,0.0
CNG,2022,7,98563,0.0
CNG,2022,5,98247,0.0
Avista,2021,1,99158,0.0
Avista,2022,12,99110,0.0
NWN,2023,8,98604,0.0
CNG,2023,6,98930,0.0
PSE,2021,8,98110,0.0
PAC,2020,9,98942,0.0
PSE,2023,9,98418,0.0
CNG,2022,10,98292,0.0
PSE,2021,11,98201,0.0
CNG,2023,6,99353,0.0
NWN,2025,6,98639,0.0
Avista,2021,3,99102,0.0
Avista,2025,8,99102,0.0
PSE,2021,10,98116,0.0
PAC,2023,11,99363,0.0
PSE,2020,4,98146,0.0
PSE,2025,1,98391,0.0
Avista,2021,4,99014,0.0
Avista,2023,8,99005,0.0
PSE,2025,1,98027,0.0
PSE,2020,7,98270,0.0
PSE,2025,6,98117,0.0
PSE,2020,12,98104,0.0
NWN,2020,7,98628,0.0
Avista,2020,8,99022,0.0
PSE,2022,5,98122,0.0
CNG,2023,2,98276,0.0
PAC,2023,8,99328,0.0
CNG,2025,11,98337,0.0
NWN,2020,3,98617,0.0
PSE,2024,10,98125,0.0
CNG,2022,10,99338,0.0
PSE,2023,12,98019,0.0
PAC,2024,8,98942,0.0
CNG,2022,1,98232,0.0
PSE,2021,9,98444,0.0
PSE,2020,10,98446,0.0
PSE,2022,6,98221,0.0
Avista,2023,1,99122,0.0
NWN,2021,6,98665,0.0
PSE,2022,7,98402,0.0
CNG,2021,11,98550,0.0
CNG,2024,4,98942,0.0
PSE,2025,9,98383,0.0
PSE,2022,12,98118,0.0
Avista,2024,1,99125,0.0
PSE,2024,4,98266,0.0
CNG,2024,1,98233,0.0
PSE,2023,11,98121,0.0
PSE,2021,1,98178,0.0
PSE,2023,7,98125,0.0
CNG,2022,10,98225,0.0
NWN,2025,11,98664,0.0
PSE,2021,5,98274,0.0
CNG,2021,3,98366,0.0
Avista,2020,9,99008,0.0
NWN,2023,9,98610,0.0
CNG,2024,9,98611,0.0
CNG,2025,11,98541,0.0
PSE,2022,2,98005,0.0
CNG,2024,8,99353,0.0
Avista,2020,11,99026,0.0
Avista,2023,5,99176,0.0
NWN,2021,7,97301,0.0
PSE,2022,1,98498,0.0
Avista,2020,7,99228,0.0
Avista,2023,7,99040,0.0
NWN,2022,2,98628,0.0
Avista,2022,9,99344,0.0
Avista,2025,10,99204,0.0
Avista,2020,4,99020,0.0
Avista,2020,12,99149,0.0
PSE,2023,6,98255,0.0
CNG,2023,2,98520,0.0
Avista,2023,4,99220,0.0
Avista,2023,12,99040,0.0
Avista,2025,2,99111,0.0
Avista,2022,8,99402,0.0
CNG,2023,4,98611,0.0
NWN,2022,7,98674,0.0
PAC,2024,2,98902,0.0
PSE,2022,3,98926,0.0
PSE,2025,10,98109,0.0
PSE,2022,9,98275,0.0
PSE,2023,5,98155,0.0
PSE,2020,3,98022,0.0
Avista,2025,11,99036,0.0
PSE,2022,3,98004,0.0
Avista,2025,1,99169,0.0
Avista,2023,7,99008,0.0
PSE,2024,2,98439,0.0
PSE,2020,11,98059,0.0
PSE,2023,3,98283,0.0
CNG,2024,3,98271,0.0
NWN,2024,12,98686,0.0
Avista,2025,5,99149,0.0
Avista,2024,8,99164,0.0
PSE,2023,2,98275,0.0
PSE,2024,8,98342,0.0
CNG,2022,12,98367,0.0
Avista,2025,12,99027,0.0
PSE,2024,4,98117,0.0
PSE,2020,3,98372,0.0
Avista,2023,12,99173,0.0
PSE,2023,4,98512,0.0
Avista,2020,10,99169,0.0
Avista,2025,11,99202,0.0
PSE,2022,11,98103,0.0
CNG,2023,10,98541,0.0
PSE,2020,3,98146,0.0
PSE,2024,7,98056,0.0
CNG,2024,6,98948,0.0
CNG,2024,10,98902,0.0
Avista,2024,1,99022,0.0
CNG,2022,3,98584,0.0
CNG,2023,6,98563,0.0
Avista,2021,7,99110,0.0
Avista,2022,10,99335,0.0
Avista,2020,7,99012,0.0
PSE,2024,3,98126,0.0
Avista,2024,4,99216,0.0
PSE,2021,8,98199,0.0
Avista,2023,11,99033,0.0
Avista,2022,7,99203,0.0
PSE,2025,2,98012,0.0
Avista,2024,7,99016,0.0
CNG,2020,11,98524,0.0
PSE,2020,4,98266,0.0
CNG,2022,3,98292,0.0
PSE,2021,9,98290,0.0
CNG,2024,2,98930,0.0
Avista,2021,1,99122,0.0
CNG,2020,5,99337,0.0
Avista,2021,1,99179,0.0
CNG,2022,2,98370,0.0
Avista,2025,11,99218,0.0
PSE,2020,4,98375,0.0
CNG,2024,11,98345,0.0
CNG,2023,8,98367,0.0
PSE,2022,11,98178,0.0
PSE,2020,3,98274,0.0
PAC,2020,10,99363,0.0
PSE,2021,4,98177,0.0
PSE,2025,3,98029,0.0
PSE,2023,4,98045,0.0
CNG,2022,8,98244,0.0
PSE,2022,9,98248,0.0
Avista,2022,3,99117,0.0
PAC,2020,5,98947,0.0
Avista,2021,7,99212,0.0
PSE,2021,11,98404,0.0
PSE,2022,2,98133,0.0
PSE,2023,3,98367,0.0
Avista,2022,9,99032,0.0
PAC,2023,6,98944,0.0
PSE,2020,10,98026,0.0
CNG,2021,11,98902,0.0
Avista,2024,5,99037,0.0
NWN,2025,11,97301,0.0
Avista,2024,7,99025,0.0
CNG,2024,5,98345,0.0
NWN,2023,7,98684,0.0
PSE,2024,11,98103,0.0
NWN,2025,2,98639,0.0
CNG,2022,1,98370,0.0
PSE,2025,8,98029,0.0
CNG,2020,9,98244,0.0
CNG,2025,2,99336,0.0
PSE,2021,6,98106,0.0
Avista,2022,3,99005,0.0
NWN,2021,7,98626,0.0
NWN,2024,3,98660,0.0
NWN,2024,8,98666,0.0
Avista,2022,7,99216,0.0
Avista,2022,2,99179,0.0
PSE,2024,10,98270,0.0
CNG,2023,12,99301,0.0
PSE,2025,6,98028,0.0
Avista,2020,10,99103,0.0
PSE,2024,7,98144,0.0
CNG,2022,1,98944,0.0
Avista,2022,6,99012,0.0
PSE,2020,9,98221,0.0
CNG,2022,12,99344,0.0
CNG,2022,12,98232,0.0
Avista,2021,9,99036,0.0
CNG,2025,9,98366,0.0
Avista,2020,8,99032,0.0
NWN,2022,9,98671,0.0
Avista,2025,6,99220,0.0
Avista,2024,9,99022,0.0
Avista,2020,9,99151,0.0
PSE,2022,2,98255,0.0
PSE,2021,2,98230,0.0
PSE,2020,10,98408,0.0
PSE,2025,7,98408,0.0
PSE,2024,11,98043,0.0
PAC,2022,9,98908,0.0
PSE,2024,2,98332,0.0
Avista,2025,1,99008,0.0
NWN,2021,2,98610,0.0
PSE,2022,5,98375,0.0
CNG,2023,9,99324,0.0
PSE,2025,1,98597,0.0
Avista,2022,5,99217,0.0
NWN,2020,7,98686,0.0
Avista,2022,7,99212,0.0
PAC,2023,8,98901,0.0
CNG,2022,4,98901,0.0
Avista,2022,9,99203,0.0
PSE,2025,7,98360,0.0
PSE,2023,3,98011,0.0
PSE,2024,4,98024,0.0
CNG,2025,6,98611,0.0
CNG,2021,11,99352,0.0
Avista,2021,5,99037,0.0
PSE,2021,4,98466,0.0
Avista,2023,10,99103,0.0
PSE,2024,9,98445,0.0
PSE,2024,8,98032,0.0
Avista,2022,2,99146,0.0
Avista,2023,4,99138,0.0
PSE,2020,6,98512,0.0
CNG,2023,9,98611,0.0
PSE,2021,1,98383,0.0
PSE,2020,12,98072,0.0
PSE,2023,9,98579,0.0
Avista,2025,7,99107,0.0
PSE,2023,8,98178,0.0
Avista,2025,10,99208,0.0
Avista,2023,11,99031,0.0
Avista,2021,2,99218,0.0
PSE,2025,10,98266,0.0
NWN,2024,4,98672,0.0
Avista,2020,4,99130,0.0
PSE,2025,6,98934,0.0
Avista,2024,9,99011,0.0
PSE,2024,6,98597,0.0
PSE,2020,7,98065,0.0
Avista,2024,12,99341,0.0
PSE,2023,3,98092,0.0
PSE,2025,5,98422,0.0
CNG,2023,1,98626,0.0
PSE,2022,1,98926,0.0
NWN,2024,6,98665,0.0
CNG,2022,8,99353,0.0
CNG,2024,12,98948,0.0
PSE,2024,11,98233,0.0
Avista,2022,1,99224,0.0
Avista,2020,9,99016,0.0
CNG,2021,6,98953,0.0
NWN,2024,4,98626,0.0
Avista,2022,7,99205,0.0
Avista,2021,9,99204,0.0
NWN,2022,11,98639,0.0
PSE,2022,5,98277,0.0
PSE,2020,6,98203,0.0
PSE,2025,12,98022,0.0
CNG,2023,2,98524,0.0
PAC,2022,11,98933,0.0
PAC,2023,1,99361,0.0
PSE,2021,12,98056,0.0
PAC,2022,2,99361,0.0
Avista,2023,7,99157,0.0
PSE,2022,8,98941,0.0
Avista,2024,6,99021,0.0
Avista,2024,12,99020,0.0
Avista,2022,12,99129,0.0
CNG,2023,11,98273,0.0
CNG,2024,5,98233,0.0
PSE,2025,8,98392,0.0
NWN,2025,4,98026,0.0
PSE,2024,12,98030,0.0
PAC,2022,11,98942,0.0
Avista,2022,4,99102,0.0
PSE,2024,2,98003,0.0
PSE,2025,3,98052,0.0
Avista,2025,2,99122,0.0
PSE,2021,2,98118,0.0
Avista,2023,8,99220,0.0
CNG,2021,10,98226,0.0
PSE,2023,11,98405,0.0
NWN,2022,4,98610,0.0
Avista,2020,11,99114,0.0
PSE,2024,5,98065,0.0
NWN,2025,11,98663,0.0
PSE,2021,9,98405,0.0
CNG,2023,8,98936,0.0
CNG,2023,7,98563,0.0
PSE,2021,2,98208,0.0
PSE,2023,3,98144,0.0
CNG,2021,4,98930,0.0
Avista,2023,7,99037,0.0
NWN,2023,7,98629,0.0
PAC,2022,7,98942,0.0
CNG,2022,8,99324,0.0
PSE,2025,9,98272,0.0
CNG,2022,7,98674,0.0
CNG,2022,5,98366,0.0
CNG,2020,1,98273,0.0
PAC,2024,4,98903,0.0
PSE,2025,3,98922,0.0
PSE,2022,3,98576,0.0
Avista,2025,5,99228,0.0
Avista,2025,11,99146,0.0
Avista,2023,2,99125,0.0
PSE,2024,9,98257,0.0
Avista,2022,9,99013,0.0
PSE,2020,5,98109,0.0
CNG,2021,1,98626,0.0
PSE,2022,4,98221,0.0
NWN,2025,6,98664,0.0
CNG,2020,12,99336,0.0
Avista,2025,3,99144,0.0
CNG,2025,2,98632,0.0
PSE,2023,12,98102,0.0
NWN,2021,8,98685,0.0
Avista,2025,1,99011,0.0
PSE,2025,9,98503,0.0
PSE,2021,10,98390,0.0
CNG,2025,11,98230,0.0
CNG,2023,1,98953,0.0
NWN,2025,3,98607,0.0
PSE,2022,2,98221,0.0
NWN,2021,5,97388,0.0
PSE,2024,1,98531,0.0
PSE,2020,6,98506,0.0
PSE,2020,7,98335,0.0
Avista,2023,2,99202,0.0
PAC,2020,7,99348,0.0
Avista,2024,2,99207,0.0
PAC,2023,1,98935,0.0
PSE,2021,9,98065,0.0
NWN,2021,5,98119,0.0
Avista,2025,8,99018,0.0
PSE,2023,4,98004,0.0
PAC,2023,1,99329,0.0
PAC,2025,11,98944,19.85
PSE,2025,6,98010,0.0
Avista,2021,9,99019,0.0
PAC,2022,11,99347,0.0
PSE,2020,8,98029,0.0
PSE,2021,4,98512,0.0
PAC,2020,8,99301,0.0
Avista,2022,4,99114,0.0
CNG,2021,4,98837,0.0
Avista,2020,5,99125,0.0
Avista,2025,12,99021,0.0
NWN,2024,11,98674,0.0
CNG,2024,7,98284,0.0
PSE,2025,5,98051,0.0
CNG,2023,4,98625,0.0
PSE,2021,2,98467,0.0
CNG,2022,12,98229,0.0
PSE,2024,10,98042,0.0
PAC,2021,7,98953,0.0
PSE,2021,11,98040,0.0
PSE,2021,12,98277,0.0
NWN,2020,7,98665,0.0
Avista,2021,10,99006,0.0
Avista,2021,8,99016,0.0
Avista,2021,8,99402,0.0
PSE,2021,8,98053,0.0
PSE,2021,12,98258,0.0
PAC,2024,5,98921,0.0
PSE,2025,9,98266,0.0
PAC,2022,10,98908,0.0
PSE,2025,10,98367,0.0
PSE,2024,1,98404,0.0
PSE,2020,8,98059,0.0
PSE,2023,12,98233,0.0
CNG,2025,4,98557,0.0
PSE,2023,8,98383,0.0
PSE,2025,4,98087,0.0
PSE,2024,7,98126,0.0
Avista,2025,5,99223,0.0
CNG,2025,7,98277,0.0
Avista,2022,10,99033,0.0
PSE,2021,9,98237,0.0
PSE,2023,8,98579,0.0
PAC,2020,3,98951,499.0
Avista,2022,1,99006,0.0
NWN,2022,2,98642,0.0
Avista,2021,8,99156,0.0
Avista,2024,6,99026,0.0
Avista,2021,12,99003,0.0
CNG,2025,8,98248,0.0
Avista,2023,10,99003,0.0
CNG,2024,4,98232,0.0
Avista,2020,11,99020,0.0
PSE,2025,7,98406,0.0
PSE,2022,8,98203,0.0
Avista,2020,7,99025,0.0
CNG,2022,7,98273,0.0
CNG,2023,12,99323,0.0
PSE,2024,1,98391,0.0
Avista,2025,6,99219,0.0
Avista,2025,11,99141,0.0
CNG,2021,5,98626,0.0
PSE,2021,4,98010,0.0
PSE,2024,7,98531,0.0
CNG,2025,9,98367,0.0
NWN,2020,4,98601,0.0
Avista,2023,6,99008,0.0
Avista,2021,4,99109,0.0
NWN,2023,8,98628,0.0
Avista,2023,1,99207,0.0
CNG,2025,7,98233,0.0
CNG,2022,9,99353,0.0
Avista,2022,8,99164,0.0
Avista,2025,1,99403,0.0
PSE,2024,2,98597,0.0
PSE,2021,4,98019,0.0
PSE,2021,4,98283,0.0
CNG,2024,5,98932,0.0
NWN,2020,7,98662,0.0
PSE,2020,8,98258,0.0
Avista,2021,9,99113,0.0
PSE,2021,3,98926,0.0
NWN,2020,4,98617,0.0
PSE,2023,2,98168,0.0
PSE,2022,4,98004,0.0
CNG,2025,5,98233,0.0
Avista,2022,7,99110,0.0
PAC,2023,4,98947,0.0
NWN,2024,10,98604,0.0
Avista,2020,10,99039,0.0
PSE,2025,5,98038,0.0
PAC,2023,11,98938,0.0
CNG,2021,5,98311,0.0
PAC,2020,11,98951,0.0
PSE,2024,6,98118,0.0
NWN,2020,12,97031,0.0
NWN,2021,3,98635,0.0
PSE,2021,9,98383,0.0
PAC,2021,4,98944,0.0
PSE,2024,6,98122,0.0
NWN,2020,8,98668,0.0
Avista,2024,11,99023,0.0
NWN,2022,5,98663,0.0
Avista,2024,6,99158,0.0
PSE,2020,3,98597,0.0
Avista,2020,10,99167,0.0
Avista,2023,4,99205,0.0
Avista,2022,4,99174,0.0
NWN,2022,4,98660,0.0
Avista,2020,12,99107,0.0
CNG,2021,2,98584,0.0
CNG,2020,7,99353,0.0
PSE,2021,8,98418,0.0
PAC,2022,6,98923,0.0
PSE,2021,12,98257,0.0
NWN,2024,6,98762,0.0
PSE,2021,3,98360,0.0
PSE,2025,1,98037,0.0
CNG,2022,3,99336,0.0
Avista,2021,11,99201,0.0
PSE,2025,11,98010,0.0
NWN,2022,11,98663,0.0
Avista,2025,11,99344,0.0
PSE,2025,7,98108,0.0
Avista,2022,5,99117,0.0
PSE,2023,6,98244,0.0
PAC,2024,7,99328,0.0
PSE,2025,5,98034,0.0
Avista,2024,6,99202,0.0
Avista,2024,12,99137,0.0
Avista,2020,11,99224,0.0
PSE,2020,7,98221,0.0
PSE,2020,6,98311,0.0
Avista,2025,8,99144,0.0
CNG,2021,4,98383,0.0
Avista,2025,2,99149,0.0
PSE,2023,2,98258,0.0
Avista,2024,8,99141,0.0
PSE,2021,4,98273,0.0
PSE,2023,9,98366,0.0
Avista,2024,12,99403,0.0
CNG,2023,12,98550,0.0
Avista,2025,3,99030,0.0
PSE,2022,8,98116,0.0
PAC,2025,9,98953,8.51
CNG,2025,2,98541,0.0
PSE,2024,6,98499,0.0
NWN,2020,9,98307,0.0
NWN,2024,2,98119,0.0
Avista,2025,3,99224,0.0
PSE,2023,11,98502,0.0
PSE,2025,3,98032,0.0
Avista,2025,1,99036,0.0
PAC,2020,9,98908,0.0
Avista,2022,9,99114,0.0
PSE,2023,1,98321,0.0
PSE,2025,4,98125,0.0
PSE,2021,12,98019,0.0
PSE,2020,9,98444,0.0
Avista,2022,6,99134,0.0
Avista,2024,12,99208,0.0
CNG,2025,2,98244,0.0
Avista,2024,12,99157,0.0
PSE,2022,2,98576,0.0
CNG,2023,11,98944,0.0
PSE,2025,11,98257,0.0
PSE,2022,3,98074,0.0
PSE,2024,6,98116,0.0
PAC,2024,5,98901,0.0
CNG,2025,9,99353,0.0
Avista,2020,9,99164,0.0
PSE,2022,2,98002,0.0
PSE,2023,12,98277,0.0
CNG,2022,12,98226,0.0
PSE,2024,10,98257,0.0
PSE,2020,6,98498,0.0
CNG,2021,7,98370,0.0
PSE,2025,11,98503,0.0
Avista,2021,2,99220,0.0
PSE,2021,11,98383,0.0
PSE,2023,12,98502,0.0
PSE,2024,9,98531,0.0
Avista,2021,11,99102,0.0
PSE,2024,9,98012,0.0
PSE,2024,11,98406,0.0
PSE,2020,9,98422,0.0
PSE,2021,9,98105,0.0
PSE,2022,6,98005,0.0
Avista,2020,6,99130,0.0
PSE,2025,11,98045,0.0
PAC,2025,3,98951,99.56
PSE,2020,4,98026,0.0
Avista,2024,7,99138,0.0
PSE,2020,3,98198,0.0
Avista,2022,5,99144,0.0
NWN,2023,5,98601,0.0
Avista,2023,10,99218,0.0
CNG,2024,9,98221,0.0
Avista,2021,11,99223,0.0
PSE,2021,11,98502,0.0
Avista,2024,11,99016,0.0
PSE,2024,9,98310,0.0
PSE,2022,10,98006,0.0
PSE,2025,8,98366,0.0
CNG,2022,7,98311,0.0
CNG,2022,11,98951,0.0
CNG,2023,5,98837,0.0
NWN,2025,9,98626,0.0
Avista,2021,9,99111,0.0
Avista,2021,8,99011,0.0
Avista,2020,3,99146,0.0
PSE,2025,8,98103,0.0
Avista,2021,12,99146,0.0
PSE,2022,8,98008,0.0
PSE,2025,11,98406,0.0
PSE,2021,2,98108,0.0
PSE,2022,6,98045,0.0
PSE,2020,12,98239,0.0
PSE,2020,5,98027,0.0
PSE,2021,1,98208,0.0
Avista,2025,9,99130,0.0
CNG,2024,12,99362,0.0
PSE,2024,5,98001,0.0
PSE,2025,3,98021,0.0
PSE,2021,7,98101,0.0
CNG,2022,4,99350,0.0
NWN,2024,6,98671,0.0
NWN,2022,8,98661,0.0
PSE,2025,7,98312,0.0
CNG,2022,9,98225,0.0
PSE,2022,6,98056,0.0
PSE,2025,8,98168,0.0
Avista,2021,8,99023,0.0
NWN,2020,8,98864,0.0
NWN,2024,1,98682,0.0
PSE,2023,1,98311,0.0
NWN,2024,3,97031,0.0
Avista,2020,6,99326,0.0
PSE,2023,3,98004,0.0
Avista,2021,8,99220,0.0
CNG,2022,6,99336,0.0
NWN,2025,12,98628,0.0
PSE,2022,1,98022,0.0
PSE,2024,4,98444,0.0
PSE,2020,11,98366,0.0
PSE,2022,6,98374,0.0
PSE,2023,1,98922,0.0
PSE,2021,12,98101,0.0
CNG,2025,9,98632,0.0
PSE,2020,9,98290,0.0
PAC,2021,4,99363,0.0
Avista,2021,9,99167,0.0
Avista,2020,5,99111,0.0
CNG,2025,11,98520,0.0
Avista,2022,5,99185,0.0
CNG,2024,1,98625,0.0
CNG,2022,10,98584,0.0
CNG,2020,9,98932,0.0
Avista,2022,4,99003,0.0
PSE,2020,3,98032,0.0
PSE,2021,7,98272,0.0
PSE,2020,3,98366,0.0
PAC,2021,3,98948,0.0
Avista,2022,2,99020,0.0
NWN,2023,11,98605,0.0
NWN,2020,4,98119,0.0
CNG,2025,12,98930,0.0
CNG,2024,7,99337,0.0
NWN,2020,9,98664,0.0
Avista,2023,10,99029,0.0
PSE,2020,12,98112,0.0
PSE,2024,10,98004,0.0
CNG,2021,12,98520,0.0
PSE,2024,5,98201,0.0
CNG,2020,3,98248,774.8
CNG,2023,1,98226,0.0
Avista,2023,6,99223,0.0
CNG,2021,10,98625,0.0
CNG,2020,9,98230,0.0
Avista,2025,11,99402,0.0
PSE,2020,10,98057,0.0
PSE,2025,11,98146,0.0
NWN,2023,12,98125,0.0
CNG,2024,1,98311,0.0
Avista,2020,3,99032,0.0
PSE,2023,2,98383,0.0
Avista,2020,4,99013,0.0
Avista,2021,3,98648,0.0
PSE,2025,6,98370,0.0
PSE,2021,7,98105,0.0
NWN,2022,7,98682,0.0
PSE,2022,9,98125,0.0
CNG,2022,7,98942,0.0
Avista,2022,6,99164,0.0
Avista,2025,1,99176,0.0
PAC,2025,3,98936,1.42
PSE,2025,7,98224,0.0
CNG,2023,9,98528,0.0
CNG,2024,1,98284,0.0
CNG,2023,12,98232,0.0
PSE,2023,12,98027,0.0
PSE,2020,12,98110,0.0
NWN,2024,6,98119,0.0
PAC,2025,9,98948,39.3
Avista,2024,2,99212,0.0
Avista,2024,9,99125,0.0
CNG,2024,5,98337,0.0
PSE,2021,7,98036,0.0
CNG,2023,12,98271,0.0
PSE,2025,6,98502,0.0
CNG,2022,4,98848,0.0
PSE,2022,10,98003,0.0
PSE,2022,8,98026,0.0
CNG,2024,11,98233,0.0
PSE,2020,4,98255,0.0
PSE,2022,12,98512,0.0
PSE,2023,7,98019,0.0
Avista,2022,9,99004,0.0
PSE,2023,7,98404,0.0
PSE,2021,1,98392,0.0
PSE,2020,10,98103,0.0
PSE,2025,3,98370,0.0
PSE,2021,3,98374,0.0
PSE,2025,8,98188,0.0
Avista,2021,9,99208,0.0
PSE,2025,12,98201,0.0
CNG,2021,1,98625,0.0
Avista,2024,10,99202,0.0
Avista,2020,10,99371,0.0
NWN,2022,3,98668,0.0
PSE,2021,8,98310,0.0
Avista,2023,12,99208,0.0
PSE,2022,5,98037,0.0
Avista,2023,6,99403,0.0
CNG,2023,3,98295,0.0
PSE,2023,2,98155,0.0
PSE,2021,4,98445,0.0
Avista,2022,2,99169,0.0
PSE,2020,7,98121,0.0
PAC,2022,12,98903,0.0
PAC,2021,11,98902,0.0
PAC,2020,2,98901,3159.0
PSE,2022,5,98257,0.0
PSE,2021,9,98589,0.0
NWN,2020,3,98762,0.0
PSE,2025,1,98034,0.0
CNG,2024,7,98908,0.0
PSE,2024,12,98055,0.0
PSE,2020,9,98029,0.0
PSE,2024,8,98029,0.0
PSE,2021,9,98342,0.0
PSE,2021,5,98926,0.0
NWN,2023,9,98208,0.0
Avista,2021,8,99030,0.0
PSE,2023,4,98466,0.0
NWN,2025,9,98684,0.0
PSE,2024,11,98058,0.0
PSE,2020,12,98103,0.0
CNG,2022,9,98232,0.0
Avista,2024,5,99019,0.0
PSE,2022,2,98178,0.0
Avista,2022,8,99102,0.0
NWN,2025,4,98672,0.0
Avista,2021,11,99117,0.0
CNG,2024,3,98367,0.0
Avista,2022,11,99110,0.0
Avista,2024,7,99031,0.0
Avista,2024,4,99163,0.0
NWN,2020,6,98660,0.0
Avista,2022,7,99169,0.0
PSE,2022,2,98597,0.0
PSE,2022,4,98037,0.0
Avista,2025,12,99208,0.0
NWN,2022,9,98675,0.0
Avista,2020,9,99006,0.0
PSE,2020,6,98110,0.0
CNG,2020,9,98901,0.0
PSE,2022,12,98168,0.0
PSE,2024,10,98199,0.0
PSE,2023,3,98390,0.0
PAC,2020,2,98947,343.0
PSE,2022,3,98408,0.0
Avista,2024,5,99181,0.0
PSE,2024,8,98408,0.0
PSE,2021,10,98032,0.0
PSE,2023,2,98005,0.0
Avista,2025,8,99151,0.0
Avista,2022,1,99161,0.0
CNG,2022,10,98284,0.0
PSE,2025,7,98177,0.0
PSE,2025,5,98087,0.0
PSE,2020,5,98057,0.0
PSE,2024,5,98110,0.0
CNG,2023,9,98233,0.0
PSE,2020,7,98271,0.0
CNG,2025,4,98801,0.0
PSE,2020,7,98232,0.0
NWN,2025,7,98125,0.0
CNG,2021,4,98802,0.0
Avista,2022,3,99039,0.0
Avista,2024,7,99013,0.0
Avista,2021,2,99003,0.0
PSE,2024,1,98408,0.0
Avista,2022,6,99149,0.0
PSE,2020,11,98271,0.0
NWN,2020,11,98639,0.0
NWN,2025,11,98648,0.0
PSE,2024,6,98926,0.0
PSE,2025,9,98023,0.0
NWN,2024,12,98661,0.0
PSE,2022,9,98104,0.0
NWN,2024,11,98617,0.0
PSE,2024,6,98037,0.0
PSE,2022,9,98499,0.0
Avista,2021,8,99185,0.0
PSE,2023,10,98513,0.0
PSE,2021,6,98327,0.0
CNG,2025,6,99323,0.0
Avista,2021,7,99003,0.0
PSE,2023,9,98133,0.0
Avista,2023,10,99030,0.0
PSE,2023,8,98531,0.0
PSE,2023,12,98272,0.0
PSE,2025,7,98404,0.0
PSE,2022,10,98372,0.0
PAC,2020,10,98951,0.0
PSE,2022,11,98007,0.0
NWN,2025,2,98607,0.0
PSE,2024,1,98005,0.0
PSE,2023,1,98596,0.0
CNG,2020,1,98908,0.0
PSE,2024,11,98271,0.0
Avista,2023,2,99344,0.0
PAC,2020,6,98939,0.0
CNG,2025,9,98311,0.0
PSE,2025,3,98230,0.0
PSE,2023,7,98498,0.0
CNG,2024,11,99350,0.0
PSE,2022,8,98103,0.0
PSE,2024,5,98031,0.0
PSE,2022,12,98531,0.0
PSE,2025,2,98198,0.0
CNG,2022,4,98295,0.0
NWN,2023,2,98675,0.0
CNG,2020,6,98520,0.0
PAC,2021,12,99324,0.0
Avista,2023,2,99102,0.0
PSE,2022,2,98271,0.0
PSE,2024,4,98053,0.0
PAC,2021,7,98933,0.0
NWN,2025,6,98762,0.0
PSE,2024,12,98277,0.0
PSE,2025,4,98255,0.0
CNG,2025,2,98366,0.0
Avista,2021,6,99217,0.0
PSE,2020,10,98272,0.0
PSE,2020,12,98258,0.0
CNG,2024,9,98674,0.0
PSE,2024,2,98001,0.0
PSE,2020,11,98503,0.0
CNG,2023,1,98247,0.0
CNG,2023,3,98936,0.0
CNG,2023,10,98557,0.0
PSE,2024,3,98501,0.0
PSE,2023,3,98108,0.0
NWN,2020,4,98307,0.0
PSE,2022,6,98422,0.0
Avista,2020,10,99151,0.0
PSE,2023,3,98110,0.0
Avista,2023,5,99034,0.0
PSE,2021,6,98040,0.0
PAC,2020,8,98953,0.0
NWN,2023,4,98662,0.0
PAC,2023,3,99360,0.0
Avista,2022,12,99341,0.0
NWN,2025,4,98127,0.0
Avista,2021,9,99202,0.0
PSE,2020,4,98074,0.0
PSE,2025,10,98201,0.0
Avista,2023,3,99144,0.0
Avista,2023,1,99026,0.0
Avista,2025,3,99204,0.0
Avista,2020,11,99223,0.0
PSE,2024,6,98248,0.0
NWN,2024,10,98026,0.0
CNG,2024,9,98240,0.0
PSE,2023,5,98033,0.0
CNG,2021,9,98370,0.0
PSE,2025,10,98126,0.0
Avista,2020,3,99009,0.0
NWN,2023,7,98674,0.0
Avista,2022,6,99030,0.0
PSE,2020,7,98144,0.0
NWN,2022,12,98635,0.0
CNG,2024,1,98337,0.0
NWN,2022,12,98639,0.0
PSE,2023,3,98244,0.0
Avista,2024,2,99125,0.0
NWN,2022,4,98675,0.0
PSE,2022,11,98531,0.0
Avista,2023,10,99125,0.0
NWN,2022,11,98666,0.0
Avista,2024,5,99159,0.0
PSE,2021,2,98036,0.0
NWN,2024,12,98683,0.0
Avista,2022,7,99223,0.0
NWN,2025,11,98674,0.0
PAC,2024,11,98932,0.0
Avista,2024,2,99148,0.0
NWN,2024,12,98026,0.0
NWN,2022,1,98607,0.0
PSE,2025,2,98337,0.0
Avista,2022,8,99128,0.0
Avista,2023,5,99039,0.0
PSE,2022,11,98321,0.0
PSE,2022,1,98065,0.0
CNG,2025,1,98295,0.0
PSE,2023,4,98168,0.0
Avista,2022,8,99176,0.0
CNG,2025,8,98674,0.0
PAC,2020,6,98920,0.0
PAC,2020,1,98937,351.0
PSE,2022,5,98221,0.0
NWN,2024,8,98606,0.0
PSE,2021,1,98424,0.0
Avista,2023,5,99156,0.0
PSE,2023,9,98506,0.0
NWN,2021,1,98610,0.0
NWN,2025,1,98208,0.0
Avista,2024,3,99030,0.0
CNG,2022,5,98271,0.0
CNG,2022,9,98310,0.0
PSE,2025,12,98370,0.0
CNG,2023,4,98632,0.0
PSE,2021,7,98424,0.0
PSE,2024,11,98072,0.0
PSE,2021,4,98065,0.0
CNG,2025,12,98229,0.0
Avista,2023,8,99151,0.0
Avista,2025,5,99138,0.0
PSE,2021,3,98001,0.0
Avista,2023,7,99335,0.0
PSE,2020,5,98439,0.0
PSE,2023,8,98021,0.0
Avista,2023,7,99164,0.0
Avista,2022,11,99208,0.0
Avista,2023,12,99344,0.0
PSE,2023,4,98258,0.0
PSE,2024,7,98053,0.0
Avista,2022,12,99011,0.0
NWN,2022,3,98026,0.0
PSE,2022,3,98092,0.0
PSE,2020,5,98418,0.0
CNG,2023,9,98240,0.0
PSE,2023,2,98104,0.0
Avista,2022,5,99219,0.0
Avista,2021,5,99156,0.0
CNG,2022,9,98282,0.0
PSE,2022,1,98391,0.0
PSE,2021,11,98021,0.0
CNG,2020,3,98908,1080.22
PSE,2020,8,98277,0.0
Avista,2022,10,99025,0.0
PSE,2020,12,98003,0.0
Avista,2024,10,99013,0.0
Avista,2021,10,99005,0.0
CNG,2023,12,98220,0.0
CNG,2020,10,99337,0.0
CNG,2023,5,98345,0.0
PSE,2023,3,98392,0.0
Avista,2021,6,99216,0.0
Avista,2025,1,99039,0.0
Avista,2024,8,99033,0.0
PSE,2023,2,98270,0.0
PSE,2022,6,98941,0.0
PSE,2020,12,98059,0.0
PSE,2022,2,98501,0.0
PSE,2022,10,98576,0.0
NWN,2024,12,98648,0.0
CNG,2020,7,98274,0.0
PSE,2023,7,98372,0.0
Avista,2025,2,99103,0.0
NWN,2022,5,98685,0.0
Avista,2025,7,99016,0.0
Avista,2023,11,99125,0.0
CNG,2025,10,99323,0.0
NWN,2024,10,98684,0.0
Avista,2022,7,99006,0.0
NWN,2025,10,98307,0.0
Avista,2025,11,99039,0.0
PSE,2020,4,98224,0.0
NWN,2020,3,98612,0.0
Avista,2025,2,99019,0.0
CNG,2021,1,98240,0.0
PSE,2025,11,98166,0.0
PAC,2022,12,99324,0.0
NWN,2025,10,98026,0.0
Avista,2022,7,99102,0.0
NWN,2025,12,98648,0.0
CNG,2024,10,98264,0.0
Avista,2022,3,99036,0.0
PSE,2024,10,98255,0.0
PAC,2023,7,98930,0.0
NWN,2023,2,98662,0.0
Avista,2023,12,99224,0.0
Avista,2023,2,99167,0.0
Avista,2023,8,99107,0.0
Avista,2021,3,99014,0.0
Avista,2022,5,99033,0.0
PSE,2020,5,98036,0.0
CNG,2021,1,98232,0.0
CNG,2021,4,98277,0.0
Avista,2022,5,99143,0.0
PAC,2020,6,98923,0.0
PSE,2021,7,98208,0.0
PSE,2024,4,98370,0.0
PSE,2024,8,98042,0.0
Avista,2023,9,99141,0.0
PSE,2021,3,98072,0.0
CNG,2021,9,98903,0.0
CNG,2022,8,98520,0.0
PSE,2022,10,98380,0.0
PSE,2020,11,98373,0.0
NWN,2023,11,98662,0.0
PSE,2022,1,98516,0.0
Avista,2023,5,99109,0.0
PSE,2021,6,98424,0.0
PSE,2024,8,98262,0.0
PSE,2023,3,98512,0.0
PSE,2023,8,98036,0.0
PSE,2020,3,98467,0.0
PSE,2020,3,98028,0.0
Avista,2022,1,99144,0.0
Avista,2020,9,99030,0.0
PSE,2024,9,98148,0.0
CNG,2025,4,98244,0.0
PSE,2022,7,98133,0.0
CNG,2022,11,98257,0.0
PSE,2024,7,98266,0.0
Avista,2021,11,99039,0.0
Avista,2024,12,99217,0.0
PSE,2023,9,98266,0.0
Avista,2021,10,99326,0.0
Avista,2021,12,99204,0.0
NWN,2022,2,98762,0.0
Avista,2025,3,99341,0.0
Avista,2024,6,99128,0.0
PSE,2021,11,98466,0.0
NWN,2022,11,98672,0.0
Avista,2023,4,99039,0.0
PSE,2022,9,98273,0.0
Avista,2025,12,99030,0.0
PSE,2025,1,98418,0.0
PSE,2025,4,98177,0.0
PSE,2024,1,98338,0.0
PAC,2021,5,98937,0.0
PSE,2023,7,98444,0.0
PSE,2023,6,98087,0.0
PSE,2025,6,98104,0.0
PSE,2023,8,98262,0.0
Avista,2024,5,99134,0.0
PSE,2025,2,98370,0.0
NWN,2025,7,98664,0.0
CNG,2024,12,98625,0.0
Avista,2022,1,99205,0.0
CNG,2020,2,99354,0.0
Avista,2020,7,99141,0.0
PSE,2024,10,98506,0.0
Avista,2021,3,99021,0.0
PSE,2024,5,98531,0.0
CNG,2024,5,98257,0.0
CNG,2024,9,98944,0.0
CNG,2023,7,98295,0.0
Avista,2023,5,99026,0.0
Avista,2025,12,99160,0.0
Avista,2020,10,99019,0.0
PSE,2025,12,98273,0.0
PAC,2021,6,98935,0.0
Avista,2022,7,99371,0.0
CNG,2021,6,98230,0.0
PSE,2022,11,98576,0.0
CNG,2021,9,98584,0.0
PSE,2022,7,98188,0.0
PSE,2022,1,98596,0.0
PAC,2021,3,98939,0.0
CNG,2024,7,99336,0.0
CNG,2021,2,99354,0.0
Avista,2022,2,99202,0.0
PSE,2023,2,98028,0.0
PAC,2021,3,99360,0.0
PSE,2022,6,98072,0.0
CNG,2021,9,99353,0.0
CNG,2024,4,98674,0.0
PSE,2020,5,98501,0.0
Avista,2025,12,99104,0.0
PSE,2025,11,98366,0.0
Avista,2023,5,99335,0.0
NWN,2021,5,98672,0.0
PSE,2021,10,98029,0.0
PSE,2025,6,98101,0.0
PSE,2022,6,98237,0.0
PSE,2025,2,98102,0.0
Avista,2020,11,99217,0.0
Avista,2025,3,99169,0.0
PSE,2024,10,98012,0.0
PAC,2020,3,98935,299.0
PSE,2025,3,98201,0.0
PSE,2021,12,98034,0.0
PSE,2025,2,98502,0.0
PSE,2021,11,98467,0.0
PSE,2024,10,98144,0.0
PSE,2021,7,98221,0.0
PSE,2025,2,98122,0.0
PSE,2024,5,98260,0.0
PSE,2021,9,98022,0.0
PSE,2022,4,98226,0.0
PSE,2022,2,98499,0.0
Avista,2021,2,99111,0.0
Avista,2022,5,99021,0.0
PSE,2025,10,98466,0.0
Avista,2023,4,99023,0.0
Avista,2024,6,99014,0.0
CNG,2025,1,98284,0.0
Avista,2020,11,99163,0.0
PSE,2025,10,98110,0.0
Avista,2021,5,99164,0.0
PSE,2020,8,98266,0.0
PSE,2020,4,98444,0.0
Avista,2021,1,99013,0.0
NWN,2020,8,98307,0.0
PSE,2022,2,98104,0.0
CNG,2021,3,99350,0.0
CNG,2025,8,98312,0.0
PSE,2022,10,98040,0.0
NWN,2024,11,98620,0.0
PSE,2020,11,98003,0.0
CNG,2025,11,98314,0.0
Avista,2023,2,99205,0.0
PSE,2021,7,98371,0.0
NWN,2025,10,98648,0.0
PSE,2020,12,98273,0.0
Avista,2023,1,99029,0.0
PSE,2024,10,98576,0.0
Avista,2024,11,99260,0.0
Avista,2021,12,99131,0.0
CNG,2025,12,98230,0.0
PSE,2022,7,98032,0.0
CNG,2021,10,98541,0.0
Avista,2024,12,99111,0.0
PSE,2023,12,98092,0.0
CNG,2025,12,98310,0.0
NWN,2024,3,98626,0.0
PSE,2022,10,98502,0.0
PSE,2025,4,98155,0.0
Avista,2025,12,99260,0.0
PSE,2022,1,98501,0.0
Avista,2024,1,99141,0.0
PSE,2023,8,98011,0.0
PSE,2022,11,98028,0.0
CNG,2020,10,98557,0.0
PSE,2021,11,98506,0.0
CNG,2024,11,98802,0.0
Avista,2025,12,99224,0.0
PSE,2022,6,98275,0.0
PAC,2023,11,98930,0.0
Avista,2022,12,99159,0.0
CNG,2022,9,98367,0.0
PSE,2024,9,98503,0.0
Avista,2025,1,99157,0.0
CNG,2022,3,98295,0.0
PSE,2022,4,98406,0.0
CNG,2025,1,98277,0.0
CNG,2023,3,98801,0.0
Avista,2020,9,99138,0.0
CNG,2022,9,98930,0.0
CNG,2023,7,99350,0.0
PSE,2021,9,98372,0.0
PSE,2024,2,98108,0.0
PSE,2024,9,98392,0.0
PSE,2025,3,98408,0.0
Avista,2025,4,99026,0.0
CNG,2024,5,99323,0.0
NWN,2025,4,98606,0.0
PAC,2020,9,98953,0.0
CNG,2020,11,98367,0.0
NWN,2022,9,98610,0.0
NWN,2021,8,98674,0.0
PSE,2023,7,98103,0.0
CNG,2024,10,98225,0.0
PSE,2022,11,98011,0.0
PSE,2021,9,98010,0.0
Avista,2023,11,98620,0.0
Avista,2022,1,99156,0.0
CNG,2023,6,98244,0.0
CNG,2025,11,99337,0.0
CNG,2023,1,98248,0.0
PSE,2023,5,98092,0.0
CNG,2022,2,98674,0.0
CNG,2020,3,98230,515.84
Avista,2021,4,99117,0.0
NWN,2022,1,98610,0.0
PSE,2023,12,98283,0.0
CNG,2025,10,98271,0.0
NWN,2021,1,98666,0.0
Avista,2020,7,99033,0.0
Avista,2021,7,99131,0.0
PSE,2021,1,98390,0.0
CNG,2021,3,98311,0.0
CNG,2024,4,99344,0.0
PSE,2024,12,98074,0.0
PSE,2023,2,98327,0.0
PAC,2023,2,98936,0.0
PAC,2025,9,98901,368.48
PSE,2025,8,98002,0.0
PSE,2023,1,98007,0.0
PAC,2023,5,99360,0.0
PSE,2024,4,98166,0.0
PSE,2021,5,98501,0.0
PAC,2024,11,99347,0.0
Avista,2021,9,99130,0.0
PAC,2022,10,98948,0.0
Avista,2023,5,99341,0.0
PSE,2025,5,98201,0.0
NWN,2020,11,98604,0.0
Avista,2023,9,99219,0.0
PSE,2020,5,98260,0.0
PSE,2022,7,98446,0.0
PSE,2025,9,98030,0.0
PSE,2023,1,98038,0.0
PSE,2025,6,98387,0.0
PSE,2024,6,98372,0.0
PSE,2020,6,98028,0.0
NWN,2022,9,98664,0.0
CNG,2021,9,98837,0.0
Avista,2022,11,99170,0.0
CNG,2024,7,98902,0.0
PSE,2025,6,98337,0.0
Avista,2022,8,99033,0.0
CNG,2022,9,98345,0.0
PSE,2025,11,98258,0.0
PAC,2023,2,98951,0.0
CNG,2024,5,98802,0.0
PSE,2021,6,98387,0.0
Avista,2021,9,99110,0.0
Avista,2021,11,99006,0.0
PSE,2021,11,98516,0.0
PSE,2023,10,98244,0.0
NWN,2022,4,98635,0.0
NWN,2025,12,98127,0.0
NWN,2020,10,98620,0.0
PSE,2024,4,98101,0.0
PSE,2023,12,98310,0.0
CNG,2021,12,99301,0.0
PSE,2020,6,98010,0.0
PSE,2025,9,98133,0.0
CNG,2025,10,98550,0.0
CNG,2021,10,98951,0.0
CNG,2021,12,98295,0.0
PSE,2023,12,98106,0.0
CNG,2025,3,98383,0.0
CNG,2021,5,98244,0.0
Avista,2023,1,99206,0.0
PSE,2022,10,98418,0.0
PSE,2021,3,98408,0.0
PSE,2023,6,98226,0.0
PSE,2023,4,98109,0.0
PSE,2024,2,98257,0.0
Avista,2022,4,99026,0.0
NWN,2020,8,98626,0.0
PSE,2022,8,98177,0.0
PSE,2025,10,98391,0.0
PSE,2021,11,98208,0.0
PSE,2023,2,98498,0.0
PSE,2025,5,98043,0.0
PSE,2020,5,98321,0.0
NWN,2025,2,98671,0.0
PSE,2025,2,98112,0.0
PSE,2023,3,98237,0.0
PSE,2025,1,98226,0.0
PSE,2022,1,98026,0.0
PSE,2024,10,98501,0.0
PSE,2024,12,98346,0.0
Avista,2022,2,99212,0.0
CNG,2023,7,98936,0.0
NWN,2021,2,98307,0.0
PSE,2023,8,98283,0.0
PSE,2020,3,98177,0.0
NWN,2020,4,98864,0.0
PSE,2023,8,98024,0.0
PSE,2020,11,98327,0.0
PSE,2025,10,98516,0.0
NWN,2025,4,98642,1.0
Avista,2023,1,99019,0.0
PSE,2020,10,98007,0.0
Avista,2021,6,99113,0.0
PSE,2025,4,98034,0.0
PAC,2020,4,98921,0.0
PAC,2021,2,98936,0.0
PSE,2024,5,98144,0.0
Avista,2025,8,99103,0.0
PSE,2024,5,98105,0.0
PSE,2023,10,98008,0.0
NWN,2020,10,98672,0.0
Avista,2025,10,99013,0.0
PSE,2022,12,98262,0.0
Avista,2021,9,99174,0.0
PSE,2024,6,98233,0.0
PSE,2025,4,98383,0.0
Avista,2020,6,99033,0.0
PSE,2020,7,98106,0.0
Avista,2022,11,99130,0.0
NWN,2021,1,98682,0.0
PSE,2022,10,98117,0.0
CNG,2022,9,98366,0.0
NWN,2023,10,98683,0.0
CNG,2021,4,99352,0.0
CNG,2025,1,98951,0.0
PAC,2021,2,98948,0.0
PAC,2022,12,98933,0.0
PSE,2024,9,98237,0.0
PSE,2020,7,98312,0.0
PSE,2021,1,98012,0.0
Avista,2025,1,99151,0.0
PSE,2025,6,98058,0.0
CNG,2023,2,98312,0.0
NWN,2021,10,98635,0.0
Avista,2025,12,99371,0.0
PSE,2022,8,98275,0.0
CNG,2022,11,98273,0.0
PAC,2021,1,98923,0.0
PSE,2022,6,98367,0.0
PSE,2021,5,98055,0.0
PAC,2020,11,99329,0.0
CNG,2025,11,98264,0.0
CNG,2021,7,98367,0.0
CNG,2021,10,98367,0.0
CNG,2023,6,98366,0.0
CNG,2020,5,98903,0.0
PSE,2020,9,98360,0.0
PAC,2023,10,98930,0.0
Avista,2020,7,99161,0.0
Avista,2025,4,99021,0.0
CNG,2020,4,98632,0.0
CNG,2024,4,99353,0.0
PSE,2024,6,98392,0.0
CNG,2025,7,98902,0.0
Avista,2023,4,99174,0.0
CNG,2024,8,98264,0.0
PSE,2020,9,98112,0.0
NWN,2020,7,98604,0.0
Avista,2025,3,99203,0.0
PSE,2021,8,98023,0.0
CNG,2020,10,98584,0.0
CNG,2021,6,98233,0.0
PSE,2022,7,98513,0.0
NWN,2020,3,98307,0.0
NWN,2025,6,98661,0.0
PSE,2020,4,98502,0.0
Avista,2023,11,99030,0.0
CNG,2023,3,98337,0.0
PSE,2024,1,98070,0.0
PSE,2023,4,98375,0.0
PAC,2021,5,98951,0.0
Avista,2023,6,99181,0.0
PSE,2021,12,98408,0.0
PSE,2023,10,98226,0.0
CNG,2022,8,99362,0.0
PSE,2024,2,98337,0.0
PSE,2022,9,98406,0.0
PAC,2021,12,98933,0.0
PSE,2025,8,98367,0.0
PSE,2023,8,98312,0.0
CNG,2024,7,98557,0.0
Avista,2025,4,99012,0.0
CNG,2024,9,99337,0.0
Avista,2020,12,99216,0.0
Avista,2025,3,99029,0.0
PSE,2020,6,98367,0.0
PSE,2025,8,98371,0.0
Avista,2021,8,99131,0.0
PSE,2023,10,98055,0.0
Avista,2024,1,99005,0.0
PSE,2025,7,98272,0.0
Avista,2021,7,99001,0.0
CNG,2022,7,98370,0.0
PAC,2020,1,98903,1517.0
CNG,2020,2,98541,0.0
CNG,2023,11,98930,0.0
Avista,2022,4,99012,0.0
PSE,2023,4,98002,0.0
CNG,2024,9,98229,0.0
PSE,2023,9,98024,0.0
NWN,2020,7,98601,0.0
PSE,2025,6,98027,0.0
CNG,2024,7,98942,0.0
NWN,2022,11,98208,0.0
PSE,2020,3,98005,0.0
PSE,2020,4,98270,0.0
PSE,2022,9,98327,0.0
PSE,2022,10,98274,0.0
NWN,2024,11,97031,0.0
Avista,2022,3,99037,0.0
PAC,2020,7,98952,0.0
PAC,2025,5,98953,7.67
PSE,2020,4,98232,0.0
PSE,2021,6,98367,0.0
Avista,2023,11,99037,0.0
CNG,2024,11,98312,0.0
PAC,2024,8,98901,0.0
PSE,2025,7,98445,0.0
CNG,2023,8,98848,0.0
PSE,2022,9,98290,0.0
CNG,2025,9,98563,0.0
PSE,2020,10,98188,0.0
PSE,2021,3,98248,0.0
NWN,2024,8,97031,0.0
Avista,2025,5,99335,0.0
CNG,2021,9,98312,0.0
Avista,2023,3,99371,0.0
PSE,2024,3,98321,0.0
PSE,2024,5,98053,0.0
CNG,2024,11,98837,0.0
CNG,2024,2,98367,0.0
PSE,2025,5,98005,0.0
PSE,2020,12,98388,0.0
PSE,2021,11,98198,0.0
PSE,2020,10,98232,0.0
PSE,2025,10,98311,0.0
PAC,2024,6,98901,0.0
Avista,2024,2,99216,0.0
NWN,2024,12,98642,0.0
Avista,2021,2,99202,0.0
PSE,2021,6,98110,0.0
CNG,2021,12,98248,0.0
PSE,2022,1,98032,0.0
PSE,2021,6,98008,0.0
Avista,2021,9,99173,0.0
NWN,2021,8,98612,0.0
PSE,2024,3,98148,0.0
Avista,2020,10,99170,0.0
Avista,2024,6,99122,0.0
CNG,2021,5,98220,0.0
PSE,2024,5,98040,0.0
PSE,2025,7,98260,0.0
PSE,2021,10,98321,0.0
NWN,2023,11,97031,0.0
PSE,2021,1,98201,0.0
PSE,2020,7,98178,0.0
Avista,2021,5,99109,0.0
PSE,2025,2,98275,0.0
PSE,2021,6,98321,0.0
PSE,2024,2,98512,0.0
PSE,2021,5,98337,0.0
PSE,2025,10,98258,0.0
CNG,2022,11,98264,0.0
Avista,2021,3,99146,0.0
Avista,2025,12,99101,0.0
Avista,2023,5,99218,0.0
PSE,2021,1,98277,0.0
Avista,2020,5,99103,0.0
CNG,2024,4,98337,0.0
Avista,2021,4,99005,0.0
PSE,2025,7,98934,0.0
PSE,2021,7,98226,0.0
Avista,2023,3,99158,0.0
NWN,2024,7,98612,0.0
PSE,2023,11,98424,0.0
NWN,2024,1,98617,0.0
Avista,2020,3,99128,0.0
PSE,2022,3,98390,0.0
PSE,2020,5,98201,0.0
Avista,2022,8,99130,0.0
PSE,2022,11,98105,0.0
PSE,2021,8,98516,0.0
Avista,2024,9,99013,0.0
CNG,2025,12,99324,0.0
Avista,2022,2,99403,0.0
NWN,2024,5,98686,0.0
CNG,2022,9,98337,0.0
PAC,2023,8,99323,0.0
Avista,2024,1,99131,0.0
NWN,2020,7,98674,0.0
NWN,2025,11,97388,0.0
Avista,2022,12,99101,0.0
PSE,2023,11,98119,0.0
PSE,2020,8,98390,0.0
Avista,2024,12,99143,0.0
NWN,2023,4,98307,0.0
PSE,2024,7,98532,0.0
Avista,2024,9,99149,0.0
CNG,2020,2,98944,0.0
PSE,2021,6,98532,0.0
PSE,2023,3,98024,0.0
PAC,2020,9,99362,0.0
PSE,2024,1,98244,0.0
CNG,2022,1,98626,0.0
Avista,2022,1,99341,0.0
PAC,2022,9,98947,0.0
CNG,2025,1,98611,0.0
CNG,2025,10,98944,0.0
Avista,2025,7,99005,0.0
PSE,2021,8,98042,0.0
Avista,2020,5,99208,0.0
Avista,2022,1,98620,0.0
CNG,2025,11,98625,0.0
Avista,2020,3,99111,0.0
Avista,2025,9,99171,0.0
Avista,2020,4,99179,0.0
CNG,2021,9,98232,0.0
Avista,2023,11,99016,0.0
PSE,2023,6,98011,0.0
CNG,2025,7,98951,0.0
PAC,2022,5,99350,0.0
Avista,2022,8,99341,0.0
PSE,2022,1,98204,0.0
Avista,2022,12,99167,0.0
CNG,2025,6,98936,0.0
PSE,2024,12,98166,0.0
PAC,2024,6,98932,0.0
PSE,2024,7,98367,0.0
PSE,2022,2,98109,0.0
PSE,2023,3,98101,0.0
Avista,2022,3,99009,0.0
NWN,2020,5,98642,0.0
PSE,2023,6,98059,0.0
Avista,2024,10,99104,0.0
CNG,2024,9,98345,0.0
PSE,2021,12,98232,0.0
CNG,2023,12,98274,0.0
PSE,2021,9,98024,0.0
Avista,2021,12,98620,0.0
Avista,2025,10,99103,0.0
PSE,2025,3,98053,0.0
Avista,2020,8,99160,0.0
CNG,2024,4,98233,0.0
PSE,2024,6,98503,0.0
NWN,2025,11,98610,0.0
NWN,2024,3,97301,0.0
PSE,2025,7,98056,0.0
PSE,2023,7,98408,0.0
PAC,2021,8,98935,0.0
CNG,2021,12,99354,0.0
Avista,2020,7,99158,0.0
NWN,2021,11,97301,0.0
Avista,2022,3,99167,0.0
Avista,2025,10,99018,0.0
PSE,2024,1,98023,0.0
PSE,2025,1,98166,0.0
PSE,2024,12,98406,0.0
Avista,2025,9,98857,0.0
Avista,2025,11,99114,0.0
PAC,2023,11,99360,0.0
Avista,2021,1,99018,0.0
PSE,2024,2,98146,0.0
Avista,2020,6,99008,0.0
NWN,2020,8,98610,0.0
CNG,2022,5,98345,0.0
CNG,2024,9,98223,0.0
PSE,2021,12,98023,0.0
PSE,2024,3,98255,0.0
CNG,2022,9,98248,0.0
CNG,2021,11,99354,0.0
NWN,2022,8,98685,0.0
Avista,2023,10,99176,0.0
PSE,2023,9,98118,0.0
PSE,2022,5,98198,0.0
Avista,2024,1,99030,0.0
PSE,2024,2,98237,0.0
PSE,2022,1,98284,0.0
PSE,2020,12,98405,0.0
PSE,2023,1,98337,0.0
NWN,2023,7,98671,0.0
CNG,2021,1,98901,0.0
PSE,2020,4,98926,0.0
PSE,2022,6,98022,0.0
CNG,2021,8,98901,0.0
NWN,2022,5,98307,0.0
PSE,2022,10,98004,0.0
CNG,2023,10,98271,0.0
CNG,2022,3,98948,0.0
Avista,2022,7,99021,0.0
PSE,2020,7,98117,0.0
CNG,2022,6,99350,0.0
PSE,2022,7,98589,0.0
Avista,2021,12,99143,0.0
PSE,2025,12,98031,0.0
CNG,2025,5,98367,0.0
PSE,2020,10,98387,0.0
CNG,2025,9,98282,0.0
Avista,2025,11,99326,0.0
PSE,2021,7,98342,0.0
CNG,2020,11,98311,0.0
Avista,2025,5,99216,0.0
CNG,2022,5,98541,0.0
PSE,2025,2,98367,0.0
PSE,2024,10,98346,0.0
NWN,2022,3,98664,0.0
Avista,2023,4,99012,0.0
Avista,2025,7,99110,0.0
PSE,2023,10,98312,0.0
PSE,2021,1,98402,0.0
CNG,2020,12,98345,0.0
CNG,2020,9,98936,0.0
PAC,2023,5,98932,0.0
Avista,2023,10,99113,0.0
Avista,2022,10,99217,0.0
CNG,2024,1,98626,0.0
PSE,2024,9,98101,0.0
CNG,2020,1,98902,0.0
PSE,2022,2,98201,0.0
Avista,2020,3,99129,0.0
Avista,2021,8,99036,0.0
Avista,2021,9,99134,0.0
PSE,2024,10,98321,0.0
Avista,2024,1,99128,0.0
NWN,2020,4,98635,0.0
PSE,2025,12,98576,0.0
CNG,2021,7,99324,0.0
PSE,2022,2,98053,0.0
Avista,2023,10,99208,0.0
Avista,2022,10,99031,0.0
PSE,2021,3,98059,0.0
Avista,2021,5,99101,0.0
Avista,2024,9,99341,0.0
CNG,2023,1,98232,0.0
CNG,2022,10,99337,0.0
PSE,2020,9,98501,0.0
PSE,2023,4,98272,0.0
PSE,2024,2,98033,0.0
Avista,2025,6,99003,0.0
CNG,2023,10,99324,0.0
CNG,2023,3,98232,0.0
Avista,2025,6,99030,0.0
CNG,2023,7,98314,0.0
Avista,2020,8,99004,0.0
PSE,2020,3,98104,0.0
PSE,2022,8,98166,0.0
Avista,2021,1,99012,0.0
CNG,2020,12,98274,0.0
PSE,2025,8,98110,0.0
PSE,2022,8,98589,0.0
NWN,2020,11,98663,0.0
Avista,2020,12,99023,0.0
PAC,2020,12,99328,0.0
Avista,2020,9,99137,0.0
NWN,2025,12,98635,0.0
PSE,2021,8,98283,0.0
PAC,2023,10,98902,0.0
PSE,2021,7,98030,0.0
PSE,2021,1,98258,0.0
Avista,2023,2,99144,0.0
NWN,2022,5,98617,0.0
Avista,2023,2,99030,0.0
PSE,2022,7,98056,0.0
Avista,2021,9,99205,0.0
PSE,2024,2,98043,0.0
Avista,2024,8,99205,0.0
Avista,2023,5,99129,0.0
PSE,2023,8,98058,0.0
PAC,2021,1,99362,0.0
CNG,2021,6,99336,0.0
CNG,2025,4,98903,0.0
Avista,2020,7,99031,0.0
Avista,2020,9,99104,0.0
Avista,2020,12,99208,0.0
PSE,2023,6,98101,0.0
Avista,2024,11,99027,0.0
PSE,2020,8,98424,0.0
Avista,2024,5,99021,0.0
PSE,2024,10,98008,0.0
Avista,2022,12,99031,0.0
Avista,2022,8,99117,0.0
PSE,2021,6,98102,0.0
PSE,2022,1,98019,0.0
PSE,2020,8,98272,0.0
PSE,2022,11,98327,0.0
PSE,2020,8,98201,0.0
PSE,2022,4,98043,0.0
PSE,2022,5,98092,0.0
PSE,2020,5,98033,0.0
Avista,2022,4,99203,0.0
Avista,2021,3,99036,0.0
Avista,2022,2,99218,0.0
Avista,2022,8,99001,0.0
PAC,2023,6,98935,0.0
PSE,2024,11,98373,0.0
CNG,2023,3,99353,0.0
NWN,2023,3,98026,0.0
CNG,2020,12,98247,0.0
NWN,2021,2,98617,0.0
PSE,2020,6,98055,0.0
NWN,2020,4,98672,0.0
Avista,2022,12,99009,0.0
PSE,2022,12,98258,0.0
CNG,2023,3,98274,0.0
PSE,2025,1,98116,0.0
NWN,2025,1,98626,0.0
NWN,2022,4,98663,0.0
NWN,2025,8,98675,0.0
NWN,2021,8,98635,0.0
PSE,2024,12,98579,0.0
PSE,2022,12,98230,0.0
NWN,2024,9,98119,0.0
Avista,2022,12,99004,0.0
PSE,2024,4,98029,0.0
Avista,2024,4,99148,0.0
Avista,2025,7,99023,0.0
CNG,2022,8,98563,0.0
PSE,2020,5,98408,0.0
PSE,2025,11,98225,0.0
PSE,2023,2,98338,0.0
NWN,2024,8,98683,0.0
Avista,2022,10,99173,0.0
PAC,2022,10,98935,0.0
Avista,2022,11,99171,0.0
Avista,2020,11,99034,0.0
Avista,2022,11,99101,0.0
Avista,2025,3,99344,0.0
Avista,2025,5,99027,0.0
NWN,2024,1,98026,0.0
PAC,2022,9,98951,0.0
PSE,2021,4,98106,0.0
CNG,2023,9,98314,0.0
NWN,2021,1,98683,0.0
Avista,2022,11,99016,0.0
PSE,2020,4,98201,0.0
PSE,2022,5,98275,0.0
PSE,2020,7,98272,0.0
PSE,2020,7,98002,0.0
NWN,2025,6,98671,0.0
CNG,2023,8,98802,0.0
PSE,2025,11,98445,0.0
PSE,2020,6,98503,0.0
PSE,2021,2,98101,0.0
PSE,2025,3,98532,0.0
NWN,2024,1,98629,0.0
CNG,2023,4,98345,0.0
Avista,2023,10,99009,0.0
PAC,2022,10,99363,0.0
PSE,2023,4,98146,0.0
PSE,2021,8,98002,0.0
NWN,2020,9,98628,0.0
CNG,2023,11,98248,0.0
Avista,2024,2,99104,0.0
CNG,2022,12,98282,0.0
NWN,2025,12,98607,0.0
CNG,2022,9,98563,0.0
NWN,2022,8,98671,0.0
CNG,2020,2,98257,0.0
CNG,2025,10,98367,0.0
CNG,2022,2,98930,0.0
PSE,2020,10,98011,0.0
PSE,2020,6,98027,0.0
NWN,2021,12,98620,0.0
PSE,2024,9,98274,0.0
CNG,2020,3,98247,210.6
PSE,2023,3,98444,0.0
CNG,2020,7,98932,0.0
PSE,2020,8,98596,0.0
PSE,2022,9,98225,0.0
PSE,2020,12,98374,0.0
PSE,2024,1,98310,0.0
PSE,2025,3,98116,0.0
Avista,2024,7,99206,0.0
Avista,2025,8,99137,0.0
PSE,2023,1,98036,0.0
Avista,2025,7,99206,0.0
Avista,2020,9,99126,0.0
PAC,2020,9,98939,0.0
PSE,2025,1,98374,0.0
CNG,2020,7,98524,0.0
NWN,2024,12,98664,0.0
NWN,2023,12,98686,0.0
PSE,2025,2,98118,0.0
Avista,2020,12,99104,0.0
Avista,2020,6,99167,0.0
Avista,2025,11,99019,0.0
Avista,2023,6,99344,0.0
PSE,2020,8,98237,0.0
PSE,2024,6,98105,0.0
CNG,2023,3,99354,0.0
PAC,2021,7,98952,0.0
PSE,2022,6,98010,0.0
PSE,2024,10,98058,0.0
CNG,2021,10,98557,0.0
PSE,2023,2,98380,0.0
PSE,2024,2,98390,0.0
NWN,2021,7,98661,0.0
PSE,2020,11,98031,0.0
NWN,2020,11,98684,-15.0
PSE,2021,1,98225,0.0
CNG,2022,12,98674,0.0
CNG,2022,11,98366,0.0
NWN,2024,8,98671,0.0
PSE,2020,6,98237,0.0
PAC,2023,3,98902,0.0
Avista,2024,7,99203,0.0
NWN,2025,11,98683,0.0
PSE,2023,6,98467,0.0
PSE,2024,12,98033,0.0
Avista,2021,4,99037,0.0
Avista,2023,10,99141,0.0
PSE,2022,12,98244,0.0
PSE,2020,7,98026,0.0
PSE,2025,5,98092,0.0
PSE,2021,9,98327,0.0
PSE,2024,5,98178,0.0
NWN,2025,11,98661,0.0
CNG,2022,3,98312,0.0
PSE,2022,6,98024,0.0
CNG,2024,4,98528,0.0
PSE,2021,7,98506,0.0
PSE,2021,3,98010,0.0
PSE,2021,9,98270,0.0
PSE,2023,5,98498,0.0
Avista,2020,7,99202,0.0
Avista,2025,3,99023,0.0
CNG,2020,7,98632,0.0
PSE,2025,8,98011,0.0
PSE,2023,12,98224,0.0
CNG,2022,7,98230,0.0
Avista,2025,11,99220,0.0
PSE,2020,8,98204,0.0
Avista,2023,11,99161,0.0
Avista,2022,9,99109,0.0
PSE,2025,12,98335,0.0
Avista,2024,11,99101,0.0
Avista,2021,7,98857,0.0
PSE,2022,5,98337,0.0
Avista,2023,12,99174,0.0
PSE,2024,12,98058,0.0
PSE,2021,7,98392,0.0
CNG,2022,12,98948,0.0
CNG,2020,7,98944,0.0
PSE,2025,7,98118,0.0
PSE,2025,9,98370,0.0
Avista,2024,12,99207,0.0
PAC,2020,4,98923,0.0
PSE,2025,5,98225,0.0
PSE,2025,4,98375,0.0
Avista,2025,3,99208,0.0
CNG,2020,4,98232,0.0
CNG,2024,7,98233,0.0
PSE,2022,5,98043,0.0
Avista,2025,3,99167,0.0
PSE,2025,4,98002,0.0
PSE,2022,7,98503,0.0
PSE,2021,10,98031,0.0
PSE,2023,11,98108,0.0
Avista,2021,2,99212,0.0
Avista,2025,12,99205,0.0
PSE,2022,12,98392,0.0
CNG,2022,12,98520,0.0
Avista,2020,12,99026,0.0
NWN,2021,9,98664,0.0
PSE,2022,6,98406,0.0
NWN,2024,2,97031,0.0
PSE,2024,5,98166,0.0
PSE,2024,9,98036,0.0
Avista,2022,5,99005,0.0
NWN,2024,9,98666,0.0
CNG,2021,11,99344,0.0
PSE,2020,5,98248,0.0
Avista,2022,12,99138,0.0
Avista,2025,5,99181,0.0
Avista,2022,12,99134,0.0
Avista,2024,9,99027,0.0
Avista,2022,12,99027,0.0
NWN,2023,6,98660,0.0
PSE,2021,5,98405,0.0
CNG,2021,4,98264,0.0
PSE,2021,10,98118,0.0
PAC,2024,12,98901,0.0
PAC,2023,8,98902,0.0
PSE,2021,8,98070,0.0
PSE,2022,9,98005,0.0
PSE,2024,6,98446,0.0
PSE,2025,10,98144,0.0
Avista,2021,4,99205,0.0
PSE,2025,3,98058,0.0
Avista,2025,3,99011,0.0
PSE,2025,2,98021,0.0
PSE,2024,2,98466,0.0
Avista,2025,3,99171,0.0
PSE,2020,4,98445,0.0
Avista,2020,6,99013,0.0
PSE,2020,8,98024,0.0
NWN,2025,9,98682,0.0
PSE,2025,10,98257,0.0
PAC,2024,10,99363,0.0
PAC,2024,5,99348,0.0
Avista,2021,1,99202,0.0
PSE,2021,11,98103,0.0
NWN,2022,1,98629,0.0
PAC,2020,1,99362,2753.0
PSE,2021,10,98244,0.0
CNG,2020,11,99336,0.0
PSE,2023,7,98499,0.0
PAC,2021,9,99350,0.0
PAC,2022,5,98937,0.0
PSE,2020,9,98387,0.0
PSE,2024,2,98233,0.0
PAC,2022,4,98903,0.0
CNG,2024,11,98221,0.0
Avista,2024,9,99371,0.0
CNG,2024,1,98802,0.0
NWN,2024,11,98666,0.0
PSE,2025,7,98112,0.0
PSE,2025,10,98370,0.0
Avista,2020,11,99204,0.0
PSE,2024,7,98226,0.0
Avista,2025,10,99143,0.0
Avista,2024,4,99151,0.0
Avista,2025,6,99146,0.0
Avista,2022,2,99260,0.0
PSE,2025,11,98576,0.0
CNG,2023,7,98247,0.0
Avista,2023,8,99171,0.0
Avista,2020,8,99149,0.0
NWN,2024,6,97031,0.0
Avista,2021,6,99169,0.0
CNG,2023,10,98337,0.0
PSE,2023,10,98597,0.0
PSE,2021,6,98375,0.0
CNG,2025,6,99336,0.0
PSE,2022,11,98121,0.0
PAC,2020,4,98948,0.0
CNG,2023,4,98282,0.0
PAC,2021,5,99328,0.0
CNG,2025,11,99354,0.0
Avista,2022,10,99004,0.0
NWN,2021,12,98661,0.0
Avista,2021,6,99149,0.0
PSE,2022,2,98010,0.0
PAC,2020,6,98951,0.0
PSE,2020,10,98513,0.0
Avista,2025,3,99026,0.0
PSE,2025,5,98003,0.0
CNG,2024,9,98244,0.0
PSE,2023,1,98003,0.0
Avista,2022,2,99176,0.0
CNG,2023,2,98632,0.0
PSE,2021,10,98502,0.0
PAC,2024,7,99350,0.0
PSE,2021,6,98188,0.0
PSE,2023,1,98391,0.0
CNG,2024,7,98345,0.0
PSE,2020,6,98024,0.0
Avista,2021,11,99156,0.0
PSE,2020,12,98030,0.0
PSE,2022,9,98166,0.0
PSE,2024,7,98359,0.0
Avista,2022,10,99036,0.0
CNG,2025,7,98284,0.0
PSE,2021,6,98312,0.0
NWN,2020,11,98672,0.0
PSE,2023,5,98270,0.0
PSE,2023,5,98418,0.0
CNG,2024,3,98230,0.0
CNG,2022,7,98226,0.0
PSE,2020,10,98439,0.0
PSE,2020,3,98023,0.0
NWN,2022,12,98661,0.0
CNG,2022,7,98903,0.0
PAC,2020,10,98901,0.0
PSE,2024,4,98226,0.0
NWN,2022,3,98617,0.0
PSE,2021,4,98038,0.0
PSE,2022,5,98233,0.0
CNG,2025,7,99352,0.0
PSE,2020,9,98270,0.0
CNG,2025,12,98951,0.0
PSE,2021,1,98466,0.0
CNG,2025,11,98902,0.0
PAC,2020,6,98903,0.0
Avista,2021,5,99151,0.0
NWN,2023,6,98617,0.0
Avista,2025,7,99164,0.0
PSE,2025,1,98026,0.0
PSE,2025,3,98012,0.0
NWN,2020,6,98026,0.0
PAC,2020,11,99350,0.0
PSE,2025,7,98321,0.0
NWN,2025,12,97388,0.0
PSE,2020,8,98007,0.0
PSE,2024,9,98045,0.0
CNG,2021,8,98951,0.0
PSE,2022,3,98274,0.0
Avista,2025,7,99039,0.0
PSE,2024,5,98576,0.0
Avista,2020,10,99173,0.0
CNG,2023,2,98370,0.0
PSE,2023,11,98005,0.0
PSE,2020,8,98125,0.0
Avista,2023,7,99212,0.0
CNG,2025,10,99338,0.0
PAC,2023,4,98935,0.0
Avista,2025,9,99012,0.0
Avista,2023,5,99134,0.0
PSE,2021,6,98926,0.0
PAC,2023,3,99324,0.0
PSE,2025,6,98105,0.0
PSE,2025,1,98346,0.0
PSE,2021,6,98199,0.0
CNG,2023,5,98942,0.0
PSE,2025,5,98119,0.0
NWN,2024,3,98662,0.0
PSE,2024,2,98103,0.0
PSE,2023,2,98424,0.0
PSE,2025,3,98026,0.0
NWN,2024,1,98661,0.0
PSE,2022,8,98498,0.0
PSE,2025,11,98101,0.0
CNG,2025,6,98220,0.0
PSE,2022,12,98502,0.0
CNG,2024,12,98383,0.0
PSE,2025,12,98391,0.0
CNG,2021,11,98626,0.0
PAC,2022,1,98952,0.0
PSE,2025,5,98028,0.0
CNG,2021,8,98223,0.0
PSE,2023,1,98579,0.0
PSE,2020,3,98003,0.0
CNG,2023,5,98902,0.0
NWN,2020,10,98685,0.0
PSE,2021,7,98022,0.0
PSE,2020,12,98406,0.0
Avista,2025,7,99217,0.0
PSE,2020,9,98144,0.0
Avista,2023,7,99161,0.0
PSE,2023,5,98027,0.0
PAC,2022,1,98908,0.0
CNG,2024,5,98801,0.0
PSE,2020,3,98233,0.0
Avista,2020,9,99169,0.0
CNG,2025,12,98908,0.0
CNG,2020,11,98247,0.0
CNG,2021,5,98223,0.0
PSE,2024,11,98366,0.0
Avista,2025,10,99111,0.0
PAC,2021,3,98933,0.0
CNG,2023,1,98584,0.0
Avista,2020,4,99126,0.0
PSE,2022,6,98102,0.0
PSE,2024,6,98148,0.0
Avista,2022,12,99125,0.0
PSE,2022,1,98503,0.0
Avista,2025,12,99011,0.0
Avista,2025,11,99173,0.0
Avista,2020,3,99202,0.0
CNG,2020,11,98953,0.0
PSE,2023,2,98146,0.0
Avista,2025,3,99036,0.0
Avista,2025,8,99181,0.0
Avista,2024,8,99001,0.0
CNG,2022,6,98229,0.0
CNG,2021,12,98310,0.0
CNG,2024,2,98801,0.0
Avista,2021,9,99228,0.0
PSE,2020,9,98166,0.0
Avista,2023,7,99146,0.0
Avista,2022,2,99008,0.0
PSE,2022,8,98221,0.0
PSE,2024,10,98188,0.0
CNG,2020,2,98233,0.0
PSE,2020,8,98338,0.0
Avista,2021,7,99181,0.0
NWN,2024,5,98629,0.0
PSE,2020,6,98037,0.0
CNG,2020,6,99352,0.0
PSE,2024,8,98445,0.0
PSE,2025,12,98121,0.0
PAC,2021,3,99324,0.0
PSE,2021,4,98503,0.0
PSE,2025,10,98106,0.0
CNG,2020,4,99323,0.0
PAC,2021,8,98932,0.0
PSE,2021,2,98005,0.0
PSE,2025,9,98239,0.0
PSE,2021,2,98531,0.0
PSE,2023,2,98248,0.0
Avista,2024,3,98620,0.0
PSE,2020,7,98262,0.0
NWN,2022,9,98606,-30.0
PSE,2022,8,98038,0.0
Avista,2022,9,99020,0.0
Avista,2021,3,99179,0.0
PSE,2021,5,98390,0.0
Avista,2023,3,99008,0.0
PSE,2024,8,98109,0.0
PSE,2021,8,98237,0.0
PSE,2020,3,98092,0.0
PSE,2023,6,98056,0.0
CNG,2024,4,98226,0.0
PSE,2023,7,98374,0.0
Avista,2023,2,99021,0.0
PSE,2025,12,98021,0.0
CNG,2023,8,98932,0.0
PSE,2024,12,98290,0.0
PSE,2025,3,98133,0.0
NWN,2023,5,98648,0.0
PSE,2021,10,98332,0.0
CNG,2021,11,98337,0.0
Avista,2024,11,99201,0.0
PSE,2022,10,98596,0.0
CNG,2022,2,99344,0.0
PSE,2022,4,98109,0.0
CNG,2021,2,99336,0.0
CNG,2024,4,99350,0.0
PSE,2022,6,98031,0.0
CNG,2025,7,98314,0.0
CNG,2020,8,99362,0.0
PSE,2022,10,98467,0.0
CNG,2023,9,98953,0.0
PAC,2022,1,98937,0.0
PSE,2022,9,98029,0.0
PAC,2022,4,99363,0.0
Avista,2022,2,99030,0.0
Avista,2025,9,99040,0.0
NWN,2025,7,98665,0.0
PSE,2021,2,98390,0.0
PSE,2021,12,98005,0.0
PSE,2024,2,98387,0.0
CNG,2025,5,98292,0.0
Avista,2023,6,99402,0.0
CNG,2021,9,98367,0.0
PSE,2023,11,98342,0.0
PSE,2025,9,98506,0.0
PSE,2024,9,98168,0.0
Avista,2020,3,99141,0.0
PSE,2022,6,98408,0.0
PSE,2022,8,98512,0.0
Avista,2024,1,99009,0.0
Avista,2020,11,98620,0.0
PSE,2020,4,98010,0.0
Avista,2024,2,99204,0.0
PSE,2020,6,98023,0.0
Avista,2022,10,99016,0.0
Avista,2021,7,99149,0.0
CNG,2022,10,98944,0.0
Avista,2020,9,99208,0.0
NWN,2023,6,98604,0.0
NWN,2022,6,98682,0.0
PSE,2022,8,98258,0.0
PSE,2025,9,98166,0.0
Avista,2022,4,99138,0.0
CNG,2020,12,99352,0.0
PSE,2022,11,98239,0.0
PSE,2021,10,98338,0.0
CNG,2025,1,98837,0.0
Avista,2020,9,99032,0.0
PSE,2025,1,98148,0.0
Avista,2022,4,99169,0.0
PSE,2025,6,98031,0.0
PSE,2023,5,98380,0.0
PSE,2025,7,98337,0.0
PSE,2020,12,98255,0.0
Avista,2023,4,99025,0.0
PSE,2021,2,98028,0.0
Avista,2023,3,99224,0.0
PSE,2022,4,98271,0.0
PSE,2022,7,98027,0.0
CNG,2020,2,98312,0.0
CNG,2020,11,98528,0.0
CNG,2022,6,99352,0.0
PSE,2023,4,98271,0.0
PSE,2024,2,98372,0.0
PSE,2021,3,98224,0.0
NWN,2023,11,98685,0.0
PAC,2021,2,98951,0.0
Avista,2024,7,99326,0.0
PSE,2025,7,98597,0.0
Avista,2020,8,99111,0.0
PSE,2020,12,98126,0.0
PAC,2024,3,98947,0.0
PAC,2025,10,98902,1.38
NWN,2024,10,98642,0.0
Avista,2021,12,99110,0.0
PAC,2024,1,98951,0.0
PSE,2024,2,98248,0.0
PSE,2025,7,98531,0.0
PSE,2021,12,98102,0.0
PSE,2022,11,98026,0.0
PSE,2024,4,98030,0.0
CNG,2022,8,98277,0.0
PSE,2022,3,98010,0.0
PSE,2021,1,98070,0.0
CNG,2022,1,98230,0.0
PSE,2021,10,98346,0.0
PSE,2020,6,98201,0.0
PSE,2021,3,98029,0.0
PSE,2025,3,98375,0.0
Avista,2021,8,99161,0.0
Avista,2020,6,99169,0.0
PAC,2023,6,98930,0.0
PSE,2022,9,98402,0.0
Avista,2025,9,99181,0.0
PAC,2024,1,98932,0.0
PSE,2023,5,98360,0.0
PSE,2022,8,98262,0.0
Avista,2022,5,99341,0.0
CNG,2022,10,98233,0.0
PSE,2022,7,98260,0.0
Avista,2023,9,99125,0.0
PAC,2020,12,99348,0.0
Avista,2022,8,99008,0.0
CNG,2023,11,98632,0.0
NWN,2024,10,98635,0.0
Avista,2024,1,99212,0.0
PSE,2024,6,98409,0.0
PSE,2024,10,98224,0.0
Avista,2022,2,99026,0.0
CNG,2022,9,98221,0.0
CNG,2025,11,98524,0.0
PSE,2022,1,98105,0.0
PAC,2021,12,98903,0.0
Avista,2024,5,99208,0.0
Avista,2025,8,99149,0.0
PSE,2022,11,98106,0.0
PSE,2025,3,98166,0.0
PSE,2020,6,98239,0.0
PSE,2022,1,98119,0.0
PAC,2020,2,98939,36.0
PSE,2025,12,98380,0.0
PSE,2022,12,98270,0.0
CNG,2022,10,99362,0.0
NWN,2022,10,98026,0.0
PAC,2023,6,98937,0.0
Avista,2023,10,99032,0.0
PSE,2022,7,98108,0.0
PSE,2023,9,98006,0.0
NWN,2022,6,98668,0.0
Avista,2023,5,99110,0.0
PSE,2020,8,98374,0.0
CNG,2025,2,98557,0.0
CNG,2020,12,99324,0.0
PSE,2022,3,98375,0.0
PSE,2021,9,98043,0.0
PSE,2022,5,98112,0.0
PSE,2025,10,98011,0.0
PAC,2021,9,98951,0.0
PSE,2021,2,98072,0.0
PSE,2022,6,98224,0.0
CNG,2025,9,98611,0.0
NWN,2022,3,98607,0.0
PAC,2024,12,99363,0.0
Avista,2024,1,99137,0.0
PSE,2020,6,98022,0.0
NWN,2022,12,98208,0.0
CNG,2023,3,98221,0.0
Avista,2024,8,99260,0.0
CNG,2025,4,98295,0.0
PSE,2023,10,98011,0.0
NWN,2023,2,98663,0.0
PSE,2024,12,98366,0.0
Avista,2023,1,99027,0.0
Avista,2024,8,99326,0.0
CNG,2022,4,98528,0.0
PAC,2023,7,98948,0.0
Avista,2025,9,99013,0.0
PSE,2023,5,98512,0.0
Avista,2021,7,99341,0.0
PSE,2023,7,98359,0.0
PSE,2023,1,98051,0.0
PAC,2024,7,98908,0.0
Avista,2020,8,99371,0.0
CNG,2020,6,98273,0.0
CNG,2025,1,98953,0.0
PSE,2023,3,98383,0.0
NWN,2021,8,98672,0.0
Avista,2022,1,99130,0.0
Avista,2024,6,99167,0.0
PAC,2023,2,98952,0.0
CNG,2021,7,98226,0.0
NWN,2021,12,98626,0.0
PSE,2023,3,98409,0.0
PSE,2020,4,98418,0.0
Avista,2020,8,99228,0.0
Avista,2023,12,99158,0.0
Avista,2024,11,99207,0.0
PSE,2020,6,98002,0.0
PSE,2025,10,98371,0.0
PAC,2021,2,98923,0.0
PSE,2021,1,98335,0.0
NWN,2024,6,98660,0.0
PSE,2020,4,98008,0.0
NWN,2025,4,98626,0.0
NWN,2022,7,98628,0.0
PSE,2025,10,98036,0.0
PSE,2024,10,98201,0.0
PAC,2024,3,99350,0.0
Avista,2024,11,99341,0.0
Avista,2021,4,99159,0.0
PAC,2020,1,98947,316.0
PSE,2023,9,98392,0.0
Avista,2025,6,99031,0.0
Avista,2021,2,99026,0.0
Avista,2024,11,99344,0.0
CNG,2020,2,98520,0.0
PSE,2022,5,98237,0.0
Avista,2020,9,99005,0.0
Avista,2023,6,99020,0.0
Avista,2020,3,99011,0.0
PAC,2022,11,98953,0.0
CNG,2025,4,98528,0.0
PSE,2021,12,98332,0.0
CNG,2020,5,99353,0.0
PSE,2024,7,98576,0.0
PSE,2024,10,98102,0.0
PSE,2025,11,98390,0.0
CNG,2020,4,98221,0.0
CNG,2020,12,98801,0.0
PSE,2024,10,98070,0.0
PSE,2023,4,98112,0.0
CNG,2021,9,98626,0.0
NWN,2023,7,98683,0.0
Avista,2024,10,99101,0.0
NWN,2021,5,98660,0.0
CNG,2022,6,99337,0.0
PSE,2020,5,98502,0.0
NWN,2021,12,98119,0.0
Avista,2021,12,99224,0.0
PSE,2025,7,98133,0.0
CNG,2025,3,98220,0.0
PAC,2022,7,98921,0.0
CNG,2025,5,99336,0.0
PSE,2025,6,98277,0.0
Avista,2022,2,99371,0.0
NWN,2023,9,98119,0.0
PSE,2022,5,98146,0.0
PSE,2022,10,98045,0.0
CNG,2020,12,99362,0.0
PSE,2025,9,98338,0.0
Avista,2025,6,99223,0.0
PSE,2023,7,98248,0.0
PSE,2024,1,98371,0.0
Avista,2020,6,99020,0.0
Avista,2025,11,99206,0.0
PSE,2024,6,98321,0.0
PSE,2020,7,98501,0.0
CNG,2020,3,98632,142.55
Avista,2023,11,99207,0.0
PSE,2020,12,98372,0.0
Avista,2022,4,99176,0.0
Avista,2025,1,99130,0.0
Avista,2024,8,99032,0.0
PSE,2020,4,98056,0.0
CNG,2023,4,99336,0.0
NWN,2020,6,98626,0.0
PSE,2024,12,98255,0.0
NWN,2020,12,98601,0.0
Avista,2025,10,98648,0.0
Avista,2023,1,99131,0.0
PSE,2024,5,98224,0.0
Avista,2020,7,99013,0.0
CNG,2024,7,98625,0.0
NWN,2023,8,98610,0.0
CNG,2022,4,98225,0.0
PSE,2024,1,98374,0.0
PSE,2025,11,98224,0.0
CNG,2024,7,98276,0.0
PSE,2025,6,98023,0.0
CNG,2024,10,98837,0.0
PAC,2024,9,98935,0.0
NWN,2020,3,98663,0.0
PAC,2022,7,98953,0.0
Avista,2022,8,99218,0.0
PSE,2022,5,98312,0.0
CNG,2023,6,98837,0.0
NWN,2024,7,98665,0.0
Avista,2022,12,99179,0.0
PSE,2020,11,98439,0.0
PSE,2021,9,98008,0.0
Avista,2025,9,99110,0.0
Avista,2024,5,99113,0.0
PAC,2023,9,98908,0.0
PSE,2022,4,98513,0.0
PSE,2025,10,98029,0.0
NWN,2022,7,98617,0.0
CNG,2025,11,99350,0.0
PSE,2025,10,98531,0.0
CNG,2025,9,99324,0.0
Avista,2020,4,99144,0.0
PSE,2023,11,98230,0.0
PSE,2020,3,98059,0.0
NWN,2024,1,97388,0.0
NWN,2024,11,98671,0.0
Avista,2022,1,99027,0.0
NWN,2021,10,98628,0.0
PSE,2024,12,98104,0.0
PSE,2023,2,98026,0.0
PSE,2021,7,98144,0.0
PSE,2025,2,98258,0.0
PSE,2025,2,98312,0.0
Avista,2022,7,99022,0.0
PSE,2025,8,98380,0.0
PSE,2024,12,98342,0.0
CNG,2023,5,99354,0.0
CNG,2025,9,98625,0.0
PSE,2021,10,98065,0.0
PSE,2020,5,98516,0.0
CNG,2020,10,98276,0.0
PSE,2023,7,98383,0.0
Avista,2020,8,99201,0.0
PAC,2024,4,98937,0.0
PAC,2020,7,98908,0.0
Avista,2024,12,99128,0.0
PSE,2022,5,98116,0.0
CNG,2024,7,98314,0.0
PSE,2020,9,98087,0.0
PSE,2021,10,98221,0.0
PSE,2021,8,98260,0.0
Avista,2022,1,99026,0.0
PSE,2023,11,98445,0.0
NWN,2025,1,98672,0.0
Avista,2025,6,99224,0.0
PSE,2022,11,98221,0.0
PSE,2024,3,98036,0.0
PSE,2022,6,98057,0.0
Avista,2024,5,99032,0.0
Avista,2023,1,99031,0.0
PSE,2024,11,98109,0.0
Avista,2020,8,99113,0.0
NWN,2024,10,98686,0.0
Avista,2024,9,99019,0.0
Avista,2022,9,99218,0.0
PAC,2020,9,99328,0.0
CNG,2024,12,98233,0.0
PAC,2023,10,98939,0.0
PSE,2021,2,98024,0.0
PSE,2022,1,98444,0.0
Avista,2023,4,99008,0.0
PSE,2022,12,98275,0.0
CNG,2021,2,98626,0.0
PAC,2023,12,99361,0.0
Avista,2023,12,99212,0.0
CNG,2025,12,99344,0.0
PSE,2021,12,98597,0.0
Avista,2021,6,99223,0.0
NWN,2021,9,98629,0.0
PSE,2023,9,98391,0.0
CNG,2020,10,98942,0.0
PSE,2023,11,98359,0.0
Avista,2024,11,99014,0.0
PSE,2025,8,98125,0.0
PSE,2022,6,98372,0.0
NWN,2020,6,98602,0.0
CNG,2021,1,98367,0.0
PSE,2022,6,98002,0.0
CNG,2024,9,98225,0.0
PAC,2024,3,99363,0.0
Avista,2024,9,99036,0.0
PAC,2022,10,99350,0.0
CNG,2020,5,99362,0.0
PAC,2022,12,98948,0.0
NWN,2023,1,98648,0.0
Avista,2021,7,99012,0.0
CNG,2020,5,98232,0.0
PSE,2025,11,98392,0.0
PSE,2021,6,98310,0.0
PAC,2021,3,98902,0.0
Avista,2024,6,99148,0.0
PSE,2021,7,98051,0.0
Avista,2024,5,99110,0.0
Avista,2021,5,99148,0.0
CNG,2022,3,98632,0.0
CNG,2024,11,98901,0.0
Avista,2022,9,99157,0.0
PSE,2020,11,98512,0.0
PAC,2025,5,98901,378.18
PSE,2020,12,98011,0.0
Avista,2021,6,99212,0.0
Avista,2024,10,99171,0.0
PSE,2023,6,98531,0.0
PSE,2021,1,98342,0.0
PSE,2021,8,98058,0.0
CNG,2021,1,98311,0.0
Avista,2025,2,99102,0.0
PSE,2024,7,98409,0.0
PSE,2023,4,98011,0.0
PSE,2021,11,98119,0.0
CNG,2024,7,98310,0.0
Avista,2023,11,99114,0.0
CNG,2020,9,99324,0.0
PSE,2023,12,98232,0.0
PSE,2022,9,98146,0.0
PSE,2023,6,98104,0.0
PSE,2025,1,98112,0.0
Avista,2021,9,99219,0.0
PAC,2023,2,99363,0.0
PSE,2020,7,98146,0.0
PSE,2024,9,98390,0.0
PSE,2023,11,98257,0.0
Avista,2020,4,99174,0.0
Avista,2023,8,99022,0.0
PSE,2024,12,98232,0.0
Avista,2021,2,99341,0.0
NWN,2022,3,98639,0.0
Avista,2025,10,99181,0.0
PAC,2020,12,99324,0.0
Avista,2020,4,99208,0.0
PSE,2021,7,98034,0.0
PSE,2025,10,98042,0.0
PSE,2025,4,98408,0.0
Avista,2022,7,99126,0.0
Avista,2023,10,99224,0.0
PSE,2023,3,98262,0.0
PSE,2021,4,98188,0.0
PSE,2023,8,98003,0.0
PSE,2022,9,98255,0.0
PSE,2020,10,98177,0.0
PSE,2024,3,98366,0.0
PSE,2024,12,98370,0.0
PSE,2020,12,98277,0.0
PSE,2021,5,98284,0.0
PSE,2022,10,98402,0.0
NWN,2024,3,98666,0.0
Avista,2025,3,99130,0.0
PSE,2020,6,98597,0.0
Avista,2024,2,99141,0.0
PSE,2022,10,98311,0.0
Avista,2024,1,98620,0.0
PSE,2020,8,98178,0.0
CNG,2025,10,98557,0.0
Avista,2023,1,99144,0.0
PSE,2025,4,98338,0.0
PSE,2023,5,98444,0.0
CNG,2021,12,98930,0.0
PSE,2025,1,98262,0.0
PSE,2020,4,98058,0.0
PSE,2022,7,98022,0.0
Avista,2023,8,99201,0.0
Avista,2022,8,99019,0.0
NWN,2020,12,98605,0.0
NWN,2022,9,98682,0.0
Avista,2020,12,99159,0.0
CNG,2023,4,98257,0.0
Avista,2025,9,99149,0.0
Avista,2020,8,99031,0.0
Avista,2020,8,99171,0.0
CNG,2023,2,98271,0.0
PSE,2025,12,98271,0.0
NWN,2020,9,98662,0.0
PSE,2023,3,98596,0.0
NWN,2024,3,98661,0.0
PSE,2020,4,98230,0.0
PSE,2025,5,98597,0.0
Avista,2023,10,99144,0.0
PAC,2023,11,99324,0.0
CNG,2020,12,99337,0.0
PSE,2021,9,98266,0.0
Avista,2023,10,99146,0.0
Avista,2020,9,99161,0.0
NWN,2020,12,98026,0.0
NWN,2021,6,98617,0.0
CNG,2023,4,98944,0.0
PSE,2024,5,98321,0.0
PSE,2025,6,98055,0.0
CNG,2020,8,98370,0.0
Avista,2024,11,99176,0.0
PSE,2022,12,98260,0.0
CNG,2021,7,99337,0.0
Avista,2025,10,99014,0.0
CNG,2022,3,98257,0.0
PAC,2021,1,98921,0.0
PAC,2021,12,98930,0.0
Avista,2022,9,99009,0.0
Avista,2024,5,99216,0.0
PSE,2025,5,98445,0.0
PAC,2021,5,99323,0.0
PSE,2025,10,98226,0.0
CNG,2023,11,98367,0.0
NWN,2023,8,98665,0.0
CNG,2022,7,99354,0.0
PSE,2020,9,98402,0.0
PAC,2021,4,98908,0.0
PSE,2020,10,98005,0.0
Avista,2021,6,99005,0.0
PSE,2020,5,98284,0.0
Avista,2021,4,99173,0.0
Avista,2024,3,99027,0.0
PAC,2020,6,99329,0.0
PSE,2021,10,98439,0.0
CNG,2024,12,98240,0.0
PSE,2023,8,98065,0.0
CNG,2021,5,98229,0.0
Avista,2023,10,99201,0.0
CNG,2024,10,98901,0.0
CNG,2023,12,98240,0.0
CNG,2024,2,98802,0.0
PAC,2022,2,98942,0.0
PSE,2023,9,98239,0.0
Avista,2021,3,99117,0.0
PSE,2024,7,98374,0.0
Avista,2020,8,99219,0.0
NWN,2024,9,98617,0.0
PSE,2025,9,98059,0.0
CNG,2022,5,98229,0.0
Avista,2025,3,99019,0.0
NWN,2024,6,98208,0.0
CNG,2023,3,98902,0.0
NWN,2021,4,98674,0.0
PSE,2022,8,98051,0.0
PAC,2023,10,99360,0.0
PAC,2024,12,98902,0.0
PSE,2020,9,98146,0.0
Avista,2025,1,99212,0.0
Avista,2025,8,99160,0.0
PSE,2025,5,98108,0.0
PSE,2022,1,98371,0.0
CNG,2023,9,98292,0.0
PSE,2024,11,98941,0.0
PSE,2022,4,98103,0.0
PSE,2021,11,98922,0.0
PAC,2020,12,98942,0.0
Avista,2021,7,99148,0.0
CNG,2023,8,99301,0.0
PSE,2024,8,98199,0.0
NWN,2024,9,98686,0.0
PAC,2022,3,99323,0.0
PAC,2020,11,99361,0.0
CNG,2022,1,98903,0.0
PSE,2025,11,98092,0.0
Avista,2025,7,99143,0.0
PSE,2020,12,98531,0.0
PSE,2023,2,98372,0.0
PAC,2020,2,99347,169.0
Avista,2021,9,99012,0.0
PSE,2022,10,98122,0.0
PSE,2024,1,98101,0.0
PSE,2023,10,98248,0.0
PSE,2020,5,98038,0.0
PAC,2020,8,98901,0.0
PSE,2023,11,98006,0.0
Avista,2024,10,99174,0.0
PSE,2020,9,98055,0.0
PSE,2020,3,98065,0.0
CNG,2020,1,99362,0.0
PSE,2020,9,98513,0.0
CNG,2021,6,99362,0.0
Avista,2025,1,99164,0.0
PSE,2022,2,98116,0.0
PSE,2023,8,98402,0.0
CNG,2022,3,99354,0.0
PSE,2025,2,98404,0.0
CNG,2020,8,98802,0.0
PSE,2024,9,98058,0.0
PSE,2020,12,98941,0.0
CNG,2024,12,99301,0.0
PSE,2022,3,98335,0.0
Avista,2025,8,99040,0.0
Avista,2024,4,99013,0.0
CNG,2025,5,98557,0.0
Avista,2023,1,99160,0.0
NWN,2024,2,98671,0.0
PSE,2022,12,98204,0.0
NWN,2021,2,98620,0.0
CNG,2021,8,98229,0.0
CNG,2020,10,98524,0.0
NWN,2023,1,97301,0.0
PSE,2021,2,98284,0.0
NWN,2024,3,98617,0.0
Avista,2025,4,99341,0.0
PAC,2020,1,98952,91.0
Avista,2025,7,99185,0.0
PSE,2023,4,98597,0.0
PSE,2021,3,98006,0.0
PSE,2023,9,98409,0.0
PSE,2024,8,98273,0.0
NWN,2025,12,98605,0.0
PSE,2022,2,98371,0.0
PSE,2020,4,98155,0.0
Avista,2020,6,99026,0.0
CNG,2025,6,98951,0.0
PSE,2020,12,98032,0.0
Avista,2025,2,99157,0.0
Avista,2020,4,99224,0.0
Avista,2024,2,99013,0.0
Avista,2024,5,99018,0.0
CNG,2024,8,99354,0.0
PSE,2023,6,98311,0.0
CNG,2023,6,98524,0.0
PSE,2022,4,98275,0.0
PAC,2020,9,98921,0.0
NWN,2022,9,98683,0.0
CNG,2023,10,98295,0.0
PSE,2023,1,98122,0.0
CNG,2021,11,98292,0.0
PSE,2025,4,98513,0.0
PSE,2024,11,98370,0.0
NWN,2025,11,98127,0.0
CNG,2023,5,98310,0.0
CNG,2022,5,98220,0.0
CNG,2021,9,98273,0.0
PSE,2025,9,98374,0.0
Avista,2024,8,99039,0.0
CNG,2021,1,98674,0.0
CNG,2024,3,98284,0.0
CNG,2023,12,98366,0.0
CNG,2020,12,98942,0.0
PSE,2022,7,98576,0.0
CNG,2024,12,98367,0.0
PSE,2020,9,98404,0.0
NWN,2024,6,98642,0.0
CNG,2025,2,98951,0.0
PSE,2022,4,98374,0.0
PSE,2022,8,98579,0.0
CNG,2022,2,98223,0.0
Avista,2020,7,99040,0.0
Avista,2020,5,99143,0.0
PSE,2021,6,98466,0.0
PSE,2021,1,98404,0.0
Avista,2022,9,99179,0.0
PSE,2024,5,98338,0.0
PSE,2023,12,98373,0.0
PSE,2023,1,98446,0.0
Avista,2020,11,99148,0.0
CNG,2021,2,98273,0.0
Avista,2022,10,99137,0.0
PSE,2025,10,98374,0.0
CNG,2021,11,98948,0.0
CNG,2023,1,98274,0.0
PSE,2025,4,98272,0.0
Avista,2025,8,99161,0.0
PSE,2023,2,98260,0.0
PSE,2020,3,98277,0.0
CNG,2022,1,98674,0.0
PSE,2020,9,98023,0.0
PSE,2025,2,98125,0.0
NWN,2024,4,98635,0.0
PSE,2020,4,98001,0.0
NWN,2023,7,98607,0.0
CNG,2025,9,99362,0.0
PSE,2022,1,98002,0.0
Avista,2022,3,99403,0.0
PSE,2022,10,98148,0.0
PSE,2023,9,98271,0.0
NWN,2024,4,97031,0.0
PSE,2020,7,98006,0.0
CNG,2025,11,98292,0.0
CNG,2022,11,99354,0.0
PSE,2024,3,98028,0.0
PAC,2020,3,98953,13.0
PSE,2025,1,98072,0.0
PSE,2022,3,98070,0.0
Avista,2024,6,99023,0.0
NWN,2021,12,98606,0.0
CNG,2024,5,99344,0.0
Avista,2023,11,99006,0.0
Avista,2025,2,99163,0.0
PSE,2025,2,98271,0.0
Avista,2021,7,99170,0.0
CNG,2025,10,98223,0.0
Avista,2025,6,99033,0.0
PSE,2022,4,98321,0.0
PSE,2020,5,98392,0.0
PSE,2024,6,98589,0.0
PSE,2020,9,98367,0.0
PSE,2020,10,98934,0.0
PSE,2025,9,98513,0.0
PSE,2025,10,98272,0.0
Avista,2023,9,99004,0.0
PSE,2025,4,98110,0.0
PSE,2022,11,98337,0.0
Avista,2023,12,99033,0.0
NWN,2021,1,98762,0.0
PAC,2024,4,99329,0.0
PSE,2022,2,98012,0.0
NWN,2020,11,98686,0.0
Avista,2023,6,99031,0.0
PSE,2023,6,98177,0.0
PSE,2021,10,98052,0.0
PSE,2023,11,98335,0.0
Avista,2022,2,99027,0.0
Avista,2023,1,99101,0.0
CNG,2021,2,98282,0.0
Avista,2023,4,99122,0.0
CNG,2023,8,98233,0.0
PSE,2021,2,98367,0.0
CNG,2025,10,98951,0.0
PSE,2020,5,98233,0.0
CNG,2025,3,99344,0.0
Avista,2025,4,99104,0.0
Avista,2023,9,99104,0.0
PSE,2020,11,98513,0.0
Avista,2023,12,99110,0.0
NWN,2021,2,98661,0.0
PSE,2021,9,98087,0.0
PSE,2025,7,98030,0.0
PSE,2020,11,98204,0.0
NWN,2024,1,98635,0.0
Avista,2021,7,99006,0.0
PAC,2024,1,98908,0.0
PSE,2025,8,98506,0.0
CNG,2023,10,99354,0.0
PSE,2022,12,98272,0.0
Avista,2020,7,99206,0.0
Avista,2023,1,99159,0.0
Avista,2024,10,99025,0.0
NWN,2023,11,98683,0.0
PSE,2020,9,98589,0.0
PSE,2023,6,98327,0.0
Avista,2021,12,99144,0.0
CNG,2024,3,98276,0.0
CNG,2025,12,98257,0.0
PSE,2021,1,98006,0.0
Avista,2024,6,99125,0.0
PSE,2020,8,98372,0.0
CNG,2022,7,98611,0.0
PAC,2025,9,98951,1.79
Avista,2021,11,99219,0.0
PSE,2023,9,98070,0.0
PSE,2022,3,98255,0.0
PSE,2023,11,98031,0.0
PSE,2020,7,98233,0.0
Avista,2022,1,99019,0.0
Avista,2024,6,99141,0.0
CNG,2022,9,98273,0.0
CNG,2021,7,98257,0.0
NWN,2022,12,98685,0.0
PAC,2023,2,99360,0.0
PSE,2024,9,98501,0.0
PSE,2021,5,98270,0.0
PAC,2024,5,98952,0.0
PSE,2025,5,98198,0.0
CNG,2021,8,98942,0.0
PSE,2021,12,98275,0.0
PSE,2022,10,98102,0.0
Avista,2020,3,99013,0.0
Avista,2020,9,99110,0.0
PAC,2022,5,98932,0.0
CNG,2021,6,98837,0.0
PSE,2021,3,98466,0.0
PSE,2022,5,98346,0.0
Avista,2021,1,99201,0.0
Avista,2023,11,99004,0.0
Avista,2024,8,99344,0.0
PSE,2021,6,98103,0.0
CNG,2020,1,98345,0.0
PSE,2023,7,98380,0.0
Avista,2022,1,99107,0.0
PAC,2022,3,98947,0.0
Avista,2020,11,99185,0.0
PSE,2021,6,98019,0.0
PSE,2022,2,98248,0.0
PSE,2025,12,98092,0.0
Avista,2025,11,99207,0.0
PSE,2020,5,98053,0.0
Avista,2022,9,99217,0.0
Avista,2022,1,99104,0.0
Avista,2021,3,99122,0.0
PSE,2022,11,98043,0.0
NWN,2025,3,98119,0.0
PSE,2021,7,98422,0.0
PSE,2023,2,98290,0.0
CNG,2024,8,98367,0.0
Avista,2020,11,99181,0.0
PSE,2024,5,98380,0.0
Avista,2021,11,99161,0.0
PSE,2021,1,98053,0.0
Avista,2024,3,99125,0.0
PSE,2023,9,98055,0.0
Avista,2024,5,99326,0.0
Avista,2023,2,99137,0.0
PSE,2024,5,98010,0.0
CNG,2021,11,98901,0.0
PSE,2021,9,98053,0.0
PSE,2021,9,98199,0.0
Avista,2024,5,99160,0.0
PSE,2023,9,98155,0.0
PSE,2023,10,98029,0.0
PSE,2023,11,98532,0.0
PSE,2022,1,98036,0.0
CNG,2023,12,98370,0.0
PSE,2021,6,98155,0.0
Avista,2020,7,99022,0.0
PSE,2022,8,98059,0.0
PSE,2025,2,98255,0.0
PAC,2024,9,98908,0.0
NWN,2025,9,98127,0.0
CNG,2021,7,98550,0.0
Avista,2023,9,99203,0.0
NWN,2021,1,98686,0.0
PSE,2022,2,98383,0.0
NWN,2021,2,98762,0.0
PSE,2024,4,98087,0.0
PSE,2020,11,98312,0.0
CNG,2025,6,98953,0.0
Avista,2025,10,99219,0.0
PSE,2020,12,98092,0.0
CNG,2021,12,98848,0.0
PSE,2025,5,98383,0.0
Avista,2020,7,99006,0.0
PAC,2025,4,98951,100.26
Avista,2021,5,99344,0.0
Avista,2021,12,99151,0.0
NWN,2022,5,98683,0.0
CNG,2023,11,98948,0.0
Avista,2024,5,99102,0.0
PSE,2023,6,98312,0.0
Avista,2020,5,99344,0.0
PSE,2024,9,98597,0.0
CNG,2021,1,98632,0.0
PSE,2025,7,98051,0.0
PSE,2025,4,98198,0.0
CNG,2022,10,98274,0.0
PSE,2020,4,98512,0.0
PSE,2021,9,98055,0.0
Avista,2025,8,99148,0.0
PSE,2024,6,98270,0.0
PAC,2022,7,98936,0.0
Avista,2023,8,99027,0.0
CNG,2022,10,98276,0.0
PSE,2025,11,98109,0.0
PAC,2022,6,98908,0.0
PAC,2021,7,98938,0.0
Avista,2022,1,99029,0.0
CNG,2023,12,98951,0.0
PSE,2022,11,98926,0.0
CNG,2022,3,98563,0.0
Avista,2024,8,99216,0.0
NWN,2021,4,98686,0.0
NWN,2025,11,98620,0.0
Avista,2022,10,99040,0.0
PSE,2024,7,98270,0.0
Avista,2021,11,99104,0.0
PSE,2020,3,98106,0.0
CNG,2025,1,98314,0.0
PAC,2020,4,98935,0.0
Avista,2022,5,99220,0.0
PSE,2023,11,98290,0.0
PSE,2025,12,98006,0.0
PSE,2022,7,98405,0.0
NWN,2020,10,98762,0.0
PAC,2024,6,99328,0.0
PSE,2022,6,98579,0.0
PSE,2020,4,98934,0.0
PSE,2023,8,98374,0.0
Avista,2023,2,99204,0.0
CNG,2025,1,98520,0.0
NWN,2021,7,98685,0.0
Avista,2024,11,99163,0.0
Avista,2022,2,99117,0.0
PAC,2020,10,99328,0.0
PAC,2020,6,99362,0.0
PAC,2021,2,98935,0.0
PSE,2021,3,98031,0.0
Avista,2025,3,99223,0.0
NWN,2020,6,98663,0.0
PSE,2022,1,98374,0.0
Avista,2022,11,99006,0.0
CNG,2023,7,99301,0.0
PSE,2023,11,98579,0.0
PSE,2025,5,98030,0.0
Avista,2023,2,99032,0.0
PSE,2025,8,98004,0.0
Avista,2020,12,99206,0.0
PSE,2024,11,98359,0.0
NWN,2020,5,98675,0.0
Avista,2024,6,99216,0.0
PSE,2023,1,98188,0.0
Avista,2020,10,99156,0.0
PSE,2023,7,98034,0.0
PSE,2020,7,98029,0.0
NWN,2023,10,98626,0.0
NWN,2020,3,98026,0.0
Avista,2021,11,99204,0.0
PAC,2022,7,99329,0.0
Avista,2025,4,99027,0.0
PSE,2020,5,98118,0.0
PSE,2021,1,98467,0.0
PSE,2021,10,98359,0.0
Avista,2021,9,99138,0.0
Avista,2023,1,98620,0.0
Avista,2022,3,99131,0.0
PSE,2025,6,98402,0.0
CNG,2020,3,98936,239.72
PSE,2022,6,98239,0.0
CNG,2024,4,99336,0.0
Avista,2022,5,99022,0.0
PSE,2025,8,98012,0.0
PAC,2022,8,98942,0.0
PSE,2021,10,98225,0.0
PSE,2023,11,98283,0.0
PSE,2025,12,98373,0.0
CNG,2022,5,98314,0.0
Avista,2022,1,99040,0.0
PAC,2022,10,99323,0.0
Avista,2025,10,99040,0.0
NWN,2023,6,98607,0.0
PSE,2022,3,98225,0.0
Avista,2021,5,99006,0.0
PSE,2022,5,98388,0.0
PSE,2025,4,98360,0.0
PSE,2025,12,98112,0.0
PSE,2024,10,98002,0.0
PSE,2021,8,98422,0.0
CNG,2020,8,98901,0.0
CNG,2024,1,98370,0.0
CNG,2024,2,98257,0.0
PSE,2022,6,98284,0.0
NWN,2025,10,98668,0.0
CNG,2021,10,98220,0.0
CNG,2024,3,99344,0.0
PAC,2021,2,98942,0.0
CNG,2021,12,98273,0.0
PSE,2024,2,98208,0.0
PSE,2024,2,98374,0.0
PSE,2020,6,98199,0.0
CNG,2021,4,98908,0.0
CNG,2021,7,98248,0.0
PSE,2025,2,98168,0.0
Avista,2023,1,99167,0.0
Avista,2021,7,99157,0.0
PSE,2025,12,98102,0.0
PSE,2023,8,98028,0.0
Avista,2022,1,99206,0.0
NWN,2022,1,98682,0.0
PAC,2020,2,98951,1320.0
PSE,2025,9,98168,0.0
Avista,2024,11,99205,0.0
PAC,2021,7,98944,0.0
Avista,2024,4,99026,0.0
Avista,2023,5,99181,0.0
CNG,2024,8,98901,0.0
CNG,2024,6,98271,0.0
CNG,2022,7,98312,0.0
PSE,2025,7,98032,0.0
Avista,2025,3,99143,0.0
NWN,2021,1,98674,0.0
CNG,2023,4,98801,0.0
CNG,2021,11,99353,0.0
PAC,2023,3,98921,0.0
PSE,2022,1,98045,0.0
CNG,2022,1,98383,0.0
PSE,2021,3,98117,0.0
Avista,2023,10,99025,0.0
PSE,2025,9,98311,0.0
PSE,2025,5,98402,0.0
CNG,2022,9,98247,0.0
PSE,2021,5,98102,0.0
PSE,2021,10,98499,0.0
PSE,2022,9,98126,0.0
CNG,2025,10,98932,0.0
PSE,2025,3,98056,0.0
Avista,2022,3,99113,0.0
PSE,2025,3,98117,0.0
CNG,2020,2,98221,0.0
Avista,2025,6,99344,0.0
PSE,2024,6,98125,0.0
CNG,2021,3,98221,0.0
PAC,2025,8,99323,0.35
CNG,2023,12,98801,0.0
PSE,2022,2,98327,0.0
CNG,2024,1,98611,0.0
PSE,2021,2,98168,0.0
PSE,2024,12,98422,0.0
NWN,2024,8,98629,0.0
CNG,2021,7,98901,0.0
PSE,2021,8,98375,0.0
PSE,2022,6,98262,0.0
PSE,2021,12,98010,0.0
NWN,2022,10,98684,0.0
Avista,2023,12,99326,0.0
PSE,2023,5,98010,0.0
PSE,2020,11,98270,0.0
PSE,2022,6,98208,0.0
Avista,2020,8,99019,0.0
CNG,2025,9,98345,0.0
PSE,2023,2,98032,0.0
PSE,2024,5,98383,0.0
NWN,2024,1,98642,0.0
PSE,2022,5,98006,0.0
Avista,2023,6,99036,0.0
PSE,2021,6,98284,0.0
CNG,2025,1,98936,0.0
NWN,2025,5,98642,0.0
PSE,2024,11,98028,0.0
PSE,2024,11,98371,0.0
PSE,2023,1,98941,0.0
PSE,2024,1,98038,0.0
CNG,2025,4,98311,0.0
PSE,2023,9,98112,0.0
PSE,2022,10,98208,0.0
CNG,2025,11,98284,0.0
PSE,2020,9,98335,0.0
CNG,2022,10,98295,0.0
NWN,2025,6,98648,0.0
CNG,2020,1,98948,0.0
PSE,2020,3,98404,0.0
NWN,2024,2,98612,0.0
NWN,2020,7,98606,0.0
CNG,2025,2,98240,0.0
PSE,2024,6,98445,0.0
PSE,2023,2,98532,0.0
CNG,2024,12,98908,0.0
PSE,2023,5,98023,0.0
Avista,2025,7,99157,0.0
NWN,2023,6,98675,0.0
Avista,2022,6,99176,0.0
NWN,2025,5,98664,0.0
CNG,2020,11,98902,0.0
Avista,2020,4,99025,0.0
Avista,2021,4,99158,0.0
NWN,2021,6,98683,0.0
CNG,2022,8,98240,0.0
PSE,2022,1,98040,0.0
NWN,2021,4,98662,0.0
CNG,2024,10,98226,0.0
PSE,2025,8,98335,0.0
Avista,2021,7,99228,0.0
PSE,2025,12,98007,0.0
CNG,2024,1,99353,0.0
PSE,2023,2,98499,0.0
PSE,2021,1,98116,0.0
PSE,2024,6,98255,0.0
NWN,2025,6,98683,0.0
PSE,2024,7,98108,0.0
PSE,2024,8,98007,0.0
PSE,2023,6,98146,0.0
Avista,2022,2,98648,0.0
CNG,2025,8,99354,0.0
PSE,2024,6,98531,0.0
PSE,2023,11,98513,0.0
CNG,2022,11,98932,0.0
PSE,2022,10,98934,0.0
CNG,2023,5,98271,0.0
PSE,2022,12,98001,0.0
Avista,2020,11,99156,0.0
CNG,2024,5,99324,0.0
Avista,2020,12,99111,0.0
PSE,2025,9,98010,0.0
PSE,2025,2,98166,0.0
PSE,2025,2,98390,0.0
PSE,2020,4,98372,0.0
Avista,2021,6,99013,0.0
PAC,2021,8,98953,0.0
NWN,2023,6,98662,0.0
Avista,2021,12,99148,0.0
PSE,2025,11,98034,0.0
CNG,2021,11,98942,0.0
NWN,2021,1,98605,0.0
CNG,2025,4,98930,0.0
Avista,2022,2,99216,0.0
PSE,2020,3,98342,0.0
CNG,2023,11,99324,0.0
PSE,2025,3,98258,0.0
PSE,2020,9,98028,0.0
Avista,2025,7,99018,0.0
PSE,2025,7,98110,0.0
CNG,2023,2,98932,0.0
Avista,2022,4,99025,0.0
PAC,2022,8,98908,0.0
PSE,2024,9,98005,0.0
Avista,2025,8,99012,0.0
Avista,2025,7,99003,0.0
CNG,2025,2,98229,0.0
Avista,2025,8,99141,0.0
CNG,2025,7,98625,0.0
Avista,2020,12,99202,0.0
PSE,2021,5,98118,0.0
Avista,2022,6,99110,0.0
PAC,2024,11,98930,0.0
PSE,2023,1,98237,0.0
PSE,2024,1,98367,0.0
PSE,2024,2,98032,0.0
PSE,2022,6,98226,0.0
PSE,2025,9,98375,0.0
NWN,2020,5,98684,0.0
PSE,2024,7,98021,0.0
Avista,2023,9,99016,0.0
NWN,2024,10,98620,0.0
NWN,2021,10,98664,0.0
PSE,2021,1,98002,0.0
PSE,2020,3,98513,0.0
Avista,2024,11,99143,0.0
PSE,2021,6,98026,0.0
PSE,2020,9,98125,0.0
CNG,2024,11,98274,0.0
PSE,2023,7,98502,0.0
NWN,2023,11,98762,0.0
PSE,2024,4,98119,0.0
PSE,2022,4,98499,0.0
PAC,2021,10,99362,0.0
CNG,2020,11,98274,0.0
PSE,2020,6,98266,0.0
NWN,2023,3,98628,0.0
CNG,2020,12,98295,0.0
CNG,2020,6,98848,0.0
PAC,2021,10,99360,0.0
PSE,2021,1,98498,0.0
PAC,2025,5,99362,50.66
PSE,2023,1,98501,0.0
NWN,2021,4,98119,0.0
CNG,2020,1,98220,0.0
Avista,2022,12,99217,0.0
Avista,2022,2,99107,0.0
PSE,2021,6,98133,0.0
PSE,2020,10,98004,0.0
PAC,2021,5,98939,0.0
PSE,2022,12,98045,0.0
PSE,2023,8,98126,0.0
NWN,2022,6,98605,0.0
CNG,2022,1,98225,0.0
Avista,2021,8,99009,0.0
NWN,2021,6,98642,0.0
PAC,2023,7,98952,0.0
NWN,2021,8,98660,0.0
PSE,2020,9,98374,0.0
PAC,2023,12,98930,0.0
CNG,2022,5,98944,0.0
PAC,2024,3,98951,0.0
NWN,2020,9,98629,0.0
PSE,2020,11,98011,0.0
PSE,2022,1,98011,0.0
Avista,2022,6,99005,0.0
Avista,2025,10,99005,0.0
PSE,2025,6,98030,0.0
Avista,2021,2,99036,0.0
PSE,2020,4,98274,0.0
Avista,2022,9,99033,0.0
Avista,2025,6,99148,0.0
Avista,2022,11,99014,0.0
Avista,2022,1,99326,0.0
CNG,2024,7,98948,0.0
PSE,2025,3,98332,0.0
PSE,2023,9,98388,0.0
Avista,2025,1,99019,0.0
Avista,2023,2,99126,0.0
PSE,2024,10,98424,0.0
PSE,2024,10,98027,0.0
PAC,2020,5,98936,0.0
PSE,2022,2,98444,0.0
Avista,2023,11,99218,0.0
Avista,2020,11,99149,0.0
PSE,2021,1,98439,0.0
CNG,2024,10,98541,0.0
PSE,2020,8,98271,0.0
CNG,2023,3,98247,0.0
NWN,2022,6,98675,0.0
PSE,2020,12,98125,0.0
Avista,2025,3,99201,0.0
Avista,2021,7,99122,0.0
Avista,2024,7,99260,0.0
CNG,2023,3,98674,0.0
PSE,2020,7,98373,0.0
Avista,2020,4,99003,0.0
Avista,2024,10,99141,0.0
CNG,2024,6,98951,0.0
PSE,2022,1,98106,0.0
NWN,2020,9,98606,0.0
CNG,2020,1,98903,0.0
CNG,2022,3,98625,0.0
Avista,2021,12,99113,0.0
PAC,2020,2,98935,295.0
NWN,2022,9,98685,0.0
CNG,2025,5,98953,0.0
PSE,2020,8,98121,0.0
Avista,2020,5,99173,0.0
PAC,2023,10,99324,0.0
PAC,2023,7,99360,0.0
PSE,2025,8,98388,0.0
PSE,2021,10,98373,0.0
PSE,2020,10,98370,0.0
CNG,2021,1,98541,0.0
CNG,2022,7,98271,0.0
CNG,2025,7,98230,0.0
NWN,2020,3,98602,0.0
Avista,2021,2,99203,0.0
PSE,2023,4,98244,0.0
Avista,2025,10,99158,0.0
PSE,2024,7,98260,0.0
Avista,2024,1,99156,0.0
PSE,2021,5,98033,0.0
PSE,2025,2,98026,0.0
CNG,2021,3,98295,0.0
PSE,2024,6,98283,0.0
NWN,2025,2,98307,0.0
NWN,2022,9,98665,0.0
PSE,2024,1,98941,0.0
PSE,2023,5,98277,0.0
PSE,2023,6,98576,0.0
NWN,2021,12,97388,0.0
PSE,2025,8,98513,0.0
PSE,2021,4,98030,0.0
PAC,2025,6,98948,33.72
CNG,2024,4,98520,0.0
CNG,2020,2,98563,0.0
Avista,2023,8,99158,0.0
NWN,2021,10,98626,0.0
NWN,2020,10,98686,0.0
Avista,2020,4,99102,0.0
Avista,2023,5,99022,0.0
CNG,2025,2,98220,0.0
PAC,2022,5,98902,0.0
CNG,2023,3,98383,0.0
PSE,2021,1,98516,0.0
PSE,2025,3,98221,0.0
PSE,2021,1,98058,0.0
PSE,2025,6,98260,0.0
Avista,2025,12,99031,0.0
PSE,2020,9,98042,0.0
Avista,2021,9,98648,0.0
CNG,2025,1,98232,0.0
PAC,2023,1,98937,0.0
PSE,2025,12,98004,0.0
PSE,2020,10,98008,0.0
Avista,2023,12,99146,0.0
Avista,2025,12,99130,0.0
NWN,2021,5,98307,0.0
CNG,2022,12,98230,0.0
Avista,2024,1,99034,0.0
PSE,2024,9,98059,0.0
CNG,2020,11,99337,0.0
CNG,2022,4,99324,0.0
Avista,2020,4,99008,0.0
PSE,2020,11,98087,0.0
Avista,2023,5,99402,0.0
PSE,2025,5,98012,0.0
PAC,2024,1,98938,0.0
PSE,2020,6,98108,0.0
CNG,2022,8,98310,0.0
PSE,2022,7,98922,0.0
NWN,2020,10,98666,0.0
CNG,2025,4,98944,0.0
Avista,2025,11,99137,0.0
Avista,2024,7,99011,0.0
Avista,2023,3,99326,0.0
CNG,2023,10,99352,0.0
NWN,2024,1,98601,0.0
PSE,2021,5,98388,0.0
Avista,2023,6,99176,0.0
Avista,2021,5,99163,0.0
PSE,2025,11,98332,0.0
PSE,2021,5,98272,0.0
CNG,2021,8,98953,0.0
PSE,2024,12,98311,0.0
PAC,2024,3,98921,0.0
Avista,2023,8,99206,0.0
PSE,2025,11,98072,0.0
NWN,2023,10,98208,0.0
PSE,2024,4,98144,0.0
Avista,2025,7,99014,0.0
PSE,2025,2,98037,0.0
PSE,2023,6,98028,0.0
Avista,2023,8,99101,0.0
PSE,2022,8,98444,0.0
Avista,2021,9,99011,0.0
CNG,2020,4,98310,0.0
CNG,2020,1,98932,0.0
PSE,2023,11,98038,0.0
Avista,2024,11,99103,0.0
NWN,2022,6,98762,0.0
NWN,2025,10,98661,0.0
PSE,2022,8,98383,0.0
PSE,2020,10,98342,0.0
PAC,2020,4,98903,0.0
CNG,2020,8,98273,0.0
Avista,2025,10,99159,0.0
CNG,2020,7,98802,0.0
PSE,2021,10,98003,0.0
CNG,2025,10,98284,0.0
Avista,2021,11,99179,0.0
PSE,2024,11,98501,0.0
NWN,2022,12,98664,0.0
PSE,2025,11,98531,0.0
PSE,2023,9,98312,0.0
PSE,2021,2,98056,0.0
PSE,2024,10,98262,0.0
PSE,2021,10,98383,0.0
PAC,2021,3,98942,0.0
Avista,2021,1,99016,0.0
Avista,2023,11,99149,0.0
NWN,2025,4,98628,0.0
NWN,2023,5,98762,0.0
Avista,2024,4,99033,0.0
PAC,2023,6,99360,0.0
Avista,2023,10,99006,0.0
PSE,2024,7,98036,0.0
PAC,2024,8,98903,0.0
Avista,2021,4,99122,0.0
PSE,2024,11,98125,0.0
PSE,2024,12,98045,0.0
PSE,2023,9,98532,0.0
PAC,2022,6,99360,0.0
Avista,2025,2,99020,0.0
PSE,2025,4,98589,0.0
PSE,2024,8,98532,0.0
PSE,2022,8,98036,0.0
Avista,2024,9,99114,0.0
PAC,2024,8,98936,0.0
PSE,2020,7,98105,0.0
CNG,2021,10,98221,0.0
PSE,2021,3,98237,0.0
PSE,2021,4,98198,0.0
Avista,2020,10,99125,0.0
PSE,2022,6,98272,0.0
NWN,2022,11,98628,0.0
PSE,2022,3,98204,0.0
PSE,2025,5,98502,0.0
CNG,2021,6,98367,0.0
PSE,2022,6,98418,0.0
Avista,2025,5,99117,0.0
Avista,2025,9,99204,0.0
Avista,2024,8,99036,0.0
PAC,2021,5,98948,0.0
CNG,2021,6,98524,0.0
PSE,2022,9,98087,0.0
PSE,2024,3,98360,0.0
PSE,2022,8,98023,0.0
Avista,2023,7,99020,0.0
Avista,2024,10,99204,0.0
CNG,2020,2,99336,0.0
NWN,2024,9,98660,0.0
NWN,2023,8,98648,0.0
PSE,2021,3,98335,0.0
PSE,2020,10,98225,0.0
Avista,2021,7,99138,0.0
PSE,2021,10,98360,0.0
NWN,2024,4,98617,0.0
CNG,2020,12,98273,0.0
PAC,2024,1,98901,0.0
NWN,2025,1,98601,0.0
CNG,2024,11,99337,0.0
PSE,2024,12,98103,0.0
CNG,2025,2,98848,0.0
CNG,2025,7,98802,0.0
CNG,2024,10,98802,0.0
PSE,2023,3,98126,0.0
CNG,2024,4,98271,0.0
PSE,2022,1,98404,0.0
PSE,2020,9,98155,0.0
PAC,2024,2,99323,0.0
CNG,2024,5,98953,0.0
PSE,2024,4,98109,0.0
PSE,2024,5,98589,0.0
PSE,2020,12,98383,0.0
NWN,2023,1,97031,0.0
Avista,2022,2,99171,0.0
NWN,2020,10,98674,0.0
CNG,2022,9,98625,0.0
PSE,2021,6,98270,0.0
NWN,2023,2,98626,0.0
Avista,2025,4,99014,0.0
CNG,2025,7,99344,0.0
Avista,2023,4,99014,0.0
Avista,2024,2,99156,0.0
PSE,2023,10,98010,0.0
CNG,2023,5,98674,0.0
PSE,2021,1,98503,0.0
PSE,2021,2,98034,0.0
Avista,2020,4,99159,0.0
CNG,2025,11,98936,0.0
Avista,2021,7,99011,0.0
Avista,2025,10,99009,0.0
PSE,2022,2,98101,0.0
CNG,2024,12,98563,0.0
PSE,2023,4,98239,0.0
CNG,2024,2,98528,0.0
NWN,2022,12,98604,0.0
CNG,2021,2,98310,0.0
PSE,2021,10,98404,0.0
Avista,2024,3,99134,0.0
CNG,2025,4,99352,0.0
NWN,2025,5,98620,0.0
CNG,2024,8,98271,0.0
NWN,2020,10,98639,0.0
Avista,2020,11,99144,0.0
PSE,2024,11,98116,0.0
Avista,2025,4,99143,0.0
CNG,2024,8,98345,0.0
Avista,2021,9,99223,0.0
Avista,2025,1,99126,0.0
NWN,2023,2,98606,0.0
NWN,2020,3,98620,0.0
Avista,2020,3,99148,0.0
PSE,2022,4,98188,0.0
CNG,2023,6,98557,0.0
PSE,2023,7,98589,0.0
PAC,2024,10,98938,0.0
Avista,2025,4,99159,0.0
Avista,2024,10,99161,0.0
PAC,2020,12,98939,0.0
PSE,2020,10,98503,0.0
PAC,2025,9,98936,2.25
PAC,2023,11,99329,0.0
CNG,2024,11,98223,0.0
CNG,2025,12,98802,0.0
NWN,2021,2,98612,0.0
Avista,2024,4,99169,0.0
Avista,2020,5,99158,0.0
PAC,2025,2,98938,2.2
PAC,2022,4,98908,0.0
PSE,2024,7,98332,0.0
PSE,2023,8,98177,0.0
PSE,2020,9,98392,0.0
NWN,2021,5,98208,0.0
PSE,2023,3,98155,0.0
Avista,2022,4,99170,0.0
PSE,2021,6,98402,0.0
PSE,2025,11,98922,0.0
PSE,2025,10,98275,0.0
Avista,2021,8,99167,0.0
CNG,2021,12,98951,0.0
Avista,2022,1,99185,0.0
PAC,2025,12,98942,31.89
PAC,2020,1,98908,2678.0
Avista,2020,11,99110,0.0
Avista,2021,7,99004,0.0
NWN,2021,8,98610,0.0
PSE,2021,7,98204,0.0
CNG,2024,9,98557,0.0
PSE,2022,5,98032,0.0
CNG,2025,11,98848,0.0
Avista,2025,3,99206,0.0
PSE,2020,3,98034,0.0
PSE,2024,8,98597,0.0
PSE,2020,9,98133,0.0
PSE,2020,8,98208,0.0
PAC,2023,10,98932,0.0
PSE,2020,5,98596,0.0
CNG,2020,11,98225,0.0
Avista,2023,6,99207,0.0
Avista,2024,7,99026,0.0
Avista,2024,12,99025,0.0
PAC,2024,5,98942,0.0
Avista,2021,1,99146,0.0
CNG,2025,2,98295,0.0
CNG,2020,4,98247,0.0
PSE,2023,6,98188,0.0
Avista,2025,11,99102,0.0
PSE,2025,11,98388,0.0
PSE,2022,1,98467,0.0
Avista,2021,8,99020,0.0
NWN,2021,1,98660,0.0
Avista,2021,4,99018,0.0
PSE,2025,8,98516,0.0
Avista,2020,6,99403,0.0
CNG,2020,6,98310,0.0
NWN,2024,2,98660,0.0
PSE,2025,1,98092,0.0
PSE,2020,3,98260,0.0
CNG,2023,3,98244,0.0
PSE,2020,8,98332,0.0
PSE,2023,3,98178,0.0
CNG,2020,12,98902,0.0
PSE,2025,9,98391,0.0
PSE,2025,11,98284,0.0
CNG,2022,1,99353,0.0
PAC,2025,5,98938,2.23
Avista,2020,3,99006,0.0
Avista,2023,3,99130,0.0
NWN,2025,9,98642,0.0
PSE,2024,4,98104,0.0
PSE,2022,2,98112,0.0
Avista,2025,8,99034,0.0
Avista,2024,4,99173,0.0
Avista,2024,6,99008,0.0
Avista,2023,12,99103,0.0
PSE,2022,2,98177,0.0
CNG,2023,4,98244,0.0
PSE,2022,5,98283,0.0
PSE,2020,4,98106,0.0
Avista,2023,11,99134,0.0
PAC,2020,9,98933,0.0
Avista,2025,1,99110,0.0
CNG,2024,5,98625,0.0
CNG,2023,9,98541,0.0
PSE,2025,2,98110,0.0
Avista,2022,3,99402,0.0
PSE,2022,5,98445,0.0
NWN,2020,4,98668,0.0
PAC,2024,8,99323,0.0
CNG,2022,11,98528,0.0
PSE,2020,9,98070,0.0
Avista,2021,10,99125,0.0
PSE,2021,1,98224,0.0
PSE,2021,4,98043,0.0
Avista,2022,5,99170,0.0
PSE,2025,11,98004,0.0
PSE,2025,1,98022,0.0
PAC,2021,2,98930,0.0
PSE,2022,2,98204,0.0
CNG,2020,7,99323,0.0
Avista,2021,10,99014,0.0
PSE,2021,8,98117,0.0
PSE,2021,10,98053,0.0
PSE,2023,8,98372,0.0
Avista,2025,8,99128,0.0
Avista,2025,6,99021,0.0
PSE,2024,7,98204,0.0
Avista,2020,10,99020,0.0
Avista,2021,11,99008,0.0
NWN,2021,12,98675,0.0
PAC,2024,4,99328,0.0
NWN,2021,6,97301,0.0
CNG,2020,10,98284,0.0
PSE,2023,2,98503,0.0
CNG,2025,9,98584,0.0
CNG,2023,10,98314,0.0
CNG,2022,10,98901,0.0
CNG,2020,2,98936,0.0
PSE,2023,11,98059,0.0
NWN,2024,12,98675,0.0
CNG,2024,6,98337,0.0
CNG,2020,12,98802,0.0
PSE,2023,12,98512,0.0
PSE,2021,5,98024,0.0
PSE,2020,6,98003,0.0
PSE,2022,12,98311,0.0
Avista,2023,12,99020,0.0
PSE,2023,1,98445,0.0
PSE,2024,12,98005,0.0
CNG,2024,7,99352,0.0
PSE,2024,9,98532,0.0
PSE,2022,12,98370,0.0
PSE,2025,11,98311,0.0
CNG,2023,1,98520,0.0
PSE,2021,4,98275,0.0
PSE,2023,11,98366,0.0
PSE,2021,7,98011,0.0
NWN,2023,12,98668,0.0
PAC,2023,4,98908,0.0
NWN,2022,6,98601,0.0
CNG,2025,8,99362,0.0
PSE,2021,1,98576,0.0
CNG,2022,4,98942,0.0
NWN,2024,4,98639,0.0
PSE,2023,9,98934,0.0
Avista,2023,9,99018,0.0
CNG,2023,7,99336,0.0
CNG,2021,2,98233,0.0
PSE,2020,8,98531,0.0
CNG,2022,8,98383,0.0
Avista,2024,8,99134,0.0
Avista,2020,6,99148,0.0
PSE,2025,10,98337,0.0
Avista,2021,6,99003,0.0
PSE,2022,5,98033,0.0
PSE,2022,3,98022,0.0
Avista,2023,4,99341,0.0
Avista,2023,6,99204,0.0
PSE,2021,2,98444,0.0
CNG,2021,10,99338,0.0
Avista,2022,4,99117,0.0
PSE,2025,2,98121,0.0
PSE,2025,4,98224,0.0
PSE,2023,3,98116,0.0
CNG,2020,3,98273,868.04
CNG,2025,12,99337,0.0
Avista,2023,5,98857,0.0
Avista,2021,6,99159,0.0
PSE,2021,12,98501,0.0
PSE,2024,6,98576,0.0
PSE,2021,2,98006,0.0
CNG,2023,1,98367,0.0
PSE,2022,3,98201,0.0
PSE,2025,6,98409,0.0
PSE,2020,10,98070,0.0
Avista,2020,12,99027,0.0
PSE,2021,4,98027,0.0
PSE,2025,6,98532,0.0
Avista,2020,5,99205,0.0
Avista,2024,11,99131,0.0
NWN,2023,5,98125,0.0
PSE,2025,1,98359,0.0
Avista,2023,7,99129,0.0
PSE,2025,5,98148,0.0
Avista,2020,4,99371,0.0
NWN,2020,11,98683,0.0
CNG,2024,12,98282,0.0
PSE,2025,1,98370,0.0
PSE,2025,7,98019,0.0
PSE,2025,3,98512,0.0
CNG,2025,6,99324,0.0
PSE,2025,6,98108,0.0
PSE,2024,12,98387,0.0
PSE,2021,12,98002,0.0
PSE,2024,2,98359,0.0
PAC,2022,1,98930,0.0
NWN,2021,7,98762,0.0
PSE,2024,2,98446,0.0
PSE,2022,10,98284,0.0
PSE,2024,11,98380,0.0
PSE,2024,2,98204,0.0
Avista,2025,8,99216,0.0
PAC,2020,1,99363,17.0
Avista,2025,8,99113,0.0
PSE,2024,10,98072,0.0
PSE,2022,2,98367,0.0
NWN,2023,12,98661,0.0
NWN,2023,7,98628,0.0
Avista,2021,10,99008,0.0
CNG,2020,5,98584,0.0
PSE,2025,10,98446,0.0
PSE,2021,12,98311,0.0
PAC,2020,4,98953,0.0
NWN,2025,8,98607,0.0
PSE,2022,7,98926,0.0
CNG,2024,7,98292,0.0
Avista,2024,10,99030,0.0
PSE,2022,9,98589,0.0
Avista,2023,7,99202,0.0
Avista,2020,6,99223,0.0
Avista,2023,9,99101,0.0
Avista,2023,7,99023,0.0
CNG,2023,10,98901,0.0
Avista,2020,3,99344,0.0
PSE,2022,3,98312,0.0
PSE,2024,1,98109,0.0
NWN,2023,8,98675,0.0
NWN,2025,1,98661,0.0
Avista,2022,12,99040,0.0
PAC,2020,1,98933,82.0
PSE,2025,4,98022,0.0
Avista,2024,10,99110,0.0
PSE,2022,3,98019,0.0
CNG,2025,1,98930,0.0
CNG,2021,6,98848,0.0
Avista,2023,4,99131,0.0
Avista,2022,2,99113,0.0
PSE,2024,6,98166,0.0
Avista,2023,2,99033,0.0
Avista,2025,1,99143,0.0
PSE,2023,2,98051,0.0
Avista,2021,4,99129,0.0
Avista,2021,10,99023,0.0
PAC,2022,8,99362,0.0
CNG,2020,2,98366,0.0
NWN,2023,2,98668,0.0
PSE,2022,6,98146,0.0
PSE,2023,1,98021,0.0
PSE,2021,9,98277,0.0
Avista,2025,7,99158,0.0
PSE,2020,8,98087,0.0
Avista,2020,7,99034,0.0
PSE,2023,10,98177,0.0
Avista,2022,2,99021,0.0
Avista,2023,8,99011,0.0
PSE,2023,1,98102,0.0
PSE,2022,9,98002,0.0
Avista,2022,7,99160,0.0
CNG,2023,11,98244,0.0
CNG,2024,5,98626,0.0
NWN,2020,4,98661,2.0
Avista,2022,2,99156,0.0
CNG,2024,1,99301,0.0
PSE,2020,9,98074,0.0
PSE,2021,12,98045,0.0
Avista,2025,8,98648,0.0
NWN,2020,11,98674,0.0
CNG,2020,11,98257,0.0
PSE,2020,9,98208,0.0
Avista,2022,1,99033,0.0
Avista,2021,12,99122,0.0
Avista,2020,6,99224,0.0
PSE,2025,5,98029,0.0
PSE,2023,5,98404,0.0
PSE,2020,6,98133,0.0
PAC,2020,2,98937,394.0
PSE,2022,9,98059,0.0
NWN,2021,3,98629,0.0
Avista,2022,4,99202,0.0
PSE,2022,7,98596,0.0
PSE,2022,11,98499,0.0
NWN,2022,12,98686,0.0
Avista,2021,10,99207,0.0
NWN,2024,11,98662,0.0
CNG,2025,4,98232,0.0
NWN,2022,1,98626,0.0
PSE,2023,5,98272,0.0
PSE,2024,12,98022,0.0
PAC,2021,7,98930,0.0
Avista,2022,3,99134,0.0
CNG,2024,9,98366,0.0
Avista,2023,12,99102,0.0
Avista,2024,7,99001,0.0
Avista,2020,6,99036,0.0
PSE,2024,10,98383,0.0
CNG,2020,2,98337,0.0
PSE,2022,1,98070,0.0
CNG,2024,12,99344,0.0
PSE,2025,6,98312,0.0
PSE,2021,2,98327,0.0
Avista,2021,11,99173,0.0
NWN,2024,5,97031,0.0
PSE,2023,3,98002,0.0
Avista,2022,6,99163,0.0
Avista,2024,11,99125,0.0
CNG,2025,12,98520,0.0
PSE,2024,3,98934,0.0
CNG,2025,10,98848,0.0
PSE,2021,1,98444,0.0
PSE,2023,4,98360,0.0
PSE,2022,4,98121,0.0
NWN,2020,10,98607,0.0
CNG,2023,9,98626,0.0
CNG,2020,1,98930,0.0
PAC,2022,4,98938,0.0
PSE,2024,8,98359,0.0
NWN,2020,9,98665,0.0
PSE,2025,8,98589,0.0
Avista,2025,9,99039,0.0
Avista,2025,11,99018,0.0
PSE,2021,7,98070,0.0
Avista,2021,6,99031,0.0
PAC,2024,9,99328,0.0
CNG,2024,8,98232,0.0
CNG,2020,7,98233,0.0
Avista,2022,10,99220,0.0
NWN,2021,5,98666,0.0
PSE,2023,9,98516,0.0
CNG,2021,4,98220,0.0
PSE,2021,9,98275,0.0
PSE,2022,10,98047,0.0
CNG,2020,2,98271,0.0
PSE,2023,11,98346,0.0
PSE,2022,5,98405,0.0
PAC,2023,7,99362,0.0
PSE,2020,9,98371,0.0
PSE,2021,3,98579,0.0
PSE,2022,1,98037,0.0
PAC,2024,9,98902,0.0
PSE,2021,12,98392,0.0
PAC,2020,7,99362,0.0
Avista,2020,7,99217,0.0
Avista,2022,4,99159,0.0
Avista,2021,9,99157,0.0
PSE,2020,10,98576,0.0
PSE,2021,8,98233,0.0
PSE,2023,11,98040,0.0
Avista,2022,5,99020,0.0
Avista,2020,12,99109,0.0
PSE,2025,12,98104,0.0
CNG,2022,1,98951,0.0
PSE,2021,3,98512,0.0
Avista,2024,10,99128,0.0
PSE,2020,10,98321,0.0
NWN,2021,4,98601,0.0
Avista,2025,9,99160,0.0
PSE,2024,4,98010,0.0
PSE,2021,4,98110,0.0
Avista,2024,4,99146,0.0
PAC,2024,5,99362,0.0
PSE,2021,5,98380,0.0
Avista,2025,9,99218,0.0
PSE,2021,7,98380,0.0
CNG,2023,4,98948,0.0
PSE,2022,10,98043,0.0
NWN,2025,10,98612,0.0
CNG,2020,9,98233,0.0
CNG,2021,9,99338,0.0
PSE,2024,12,98367,0.0
CNG,2025,3,98557,0.0
PSE,2022,12,98409,0.0
Avista,2021,1,99138,0.0
PSE,2024,3,98272,0.0
CNG,2023,8,98370,0.0
PSE,2022,12,98040,0.0
CNG,2020,3,98944,551.73
PSE,2020,10,98121,0.0
NWN,2024,1,98610,0.0
PSE,2021,3,98027,0.0
PSE,2023,8,98244,0.0
PSE,2025,5,98283,0.0
CNG,2023,6,98240,0.0
CNG,2021,9,98930,0.0
PSE,2021,5,98332,0.0
PSE,2023,8,98188,0.0
PSE,2025,6,98360,0.0
Avista,2021,9,99203,0.0
Avista,2022,6,99219,0.0
PSE,2023,8,98040,0.0
PSE,2022,6,98327,0.0
PSE,2022,4,98244,0.0
Avista,2023,12,99157,0.0
PSE,2020,7,98042,0.0
PSE,2020,4,98057,0.0
CNG,2021,8,98626,0.0
Avista,2024,11,99206,0.0
Avista,2023,12,99034,0.0
PSE,2020,12,98177,0.0
PAC,2025,8,98951,13.74
PSE,2024,12,98359,0.0
CNG,2024,9,98276,0.0
Avista,2024,4,99130,0.0
CNG,2023,6,99301,0.0
PSE,2020,7,98934,0.0
CNG,2021,11,98524,0.0
PSE,2022,7,98338,0.0
CNG,2021,10,99350,0.0
CNG,2025,4,98276,0.0
PSE,2021,9,98375,0.0
NWN,2023,11,98626,0.0
PSE,2024,12,98373,0.0
PSE,2023,6,98125,0.0
PSE,2025,3,98110,0.0
PSE,2022,8,98446,0.0
PSE,2025,1,98503,0.0
PSE,2023,5,98359,0.0
Avista,2023,10,99344,0.0
PSE,2025,12,98310,0.0
Avista,2025,2,99212,0.0
PSE,2022,4,98375,0.0
Avista,2025,7,99130,0.0
NWN,2021,5,97031,0.0
Avista,2022,7,99036,0.0
Avista,2023,10,99037,0.0
CNG,2022,6,98930,0.0
PSE,2023,5,98108,0.0
PSE,2021,4,98033,0.0
PSE,2025,10,98346,0.0
NWN,2025,9,98125,0.0
CNG,2025,12,98314,0.0
CNG,2025,5,98584,0.0
CNG,2025,7,98282,0.0
CNG,2021,12,99338,0.0
NWN,2020,6,98864,0.0
NWN,2022,10,98685,0.0
PSE,2023,9,98257,0.0
Avista,2024,7,99159,0.0
CNG,2024,8,98524,0.0
NWN,2024,10,98610,0.0
PSE,2025,5,98311,0.0
Avista,2022,5,99104,0.0
Avista,2021,3,99006,0.0
PSE,2021,7,98408,0.0
NWN,2024,2,98664,0.0
PSE,2025,8,98208,0.0
PAC,2022,2,98932,0.0
Avista,2023,6,99014,0.0
NWN,2022,9,98672,0.0
Avista,2020,3,99144,0.0
PSE,2025,2,98499,0.0
NWN,2025,9,98628,0.0
Avista,2023,3,99027,0.0
CNG,2025,8,99344,0.0
NWN,2021,1,98642,0.0
Avista,2024,10,99185,0.0
PSE,2023,12,98101,0.0
PSE,2022,10,98021,0.0
PSE,2022,11,98367,0.0
Avista,2024,5,99020,0.0
PSE,2020,7,98225,0.0
Avista,2024,1,99171,0.0
CNG,2021,1,98284,0.0
PSE,2021,2,98199,0.0
Avista,2025,8,99204,0.0
NWN,2025,6,98127,0.0
PSE,2025,9,98499,0.0
PAC,2022,8,99361,0.0
PSE,2023,9,98408,0.0
PSE,2022,4,98338,0.0
PSE,2022,4,98371,0.0
Avista,2023,12,98648,0.0
PSE,2023,2,98002,0.0
NWN,2024,8,98208,0.0
Avista,2021,1,99218,0.0
CNG,2022,6,98903,0.0
PSE,2021,6,98121,0.0
PSE,2025,10,98057,0.0
PSE,2021,3,98266,0.0
PSE,2021,12,98237,0.0
PSE,2023,3,98040,0.0
Avista,2021,4,99171,0.0
PSE,2023,3,98321,0.0
CNG,2021,12,98563,0.0
PAC,2020,1,98930,1166.0
PSE,2024,12,98512,0.0
CNG,2021,11,98230,0.0
PSE,2024,4,98501,0.0
PSE,2025,9,98038,0.0
PSE,2021,8,98118,0.0
CNG,2023,12,99362,0.0
PAC,2020,6,98953,0.0
Avista,2025,7,99020,0.0
PAC,2022,2,98903,0.0
Avista,2020,4,99131,0.0
CNG,2021,3,98310,0.0
PSE,2023,9,98201,0.0
PSE,2023,4,98006,0.0
CNG,2023,2,98953,0.0
PSE,2022,5,98027,0.0
CNG,2023,2,98557,0.0
PSE,2021,2,98380,0.0
CNG,2022,5,99344,0.0
PSE,2025,12,98312,0.0
NWN,2025,2,98628,0.0
CNG,2021,3,98632,0.0
PSE,2022,5,98030,0.0
Avista,2020,6,99161,0.0
PSE,2021,8,98272,0.0
CNG,2025,8,98274,0.0
Avista,2021,3,99326,0.0
PSE,2023,12,98065,0.0
NWN,2024,10,98607,0.0
PSE,2023,9,98513,0.0
PAC,2023,5,99328,0.0
PAC,2023,10,99347,0.0
PSE,2021,11,98512,0.0
PSE,2023,6,98506,0.0
CNG,2020,6,98337,0.0
NWN,2021,2,97301,0.0
Avista,2023,5,99003,0.0
CNG,2025,8,98837,0.0
NWN,2022,6,98612,0.0
PAC,2023,4,98937,0.0
PSE,2021,7,98002,0.0
CNG,2023,8,98674,0.0
Avista,2020,12,99128,0.0
PSE,2021,12,98273,0.0
PSE,2024,5,98042,0.0
Avista,2024,1,99114,0.0
PSE,2022,5,98104,0.0
Avista,2024,8,99101,0.0
PSE,2023,4,98312,0.0
Avista,2025,10,99149,0.0
PSE,2025,11,98532,0.0
CNG,2022,2,98244,0.0
PSE,2020,10,98579,0.0
PSE,2021,4,98036,0.0
Avista,2023,5,99179,0.0
PSE,2025,8,98359,0.0
Avista,2020,3,99037,0.0
PAC,2023,8,98953,0.0
PSE,2025,10,98116,0.0
PSE,2025,9,98037,0.0
PSE,2023,1,98032,0.0
Avista,2022,2,98620,0.0
Avista,2025,9,99335,0.0
NWN,2024,8,98684,0.0
CNG,2025,3,99301,0.0
CNG,2023,11,98801,0.0
NWN,2021,12,98685,0.0
CNG,2020,12,98276,0.0
CNG,2023,4,98273,0.0
Avista,2020,7,99134,0.0
PSE,2020,8,98116,0.0
PSE,2023,10,98501,0.0
PSE,2024,2,98221,0.0
CNG,2022,4,98366,0.0
CNG,2022,6,98951,0.0
PSE,2021,7,98346,0.0
NWN,2021,7,98665,0.0
Avista,2023,4,99158,0.0
PSE,2022,10,98310,0.0
Avista,2021,3,99158,0.0
Avista,2020,6,99170,0.0
Avista,2024,2,99174,0.0
CNG,2021,4,98282,0.0
PAC,2022,2,98952,0.0
PSE,2023,10,98233,0.0
PSE,2021,12,98260,0.0
Avista,2024,3,99402,0.0
CNG,2024,2,98292,0.0
PSE,2022,5,98024,0.0
PSE,2025,9,98230,0.0
PSE,2020,11,98424,0.0
PSE,2023,3,98513,0.0
PSE,2022,6,98502,0.0
CNG,2020,9,98223,0.0
CNG,2020,11,98264,0.0
PSE,2023,8,98409,0.0
PAC,2024,11,99363,0.0
PSE,2022,4,98277,0.0
Avista,2021,2,99206,0.0
CNG,2024,9,98801,0.0
NWN,2023,11,98125,0.0
Avista,2023,2,99158,0.0
CNG,2023,5,98248,0.0
CNG,2023,2,98902,0.0
Avista,2021,10,99169,0.0
PSE,2020,8,98033,0.0
PSE,2023,6,98037,0.0
Avista,2024,1,99117,0.0
CNG,2024,7,98244,0.0
PSE,2022,2,98155,0.0
NWN,2025,10,98601,0.0
PAC,2020,7,98936,0.0
CNG,2024,12,98232,0.0
Avista,2025,7,99032,0.0
PSE,2025,1,98045,0.0
CNG,2021,7,99362,0.0
NWN,2024,8,98675,0.0
Avista,2022,9,99149,0.0
PSE,2023,9,98270,0.0
CNG,2021,10,98276,0.0
PSE,2020,8,98409,0.0
CNG,2020,12,98223,0.0
CNG,2024,7,98801,0.0
PAC,2022,1,98903,0.0
PSE,2024,9,98405,0.0
PSE,2025,5,98271,0.0
NWN,2020,10,98648,0.0
PAC,2020,11,98902,0.0
CNG,2021,5,99338,0.0
Avista,2022,7,99157,0.0
Avista,2022,1,99023,0.0
CNG,2021,7,98632,0.0
Avista,2021,12,99174,0.0
Avista,2024,6,99204,0.0
NWN,2021,3,98661,0.0
Avista,2025,10,99220,0.0
NWN,2025,6,98629,0.0
PSE,2023,9,98224,0.0
PSE,2025,5,98047,0.0
PSE,2024,6,98224,0.0
PSE,2020,6,98258,0.0
PAC,2023,12,98902,0.0
NWN,2024,12,98672,0.0
PSE,2021,10,98372,0.0
PSE,2023,10,98072,0.0
PSE,2024,7,98199,0.0
PSE,2021,1,98406,0.0
PSE,2024,5,98373,0.0
PAC,2021,10,99323,0.0
PSE,2025,7,98010,0.0
PAC,2024,8,98930,0.0
Avista,2021,7,99217,0.0
CNG,2024,11,98632,0.0
NWN,2020,4,98674,0.0
PSE,2024,9,98346,0.0
PAC,2024,1,99363,0.0
NWN,2023,8,98639,0.0
Avista,2021,9,99207,0.0
PSE,2023,11,98037,0.0
NWN,2025,2,97388,0.0
Avista,2021,1,99029,0.0
NWN,2022,3,98671,0.0
PSE,2022,7,98006,0.0
PSE,2021,4,98383,0.0
PSE,2020,8,98232,0.0
PSE,2025,7,98258,0.0
PSE,2025,5,98273,0.0
PSE,2023,6,98166,0.0
PSE,2020,5,98003,0.0
CNG,2025,8,98282,0.0
CNG,2023,10,98848,0.0
CNG,2020,1,98247,0.0
Avista,2024,10,99201,0.0
Avista,2022,10,99026,0.0
PSE,2025,7,98230,0.0
CNG,2022,7,98257,0.0
PAC,2021,8,98947,0.0
Avista,2022,11,99117,0.0
Avista,2020,8,99109,0.0
PSE,2022,8,98019,0.0
NWN,2024,9,98664,0.0
PSE,2024,8,98047,0.0
NWN,2022,10,98668,0.0
PSE,2020,12,98045,0.0
CNG,2020,5,99323,0.0
CNG,2020,5,98901,0.0
PSE,2023,8,98596,0.0
NWN,2020,4,98648,0.0
CNG,2022,2,98550,0.0
CNG,2023,7,98226,0.0
CNG,2020,3,98932,91.83
NWN,2025,8,98612,0.0
CNG,2021,3,98220,0.0
CNG,2021,8,99336,0.0
PSE,2025,12,98072,0.0
PSE,2023,4,98444,0.0
PSE,2020,9,98117,0.0
PSE,2021,1,98102,0.0
PSE,2021,5,98104,0.0
PSE,2021,8,98321,0.0
PSE,2024,8,98596,0.0
PSE,2025,10,98388,0.0
PSE,2021,10,98204,0.0
NWN,2023,10,98663,0.0
Avista,2020,4,99134,0.0
NWN,2025,4,98612,0.0
Avista,2022,3,99138,0.0
NWN,2023,3,98661,0.0
CNG,2025,4,98248,0.0
PSE,2020,6,98012,0.0
NWN,2023,1,98635,0.0
CNG,2023,2,98282,0.0
Avista,2023,6,99371,0.0
Avista,2022,8,99159,0.0
PSE,2020,1,98001,0.0
Avista,2020,9,98620,0.0
PSE,2023,12,98031,0.0
PSE,2021,10,98283,0.0
Avista,2022,5,99228,0.0
PSE,2025,7,98029,0.0
PSE,2025,11,98052,0.0
CNG,2023,10,98611,0.0
PSE,2022,12,98445,0.0
NWN,2020,11,98642,0.0
Avista,2025,9,99344,0.0
PSE,2021,5,98589,0.0
NWN,2024,5,98666,0.0
CNG,2022,3,98233,0.0
CNG,2021,6,98626,0.0
Avista,2022,4,99122,0.0
Avista,2023,10,99104,0.0
PSE,2021,7,98270,0.0
PSE,2022,8,98101,0.0
PSE,2025,6,98499,0.0
NWN,2022,11,98671,0.0
Avista,2025,6,99158,0.0
PAC,2023,11,98937,0.0
Avista,2022,1,99260,0.0
PSE,2021,8,98038,0.0
CNG,2023,11,98295,0.0
Avista,2023,7,99181,0.0
NWN,2025,3,98604,0.0
CNG,2020,12,98277,0.0
Avista,2023,5,99019,0.0
PSE,2021,2,98506,0.0
PSE,2024,4,98312,0.0
PSE,2022,5,98271,0.0
Avista,2023,11,99163,0.0
CNG,2025,7,98801,0.0
NWN,2022,2,98672,0.0
Avista,2021,6,99006,0.0
PSE,2022,11,98199,0.0
CNG,2021,12,98632,0.0
PSE,2021,3,98311,0.0
Avista,2023,3,99185,0.0
CNG,2022,10,98625,0.0
PSE,2025,11,98239,0.0
Avista,2023,8,99040,0.0
Avista,2023,4,99021,0.0
CNG,2021,7,98225,0.0
Avista,2022,9,99219,0.0
NWN,2024,12,98666,0.0
NWN,2024,1,98127,0.0
CNG,2022,10,99354,0.0
CNG,2020,12,98284,0.0
PSE,2024,10,98388,0.0
PSE,2023,8,98366,0.0
Avista,2024,3,99006,0.0
Avista,2020,12,99034,0.0
Avista,2022,12,99107,0.0
PSE,2022,4,98391,0.0
Avista,2024,6,99001,0.0
CNG,2021,12,98274,0.0
PSE,2021,5,98058,0.0
PSE,2024,9,98126,0.0
CNG,2022,2,98247,0.0
CNG,2024,4,98611,0.0
NWN,2022,2,98684,0.0
NWN,2025,4,98635,0.0
Avista,2020,6,99179,0.0
CNG,2023,6,99336,0.0
Avista,2020,3,99217,0.0
PSE,2025,6,98070,0.0
CNG,2022,7,98584,0.0
PSE,2024,1,98926,0.0
PSE,2022,4,98201,0.0
PSE,2025,5,98388,0.0
NWN,2025,8,98026,0.0
CNG,2022,1,98240,0.0
PSE,2021,2,98418,0.0
PSE,2025,11,98374,0.0
CNG,2025,11,98901,0.0
PAC,2020,5,98952,0.0
NWN,2021,2,98665,0.0
Avista,2025,10,99012,0.0
PSE,2020,9,98005,0.0
PSE,2023,8,98387,0.0
PSE,2021,4,98272,0.0
PSE,2023,5,98372,0.0
PAC,2024,5,99324,0.0
PSE,2020,7,98502,0.0
Avista,2024,9,99163,0.0
PSE,2023,2,98023,0.0
PSE,2021,3,98204,0.0
PSE,2022,9,98284,0.0
CNG,2020,8,98936,0.0
Avista,2024,10,99403,0.0
PSE,2022,6,98512,0.0
PSE,2021,9,98110,0.0
Avista,2024,11,99020,0.0
PSE,2024,1,98380,0.0
Avista,2021,8,99326,0.0
CNG,2020,7,98557,0.0
PSE,2024,7,98221,0.0
CNG,2022,3,98229,0.0
PSE,2024,4,98506,0.0
Avista,2025,12,99113,0.0
Avista,2021,11,99027,0.0
Avista,2023,10,99181,0.0
NWN,2025,2,98675,0.0
Avista,2024,1,99109,0.0
CNG,2024,9,98277,0.0
PSE,2022,6,98110,0.0
Avista,2021,6,99326,0.0
NWN,2022,5,98612,0.0
PSE,2023,1,98033,0.0
PSE,2023,7,98052,0.0
CNG,2024,8,98276,0.0
PSE,2020,5,98032,0.0
PSE,2023,3,98109,0.0
PSE,2022,10,98258,0.0
Avista,2020,10,99144,0.0
PSE,2025,4,98102,0.0
PSE,2023,5,98283,0.0
PAC,2024,10,99362,0.0
PSE,2023,4,98922,0.0
PSE,2020,11,98177,0.0
CNG,2023,11,98337,0.0
CNG,2020,6,98220,0.0
PSE,2022,6,98030,0.0
PAC,2023,3,98952,0.0
CNG,2021,12,98247,0.0
Avista,2024,7,99117,0.0
Avista,2025,8,99016,0.0
CNG,2020,10,98240,0.0
CNG,2025,3,98550,0.0
NWN,2023,1,98672,0.0
NWN,2021,3,98605,0.0
Avista,2020,8,99217,0.0
Avista,2023,11,99174,0.0
PSE,2020,7,98168,0.0
PSE,2021,2,98102,0.0
PAC,2024,12,98938,0.0
CNG,2021,6,98221,0.0
NWN,2023,6,98671,0.0
CNG,2024,9,98903,0.0
Avista,2022,5,99160,0.0
CNG,2025,5,98520,0.0
PSE,2023,9,98126,0.0
PSE,2022,8,98030,0.0
PSE,2021,4,98045,0.0
CNG,2023,11,98611,0.0
CNG,2022,11,98244,0.0
PSE,2024,10,98003,0.0
PAC,2025,4,98948,42.56
PSE,2021,2,98008,0.0
CNG,2022,7,98930,0.0
NWN,2025,8,97031,0.0
PSE,2022,4,98342,0.0
PSE,2021,11,98390,0.0
NWN,2021,12,98605,0.0
CNG,2022,8,98953,0.0
PSE,2022,9,98047,0.0
Avista,2022,8,99122,0.0
Avista,2020,11,99122,0.0
PSE,2024,2,98007,0.0
Avista,2023,2,99371,0.0
Avista,2025,5,99012,0.0
Avista,2023,2,99171,0.0
NWN,2024,6,98628,0.0
PSE,2023,4,98028,0.0
PSE,2023,10,98503,0.0
Avista,2020,5,99018,0.0
PSE,2020,5,98311,0.0
PAC,2021,12,99328,0.0
NWN,2021,3,98604,0.0
PSE,2025,2,98366,0.0
PSE,2020,5,98290,0.0
Avista,2024,6,99201,0.0
PSE,2020,3,98026,0.0
PSE,2025,10,98506,0.0
Avista,2022,12,99008,0.0
PSE,2022,2,98311,0.0
Avista,2022,12,99025,0.0
PSE,2021,6,98941,0.0
NWN,2025,10,98683,0.0
PSE,2025,4,98404,0.0
CNG,2023,12,99344,0.0
Avista,2025,1,99341,0.0
Avista,2022,1,99009,0.0
PSE,2022,3,98148,0.0
CNG,2020,12,99353,0.0
PSE,2024,9,98406,0.0
Avista,2021,1,99114,0.0
PSE,2023,7,98532,0.0
PSE,2020,8,98101,0.0
Avista,2020,4,99207,0.0
PSE,2023,4,98445,0.0
Avista,2022,6,99326,0.0
PSE,2025,8,98501,0.0
Avista,2024,3,99219,0.0
Avista,2021,1,99159,0.0
PSE,2022,10,98383,0.0
NWN,2024,3,98675,0.0
Avista,2023,6,99005,0.0
Avista,2022,9,99036,0.0
CNG,2021,2,98953,0.0
PSE,2024,6,98004,0.0
PSE,2022,6,98233,0.0
PSE,2021,2,98148,0.0
Avista,2020,5,99163,0.0
NWN,2020,12,98685,0.0
Avista,2023,6,99107,0.0
PSE,2024,8,98392,0.0
PAC,2021,11,99362,0.0
PAC,2025,2,99362,3.52
PSE,2024,1,98272,0.0
PSE,2022,7,98074,0.0
Avista,2021,4,99033,0.0
Avista,2025,10,99032,0.0
Avista,2023,1,99220,0.0
Avista,2021,10,99179,0.0
Avista,2024,7,99185,0.0
PSE,2022,3,98030,0.0
PSE,2020,10,98405,0.0
PSE,2025,1,98058,0.0
Avista,2023,7,99004,0.0
PSE,2023,5,98422,0.0
NWN,2024,6,98666,0.0
PSE,2025,11,98042,0.0
PSE,2022,11,98391,0.0
PSE,2022,12,98028,0.0
PAC,2022,5,98935,0.0
NWN,2020,11,97031,0.0
Avista,2021,7,99326,0.0
Avista,2022,2,99037,0.0
PSE,2022,1,98092,0.0
PSE,2025,4,98021,0.0
PAC,2025,11,99362,52.42
NWN,2023,8,98606,0.0
Avista,2022,4,99027,0.0
CNG,2023,1,99353,0.0
Avista,2021,3,99204,0.0
Avista,2020,9,99218,0.0
NWN,2025,8,98664,0.0
PSE,2025,6,98034,0.0
PSE,2025,7,98058,0.0
PSE,2022,12,98208,0.0
PSE,2025,8,98255,0.0
CNG,2024,7,98273,0.0
PSE,2023,9,98444,0.0
PAC,2020,2,98932,581.0
CNG,2023,3,98802,0.0
PSE,2025,11,98391,0.0
PSE,2024,5,98051,0.0
NWN,2022,2,98685,0.0
Avista,2024,9,99130,0.0
Avista,2021,7,99107,0.0
CNG,2025,8,98944,0.0
NWN,2022,10,98119,0.0
Avista,2024,12,99023,0.0
Avista,2025,11,99223,0.0
PSE,2024,8,98117,0.0
Avista,2023,10,99005,0.0
PSE,2021,2,98146,0.0
Avista,2023,8,99212,0.0
CNG,2020,6,99301,0.0
Avista,2020,8,99151,0.0
Avista,2024,5,99335,0.0
CNG,2024,8,98936,0.0
PSE,2023,12,98047,0.0
PSE,2022,4,98418,0.0
PSE,2023,11,98391,0.0
Avista,2024,11,99335,0.0
PSE,2025,1,98338,0.0
NWN,2025,7,98620,0.0
CNG,2025,2,98277,0.0
CNG,2021,10,98550,0.0
PSE,2025,10,98023,0.0
Avista,2022,1,99164,0.0
NWN,2025,1,98635,0.0
PAC,2023,1,98923,0.0
PSE,2022,2,98042,0.0
PSE,2023,2,98074,0.0
CNG,2020,1,98240,0.0
PSE,2020,3,98024,0.0
PSE,2023,11,98105,0.0
Avista,2021,11,99171,0.0
Avista,2022,10,99005,0.0
PSE,2020,10,98274,0.0
PSE,2021,5,98059,0.0
CNG,2020,1,98225,0.0
PSE,2020,5,98383,0.0
CNG,2021,4,98310,0.0
Avista,2020,8,99335,0.0
PSE,2022,12,98007,0.0
PAC,2020,4,99328,0.0
PSE,2025,6,98391,0.0
PSE,2025,8,98022,0.0
PAC,2024,6,98908,0.0
Avista,2025,6,99371,0.0
PSE,2023,3,98224,0.0
CNG,2024,7,98257,0.0
CNG,2021,2,99362,0.0
PSE,2022,1,98360,0.0
PSE,2020,4,98327,0.0
PSE,2024,5,98579,0.0
NWN,2021,11,98864,0.0
CNG,2022,5,99338,0.0
PSE,2021,7,98052,0.0
Avista,2021,1,99228,0.0
Avista,2020,4,99220,0.0
NWN,2023,9,98606,0.0
Avista,2023,12,98857,0.0
PSE,2024,2,98418,0.0
CNG,2021,8,99337,0.0
PSE,2023,10,98360,0.0
PSE,2021,3,98498,0.0
PSE,2020,3,98204,0.0
Avista,2021,8,99012,0.0
PSE,2020,4,98233,0.0
PSE,2022,9,98027,0.0
Avista,2024,12,99179,0.0
Avista,2024,7,99125,0.0
PSE,2020,6,98033,0.0
Avista,2022,5,99004,0.0
PSE,2025,7,98233,0.0
Avista,2023,11,99181,0.0
PSE,2024,12,98409,0.0
CNG,2020,2,98930,0.0
CNG,2022,4,98953,0.0
CNG,2025,5,98226,0.0
PAC,2021,10,98944,0.0
Avista,2021,8,99143,0.0
CNG,2020,9,98953,0.0
Avista,2021,10,99102,0.0
PSE,2022,1,98502,0.0
CNG,2025,2,99350,0.0
PSE,2021,3,98258,0.0
Avista,2021,7,99114,0.0
Avista,2021,6,99001,0.0
NWN,2020,8,98762,0.0
PSE,2023,2,98052,0.0
CNG,2020,11,98345,0.0
PSE,2023,4,98038,0.0
Avista,2022,11,99011,0.0
PSE,2021,3,98106,0.0
CNG,2021,2,98248,0.0
PSE,2021,8,98221,0.0
NWN,2024,12,98606,0.0
PSE,2022,11,98045,0.0
PAC,2023,4,99350,0.0
NWN,2025,12,98661,0.0
Avista,2025,5,99110,0.0
PSE,2025,12,98056,0.0
PSE,2025,5,98208,0.0
NWN,2022,9,98026,0.0
Avista,2021,10,99114,0.0
PSE,2024,7,98004,0.0
NWN,2023,9,97301,0.0
PSE,2023,4,98226,0.0
CNG,2024,4,98953,0.0
PSE,2022,4,98359,0.0
Avista,2025,10,99207,0.0
CNG,2021,5,98295,0.0
CNG,2020,4,98276,0.0
PAC,2025,4,98908,25.02
PSE,2021,10,98057,0.0
PAC,2023,8,98921,0.0
PSE,2023,6,98021,0.0
PSE,2020,7,98007,0.0
PAC,2023,8,98932,0.0
Avista,2025,11,99204,0.0
Avista,2024,2,99181,0.0
Avista,2025,8,99019,0.0
CNG,2025,3,98337,0.0
PSE,2024,2,98004,0.0
Avista,2022,11,99039,0.0
Avista,2020,3,99026,0.0
NWN,2021,7,98672,0.0
PSE,2022,10,98273,0.0
NWN,2021,7,98668,0.0
Avista,2023,7,99151,0.0
Avista,2022,4,99201,0.0
PSE,2021,2,98203,0.0
PSE,2022,7,98277,0.0
PSE,2020,8,98103,0.0
CNG,2022,10,98848,0.0
Avista,2024,7,99021,0.0
NWN,2022,7,98620,0.0
PSE,2022,8,98053,0.0
PSE,2024,10,98024,0.0
PSE,2021,10,98262,0.0
Avista,2022,11,99008,0.0
PSE,2021,11,98117,0.0
CNG,2020,6,98292,0.0
Avista,2022,1,99174,0.0
CNG,2023,1,98223,0.0
PSE,2025,2,98116,0.0
PSE,2025,8,98531,0.0
PSE,2022,2,98934,0.0
Avista,2022,3,99176,0.0
PSE,2021,2,98941,0.0
PSE,2022,4,98272,0.0
Avista,2023,4,99110,0.0
Avista,2023,5,99011,0.0
PSE,2025,6,98051,0.0
PSE,2022,1,98101,0.0
NWN,2021,5,98639,0.0
PSE,2022,1,98392,0.0
PSE,2021,10,98125,0.0
CNG,2024,12,98944,0.0
NWN,2025,3,98307,0.0
NWN,2024,4,98762,0.0
NWN,2025,9,98661,0.0
NWN,2025,5,98762,0.0
PAC,2021,6,98951,0.0
NWN,2020,6,98674,0.0
NWN,2024,7,98026,0.0
Avista,2021,9,99217,0.0
CNG,2022,2,98311,0.0
PSE,2024,8,98516,0.0
PSE,2025,8,98597,0.0
PSE,2020,5,98941,0.0
Avista,2021,3,99344,0.0
Avista,2021,6,99137,0.0
PSE,2025,8,98052,0.0
Avista,2024,12,99326,0.0
PSE,2023,12,98439,0.0
CNG,2021,7,98273,0.0
CNG,2024,5,98312,0.0
PSE,2020,5,98008,0.0
CNG,2023,6,98274,0.0
PSE,2024,10,98056,0.0
PSE,2022,6,98230,0.0
PSE,2025,12,98199,0.0
PSE,2024,10,98010,0.0
PSE,2023,4,98052,0.0
Avista,2022,8,99224,0.0
Avista,2023,4,99171,0.0
PSE,2021,2,98007,0.0
NWN,2022,2,98617,0.0
PSE,2024,6,98057,0.0
PSE,2022,7,98125,0.0
NWN,2020,7,98607,0.0
PSE,2025,6,98388,0.0
CNG,2024,10,98220,0.0
PSE,2021,9,98125,0.0
Avista,2020,10,99163,0.0
Avista,2023,6,99130,0.0
CNG,2025,10,98257,0.0
PSE,2020,12,98271,0.0
PSE,2024,8,98499,0.0
PSE,2023,2,98036,0.0
CNG,2024,9,98626,0.0
PSE,2021,1,98531,0.0
PSE,2024,2,98188,0.0
PSE,2020,10,98257,0.0
CNG,2023,9,98225,0.0
NWN,2024,2,98620,0.0
Avista,2022,10,99206,0.0
PSE,2020,7,98503,0.0
CNG,2025,3,98908,0.0
NWN,2023,6,98606,0.0
NWN,2020,8,98026,0.0
PSE,2020,4,98208,0.0
CNG,2020,2,98557,0.0
Avista,2023,5,99001,0.0
Avista,2024,9,99171,0.0
NWN,2023,7,98620,0.0
PSE,2024,4,98004,0.0
PSE,2021,10,98272,0.0
PSE,2021,12,98422,0.0
PSE,2023,11,98444,0.0
PSE,2022,4,98257,0.0
Avista,2021,2,99174,0.0
CNG,2020,8,98563,0.0
PSE,2021,6,98513,0.0
Avista,2024,5,99161,0.0
PAC,2022,8,98947,0.0
NWN,2024,4,98628,0.0
CNG,2023,9,98232,0.0
PSE,2020,7,98230,0.0
PSE,2021,7,98589,0.0
PSE,2022,3,98503,0.0
PSE,2024,6,98121,0.0
PAC,2023,11,98935,0.0
PSE,2025,1,98224,0.0
Avista,2024,1,99223,0.0
PSE,2022,3,98596,0.0
NWN,2023,4,98682,0.0
Avista,2024,4,99114,0.0
CNG,2022,3,98221,0.0
PSE,2023,6,98045,0.0
CNG,2023,12,98311,0.0
PSE,2024,2,98260,0.0
NWN,2022,2,98629,0.0
PSE,2022,2,98270,0.0
PSE,2025,8,98596,0.0
CNG,2020,5,98345,0.0
PSE,2022,10,98589,0.0
CNG,2021,1,98948,0.0
PSE,2022,3,98168,0.0
PSE,2022,2,98074,0.0
PSE,2023,4,98230,0.0
PSE,2021,3,98043,0.0
CNG,2021,6,98284,0.0
NWN,2022,7,98626,0.0
CNG,2025,8,98801,0.0
PSE,2021,12,98342,0.0
NWN,2025,2,98672,0.0
CNG,2020,12,98848,0.0
CNG,2023,3,98282,0.0
NWN,2025,7,98668,0.0
NWN,2025,11,98666,0.0
CNG,2025,7,98232,0.0
PSE,2024,2,98335,0.0
PSE,2021,6,98498,0.0
PSE,2023,8,98338,0.0
PSE,2021,10,98026,0.0
CNG,2023,10,98345,0.0
PSE,2021,7,98118,0.0
PSE,2020,8,98406,0.0
PSE,2021,8,98257,0.0
PSE,2022,5,98201,0.0
Avista,2024,12,99344,0.0
Avista,2025,11,99109,0.0
PSE,2025,11,98597,0.0
PSE,2023,8,98367,0.0
PSE,2021,8,98166,0.0
PSE,2021,4,98070,0.0
PSE,2022,10,98239,0.0
Avista,2023,11,99203,0.0
PSE,2024,2,98311,0.0
PSE,2022,5,98204,0.0
NWN,2023,1,98683,0.0
PSE,2024,6,98043,0.0
Avista,2023,9,99131,0.0
CNG,2021,7,98611,0.0
PSE,2022,10,98070,0.0
PSE,2025,11,98255,0.0
PSE,2024,9,98177,0.0
PSE,2020,12,98284,0.0
PSE,2022,5,98051,0.0
PSE,2022,8,98501,0.0
CNG,2022,9,98528,0.0
PAC,2021,1,98908,0.0
Avista,2022,5,99206,0.0
CNG,2021,8,98292,0.0
PSE,2024,10,98006,0.0
NWN,2024,6,98685,0.0
PSE,2024,11,98257,0.0
PSE,2021,10,98040,0.0
PSE,2022,4,98372,0.0
PSE,2023,3,98226,0.0
CNG,2025,4,98626,0.0
PSE,2020,8,98148,0.0
PSE,2021,5,98596,0.0
PSE,2022,1,98118,0.0
Avista,2020,7,99143,0.0
CNG,2020,3,98951,91.33
NWN,2020,3,98605,0.0
PSE,2020,5,98021,0.0
NWN,2021,8,98663,0.0
PSE,2021,9,98051,0.0
NWN,2023,11,98617,0.0
Avista,2022,4,99130,0.0
PAC,2021,12,99350,0.0
PSE,2021,6,98001,0.0
CNG,2023,9,98277,0.0
NWN,2022,10,98672,0.0
NWN,2021,7,98682,0.0
PAC,2022,11,98902,0.0
Avista,2020,11,99101,0.0
CNG,2024,2,98271,0.0
PSE,2021,9,98408,0.0
CNG,2022,10,99344,0.0
Avista,2020,4,99203,0.0
PSE,2025,4,98010,0.0
Avista,2022,4,99402,0.0
PSE,2024,10,98373,0.0
Avista,2021,9,99030,0.0
Avista,2021,12,98857,0.0
PSE,2021,10,98342,0.0
Avista,2024,7,99039,0.0
PSE,2021,3,98051,0.0
PSE,2021,12,98502,0.0
PSE,2023,5,98383,0.0
PAC,2024,3,98923,0.0
PSE,2024,9,98922,0.0
CNG,2022,1,98274,0.0
CNG,2022,8,98248,0.0
Avista,2022,3,99012,0.0
Avista,2021,1,99164,0.0
PAC,2025,3,98901,347.03
CNG,2021,8,98244,0.0
Avista,2024,5,99403,0.0
PSE,2023,5,98466,0.0
PSE,2023,7,98283,0.0
PSE,2020,3,98446,0.0
NWN,2022,2,98026,0.0
PSE,2023,1,98006,0.0
Avista,2020,6,99218,0.0
PAC,2022,1,98951,0.0
PAC,2021,3,98932,0.0
PSE,2024,7,98027,0.0
Avista,2020,5,99122,0.0
NWN,2025,8,97388,0.0
Avista,2020,8,99130,0.0
CNG,2024,3,98314,0.0
Avista,2024,11,99223,0.0
NWN,2020,8,98648,0.0
CNG,2025,7,99338,0.0
PSE,2023,7,98310,0.0
Avista,2025,9,99161,0.0
CNG,2021,4,98312,0.0
PSE,2025,12,98029,0.0
CNG,2023,12,98524,0.0
NWN,2022,2,98626,0.0
PSE,2020,8,98391,0.0
PAC,2022,9,99350,0.0
PSE,2020,8,98934,0.0
PSE,2020,4,98103,0.0
Avista,2021,1,99260,0.0
CNG,2024,11,99301,0.0
CNG,2022,3,98220,0.0
CNG,2023,3,99362,0.0
PSE,2020,11,98029,0.0
PSE,2024,5,98226,0.0
CNG,2022,6,98942,0.0
PSE,2025,4,98144,0.0
Avista,2021,3,99218,0.0
Avista,2022,6,99022,0.0
CNG,2025,12,99338,0.0
NWN,2025,3,98648,0.0
PAC,2024,12,98952,0.0
PSE,2020,3,98070,0.0
CNG,2021,3,98944,0.0
PSE,2024,7,98388,0.0
PSE,2020,8,98260,0.0
CNG,2024,4,99352,0.0
PSE,2025,4,98074,0.0
PSE,2024,4,98023,0.0
PSE,2022,2,98531,0.0
CNG,2021,5,98274,0.0
CNG,2024,7,98220,0.0
Avista,2025,2,99018,0.0
PSE,2024,4,98052,0.0
PSE,2020,9,98262,0.0
NWN,2023,9,98642,0.0
CNG,2021,5,98557,0.0
PSE,2021,12,98244,0.0
PSE,2024,10,98274,0.0
CNG,2021,6,98541,0.0
PSE,2025,5,98312,0.0
PSE,2020,3,98108,0.0
PSE,2023,4,98008,0.0
NWN,2020,10,98675,0.0
PSE,2025,1,98102,0.0
Avista,2020,7,99023,0.0
PSE,2024,1,98148,0.0
PSE,2024,4,98038,0.0
Avista,2021,3,99012,0.0
PSE,2023,10,98058,0.0
Avista,2025,1,99219,0.0
CNG,2021,5,98367,0.0
PSE,2021,7,98037,0.0
PSE,2025,7,98402,0.0
NWN,2023,9,98662,0.0
NWN,2025,11,98125,0.0
PSE,2020,11,98105,0.0
PAC,2023,9,98951,0.0
Avista,2021,11,98857,0.0
PSE,2023,8,98926,0.0
PSE,2022,1,98034,0.0
PSE,2021,11,98366,0.0
Avista,2025,6,99169,0.0
Avista,2024,7,99161,0.0
NWN,2024,4,98127,0.0
NWN,2024,6,98663,0.0
NWN,2021,7,98683,0.0
Avista,2022,12,99001,0.0
PSE,2022,1,98266,0.0
PSE,2022,3,98405,0.0
Avista,2021,10,99164,0.0
PSE,2022,7,98506,0.0
PSE,2024,11,98467,0.0
NWN,2025,1,98607,0.0
PSE,2021,12,98040,0.0
NWN,2020,10,98127,0.0
PSE,2020,8,98034,0.0
PSE,2021,5,98203,0.0
Avista,2024,3,99161,0.0
Avista,2020,11,99128,0.0
PSE,2022,11,98104,0.0
PSE,2021,3,98133,0.0
PSE,2024,3,98053,0.0
CNG,2022,6,98550,0.0
Avista,2021,3,99167,0.0
Avista,2020,12,99102,0.0
PSE,2022,3,98177,0.0
PAC,2020,9,98923,0.0
CNG,2023,11,98932,0.0
CNG,2022,9,99324,0.0
CNG,2023,12,98528,0.0
PSE,2023,7,98409,0.0
Avista,2021,11,99371,0.0
PSE,2020,4,98532,0.0
PAC,2024,6,98935,0.0
Avista,2020,8,99001,0.0
PAC,2021,2,99323,0.0
CNG,2022,9,99338,0.0
PSE,2023,10,98941,0.0
CNG,2021,1,99324,0.0
PSE,2021,4,98047,0.0
CNG,2020,5,99352,0.0
PSE,2021,8,98109,0.0
PSE,2022,11,98405,0.0
Avista,2022,9,99034,0.0
Avista,2022,12,99169,0.0
PSE,2021,6,98022,0.0
Avista,2020,6,99114,0.0
Avista,2021,4,99020,0.0
Avista,2025,7,99004,0.0
Avista,2025,6,99101,0.0
CNG,2025,1,98942,0.0
PSE,2025,11,98006,0.0
PSE,2022,1,98232,0.0
PSE,2023,2,98027,0.0
Avista,2020,5,99161,0.0
Avista,2021,8,99173,0.0
PSE,2020,5,98108,0.0
Avista,2020,11,99174,0.0
Avista,2022,9,99102,0.0
Avista,2025,11,99203,0.0
NWN,2021,11,98675,0.0
PSE,2025,6,98244,0.0
Avista,2023,10,99138,0.0
Avista,2023,5,99167,0.0
CNG,2022,3,99338,0.0
PSE,2021,7,98409,0.0
PSE,2025,1,98284,0.0
PSE,2024,5,98092,0.0
Avista,2021,5,99185,0.0
NWN,2025,8,98686,0.0
CNG,2020,11,99353,0.0
NWN,2024,12,98668,0.0
PSE,2025,3,98257,0.0
Avista,2023,3,99113,0.0
CNG,2021,8,99344,0.0
CNG,2022,9,98229,0.0
CNG,2024,6,98248,0.0
NWN,2023,9,98674,0.0
NWN,2023,12,98208,0.0
PSE,2024,4,98118,0.0
CNG,2022,3,98524,0.0
PSE,2022,12,98106,0.0
CNG,2023,5,98801,0.0
NWN,2024,7,98629,0.0
PSE,2025,1,98409,0.0
Avista,2023,3,99138,0.0
PSE,2020,3,98027,0.0
NWN,2025,7,98662,0.0
Avista,2023,5,99207,0.0
CNG,2024,9,98311,0.0
PSE,2023,1,98203,0.0
PSE,2020,3,98512,0.0
PAC,2023,9,98935,0.0
PSE,2022,8,98106,0.0
PAC,2020,5,98942,0.0
CNG,2020,4,98902,0.0
Avista,2024,8,99144,0.0
Avista,2023,2,99208,0.0
NWN,2024,12,98639,0.0
PAC,2023,12,98953,0.0
CNG,2023,10,98802,0.0
CNG,2020,5,98230,0.0
NWN,2022,10,98607,0.0
PAC,2021,11,99324,0.0
Avista,2024,8,99403,0.0
Avista,2025,9,99111,0.0
PSE,2024,2,98366,0.0
PSE,2023,8,98005,0.0
CNG,2025,12,98563,0.0
PSE,2020,8,98244,0.0
PSE,2023,7,98277,0.0
NWN,2024,4,98604,0.0
PSE,2024,8,98058,0.0
PSE,2024,1,98445,0.0
PSE,2023,7,98506,0.0
Avista,2022,9,99103,0.0
PSE,2024,1,98290,0.0
PSE,2021,5,98037,0.0
PSE,2025,11,98941,0.0
CNG,2021,3,98550,0.0
PAC,2022,3,98944,0.0
PSE,2024,4,98335,0.0
CNG,2023,1,98229,0.0
Avista,2021,5,99220,0.0
PAC,2024,10,99348,0.0
Avista,2020,12,99220,0.0
Avista,2021,11,99020,0.0
PSE,2023,8,98023,0.0
NWN,2022,5,98026,0.0
PSE,2021,4,98402,0.0
Avista,2024,6,99102,0.0
CNG,2024,4,98901,0.0
Avista,2023,8,99344,0.0
PAC,2023,3,99329,0.0
PSE,2022,1,98466,0.0
PAC,2024,2,98921,0.0
PAC,2021,4,98921,0.0
Avista,2020,5,99217,0.0
PSE,2021,5,98446,0.0
NWN,2023,11,98682,0.0
PSE,2024,9,98391,0.0
PSE,2022,5,98310,0.0
Avista,2022,11,99143,0.0
CNG,2021,2,98908,0.0
PAC,2021,7,99363,0.0
NWN,2025,8,98639,0.0
CNG,2022,10,98311,0.0
PSE,2021,9,98056,0.0
NWN,2023,10,98642,0.0
PSE,2022,11,98056,0.0
PSE,2021,12,98283,0.0
Avista,2022,6,99114,0.0
NWN,2024,3,98663,0.0
Avista,2020,4,99128,0.0
PAC,2021,1,98937,0.0
PSE,2024,6,98006,0.0
PSE,2024,8,98053,0.0
PSE,2023,12,98926,0.0
Avista,2025,11,99117,0.0
CNG,2021,4,98948,0.0
PSE,2023,2,98230,0.0
Avista,2021,4,99019,0.0
Avista,2025,8,99217,0.0
PSE,2021,3,98047,0.0
Avista,2024,4,99029,0.0
CNG,2024,1,99354,0.0
CNG,2025,10,99337,0.0
CNG,2022,10,98229,0.0
NWN,2020,11,97301,0.0
Avista,2022,1,99371,0.0
Avista,2021,1,99022,0.0
Avista,2022,3,99326,0.0
PSE,2022,8,98043,0.0
PSE,2021,2,98198,0.0
PSE,2020,8,98119,0.0
PSE,2024,9,98007,0.0
CNG,2023,4,98223,0.0
Avista,2024,9,99137,0.0
Avista,2025,12,99149,0.0
Avista,2021,12,99020,0.0
Avista,2024,7,99030,0.0
Avista,2025,5,99146,0.0
Avista,2021,5,99208,0.0
PSE,2025,12,98019,0.0
NWN,2024,9,97388,0.0
PAC,2021,6,98932,0.0
NWN,2020,4,98686,0.0
PSE,2025,4,98335,0.0
PSE,2020,6,98374,0.0
PAC,2024,1,98939,0.0
Avista,2021,6,99029,0.0
NWN,2025,7,98628,0.0
PAC,2024,9,99348,0.0
CNG,2023,5,99338,0.0
PSE,2021,12,98146,0.0
NWN,2023,7,98127,0.0
PAC,2020,6,99360,0.0
PSE,2025,10,98359,0.0
PSE,2025,12,98053,0.0
Avista,2023,9,99026,0.0
PSE,2023,9,98119,0.0
Avista,2024,12,99033,0.0
CNG,2024,10,98271,0.0
Avista,2024,1,99167,0.0
CNG,2022,6,98848,0.0
PSE,2022,1,98110,0.0
CNG,2022,7,98632,0.0
PSE,2025,8,98057,0.0
CNG,2022,12,98611,0.0
PSE,2024,1,98040,0.0
CNG,2021,1,98528,0.0
NWN,2023,3,98684,0.0
Avista,2021,5,99122,0.0
PSE,2025,4,98405,0.0
PSE,2025,12,98232,0.0
Avista,2023,5,99170,0.0
NWN,2022,9,98620,0.0
Avista,2022,2,99335,0.0
PSE,2025,4,98273,0.0
NWN,2025,10,98660,0.0
PSE,2022,12,98117,0.0
PSE,2023,4,98005,0.0
PSE,2022,5,98002,0.0
PSE,2023,12,98034,0.0
PSE,2021,8,98155,0.0
PSE,2021,11,98408,0.0
PSE,2024,1,98576,0.0
Avista,2022,7,99260,0.0
NWN,2021,7,98642,0.0
Avista,2025,9,99207,0.0
PSE,2022,3,98178,0.0
Avista,2025,9,99014,0.0
CNG,2023,10,98220,0.0
PSE,2022,7,98408,0.0
CNG,2022,3,98944,0.0
PSE,2024,3,98056,0.0
Avista,2023,1,99130,0.0
Avista,2024,6,98648,0.0
PSE,2020,8,98239,0.0
Avista,2021,11,99107,0.0
PSE,2022,9,98203,0.0
Avista,2024,9,99001,0.0
CNG,2025,11,99352,0.0
CNG,2021,9,98942,0.0
Avista,2022,1,98648,0.0
NWN,2020,6,98648,0.0
Avista,2025,2,99104,0.0
PSE,2020,11,98045,0.0
PSE,2022,10,98406,0.0
Avista,2023,2,99138,0.0
Avista,2025,5,99040,0.0
PSE,2025,2,98321,0.0
PSE,2024,4,98208,0.0
Avista,2024,12,99102,0.0
Avista,2020,11,99141,0.0
PSE,2023,8,98122,0.0
PSE,2025,5,98503,0.0
PSE,2022,9,98001,0.0
Avista,2024,11,99012,0.0
PSE,2023,12,98022,0.0
PSE,2020,7,98248,0.0
PSE,2021,11,98037,0.0
Avista,2024,4,99371,0.0
PSE,2021,3,98445,0.0
Avista,2022,10,99029,0.0
Avista,2022,5,99216,0.0
Avista,2024,12,99371,0.0
PAC,2024,3,98935,0.0
PSE,2021,4,98467,0.0
PSE,2025,6,98467,0.0
PSE,2024,8,98271,0.0
Avista,2023,12,99217,0.0
NWN,2022,4,98605,0.0
PSE,2022,12,98290,0.0
PSE,2025,12,98030,0.0
PSE,2021,7,98332,0.0
Avista,2021,6,99021,0.0
PSE,2020,4,98031,0.0
PSE,2024,5,98004,0.0
Avista,2020,9,99125,0.0
NWN,2022,6,97388,0.0
Avista,2024,4,99205,0.0
Avista,2022,4,99034,0.0
PSE,2025,3,98010,0.0
PSE,2021,9,98258,0.0
CNG,2023,2,98292,0.0
Avista,2023,5,99344,0.0
NWN,2021,11,98642,0.0
PSE,2021,11,98144,0.0
Avista,2023,12,99005,0.0
PSE,2021,2,98272,0.0
CNG,2024,10,98942,0.0
Avista,2021,6,99109,0.0
PAC,2024,10,98930,0.0
CNG,2024,11,98244,0.0
PSE,2025,2,98310,0.0
PSE,2025,4,98053,0.0
Avista,2020,9,99228,0.0
Avista,2022,3,99143,0.0
PSE,2020,7,98116,0.0
PSE,2023,1,98144,0.0
NWN,2023,10,98639,0.0
PSE,2020,12,98117,0.0
PAC,2023,12,98948,0.0
Avista,2020,3,99149,0.0
PAC,2020,2,99324,597.0
NWN,2021,9,98307,0.0
Avista,2025,1,99146,0.0
PSE,2021,11,98058,0.0
PSE,2023,7,98023,0.0
CNG,2025,8,98229,0.0
CNG,2022,2,98220,0.0
PSE,2024,4,98116,0.0
Avista,2022,9,99326,0.0
PSE,2022,5,98057,0.0
Avista,2020,9,99014,0.0
PSE,2022,8,98338,0.0
Avista,2025,5,99220,0.0
Avista,2021,1,99020,0.0
CNG,2025,1,98550,0.0
Avista,2020,12,99173,0.0
CNG,2025,4,98337,0.0
PSE,2020,10,98418,0.0
Avista,2021,11,99125,0.0
PAC,2023,12,99350,0.0
NWN,2023,11,98660,0.0
Avista,2024,5,99371,0.0
NWN,2023,2,98666,0.0
Avista,2025,5,99003,0.0
NWN,2025,4,98663,0.0
CNG,2025,3,98837,0.0
PSE,2025,10,98270,0.0
PAC,2025,11,99323,0.36
PSE,2024,12,98087,0.0
NWN,2022,1,98864,0.0
Avista,2020,10,99219,0.0
PSE,2025,4,98052,0.0
Avista,2021,5,99403,0.0
Avista,2024,10,99207,0.0
CNG,2021,6,98528,0.0
CNG,2025,12,98337,0.0
CNG,2022,1,98953,0.0
PSE,2022,10,98387,0.0
Avista,2024,12,99134,0.0
PSE,2023,9,98203,0.0
Avista,2022,10,99011,0.0
PSE,2022,11,98232,0.0
PSE,2025,11,98030,0.0
Avista,2023,9,99208,0.0
NWN,2025,3,97031,0.0
NWN,2025,4,98119,0.0
PSE,2023,3,98019,0.0
CNG,2025,8,98240,0.0
NWN,2025,6,98601,0.0
Avista,2024,6,99260,0.0
PSE,2023,1,98105,0.0
CNG,2021,5,98276,0.0
Avista,2022,8,99111,0.0
CNG,2021,2,98801,0.0
PSE,2025,11,98360,0.0
NWN,2022,3,98684,0.0
PSE,2022,8,98108,0.0
CNG,2020,8,98277,0.0
Avista,2023,8,98648,0.0
PSE,2021,7,98019,0.0
Avista,2022,11,99169,0.0
Avista,2022,2,99006,0.0
CNG,2024,6,98284,0.0
Avista,2024,1,99403,0.0
PSE,2021,12,98053,0.0
CNG,2020,10,99353,0.0
CNG,2024,7,98541,0.0
PSE,2022,9,98359,0.0
PSE,2023,11,98010,0.0
PSE,2022,5,98239,0.0
Avista,2023,8,99204,0.0
Avista,2023,2,99170,0.0
PSE,2023,3,98271,0.0
PSE,2022,4,98057,0.0
CNG,2021,6,98248,0.0
PSE,2020,7,98374,0.0
Avista,2021,11,99025,0.0
Avista,2023,9,99102,0.0
Avista,2024,6,99206,0.0
CNG,2021,1,98247,0.0
PSE,2025,1,98057,0.0
CNG,2024,4,98244,0.0
PAC,2024,8,99363,0.0
CNG,2025,1,98908,0.0
Avista,2020,3,99014,0.0
CNG,2023,4,98942,0.0
NWN,2023,6,98683,0.0
PSE,2024,11,98372,0.0
PSE,2023,11,98310,0.0
Avista,2024,7,99020,0.0
NWN,2025,7,98666,0.0
PSE,2021,12,98266,0.0
PSE,2022,10,98203,0.0
PSE,2023,8,98258,0.0
PAC,2025,6,99323,0.34
Avista,2024,8,99212,0.0
PSE,2023,12,98026,0.0
PSE,2020,5,98110,0.0
CNG,2025,12,98226,0.0
Avista,2023,2,99020,0.0
Avista,2021,8,99203,0.0
Avista,2021,12,99212,0.0
CNG,2023,5,98314,0.0
PSE,2022,3,98034,0.0
Avista,2024,7,99212,0.0
Avista,2023,7,99167,0.0
Avista,2020,6,99101,0.0
NWN,2025,6,98668,0.0
PSE,2024,2,98155,0.0
NWN,2021,8,98026,0.0
Avista,2021,9,99131,0.0
CNG,2022,11,98248,0.0
Avista,2021,7,99171,0.0
PSE,2022,9,98383,0.0
NWN,2024,6,98662,0.0
PSE,2023,3,98058,0.0
Avista,2022,9,99006,0.0
PSE,2021,12,98105,0.0
CNG,2022,6,98240,0.0
NWN,2021,5,98674,0.0
CNG,2025,2,98221,0.0
PSE,2021,4,98284,0.0
Avista,2023,11,99011,0.0
PSE,2024,7,98402,0.0
Avista,2021,5,99030,0.0
Avista,2023,9,99019,0.0
CNG,2025,2,98948,0.0
PSE,2022,9,98208,0.0
PSE,2020,12,98408,0.0
CNG,2022,3,98541,0.0
PSE,2023,4,98390,0.0
Avista,2022,2,99151,0.0
Avista,2024,10,99144,0.0
PSE,2021,5,98439,0.0
PSE,2021,1,98204,0.0
PSE,2023,4,98032,0.0
CNG,2023,1,99344,0.0
PSE,2025,7,98405,0.0
PAC,2020,2,98948,1099.0
PAC,2023,7,98932,0.0
CNG,2024,9,98541,0.0
PSE,2022,10,98033,0.0
NWN,2022,8,98639,0.0
CNG,2021,6,98901,0.0
Avista,2021,9,99206,0.0
PSE,2022,4,98512,0.0
PSE,2025,10,98332,0.0
PSE,2021,7,98277,0.0
PAC,2023,4,98938,0.0
CNG,2022,8,98220,0.0
Avista,2022,11,99131,0.0
PSE,2024,9,98311,0.0
PSE,2024,2,98121,0.0
CNG,2023,4,98271,0.0
PSE,2023,3,98104,0.0
PSE,2022,3,98337,0.0
PSE,2020,11,98019,0.0
PSE,2025,6,98001,0.0
CNG,2020,5,98932,0.0
PSE,2021,6,98146,0.0
NWN,2022,3,98606,0.0
PSE,2025,1,98290,0.0
PSE,2025,11,98043,0.0
PSE,2022,10,98272,0.0
NWN,2024,4,98671,0.0
PSE,2021,10,98203,0.0
Avista,2025,2,99164,0.0
PSE,2025,9,98055,0.0
CNG,2021,4,98311,0.0
Avista,2020,5,99206,0.0
NWN,2020,11,98626,0.0
Avista,2025,6,99122,0.0
PSE,2024,1,98116,0.0
PSE,2024,3,98198,0.0
PSE,2023,4,98273,0.0
PSE,2023,10,98506,0.0
PSE,2025,2,98117,0.0
NWN,2025,6,98642,0.0
PSE,2022,8,98012,0.0
PSE,2022,5,98498,0.0
Avista,2022,11,98857,0.0
NWN,2023,10,98605,0.0
CNG,2020,12,98541,0.0
CNG,2024,2,98337,0.0
PAC,2020,5,98923,0.0
Avista,2023,9,99174,0.0
Avista,2020,5,99004,0.0
Avista,2020,4,99160,0.0
PSE,2020,11,98040,0.0
Avista,2024,2,99159,0.0
PSE,2024,2,98531,0.0
CNG,2022,11,98310,0.0
Avista,2025,5,99114,0.0
PSE,2022,5,98274,0.0
PSE,2023,12,98266,0.0
NWN,2022,9,98601,0.0
PSE,2024,4,98188,0.0
NWN,2025,5,98668,0.0
PSE,2023,10,98283,0.0
Avista,2023,1,99114,0.0
NWN,2022,2,98665,0.0
NWN,2021,5,98127,0.0
PSE,2020,12,98513,0.0
Avista,2021,3,99034,0.0
Avista,2021,9,99109,0.0
CNG,2023,12,98903,0.0
PSE,2025,4,98445,0.0
PSE,2025,8,98122,0.0
PSE,2022,8,98007,0.0
PSE,2024,5,98501,0.0
PAC,2022,12,98953,0.0
CNG,2024,6,98903,0.0
CNG,2022,2,98284,0.0
Avista,2020,3,99169,0.0
Avista,2024,6,99169,0.0
PAC,2021,10,98930,0.0
Avista,2025,12,99109,0.0
PSE,2025,9,98224,0.0
PSE,2022,1,98059,0.0
CNG,2020,8,98284,0.0
NWN,2025,3,98617,0.0
PSE,2020,11,98260,0.0
Avista,2021,6,99164,0.0
PSE,2021,6,98029,0.0
Avista,2024,1,99371,0.0
PAC,2020,9,98944,0.0
PSE,2025,8,98027,0.0
CNG,2025,4,98951,0.0
Avista,2024,5,99109,0.0
PSE,2022,4,98439,0.0
NWN,2021,10,98208,0.0
Avista,2022,10,99216,0.0
PSE,2020,12,98422,0.0
CNG,2021,7,98902,0.0
PSE,2020,12,98466,0.0
PAC,2024,12,98951,0.0
PSE,2021,2,98499,0.0
Avista,2025,3,99216,0.0
CNG,2024,8,98948,0.0
PSE,2023,7,98037,0.0
Avista,2022,4,99037,0.0
PAC,2022,3,98937,0.0
NWN,2023,10,98685,0.0
PSE,2023,1,98199,0.0
NWN,2025,12,98663,0.0
Avista,2025,3,99021,0.0
PSE,2020,5,98117,0.0
PSE,2021,6,98255,0.0
PSE,2023,7,98466,0.0
CNG,2022,8,98942,0.0
PSE,2024,9,98051,0.0
PSE,2024,3,98391,0.0
PSE,2022,10,98225,0.0
Avista,2024,11,99208,0.0
PSE,2025,7,98380,0.0
PSE,2020,9,98006,0.0
Avista,2021,4,99161,0.0
Avista,2022,3,99151,0.0
NWN,2022,5,98664,0.0
CNG,2023,11,98225,0.0
PSE,2020,11,98119,0.0
Avista,2021,6,99014,0.0
CNG,2023,7,98370,0.0
Avista,2023,12,99004,0.0
NWN,2022,11,97388,0.0
PSE,2024,12,98053,0.0
Avista,2020,12,99224,0.0
PSE,2022,11,98001,0.0
Avista,2022,4,99022,0.0
Avista,2025,8,99008,0.0
NWN,2020,4,98612,0.0
PSE,2021,9,98502,0.0
PSE,2020,9,98126,0.0
PSE,2025,3,98019,0.0
PSE,2022,6,98503,0.0
NWN,2025,4,98674,0.0
Avista,2020,7,99103,0.0
PSE,2023,5,98070,0.0
PSE,2025,11,98102,0.0
PSE,2022,12,98332,0.0
NWN,2021,5,98682,0.0
CNG,2025,12,98244,0.0
CNG,2023,12,99352,0.0
PSE,2024,4,98006,0.0
NWN,2025,11,98668,0.0
PSE,2020,11,98498,0.0
Avista,2020,5,99185,0.0
CNG,2025,3,98611,0.0
PSE,2025,4,98104,0.0
PAC,2020,6,98947,0.0
PSE,2025,8,98040,0.0
Avista,2020,3,99156,0.0
CNG,2023,4,98240,0.0
Avista,2024,6,99131,0.0
PSE,2022,2,98092,0.0
PSE,2024,8,98002,0.0
PSE,2021,4,98406,0.0
PSE,2024,1,98257,0.0
PAC,2023,6,98939,0.0
Avista,2020,5,99036,0.0
Avista,2024,12,99107,0.0
PSE,2021,4,98226,0.0
PSE,2023,3,98360,0.0
Avista,2023,5,99220,0.0
PSE,2020,9,98043,0.0
PAC,2022,9,98942,0.0
CNG,2022,12,99362,0.0
PSE,2023,8,98498,0.0
CNG,2021,10,98314,0.0
PSE,2021,1,98371,0.0
PSE,2025,5,98040,0.0
PAC,2021,11,98937,0.0
Avista,2022,4,99020,0.0
PSE,2021,12,98503,0.0
PSE,2025,9,98042,0.0
CNG,2024,8,98366,0.0
PSE,2023,8,98359,0.0
NWN,2023,10,98666,0.0
Avista,2020,5,98620,0.0
PSE,2023,8,98311,0.0
Avista,2022,5,99012,0.0
PSE,2020,3,98466,0.0
PSE,2022,1,98342,0.0
Avista,2021,11,99167,0.0
Avista,2021,10,99101,0.0
PAC,2023,11,98933,0.0
NWN,2024,5,97388,0.0
CNG,2023,9,98295,0.0
PSE,2023,5,98321,0.0
PSE,2024,9,98155,0.0
CNG,2021,10,99354,0.0
PSE,2021,5,98444,0.0
PSE,2025,7,98366,0.0
Avista,2023,10,99203,0.0
PSE,2021,1,98387,0.0
Avista,2024,9,99159,0.0
NWN,2025,10,98675,0.0
CNG,2025,3,98951,0.0
PSE,2022,11,98047,0.0
PSE,2023,8,98439,0.0
PSE,2023,7,98102,0.0
NWN,2023,9,98648,0.0
CNG,2023,12,99353,0.0
Avista,2021,5,99130,0.0
CNG,2023,5,98848,0.0
Avista,2023,6,99137,0.0
CNG,2024,10,98284,0.0
PSE,2021,6,98059,0.0
Avista,2024,5,99111,0.0
NWN,2021,2,98684,0.0
NWN,2023,2,98682,0.0
PSE,2020,5,98119,0.0
PSE,2023,12,98109,0.0
PSE,2022,5,98101,0.0
Avista,2021,8,98648,0.0
PSE,2022,5,98059,0.0
Avista,2023,9,99025,0.0
PSE,2021,12,98188,0.0
Avista,2023,9,99205,0.0
PSE,2022,5,98422,0.0
Avista,2023,2,99003,0.0
PSE,2023,3,98029,0.0
PAC,2022,6,98935,0.0
CNG,2020,7,98345,0.0
Avista,2023,9,99151,0.0
PSE,2022,9,98051,0.0
Avista,2021,12,99037,0.0
PSE,2021,2,98270,0.0
PAC,2023,12,98942,0.0
PSE,2023,5,98370,0.0
PSE,2021,6,98390,0.0
PSE,2020,3,98029,0.0
PSE,2022,3,98166,0.0
PSE,2021,8,98065,0.0
NWN,2020,7,98663,0.0
PSE,2025,6,98024,0.0
PSE,2025,12,98230,0.0
PSE,2025,5,98125,0.0
PSE,2020,5,98390,0.0
PSE,2020,8,98373,0.0
PSE,2020,7,98260,0.0
CNG,2023,1,98292,0.0
PSE,2023,5,98346,0.0
CNG,2021,3,98225,0.0
Avista,2022,7,99218,0.0
PSE,2020,5,98116,0.0
Avista,2020,6,99107,0.0
NWN,2020,7,98629,0.0
PSE,2020,5,98029,0.0
PSE,2023,7,98010,0.0
PSE,2023,3,98203,0.0
CNG,2021,5,98264,0.0
Avista,2021,9,99103,0.0
PSE,2021,3,98422,0.0
PSE,2020,3,98051,0.0
CNG,2021,9,98563,0.0
Avista,2025,7,99102,0.0
Avista,2021,11,99181,0.0
CNG,2023,5,99337,0.0
CNG,2024,8,98848,0.0
PSE,2023,11,98516,0.0
CNG,2022,5,99323,0.0
NWN,2025,4,98671,0.0
PSE,2024,4,98092,0.0
CNG,2024,11,98257,0.0
Avista,2025,4,99163,0.0
PSE,2024,6,98012,0.0
PSE,2023,4,98040,0.0
Avista,2025,8,99117,0.0
CNG,2022,6,98271,0.0
NWN,2025,11,98639,0.0
Avista,2023,12,99022,0.0
Avista,2023,1,99126,0.0
CNG,2022,8,98221,0.0
CNG,2020,4,98903,0.0
Avista,2025,2,99176,0.0
PSE,2022,7,98359,0.0
PSE,2021,6,98036,0.0
PSE,2023,4,98198,0.0
Avista,2025,6,99103,0.0
Avista,2023,12,99223,0.0
PSE,2025,5,98277,0.0
CNG,2021,4,98936,0.0
CNG,2022,10,98930,0.0
CNG,2021,7,99354,0.0
Avista,2020,3,99031,0.0
PSE,2025,6,98033,0.0
PSE,2022,10,98022,0.0
NWN,2025,5,98635,0.0
PSE,2022,2,98055,0.0
PSE,2024,3,98266,0.0
CNG,2024,1,98232,0.0
PSE,2021,5,98116,0.0
CNG,2025,10,99362,0.0
CNG,2024,9,98383,0.0
CNG,2021,4,98233,0.0
NWN,2021,3,98127,0.0
Avista,2021,2,99126,0.0
PAC,2021,3,98930,0.0
PSE,2022,4,98104,0.0
CNG,2023,4,98524,0.0
PSE,2021,3,98021,0.0
Avista,2024,2,99341,0.0
CNG,2024,6,99301,0.0
Avista,2020,12,99260,0.0
NWN,2023,5,98672,0.0
PSE,2025,10,98239,0.0
PSE,2025,11,98387,0.0
NWN,2022,4,98026,0.0
CNG,2025,8,98932,0.0
PSE,2021,6,98283,0.0
PSE,2023,5,98225,0.0
Avista,2021,2,99204,0.0
PAC,2021,12,98952,0.0
Avista,2023,4,99016,0.0
PSE,2022,2,98056,0.0
PSE,2025,11,98087,0.0
PSE,2024,2,98408,0.0
PSE,2022,7,98271,0.0
Avista,2023,12,99036,0.0
PSE,2025,2,98233,0.0
PSE,2022,5,98446,0.0
CNG,2021,10,98240,0.0
Avista,2022,3,99203,0.0
PSE,2022,9,98121,0.0
Avista,2021,8,99114,0.0
Avista,2023,6,99019,0.0
Avista,2022,11,99157,0.0
CNG,2020,6,98295,0.0
PSE,2025,8,98117,0.0
Avista,2024,1,99101,0.0
Avista,2021,1,99220,0.0
NWN,2021,7,98026,0.0
Avista,2023,1,99402,0.0
PSE,2020,9,98226,0.0
CNG,2021,7,98314,0.0
Avista,2021,10,99039,0.0
PSE,2020,4,98258,0.0
CNG,2021,2,98802,0.0
PSE,2021,9,98070,0.0
NWN,2021,9,98662,0.0
CNG,2025,11,98248,0.0
NWN,2025,9,98660,0.0
CNG,2021,11,98310,0.0
NWN,2025,2,98127,0.0
NWN,2023,10,98682,0.0
NWN,2022,7,98663,0.0
PAC,2022,7,98937,0.0
Avista,2023,1,99216,0.0
CNG,2025,5,98541,0.0
CNG,2020,11,98948,0.0
PAC,2024,1,99362,0.0
PSE,2025,2,98008,0.0
CNG,2023,8,98277,0.0
CNG,2022,11,99362,0.0
PSE,2025,6,98019,0.0
PSE,2024,2,98148,0.0
PSE,2021,6,98408,0.0
PSE,2025,12,98445,0.0
PSE,2021,5,98008,0.0
PSE,2020,7,98466,0.0
Avista,2023,8,99179,0.0
PSE,2024,8,98027,0.0
PSE,2025,8,98034,0.0
PSE,2022,10,98010,0.0
Avista,2024,2,99029,0.0
PAC,2022,8,98932,0.0
PSE,2022,8,98321,0.0
CNG,2025,4,98284,0.0
PSE,2023,2,98337,0.0
PSE,2022,11,98372,0.0
PSE,2022,1,98335,0.0
PSE,2021,4,98022,0.0
NWN,2023,7,98660,0.0
NWN,2024,7,98607,-7.89
PSE,2024,11,98273,0.0
Avista,2023,9,99159,0.0
Avista,2022,10,99009,0.0
Avista,2020,7,99122,0.0
CNG,2025,1,98345,0.0
Avista,2023,4,99026,0.0
Avista,2024,4,99129,0.0
PSE,2023,2,98346,0.0
Avista,2021,1,99131,0.0
PSE,2022,8,98112,0.0
Avista,2023,9,99137,0.0
PSE,2020,8,98026,0.0
Avista,2021,1,99143,0.0
PAC,2021,2,98952,0.0
PSE,2022,7,98148,0.0
PSE,2024,2,98057,0.0
PSE,2024,4,98112,0.0
PSE,2021,11,98284,0.0
PSE,2025,8,98402,0.0
CNG,2025,9,98276,0.0
PAC,2023,6,99363,0.0
PSE,2024,2,98008,0.0
NWN,2023,5,98607,0.0
PSE,2021,2,98255,0.0
CNG,2022,5,98584,0.0
NWN,2024,11,97301,0.0
Avista,2024,12,99013,0.0
PSE,2021,12,98103,0.0
PSE,2024,6,98338,0.0
Avista,2020,9,99344,0.0
PSE,2022,1,98004,0.0
PSE,2020,6,98112,0.0
PSE,2022,9,98008,0.0
NWN,2022,8,98635,0.0
CNG,2020,4,98948,0.0
PAC,2022,5,99362,0.0
Avista,2024,5,99040,0.0
Avista,2022,4,99033,0.0
PSE,2022,11,98466,0.0
Avista,2025,2,99344,0.0
PSE,2020,12,98051,0.0
Avista,2024,9,99151,0.0
NWN,2020,9,98026,0.0
PSE,2024,9,98225,0.0
PSE,2025,3,98125,0.0
NWN,2020,10,98663,0.0
Avista,2021,2,99144,0.0
PAC,2020,3,99347,176.0
CNG,2025,6,98223,0.0
CNG,2020,6,98257,0.0
Avista,2022,12,99143,0.0
CNG,2021,7,98264,0.0
PSE,2024,2,98258,0.0
PSE,2021,1,98177,0.0
NWN,2024,6,98026,0.0
Avista,2021,10,99344,0.0
PSE,2020,5,98589,0.0
Avista,2025,5,99025,0.0
CNG,2024,2,99337,0.0
PSE,2022,3,98371,0.0
PAC,2022,8,99329,0.0
CNG,2022,7,98944,0.0
PAC,2023,8,98942,0.0
PSE,2022,1,98387,0.0
NWN,2020,8,98663,0.0
NWN,2020,3,98127,0.0
PSE,2021,3,98038,0.0
NWN,2022,6,98604,0.0
PAC,2024,10,98933,0.0
Avista,2025,2,99173,0.0
PSE,2020,3,98116,0.0
PSE,2021,4,98388,0.0
PSE,2025,5,98513,0.0
CNG,2021,11,99301,0.0
CNG,2022,11,98226,0.0
PSE,2021,3,98221,0.0
NWN,2020,10,98606,0.0
CNG,2023,3,99301,0.0
PSE,2020,8,98112,0.0
Avista,2024,6,99034,0.0
PSE,2023,7,98926,0.0
CNG,2023,7,98274,0.0
NWN,2025,7,98683,0.0
Avista,2023,1,99341,0.0
PSE,2022,2,98346,0.0
PSE,2025,9,98445,0.0
Avista,2023,3,99141,0.0
CNG,2023,9,99354,0.0
Avista,2021,5,99111,0.0
CNG,2023,11,98802,0.0
PSE,2024,11,98444,0.0
PSE,2023,10,98383,0.0
PSE,2022,7,98087,0.0
PSE,2022,8,98032,0.0
PSE,2021,5,98208,0.0
PSE,2025,1,98926,0.0
PSE,2023,5,98232,0.0
PSE,2021,11,98342,0.0
CNG,2023,12,98233,0.0
Avista,2024,1,99103,0.0
NWN,2023,3,98642,0.0
NWN,2020,6,98607,0.0
PSE,2021,10,98290,0.0
CNG,2024,12,99324,0.0
PSE,2020,10,98360,0.0
PSE,2023,12,98037,0.0
PAC,2020,3,99348,41.0
Avista,2022,12,99216,0.0
PSE,2020,5,98133,0.0
CNG,2022,3,98247,0.0
Avista,2021,2,99169,0.0
PSE,2023,7,98031,0.0
Avista,2021,12,99011,0.0
PSE,2021,12,98122,0.0
CNG,2020,9,99337,0.0
CNG,2020,10,99344,0.0
NWN,2025,11,98601,0.0
PSE,2021,3,98277,0.0
Avista,2023,3,99021,0.0
CNG,2022,5,98282,0.0
CNG,2024,9,98295,0.0
PSE,2025,1,98036,0.0
PSE,2022,2,98146,0.0
CNG,2025,7,98908,0.0
CNG,2022,8,98932,0.0
PAC,2023,8,98930,0.0
CNG,2022,10,98226,0.0
PSE,2022,6,98059,0.0
CNG,2023,8,98274,0.0
Avista,2024,10,99156,0.0
CNG,2022,8,98951,0.0
PSE,2021,2,98104,0.0
PAC,2024,12,99361,0.0
PSE,2025,2,98155,0.0
NWN,2021,7,98648,0.0
PSE,2023,3,98106,0.0
PAC,2022,10,98952,0.0
PSE,2025,6,98255,0.0
CNG,2022,4,98632,0.0
PSE,2024,11,98012,0.0
CNG,2025,5,98948,0.0
CNG,2021,7,98311,0.0
NWN,2024,4,98684,0.0
PSE,2022,8,98021,0.0
PSE,2020,5,98042,0.0
Avista,2024,12,99164,0.0
PSE,2020,8,98198,0.0
PSE,2021,4,98255,0.0
PSE,2022,2,98277,0.0
CNG,2020,2,98837,0.0
CNG,2022,12,98292,0.0
Avista,2023,1,99170,0.0
PSE,2023,1,98257,0.0
PSE,2023,2,98047,0.0
CNG,2024,3,99324,0.0
PAC,2020,12,99363,0.0
PSE,2021,3,98262,0.0
Avista,2025,3,99220,0.0
PSE,2023,9,98283,0.0
PSE,2025,11,98283,0.0
Avista,2025,4,99371,0.0
Avista,2025,6,99005,0.0
PSE,2024,11,98274,0.0
CNG,2021,4,98247,0.0
PSE,2020,8,98126,0.0
PSE,2025,10,98338,0.0
Avista,2025,3,99031,0.0
PAC,2023,10,99361,0.0
PSE,2022,7,98516,0.0
PSE,2025,3,98199,0.0
PSE,2020,9,98283,0.0
PSE,2022,8,98105,0.0
CNG,2024,2,98626,0.0
PSE,2021,2,98116,0.0
NWN,2020,5,98119,0.0
PSE,2020,10,98258,0.0
PSE,2021,10,98043,0.0
CNG,2021,6,98276,0.0
Avista,2022,11,98620,0.0
PAC,2022,10,99348,0.0
PSE,2020,3,98058,0.0
Avista,2022,11,99146,0.0
PSE,2025,11,98221,0.0
Avista,2025,11,99107,0.0
Avista,2022,11,99181,0.0
NWN,2022,10,98660,0.0
PSE,2024,9,98506,0.0
CNG,2024,9,98837,0.0
Avista,2020,10,99326,0.0
PSE,2022,10,98042,0.0
Avista,2025,3,99185,0.0
CNG,2020,4,98312,0.0
PSE,2023,9,98321,0.0
PSE,2025,11,98105,0.0
PSE,2024,11,98405,0.0
PSE,2021,11,98367,0.0
Avista,2021,8,99149,0.0
NWN,2021,2,98639,0.0
Avista,2024,6,99181,0.0
PSE,2023,1,98392,0.0
NWN,2025,1,98617,0.0
PSE,2020,8,98371,0.0
Avista,2025,4,99344,0.0
Avista,2024,8,99220,0.0
Avista,2020,9,99156,0.0
Avista,2022,5,99167,0.0
PSE,2025,11,98270,0.0
CNG,2025,5,99323,0.0
CNG,2023,2,98626,0.0
PSE,2025,6,98168,0.0
CNG,2021,4,98557,0.0
PSE,2024,4,98051,0.0
Avista,2025,9,99122,0.0
PSE,2021,5,98026,0.0
Avista,2020,6,99176,0.0
CNG,2024,8,98557,0.0
NWN,2025,5,98662,0.0
CNG,2024,12,99336,0.0
PSE,2021,1,98133,0.0
NWN,2022,12,98660,0.0
CNG,2024,3,98244,0.0
CNG,2024,2,98310,0.0
CNG,2022,11,98953,0.0
CNG,2020,5,98908,0.0
Avista,2021,6,99039,0.0
PSE,2023,6,98208,0.0
CNG,2022,2,98232,0.0
PSE,2024,7,98274,0.0
Avista,2024,4,99126,0.0
PAC,2022,7,99361,0.0
NWN,2025,4,98639,0.0
PSE,2020,7,98033,0.0
Avista,2022,2,99204,0.0
Avista,2020,4,99036,0.0
CNG,2021,8,98345,0.0
PSE,2022,3,98388,0.0
Avista,2025,9,99128,0.0
CNG,2024,7,98226,0.0
CNG,2023,7,98345,0.0
Avista,2020,8,99101,0.0
PSE,2021,9,98283,0.0
CNG,2022,11,99353,0.0
PSE,2023,5,98029,0.0
CNG,2021,10,98295,0.0
CNG,2022,2,99337,0.0
PAC,2020,6,98948,0.0
PSE,2024,12,98941,0.0
Avista,2025,6,99206,0.0
Avista,2020,5,99011,0.0
PAC,2022,6,98953,0.0
PSE,2025,4,98512,0.0
Avista,2023,8,99223,0.0
CNG,2025,6,98248,0.0
NWN,2025,12,98629,0.0
PAC,2021,7,98939,0.0
NWN,2021,7,97031,0.0
CNG,2025,8,98930,0.0
PSE,2025,3,98390,0.0
PSE,2022,6,98360,0.0
CNG,2024,6,98848,0.0
Avista,2024,7,99217,0.0
PSE,2023,11,98373,0.0
CNG,2025,11,98223,0.0
PSE,2025,1,98466,0.0
PAC,2021,7,98936,0.0
Avista,2022,12,99014,0.0
PSE,2021,10,98087,0.0
PAC,2021,10,98953,0.0
PSE,2022,4,98102,0.0
NWN,2022,1,98686,0.0
Avista,2024,12,99138,0.0
CNG,2021,10,99301,0.0
PAC,2020,10,98920,0.0
Avista,2022,6,99011,0.0
PSE,2021,8,98370,0.0
PSE,2022,1,98260,0.0
NWN,2025,1,98675,0.0
PSE,2022,3,98466,0.0
NWN,2021,4,98683,0.0
PSE,2023,12,98409,0.0
PSE,2021,3,98312,0.0
PAC,2023,11,98942,0.0
PAC,2022,4,98948,0.0
NWN,2023,6,98629,0.0
PSE,2024,1,98105,0.0
CNG,2021,4,99353,0.0
PSE,2020,5,98166,0.0
Avista,2024,6,99027,0.0
CNG,2022,7,98802,0.0
Avista,2024,9,99012,0.0
NWN,2023,4,97031,0.0
Avista,2025,12,99110,0.0
Avista,2023,4,99203,0.0
NWN,2024,1,98208,0.0
PAC,2021,9,99348,0.0
PSE,2023,2,98387,0.0
PSE,2020,7,98155,0.0
Avista,2022,8,99020,0.0
CNG,2024,6,98257,0.0
PSE,2025,5,98072,0.0
PSE,2022,9,98404,0.0
PAC,2023,1,98908,0.0
Avista,2022,6,99013,0.0
PSE,2022,7,98040,0.0
PSE,2020,11,98444,0.0
PSE,2022,8,98404,0.0
PSE,2020,9,98059,0.0
PAC,2024,7,98953,0.0
CNG,2022,1,98541,0.0
CNG,2024,1,98282,0.0
CNG,2021,9,98220,0.0
PSE,2023,2,98043,0.0
Avista,2021,11,99114,0.0
CNG,2020,2,98801,0.0
PSE,2020,6,98007,0.0
Avista,2020,4,99039,0.0
CNG,2021,7,99301,0.0
NWN,2022,4,98668,0.0
PSE,2025,7,98031,0.0
Avista,2021,5,99027,0.0
PSE,2022,6,98201,0.0
PSE,2021,6,98201,0.0
Avista,2020,10,99159,0.0
PSE,2023,3,98284,0.0
PSE,2024,4,98390,0.0
PSE,2020,5,98005,0.0
Avista,2023,7,99036,0.0
PSE,2022,10,98065,0.0
Avista,2023,11,99260,0.0
PSE,2024,4,98012,0.0
Avista,2021,2,99158,0.0
PSE,2022,5,98004,0.0
Avista,2024,8,99176,0.0
Avista,2020,9,99174,0.0
CNG,2025,1,98626,0.0
NWN,2025,2,98684,0.0
PSE,2023,11,98380,0.0
PSE,2021,3,98028,0.0
CNG,2025,11,98240,0.0
PAC,2020,11,98944,0.0
Avista,2024,1,99138,0.0
Avista,2022,2,99341,0.0
PSE,2024,9,98144,0.0
Avista,2020,9,99114,0.0
Avista,2024,12,99040,0.0
NWN,2021,4,98864,0.0
PSE,2021,8,98032,0.0
PSE,2023,2,98118,0.0
Avista,2020,9,99149,0.0
NWN,2024,1,98671,0.0
PSE,2024,1,98199,0.0
CNG,2024,11,98908,0.0
CNG,2020,9,98225,0.0
Avista,2024,4,99137,0.0
CNG,2024,10,98292,0.0
Avista,2021,12,99130,0.0
PAC,2024,1,98921,0.0
PSE,2023,1,98112,0.0
Avista,2024,5,99023,0.0
NWN,2023,8,98661,0.0
PSE,2021,7,98922,0.0
CNG,2023,10,98284,0.0
PSE,2025,2,98498,0.0
CNG,2022,6,98557,0.0
Avista,2021,1,99033,0.0
PSE,2025,6,98011,0.0
NWN,2021,6,97388,0.0
PSE,2025,10,98104,0.0
CNG,2025,1,98264,0.0
PSE,2022,3,98374,0.0
PSE,2024,8,98110,0.0
PSE,2023,5,98244,0.0
PSE,2020,3,98105,0.0
PSE,2024,7,98503,0.0
NWN,2023,10,98026,0.0
PSE,2024,5,98337,0.0
CNG,2025,6,98292,0.0
PSE,2024,9,98366,0.0
Avista,2021,6,99224,0.0
Avista,2021,7,99023,0.0
PSE,2020,9,98118,0.0
NWN,2021,5,98665,0.0
PSE,2025,3,98359,0.0
Avista,2022,3,99260,0.0
Avista,2023,10,99031,0.0
CNG,2022,1,98264,0.0
Avista,2020,8,99179,0.0
PAC,2023,9,99324,0.0
PAC,2022,11,99328,0.0
PSE,2024,3,98177,0.0
PAC,2025,10,98938,3.46
CNG,2024,5,99354,0.0
Avista,2024,7,99228,0.0
PSE,2025,10,98405,0.0
Avista,2021,4,99137,0.0
Avista,2024,11,99204,0.0
PSE,2024,10,98277,0.0
Avista,2022,2,99144,0.0
Avista,2025,9,99032,0.0
PSE,2022,2,98007,0.0
CNG,2021,6,98277,0.0
CNG,2025,3,98273,0.0
Avista,2025,12,99146,0.0
PSE,2024,3,98057,0.0
Avista,2023,3,99128,0.0
PSE,2024,6,98370,0.0
Avista,2025,9,99174,0.0
CNG,2022,12,98951,0.0
PSE,2025,3,98007,0.0
PAC,2020,4,98938,0.0
NWN,2023,6,98601,0.0
CNG,2022,8,98366,0.0
PSE,2020,12,98033,0.0
PSE,2022,1,98383,0.0
NWN,2024,11,98661,0.0
Avista,2025,10,99129,0.0
PSE,2025,12,98405,0.0
Avista,2021,5,99019,0.0
PAC,2020,1,98944,1832.0
CNG,2023,1,99336,0.0
Avista,2025,7,99138,0.0
PSE,2024,6,98311,0.0
NWN,2023,4,98617,0.0
Avista,2023,3,99163,0.0
Avista,2023,5,99219,0.0
PSE,2025,5,98342,0.0
PSE,2023,5,98375,0.0
CNG,2020,12,99350,0.0
CNG,2025,6,98264,0.0
CNG,2025,2,98370,0.0
Avista,2021,3,99208,0.0
PSE,2025,6,98037,0.0
NWN,2023,6,98620,0.0
CNG,2023,6,98232,0.0
PSE,2025,7,98275,0.0
PSE,2021,9,98273,0.0
Avista,2023,10,99158,0.0
NWN,2020,3,98685,2.69
PSE,2024,12,98380,0.0
NWN,2023,11,98661,0.0
PSE,2020,6,98327,0.0
Avista,2022,7,99111,0.0
PAC,2023,11,98939,0.0
CNG,2021,11,98273,0.0
PSE,2024,4,98043,0.0
PAC,2023,3,98939,0.0
Avista,2023,8,99208,0.0
PSE,2024,10,98338,0.0
PSE,2025,4,98311,0.0
PSE,2021,12,98221,0.0
CNG,2020,7,99301,0.0
Avista,2024,5,99036,0.0
CNG,2024,10,98232,0.0
Avista,2020,8,98648,0.0
PSE,2025,8,98342,0.0
CNG,2021,9,98948,0.0
PSE,2025,3,98926,0.0
PAC,2022,9,99361,0.0
CNG,2021,9,98292,0.0
Avista,2021,12,99006,0.0
PSE,2021,2,98248,0.0
Avista,2025,9,99033,0.0
Avista,2024,4,99009,0.0
PSE,2020,6,98065,0.0
PSE,2021,2,98237,0.0
PSE,2023,9,98275,0.0
PSE,2023,6,98178,0.0
PSE,2025,1,98390,0.0
PSE,2023,6,98112,0.0
Avista,2022,12,99137,0.0
PAC,2023,3,98938,0.0
PAC,2021,7,98932,0.0
PAC,2021,7,98937,0.0
PSE,2024,10,98104,0.0
CNG,2023,9,98944,0.0
CNG,2022,4,98284,0.0
PSE,2021,6,98045,0.0
CNG,2020,10,98528,0.0
PSE,2024,9,98372,0.0
PAC,2021,6,99360,0.0
Avista,2025,7,99013,0.0
PSE,2022,8,98371,0.0
Avista,2021,4,99204,0.0
PSE,2021,9,98506,0.0
CNG,2025,2,98908,0.0
NWN,2024,11,98626,0.0
Avista,2024,4,99039,0.0
PAC,2022,7,99350,0.0
PSE,2020,7,98422,0.0
NWN,2020,5,98674,0.0
PSE,2021,1,98103,0.0
PSE,2021,6,98004,0.0
PSE,2020,3,98045,0.0
Avista,2025,1,99020,0.0
CNG,2021,2,98247,0.0
CNG,2023,12,98345,0.0
Avista,2023,4,99013,0.0
Avista,2025,7,99006,0.0
PSE,2024,10,98248,0.0
PSE,2023,10,98118,0.0
CNG,2021,1,98611,0.0
Avista,2022,7,99109,0.0
PSE,2022,7,98375,0.0
Avista,2024,10,99344,0.0
Avista,2020,9,99402,0.0
Avista,2023,4,99029,0.0
NWN,2023,4,98620,0.0
PSE,2022,9,98332,0.0
CNG,2024,11,98848,0.0
CNG,2024,4,99301,0.0
CNG,2020,5,98247,0.0
CNG,2021,5,99353,0.0
CNG,2023,8,98345,0.0
PSE,2023,9,98168,0.0
PAC,2022,10,98923,0.0
PSE,2021,7,98033,0.0
PSE,2021,3,98110,0.0
CNG,2020,5,98802,0.0
PAC,2020,7,98923,0.0
PSE,2020,12,98424,0.0
NWN,2021,12,98629,0.0
Avista,2023,3,99169,0.0
NWN,2021,3,98864,0.0
PSE,2025,4,98934,0.0
PSE,2025,7,98248,0.0
PSE,2023,7,98074,0.0
PSE,2021,5,98034,0.0
CNG,2023,9,98367,0.0
Avista,2023,2,99219,0.0
Avista,2024,8,98620,0.0
Avista,2025,3,99146,0.0
CNG,2020,2,98951,0.0
Avista,2023,6,99206,0.0
PAC,2025,6,99362,48.87
PSE,2022,9,98310,0.0
Avista,2021,3,99220,0.0
NWN,2024,4,98664,0.0
PSE,2025,7,98121,0.0
PSE,2021,5,98244,0.0
Avista,2020,8,99131,0.0
PSE,2025,9,98409,0.0
CNG,2023,7,98240,0.0
CNG,2025,6,98367,0.0
NWN,2022,2,98307,0.0
Avista,2022,12,99202,0.0
PAC,2021,4,98923,0.0
Avista,2020,4,99205,0.0
Avista,2024,12,99036,0.0
Avista,2022,4,99148,0.0
CNG,2024,6,98273,0.0
Avista,2023,4,99022,0.0
PAC,2020,11,99362,0.0
PSE,2025,8,98019,0.0
PSE,2023,12,98007,0.0
Avista,2021,3,99212,0.0
PSE,2020,5,98070,0.0
Avista,2020,7,99174,0.0
Avista,2025,12,99157,0.0
CNG,2022,4,98244,0.0
PSE,2024,5,98024,0.0
Avista,2023,7,99014,0.0
Avista,2025,1,99228,0.0
CNG,2024,8,98273,0.0
Avista,2025,11,99174,0.0
Avista,2021,9,99156,0.0
Avista,2023,3,99228,0.0
NWN,2024,3,98208,0.0
PSE,2023,5,98122,0.0
NWN,2025,8,98127,0.0
Avista,2024,10,99114,0.0
PSE,2024,12,98106,0.0
CNG,2021,2,98271,0.0
PSE,2025,3,98119,0.0
Avista,2022,3,99158,0.0
CNG,2022,4,98584,0.0
CNG,2024,8,98903,0.0
CNG,2023,12,98337,0.0
PSE,2021,7,98108,0.0
CNG,2020,9,98277,0.0
CNG,2023,12,98930,0.0
PSE,2021,7,98021,0.0
Avista,2024,4,99158,0.0
PSE,2021,2,98040,0.0
Avista,2023,1,99039,0.0
PSE,2020,6,98034,0.0
NWN,2020,9,98666,0.0
PSE,2023,6,98275,0.0
PSE,2021,12,98498,0.0
CNG,2023,6,99324,0.0
PSE,2021,9,98019,0.0
Avista,2021,2,99021,0.0
CNG,2022,9,98942,0.0
NWN,2021,3,97388,0.0
PSE,2023,8,98204,0.0
PSE,2025,3,98087,0.0
PSE,2024,1,98502,0.0
Avista,2020,11,99170,0.0
PAC,2024,3,99348,0.0
PAC,2020,3,99328,1.0
PSE,2022,11,98290,0.0
CNG,2021,4,98942,0.0
NWN,2020,12,98648,0.0
PAC,2024,12,98923,0.0
Avista,2020,4,99023,0.0
PSE,2024,5,98273,0.0
Avista,2022,9,99207,0.0
PAC,2021,11,98948,0.0
Avista,2022,6,99161,0.0
PAC,2021,1,99350,0.0
PSE,2025,8,98579,0.0
Avista,2021,10,99025,0.0
PSE,2021,9,98257,0.0
CNG,2022,8,98257,0.0
Avista,2024,11,99114,0.0
PSE,2025,12,98233,0.0
Avista,2023,3,99344,0.0
Avista,2021,10,99134,0.0
CNG,2022,1,98901,0.0
CNG,2023,3,98520,0.0
CNG,2023,9,98932,0.0
PSE,2021,2,98121,0.0
PSE,2021,1,98332,0.0
PSE,2022,11,98408,0.0
CNG,2024,11,98801,0.0
PSE,2021,11,98053,0.0
Avista,2024,11,99018,0.0
CNG,2020,11,98337,0.0
Avista,2020,7,99026,0.0
PSE,2025,7,98498,0.0
CNG,2023,7,99353,0.0
CNG,2021,10,98230,0.0
PSE,2022,12,98032,0.0
CNG,2021,4,98953,0.0
NWN,2022,8,98663,0.0
NWN,2023,6,98648,0.0
CNG,2021,5,98221,0.0
CNG,2022,9,98541,0.0
Avista,2024,6,99103,0.0
NWN,2023,8,98601,0.0
PSE,2025,4,98026,0.0
PSE,2022,5,98311,0.0
CNG,2024,5,98276,0.0
PSE,2022,8,98027,0.0
PAC,2023,9,99328,0.0
PAC,2021,6,99362,0.0
CNG,2024,1,98584,0.0
NWN,2022,12,98762,0.0
CNG,2021,2,98370,0.0
CNG,2021,9,98908,0.0
Avista,2025,8,99341,0.0
PSE,2022,12,98034,0.0
PAC,2024,2,99361,0.0
Avista,2024,10,99143,0.0
PSE,2022,12,98112,0.0
NWN,2022,1,98642,0.0
PSE,2024,3,98037,0.0
NWN,2021,7,98864,0.0
CNG,2025,7,99353,0.0
CNG,2022,12,98903,0.0
PSE,2024,1,98337,0.0
PSE,2025,1,98003,0.0
CNG,2025,5,98225,0.0
Avista,2022,12,99208,0.0
PSE,2021,2,98045,0.0
CNG,2021,4,98625,0.0
PSE,2023,12,98332,0.0
PSE,2023,5,98031,0.0
Avista,2025,4,99111,0.0
PSE,2021,6,98406,0.0
PAC,2020,1,99360,74.0
PSE,2021,8,98290,0.0
PSE,2023,2,98272,0.0
PSE,2022,1,98047,0.0
NWN,2025,1,98663,0.0
CNG,2024,11,98932,0.0
PSE,2025,3,98040,0.0
Avista,2023,6,99011,0.0
NWN,2022,8,98672,0.0
PSE,2021,6,98232,0.0
CNG,2022,2,98295,0.0
PSE,2022,12,98166,0.0
NWN,2022,1,98684,0.0
Avista,2024,7,99101,0.0
NWN,2024,11,98125,0.0
CNG,2023,1,98314,0.0
PAC,2020,11,98908,0.0
PSE,2024,12,98023,0.0
PSE,2024,3,98327,0.0
PSE,2024,2,98589,0.0
PAC,2021,9,98947,0.0
Avista,2022,4,99161,0.0
Avista,2023,7,99110,0.0
PSE,2021,7,98007,0.0
CNG,2021,8,98903,0.0
PSE,2022,10,98204,0.0
Avista,2022,3,99130,0.0
CNG,2021,3,98801,0.0
CNG,2020,5,98936,0.0
CNG,2021,8,98948,0.0
PSE,2024,1,98004,0.0
PSE,2022,9,98445,0.0
PSE,2024,2,98034,0.0
PSE,2022,11,98070,0.0
PAC,2024,11,99360,0.0
CNG,2022,12,98953,0.0
Avista,2023,2,99185,0.0
Avista,2020,3,99137,0.0
CNG,2025,5,98625,0.0
PSE,2021,7,98012,0.0
PSE,2024,2,98225,0.0
Avista,2025,1,99023,0.0
Avista,2025,10,99223,0.0
CNG,2021,1,99338,0.0
CNG,2020,11,98233,0.0
PSE,2022,1,98237,0.0
PSE,2023,6,98332,0.0
Avista,2023,8,99148,0.0
PSE,2025,8,98310,0.0
CNG,2024,9,98274,0.0
Avista,2025,2,99335,0.0
NWN,2021,11,98626,0.0
CNG,2024,2,98901,0.0
PSE,2023,11,98375,0.0
Avista,2024,10,99169,0.0
Avista,2021,12,99022,0.0
Avista,2024,7,99146,0.0
PSE,2025,9,98262,0.0
Avista,2024,11,99171,0.0
Avista,2024,6,99341,0.0
CNG,2021,10,98229,0.0
CNG,2025,5,98271,0.0
PAC,2020,7,99350,0.0
PSE,2020,11,98576,0.0
PSE,2023,10,98516,0.0
NWN,2020,8,98127,0.0
PSE,2022,10,98388,0.0
NWN,2022,10,98642,0.0
PSE,2025,7,98201,0.0
PSE,2023,12,98057,0.0
PSE,2022,4,98466,0.0
NWN,2024,4,98660,0.0
Avista,2021,7,99117,0.0
CNG,2023,8,98524,0.0
PSE,2021,11,98239,0.0
Avista,2024,1,99025,0.0
PSE,2020,3,98310,0.0
PSE,2021,5,98125,0.0
Avista,2025,11,99014,0.0
PSE,2022,11,98087,0.0
CNG,2023,1,99350,0.0
PSE,2021,12,98272,0.0
CNG,2022,1,98244,0.0
PSE,2025,2,98108,0.0
Avista,2022,8,99036,0.0
NWN,2024,5,98674,0.0
PSE,2022,9,98424,0.0
PSE,2020,12,98596,0.0
CNG,2021,12,98948,0.0
Avista,2022,8,99005,0.0
PAC,2024,8,98951,0.0
NWN,2024,9,98671,0.0
NWN,2023,10,98606,0.0
PSE,2024,11,98383,0.0
CNG,2025,6,99337,0.0
NWN,2023,3,98607,0.0
CNG,2025,4,99336,0.0
PSE,2025,6,98271,0.0
PSE,2020,4,98042,0.0
Avista,2022,7,99171,0.0
PAC,2024,10,99350,0.0
PSE,2024,6,98030,0.0
PSE,2024,10,98237,0.0
PAC,2023,9,98921,0.0
CNG,2025,1,98337,0.0
PAC,2023,9,99329,0.0
Avista,2022,5,99125,0.0
NWN,2024,8,97301,0.0
CNG,2024,4,98367,0.0
PSE,2020,5,98065,0.0
PAC,2025,3,99347,21.63
NWN,2025,9,97301,0.0
PSE,2023,12,98596,0.0
PSE,2022,7,98168,0.0
PSE,2025,6,98087,0.0
PSE,2020,7,98056,0.0
PSE,2024,6,98332,0.0
PSE,2020,6,98405,0.0
PSE,2025,11,98380,0.0
Avista,2021,1,99185,0.0
PSE,2021,12,98203,0.0
PSE,2025,9,98007,0.0
CNG,2021,12,98367,0.0
PAC,2024,8,99362,0.0
PSE,2021,6,98418,0.0
PSE,2020,12,98404,0.0
NWN,2025,2,98119,0.0
PSE,2021,5,98503,0.0
Avista,2020,7,99009,0.0
PSE,2024,1,98255,0.0
PSE,2021,1,98346,0.0
Avista,2020,9,99020,0.0
Avista,2022,10,99228,0.0
PSE,2022,5,98074,0.0
CNG,2021,4,98295,0.0
PSE,2020,8,98056,0.0
PAC,2021,4,98930,0.0
CNG,2022,6,98292,0.0
PAC,2023,7,98939,0.0
Avista,2022,8,99220,0.0
CNG,2021,10,98626,0.0
PSE,2022,11,98244,0.0
PAC,2022,5,99360,0.0
Avista,2021,7,99143,0.0
PSE,2020,8,98224,0.0
Avista,2024,12,99031,0.0
PSE,2023,1,98022,0.0
Avista,2024,2,99020,0.0
CNG,2024,8,98247,0.0
CNG,2020,1,98312,0.0
Avista,2022,9,99138,0.0
Avista,2020,6,99012,0.0
PSE,2024,8,98033,0.0
Avista,2025,4,99208,0.0
PSE,2025,9,98033,0.0
NWN,2023,2,98026,0.0
CNG,2023,12,98837,0.0
NWN,2022,9,98119,0.0
PSE,2024,12,98047,0.0
CNG,2024,6,98292,0.0
PSE,2021,12,98029,0.0
CNG,2021,9,98936,0.0
PSE,2023,3,98204,0.0
PSE,2024,4,98102,0.0
CNG,2023,4,98848,0.0
PSE,2020,10,98273,0.0
PSE,2023,5,98513,0.0
PSE,2025,1,98275,0.0
NWN,2024,1,98684,0.0
PSE,2023,3,98255,0.0
PSE,2022,11,98003,0.0
Avista,2023,12,99203,0.0
PAC,2025,5,98951,102.44
CNG,2024,6,99350,0.0
Avista,2020,3,99203,0.0
CNG,2024,1,98240,0.0
PSE,2023,5,98335,0.0
CNG,2022,6,98232,0.0
PSE,2022,8,98045,0.0
PAC,2022,12,99350,0.0
Avista,2022,10,99012,0.0
PSE,2021,2,98047,0.0
PSE,2025,8,98033,0.0
PSE,2024,12,98224,0.0
NWN,2020,5,98685,7.96
CNG,2024,3,98563,0.0
Avista,2024,9,98648,0.0
PSE,2023,5,98074,0.0
NWN,2025,11,98682,0.0
NWN,2023,10,98620,0.0
NWN,2021,12,98663,0.0
PAC,2022,4,99323,0.0
PSE,2023,2,98224,0.0
Avista,2023,4,99335,0.0
CNG,2025,5,99362,0.0
PSE,2020,6,98284,0.0
PSE,2024,8,98028,0.0
PSE,2025,12,98239,0.0
NWN,2024,1,98125,0.0
PAC,2020,5,99362,0.0
NWN,2022,3,98610,0.0
CNG,2022,10,98370,0.0
CNG,2020,3,98584,308.11
Avista,2025,9,99151,0.0
NWN,2021,4,98762,0.0
Avista,2024,3,99130,0.0
CNG,2024,9,99338,0.0
Avista,2023,9,99009,0.0
CNG,2021,5,99301,0.0
Avista,2020,11,99335,0.0
PSE,2020,11,98310,0.0
CNG,2024,4,98292,0.0
Avista,2022,11,99164,0.0
PAC,2023,8,99360,0.0
CNG,2025,9,99301,0.0
PSE,2020,12,98024,0.0
Avista,2022,11,99173,0.0
PSE,2021,1,98239,0.0
PSE,2025,4,98059,0.0
NWN,2020,11,98762,0.0
PAC,2024,12,99328,0.0
Avista,2022,1,99013,0.0
NWN,2023,8,98612,0.0
Avista,2021,11,99131,0.0
PSE,2020,7,98125,0.0
PSE,2024,5,98467,0.0
CNG,2022,1,98345,0.0
PSE,2022,4,98260,0.0
PSE,2022,10,98390,0.0
CNG,2025,6,98310,0.0
NWN,2025,10,97031,0.0
NWN,2024,3,98605,0.0
PSE,2023,5,98327,0.0
Avista,2020,11,99005,0.0
PSE,2021,8,98335,0.0
PSE,2022,7,98346,0.0
PSE,2022,8,98926,0.0
PAC,2020,3,98942,1382.0
PSE,2020,4,98424,0.0
PSE,2022,6,98391,0.0
CNG,2021,1,98930,0.0
NWN,2020,7,98119,0.0
PSE,2020,11,98034,0.0
Avista,2021,3,99181,0.0
Avista,2022,12,99102,0.0
PSE,2025,4,98032,0.0
PSE,2021,11,98266,0.0
PSE,2022,5,98391,0.0
Avista,2023,10,99126,0.0
PSE,2020,12,98022,0.0
PSE,2020,12,98512,0.0
PAC,2024,4,98951,0.0
CNG,2020,3,98223,655.16
PSE,2022,7,98118,0.0
CNG,2022,7,98240,0.0
CNG,2021,3,98312,0.0
Avista,2020,3,99130,0.0
CNG,2023,6,98226,0.0
PSE,2021,12,98148,0.0
Avista,2024,1,99036,0.0
PAC,2021,9,99347,0.0
Avista,2023,10,99018,0.0
CNG,2022,12,98345,0.0
Avista,2021,12,99157,0.0
PSE,2022,5,98118,0.0
PSE,2023,3,98446,0.0
PSE,2020,7,98360,0.0
PSE,2024,9,98204,0.0
PAC,2020,7,99301,0.0
PSE,2020,8,98501,0.0
PSE,2025,9,98103,0.0
CNG,2023,9,98311,0.0
PSE,2023,12,98148,0.0
PAC,2022,9,98930,0.0
Avista,2022,3,99026,0.0
PSE,2023,7,98027,0.0
PAC,2023,2,99329,0.0
CNG,2023,1,98383,0.0
PSE,2021,8,98579,0.0
Avista,2025,12,99403,0.0
CNG,2024,8,98632,0.0
CNG,2021,1,98244,0.0
CNG,2024,4,98383,0.0
PSE,2025,2,98244,0.0
PSE,2023,10,98006,0.0
CNG,2020,4,98284,0.0
CNG,2025,3,98345,0.0
PSE,2021,9,98404,0.0
Avista,2025,4,99008,0.0
PSE,2023,2,98031,0.0
PSE,2024,1,98260,0.0
CNG,2023,9,98632,0.0
PSE,2024,7,98283,0.0
NWN,2024,12,98663,0.0
NWN,2023,5,98685,0.0
PAC,2022,9,99323,0.0
CNG,2023,3,98264,0.0
Avista,2022,1,99179,0.0
CNG,2023,2,98908,0.0
NWN,2022,3,98620,0.0
Avista,2024,3,99022,0.0
Avista,2022,9,99143,0.0
PSE,2023,10,98104,0.0
PSE,2025,9,98597,0.0
Avista,2023,12,99201,0.0
CNG,2021,8,99362,0.0
NWN,2025,10,98674,0.0
Avista,2021,12,99344,0.0
CNG,2024,4,98277,0.0
CNG,2021,5,98932,0.0
CNG,2024,2,99323,0.0
Avista,2025,2,99220,0.0
PSE,2020,9,98445,0.0
PAC,2020,8,98937,0.0
Avista,2025,5,99126,0.0
NWN,2020,3,98660,0.0
Avista,2021,11,99170,0.0
PSE,2024,1,98262,0.0
PSE,2025,7,98155,0.0
CNG,2023,3,98367,0.0
PSE,2022,7,98101,0.0
PAC,2023,3,99323,0.0
PSE,2021,12,98941,0.0
PSE,2021,5,98922,0.0
Avista,2022,4,99185,0.0
PSE,2023,7,98144,0.0
PSE,2020,8,98027,0.0
CNG,2020,3,99352,453.36
Avista,2021,3,99125,0.0
CNG,2025,1,98366,0.0
PSE,2023,7,98342,0.0
NWN,2020,12,98668,0.0
NWN,2022,5,98620,0.0
Avista,2023,8,99228,0.0
PSE,2023,9,98941,0.0
Avista,2025,11,99403,0.0
CNG,2020,9,98284,0.0
Avista,2021,6,99344,0.0
Avista,2024,8,99204,0.0
Avista,2024,7,99164,0.0
PSE,2024,2,98203,0.0
CNG,2024,4,98908,0.0
PSE,2022,7,98327,0.0
CNG,2021,6,99344,0.0
PSE,2025,8,98230,0.0
PSE,2023,8,98125,0.0
Avista,2024,4,99167,0.0
PSE,2021,12,98380,0.0
CNG,2022,8,98948,0.0
Avista,2022,2,99111,0.0
CNG,2020,5,98223,0.0
PSE,2022,9,98513,0.0
PSE,2023,4,98371,0.0
PAC,2023,8,98935,0.0
PSE,2024,11,98934,0.0
CNG,2025,12,98274,0.0
PSE,2023,2,98125,0.0
PSE,2025,9,98104,0.0
Avista,2020,9,99171,0.0
Avista,2023,6,99004,0.0
CNG,2025,10,98942,0.0
NWN,2025,12,98675,0.0
Avista,2022,7,99104,0.0
PSE,2021,9,98118,0.0
PSE,2021,2,98058,0.0
CNG,2023,1,98611,0.0
Avista,2020,6,99005,0.0
Avista,2020,8,99141,0.0
PSE,2021,1,98266,0.0
PSE,2025,8,98311,0.0
CNG,2025,2,99338,0.0
PSE,2021,3,98146,0.0
CNG,2021,9,98277,0.0
Avista,2023,7,99031,0.0
Avista,2020,8,99103,0.0
PSE,2020,8,98038,0.0
Avista,2020,4,99011,0.0
PSE,2021,4,98597,0.0
PSE,2020,4,98004,0.0
Avista,2022,4,99104,0.0
PSE,2025,8,98237,0.0
Avista,2020,12,99326,0.0
Avista,2022,5,99014,0.0
PSE,2025,10,98366,0.0
PSE,2022,6,98021,0.0
Avista,2020,9,99176,0.0
CNG,2024,12,98632,0.0
Avista,2022,11,99134,0.0
PSE,2025,6,98375,0.0
PSE,2020,5,98043,0.0
PSE,2022,2,98390,0.0
NWN,2022,4,98664,0.0
PSE,2024,9,98226,0.0
Avista,2021,6,99011,0.0
PSE,2023,4,98010,0.0
NWN,2024,9,98620,0.0
PSE,2020,6,98031,0.0
CNG,2020,6,98902,0.0
PSE,2024,6,98058,0.0
PSE,2022,12,98310,0.0
NWN,2025,12,98672,0.0
PSE,2020,5,98146,0.0
PSE,2023,7,98055,0.0
PSE,2024,8,98148,0.0
NWN,2025,12,98685,0.0
Avista,2022,7,99025,0.0
CNG,2025,4,98936,0.0
PSE,2021,12,98445,0.0
NWN,2024,1,98604,0.0
PSE,2021,5,98027,0.0
CNG,2021,12,98584,0.0
PSE,2020,4,98346,0.0
PSE,2022,10,98367,0.0
PSE,2021,12,98092,0.0
PSE,2023,6,98024,0.0
PSE,2025,8,98404,0.0
PSE,2024,1,98332,0.0
Avista,2024,8,99143,0.0
PSE,2020,9,98103,0.0
CNG,2023,9,98625,0.0
CNG,2022,2,98264,0.0
Avista,2021,6,99012,0.0
Avista,2022,8,99025,0.0
Avista,2022,3,99164,0.0
PAC,2020,8,98903,0.0
NWN,2021,11,98612,0.0
Avista,2024,2,99102,0.0
PSE,2021,11,98004,0.0
PAC,2022,5,98944,0.0
Avista,2021,2,99029,0.0
CNG,2022,7,99337,0.0
PSE,2021,9,98597,0.0
PAC,2022,3,99363,0.0
PSE,2020,4,98188,0.0
PSE,2024,11,98036,0.0
CNG,2024,10,98932,0.0
PSE,2021,8,98224,0.0
PSE,2025,2,98087,0.0
CNG,2025,2,98936,0.0
PSE,2025,3,98274,0.0
PSE,2025,4,98204,0.0
Avista,2020,7,99156,0.0
PAC,2024,9,99324,0.0
PSE,2025,11,98178,0.0
NWN,2023,1,98642,8.7
PSE,2023,11,98126,0.0
CNG,2023,9,99301,0.0
Avista,2023,4,99164,0.0
PSE,2025,2,98057,0.0
PSE,2024,2,98022,0.0
PSE,2023,6,98446,0.0
NWN,2021,9,98661,0.0
NWN,2020,11,98620,0.0
PSE,2020,4,98037,0.0
CNG,2025,11,98225,0.0
NWN,2023,10,98661,0.0
PSE,2020,6,98102,0.0
Avista,2025,11,99160,0.0
CNG,2022,4,98370,0.0
NWN,2025,1,98665,0.0
CNG,2023,12,98276,0.0
Avista,2025,4,99171,0.0
CNG,2025,9,98932,0.0
PSE,2021,3,98053,0.0
PAC,2023,7,99350,0.0
NWN,2025,10,98671,0.0
Avista,2025,4,99169,0.0
PSE,2022,3,98502,0.0
Avista,2025,6,99205,0.0
PSE,2021,9,98284,0.0
PSE,2020,3,98030,0.0
Avista,2024,2,99170,0.0
Avista,2021,8,99039,0.0
Avista,2021,2,99326,0.0
Avista,2020,6,99109,0.0
CNG,2022,10,98802,0.0
NWN,2023,10,98662,0.0
PSE,2024,5,98008,0.0
Avista,2020,10,99022,0.0
NWN,2024,11,98307,0.0
NWN,2021,5,98675,0.0
PSE,2022,6,98257,0.0
CNG,2021,1,98520,0.0
PSE,2023,6,98203,0.0
NWN,2024,5,97301,0.0
PAC,2025,7,98942,28.06
PSE,2022,10,98011,0.0
PSE,2025,12,98148,0.0
PSE,2025,8,98383,0.0
PSE,2025,5,98532,0.0
PSE,2021,9,98121,0.0
NWN,2023,11,98620,0.0
PSE,2025,1,98023,0.0
PSE,2024,1,98108,0.0
Avista,2023,3,99109,0.0
PSE,2020,11,98232,0.0
PSE,2022,7,98001,0.0
NWN,2023,10,97031,0.0
PSE,2020,6,98057,0.0
PSE,2023,9,98104,0.0
Avista,2024,1,99130,0.0
PAC,2021,9,98923,0.0
PSE,2022,7,98045,0.0
Avista,2021,1,99205,0.0
PSE,2024,5,98311,0.0
Avista,2023,3,99005,0.0
CNG,2025,3,99323,0.0
PSE,2025,11,98031,0.0
Avista,2023,11,98648,0.0
PSE,2025,11,98155,0.0
PSE,2022,2,98208,0.0
PSE,2023,12,98166,0.0
CNG,2020,9,98312,0.0
Avista,2022,2,99158,0.0
PSE,2023,6,98422,0.0
PSE,2020,12,98418,0.0
PSE,2025,5,98531,0.0
PSE,2025,10,98208,0.0
PAC,2020,8,98939,0.0
NWN,2022,2,98686,0.0
Avista,2021,8,99179,0.0
PSE,2021,7,98027,0.0
PSE,2023,2,98321,0.0
CNG,2022,11,99337,0.0
PAC,2021,5,98921,0.0
PSE,2023,6,98122,0.0
CNG,2021,11,99338,0.0
PAC,2022,7,99328,0.0
Avista,2023,7,99156,0.0
CNG,2022,8,98226,0.0
CNG,2020,7,99354,0.0
PSE,2024,8,98010,0.0
Avista,2022,8,99179,0.0
CNG,2020,9,98264,0.0
Avista,2021,9,99201,0.0
NWN,2024,9,98606,0.0
PSE,2021,10,98144,0.0
CNG,2021,1,98563,0.0
PSE,2023,12,98008,0.0
PSE,2021,3,98121,0.0
PSE,2020,8,98312,0.0
PSE,2020,11,98052,0.0
PSE,2023,3,98051,0.0
PSE,2021,6,98168,0.0
CNG,2025,1,98244,0.0
CNG,2021,3,99336,0.0
PSE,2025,4,98065,0.0
PSE,2021,7,98188,0.0
Avista,2020,9,99341,0.0
CNG,2020,8,98902,0.0
PSE,2024,8,98001,0.0
CNG,2021,5,98936,0.0
Avista,2020,10,99202,0.0
CNG,2025,7,99350,0.0
Avista,2025,12,99223,0.0
CNG,2021,11,98557,0.0
PAC,2021,7,98935,0.0
PSE,2023,2,98199,0.0
PSE,2021,8,98204,0.0
PSE,2024,3,98133,0.0
Avista,2022,5,99122,0.0
PSE,2023,8,98446,0.0
Avista,2022,3,99027,0.0
Avista,2021,6,99371,0.0
PSE,2021,5,98045,0.0
PSE,2021,2,98002,0.0
PSE,2022,2,98121,0.0
CNG,2020,2,98232,0.0
CNG,2024,10,98248,0.0
PSE,2020,7,98531,0.0
PAC,2021,8,98903,0.0
CNG,2023,1,98244,0.0
Avista,2023,10,99157,0.0
PSE,2022,11,98310,0.0
PSE,2021,10,98033,0.0
PAC,2023,4,99323,0.0
Avista,2024,7,99403,0.0
Avista,2021,8,99130,0.0
PSE,2023,7,98224,0.0
Avista,2021,3,99130,0.0
PSE,2021,6,98226,0.0
CNG,2020,6,98953,0.0
Avista,2024,8,99224,0.0
PSE,2025,8,98038,0.0
Avista,2021,11,99402,0.0
CNG,2022,2,99301,0.0
PAC,2021,3,99329,0.0
PSE,2024,7,98922,0.0
PSE,2023,10,98274,0.0
Avista,2022,12,99173,0.0
CNG,2024,12,98230,0.0
CNG,2020,7,98383,0.0
NWN,2020,9,98635,0.0
CNG,2023,10,99338,0.0
Avista,2024,12,99005,0.0
PSE,2024,1,98146,0.0
PSE,2020,3,98166,0.0
Avista,2022,12,99223,0.0
PSE,2025,8,98312,0.0
Avista,2022,11,99176,0.0
PSE,2022,7,98003,0.0
CNG,2024,4,98312,0.0
PSE,2023,1,98498,0.0
PSE,2021,5,98101,0.0
PSE,2025,8,98007,0.0
CNG,2025,8,98383,0.0
PSE,2024,8,98112,0.0
Avista,2025,2,99008,0.0
Avista,2020,8,99125,0.0
Avista,2024,2,99008,0.0
NWN,2024,12,98635,0.0
NWN,2022,5,98671,0.0
CNG,2025,4,98292,0.0
PSE,2023,10,98260,0.0
PSE,2021,2,98532,0.0
Avista,2020,5,99170,0.0
Avista,2024,1,99039,0.0
PSE,2024,2,98272,0.0
PSE,2021,10,98576,0.0
Avista,2022,6,99018,0.0
Avista,2020,6,99141,0.0
PSE,2020,12,98579,0.0
NWN,2025,12,98665,0.0
PSE,2020,7,98258,0.0
PSE,2021,11,98374,0.0
PAC,2024,10,98908,0.0
NWN,2020,10,98626,0.0
PAC,2024,4,98938,0.0
CNG,2021,12,98528,0.0
PSE,2022,9,98266,0.0
CNG,2020,4,99352,0.0
PSE,2020,9,98188,0.0
PSE,2025,4,98312,0.0
PSE,2020,7,98103,0.0
Avista,2020,11,99179,0.0
Avista,2021,12,99027,0.0
NWN,2025,11,98642,0.0
CNG,2022,10,99301,0.0
NWN,2024,9,98307,0.0
PSE,2025,3,98516,0.0
PAC,2023,9,98903,0.0
Avista,2022,2,99104,0.0
PAC,2020,4,98933,0.0
Avista,2024,9,99126,0.0
PSE,2025,7,98166,0.0
CNG,2020,3,99338,123.38
PSE,2024,1,98065,0.0
PSE,2025,12,98116,0.0
PSE,2023,4,98237,0.0
PSE,2024,2,98168,0.0
CNG,2021,1,98370,0.0
CNG,2021,3,99338,0.0
Avista,2020,4,99026,0.0
CNG,2024,3,98295,0.0
Avista,2025,5,99022,0.0
Avista,2023,9,99030,0.0
Avista,2025,7,99402,0.0
NWN,2020,10,98662,0.0
PSE,2025,8,98360,0.0
PSE,2020,8,98036,0.0
PSE,2023,7,98022,0.0
Avista,2021,10,99224,0.0
PSE,2020,5,98266,0.0
Avista,2020,5,99141,0.0
PSE,2025,9,98372,0.0
PSE,2021,3,98273,0.0
Avista,2023,4,99117,0.0
PSE,2022,11,98501,0.0
Avista,2024,1,99033,0.0
PSE,2021,3,98390,0.0
Avista,2021,4,99001,0.0
NWN,2025,7,98607,0.0
PSE,2020,10,98512,0.0
NWN,2021,10,98648,0.0
NWN,2020,8,98661,0.0
Avista,2024,4,99402,0.0
PSE,2023,3,98406,0.0
PSE,2022,1,98178,0.0
PSE,2024,7,98006,0.0
PSE,2023,8,98532,0.0
PSE,2023,8,98466,0.0
NWN,2025,5,98684,0.0
CNG,2025,7,98528,0.0
Avista,2023,4,99157,0.0
PAC,2024,10,98953,0.0
CNG,2024,6,98311,0.0
PSE,2020,10,98133,0.0
PSE,2022,9,98024,0.0
PSE,2023,4,98031,0.0
PSE,2024,8,98237,0.0
PAC,2023,2,98937,0.0
PSE,2021,6,98579,0.0
PSE,2025,9,98439,0.0
CNG,2020,7,98257,0.0
PSE,2023,10,98106,0.0
PSE,2021,9,98058,0.0
NWN,2022,3,98685,0.0
PSE,2024,2,98224,0.0
PSE,2022,4,98597,0.0
Avista,2023,6,99208,0.0
PSE,2023,9,98178,0.0
PSE,2025,2,98023,0.0
Avista,2020,4,99403,0.0
CNG,2025,12,98936,0.0
NWN,2024,12,98684,0.0
CNG,2021,6,98244,0.0
CNG,2022,4,99301,0.0
CNG,2023,9,98310,0.0
Avista,2025,2,99037,0.0
PSE,2023,6,98003,0.0
PSE,2025,10,98105,0.0
Avista,2023,7,99344,0.0
NWN,2023,11,98119,0.0
CNG,2021,12,98276,0.0
PSE,2020,10,98248,0.0
PSE,2023,6,98005,0.0
PSE,2025,4,98012,0.0
PSE,2023,7,98040,0.0
PAC,2024,2,98903,0.0
CNG,2024,7,98944,0.0
NWN,2024,7,98620,0.0
PSE,2025,5,98024,0.0
Avista,2024,5,99034,0.0
PSE,2025,6,98204,0.0
NWN,2025,12,98686,0.0
PSE,2023,2,98024,0.0
Avista,2022,1,99146,0.0
CNG,2020,10,98932,0.0
Avista,2020,12,99170,0.0
PSE,2022,8,98387,0.0
PSE,2023,9,98022,0.0
NWN,2022,8,98762,0.0
NWN,2024,10,98127,0.0
CNG,2020,3,98837,118.04
PSE,2022,2,98244,0.0
Avista,2025,5,99219,0.0
CNG,2021,3,99337,0.0
PSE,2021,8,98532,0.0
PSE,2025,10,98092,0.0
PSE,2022,2,98372,0.0
PSE,2025,10,98597,0.0
PSE,2021,10,98059,0.0
PSE,2024,1,98424,0.0
CNG,2025,5,99350,0.0
CNG,2022,5,98233,0.0
Avista,2020,6,99173,0.0
PSE,2022,6,98312,0.0
PSE,2023,3,98027,0.0
Avista,2022,12,99260,0.0
Avista,2023,4,99170,0.0
Avista,2020,5,99014,0.0
PSE,2021,5,98498,0.0
NWN,2023,5,98660,0.0
PSE,2022,6,98001,0.0
NWN,2022,7,98661,0.0
PSE,2023,1,98506,0.0
PSE,2024,2,98052,0.0
Avista,2025,7,99163,0.0
PSE,2024,9,98038,0.0
CNG,2022,10,98248,0.0
PSE,2023,1,98503,0.0
Avista,2023,2,99026,0.0
PSE,2022,2,98391,0.0
PSE,2023,10,98032,0.0
PSE,2021,7,98446,0.0
CNG,2022,2,98277,0.0
Avista,2023,12,99185,0.0
Avista,2022,4,99220,0.0
CNG,2020,12,98226,0.0
PAC,2022,5,98951,0.0
Avista,2022,12,99122,0.0
PSE,2025,6,98203,0.0
NWN,2023,3,98620,0.0
PSE,2025,1,98383,0.0
NWN,2024,8,98664,0.0
CNG,2024,9,98310,0.0
PAC,2025,4,99323,0.34
PAC,2022,4,98952,0.0
PAC,2020,6,98930,0.0
NWN,2022,12,98674,0.0
PSE,2021,5,98579,0.0
PSE,2025,3,98501,0.0
Avista,2025,7,99040,0.0
CNG,2023,1,99362,0.0
Avista,2024,3,99403,0.0
PAC,2024,9,98944,0.0
PSE,2025,2,98439,0.0
PSE,2020,8,98270,0.0
PSE,2024,11,98037,0.0
CNG,2024,3,98802,0.0
CNG,2020,8,99301,0.0
PAC,2023,12,98901,0.0
PSE,2023,1,98004,0.0
PSE,2022,1,98409,0.0
PAC,2024,6,98923,0.0
PSE,2020,8,98321,0.0
PSE,2020,10,98024,0.0
CNG,2023,8,98276,0.0
PSE,2022,5,98503,0.0
PSE,2022,11,98052,0.0
PSE,2024,3,98108,0.0
NWN,2021,3,98664,0.0
CNG,2021,11,98944,0.0
Avista,2025,12,99122,0.0
Avista,2020,12,99103,0.0
Avista,2024,7,99223,0.0
PSE,2024,1,98047,0.0
PSE,2022,12,98467,0.0
CNG,2025,3,98936,0.0
CNG,2020,1,98801,0.0
NWN,2025,6,97388,0.0
PSE,2023,11,98198,0.0
Avista,2024,2,99164,0.0
PSE,2021,12,98409,0.0
NWN,2023,12,98665,0.0
PSE,2021,4,98005,0.0
PAC,2021,6,98937,0.0
PSE,2021,5,98201,0.0
PSE,2022,10,98244,0.0
PAC,2021,6,98944,0.0
Avista,2020,4,99033,0.0
PSE,2021,1,98199,0.0
Avista,2021,5,99031,0.0
CNG,2020,10,98225,0.0
PSE,2024,1,98028,0.0
PAC,2022,2,99350,0.0
NWN,2024,8,98682,0.0
CNG,2023,12,98948,0.0
PSE,2023,5,98003,0.0
PSE,2023,4,98516,0.0
Avista,2021,1,99181,0.0
PSE,2021,7,98418,0.0
PSE,2024,11,98006,0.0
NWN,2024,7,98208,0.0
NWN,2021,11,98686,0.0
PSE,2020,9,98109,0.0
NWN,2024,4,98668,0.0
PSE,2024,4,98502,0.0
PSE,2021,8,98126,0.0
PSE,2022,6,98032,0.0
Avista,2025,6,99204,0.0
Avista,2025,8,99126,0.0
Avista,2023,1,99014,0.0
PAC,2022,4,98923,0.0
CNG,2025,5,98337,0.0
PSE,2020,3,98934,0.0
Avista,2023,1,99179,0.0
NWN,2021,4,98660,0.0
Avista,2022,10,99141,0.0
CNG,2024,10,98274,0.0
PSE,2021,6,98467,0.0
Avista,2022,8,99027,0.0
PSE,2021,12,98155,0.0
CNG,2025,12,98367,0.0
CNG,2020,8,99323,0.0
PSE,2021,4,98006,0.0
PSE,2020,4,98029,0.0
PSE,2025,4,98596,0.0
Avista,2024,1,99157,0.0
CNG,2021,11,98345,0.0
PSE,2023,10,98204,0.0
PSE,2024,11,98052,0.0
Avista,2020,8,99023,0.0
CNG,2024,5,98383,0.0
CNG,2022,5,98930,0.0
PSE,2023,1,98065,0.0
PSE,2020,3,98327,0.0
PSE,2025,3,98108,0.0
PSE,2020,7,98498,0.0
Avista,2020,9,99026,0.0
PSE,2025,2,98177,0.0
PSE,2025,2,98516,0.0
PSE,2021,5,98109,0.0
CNG,2025,1,98310,0.0
CNG,2020,10,98230,0.0
Avista,2022,9,99206,0.0
CNG,2023,11,99353,0.0
PSE,2024,9,98104,0.0
Avista,2023,4,99141,0.0
PSE,2024,7,98225,0.0
PSE,2024,9,98422,0.0
PAC,2020,9,98936,0.0
Avista,2021,3,99174,0.0
PSE,2021,1,98168,0.0
PSE,2022,5,98270,0.0
Avista,2023,4,99219,0.0
CNG,2025,2,98367,0.0
PAC,2024,5,99329,0.0
PSE,2023,9,98404,0.0
PAC,2022,2,98951,0.0
NWN,2020,10,98642,0.0
Avista,2022,7,99143,0.0
PSE,2022,4,98258,0.0
PSE,2024,12,98337,0.0
CNG,2025,3,98282,0.0
PSE,2021,8,98371,0.0
PSE,2023,1,98106,0.0
Avista,2023,8,99216,0.0
PSE,2021,1,98502,0.0
PSE,2025,11,98233,0.0
PSE,2024,7,98589,0.0
PAC,2021,1,98939,0.0
Avista,2021,10,99026,0.0
PSE,2020,11,98516,0.0
PSE,2023,7,98001,0.0
PSE,2022,3,98106,0.0
PSE,2023,7,98467,0.0
PAC,2022,9,98944,0.0
PSE,2022,2,98108,0.0
Avista,2025,1,99218,0.0
PSE,2025,9,98199,0.0
Avista,2024,1,99006,0.0
NWN,2025,5,98617,0.0
NWN,2021,11,98604,0.0
PSE,2020,11,98446,0.0
PSE,2020,12,98260,0.0
Avista,2020,7,99344,0.0
PSE,2023,1,98023,0.0
PSE,2020,11,98092,0.0
Avista,2024,6,99326,0.0
PSE,2022,10,98337,0.0
PSE,2024,6,98074,0.0
NWN,2022,10,98307,0.0
PSE,2021,6,98244,0.0
PAC,2021,1,99328,0.0
PAC,2022,6,99363,0.0
CNG,2020,6,98837,0.0
CNG,2022,10,98314,0.0
PSE,2023,12,98230,0.0
PSE,2021,1,98188,0.0
PSE,2021,12,98001,0.0
PSE,2024,2,98101,0.0
PSE,2025,6,98133,0.0
CNG,2020,1,98837,0.0
Avista,2020,5,99137,0.0
PSE,2025,7,98045,0.0
PSE,2022,7,98052,0.0
PSE,2021,8,98466,0.0
PSE,2024,8,98023,0.0
Avista,2021,4,99403,0.0
PSE,2025,4,98446,0.0
Avista,2025,7,99129,0.0
PSE,2024,11,98010,0.0
Avista,2020,5,99151,0.0
Avista,2021,6,99341,0.0
PSE,2022,6,98283,0.0
CNG,2024,2,98625,0.0
CNG,2021,8,98524,0.0
CNG,2022,1,98271,0.0
Avista,2021,4,99224,0.0
CNG,2020,6,98223,0.0
CNG,2024,11,98936,0.0
PSE,2020,12,98225,0.0
PAC,2024,5,99361,0.0
PSE,2023,12,98576,0.0
NWN,2021,6,98762,0.0
CNG,2021,9,98276,0.0
Avista,2022,4,99179,0.0
PAC,2021,11,99348,0.0
Avista,2024,9,99170,0.0
Avista,2025,7,99146,0.0
Avista,2020,10,99037,0.0
PSE,2022,4,98337,0.0
PSE,2024,11,98065,0.0
PSE,2023,7,98270,0.0
Avista,2022,7,99018,0.0
PSE,2021,2,98375,0.0
PSE,2023,4,98359,0.0
PSE,2022,4,98006,0.0
PSE,2025,10,98043,0.0
PAC,2021,2,98937,0.0
Avista,2022,4,99126,0.0
CNG,2024,1,98264,0.0
CNG,2024,7,98225,0.0
PSE,2022,8,98118,0.0
PSE,2020,9,98106,0.0
Avista,2020,11,99206,0.0
PSE,2020,7,98087,0.0
PSE,2021,1,98148,0.0
PSE,2021,2,98589,0.0
CNG,2023,6,99338,0.0
Avista,2022,8,99403,0.0
PSE,2020,4,98005,0.0
CNG,2022,5,98520,0.0
Avista,2025,7,99228,0.0
Avista,2020,12,99223,0.0
PSE,2024,5,98055,0.0
CNG,2023,7,98903,0.0
Avista,2024,5,99219,0.0
CNG,2022,7,98908,0.0
Avista,2025,12,99204,0.0
PSE,2021,3,98105,0.0
CNG,2024,2,98550,0.0
PSE,2023,6,98118,0.0
CNG,2021,6,98908,0.0
PSE,2023,12,98366,0.0
PSE,2023,1,98372,0.0
PSE,2025,10,98072,0.0
PSE,2023,5,98402,0.0
Avista,2021,1,99170,0.0
Avista,2021,10,99201,0.0
Avista,2020,7,99223,0.0
PSE,2025,3,98310,0.0
CNG,2022,5,99301,0.0
PSE,2023,5,98221,0.0
CNG,2023,8,98944,0.0
PSE,2021,10,98007,0.0
CNG,2023,5,98557,0.0
CNG,2025,7,98240,0.0
CNG,2023,3,98625,0.0
PSE,2022,9,98109,0.0
CNG,2021,9,99354,0.0
PSE,2021,8,98230,0.0
Avista,2024,2,99179,0.0
CNG,2020,10,98930,0.0
Avista,2022,9,99260,0.0
NWN,2022,2,98671,0.0
NWN,2021,2,98864,0.0
PSE,2022,6,98359,0.0
CNG,2022,9,98674,0.0
Avista,2021,12,99032,0.0
PSE,2024,7,98109,0.0
PSE,2021,7,98501,0.0
PSE,2025,6,98007,0.0
Avista,2024,2,99335,0.0
CNG,2025,10,98220,0.0
PSE,2020,9,98284,0.0
CNG,2022,2,98225,0.0
Avista,2021,2,99185,0.0
Avista,2024,7,99009,0.0
Avista,2023,6,99157,0.0
PSE,2020,12,98102,0.0
Avista,2022,12,99103,0.0
CNG,2021,11,98232,0.0
CNG,2021,4,98257,0.0
PSE,2023,5,98024,0.0
NWN,2022,6,98665,0.0
PSE,2022,8,98199,0.0
CNG,2020,9,98274,0.0
CNG,2022,10,98230,0.0
PSE,2025,12,98439,0.0
PSE,2025,6,98418,0.0
Avista,2024,4,99207,0.0
PSE,2023,2,98926,0.0
CNG,2022,2,99336,0.0
NWN,2023,4,98660,0.0
PAC,2023,10,98901,0.0
Avista,2021,5,99158,0.0
NWN,2023,5,98617,0.0
PSE,2025,8,98144,0.0
CNG,2024,10,98557,0.0
CNG,2024,12,98273,0.0
Avista,2024,7,99149,0.0
PSE,2021,5,98346,0.0
Avista,2021,5,99228,0.0
PSE,2024,7,98074,0.0
CNG,2024,8,99350,0.0
Avista,2022,3,99223,0.0
PSE,2024,6,98367,0.0
Avista,2025,9,99138,0.0
PSE,2021,8,98105,0.0
PSE,2023,9,98047,0.0
NWN,2021,4,98026,0.0
CNG,2022,5,98908,0.0
NWN,2023,5,98675,0.0
CNG,2025,6,98837,0.0
PSE,2020,7,98188,0.0
PSE,2022,8,98065,0.0
Avista,2023,8,99205,0.0
Avista,2021,1,99161,0.0
CNG,2022,12,98550,0.0
CNG,2021,4,98528,0.0
CNG,2021,8,98276,0.0
NWN,2023,5,98683,0.0
PSE,2020,9,98466,0.0
NWN,2025,12,98762,0.0
PSE,2024,4,98922,0.0
CNG,2023,9,98284,0.0
NWN,2022,1,98672,0.0
PSE,2023,2,98059,0.0
PSE,2021,2,98003,0.0
CNG,2023,3,98284,0.0
NWN,2025,6,98666,0.0
PSE,2021,6,98531,0.0
PSE,2022,8,98237,0.0
NWN,2024,8,98665,0.0
PSE,2025,9,98270,0.0
CNG,2025,7,99324,0.0
PSE,2025,8,98418,0.0
Avista,2022,12,99205,0.0
Avista,2023,4,99103,0.0
Avista,2025,4,98620,0.0
NWN,2023,3,98605,0.0
PSE,2023,5,98208,0.0
CNG,2025,11,98550,0.0
Avista,2022,1,99005,0.0
PSE,2025,2,98272,0.0
PSE,2024,5,98374,0.0
Avista,2020,8,99202,0.0
PSE,2021,12,98032,0.0
PSE,2025,8,98005,0.0
CNG,2023,1,98225,0.0
Avista,2024,11,99004,0.0
Avista,2020,3,99161,0.0
PSE,2021,7,98370,0.0
PSE,2021,2,98579,0.0
CNG,2022,3,98936,0.0
PSE,2024,7,98092,0.0
PAC,2023,1,98938,0.0
Avista,2025,8,99403,0.0
NWN,2020,12,98629,0.0
Avista,2022,3,99335,0.0
PAC,2023,8,99329,0.0
CNG,2025,11,98221,0.0
PAC,2023,4,98952,0.0
Avista,2023,5,99260,0.0
PSE,2023,6,98392,0.0
PSE,2023,4,98178,0.0
PAC,2023,5,98938,0.0
CNG,2022,7,98901,0.0
PAC,2020,4,98942,0.0
CNG,2025,10,98310,0.0
CNG,2023,5,98366,0.0
PSE,2023,12,98059,0.0
NWN,2023,3,98686,0.0
Avista,2025,5,99020,0.0
PSE,2023,5,98284,0.0
NWN,2021,6,98626,0.0
Avista,2025,10,99173,0.0
PSE,2025,9,98056,0.0
PSE,2021,7,98271,0.0
PSE,2025,3,98391,0.0
PSE,2020,11,98372,0.0
PSE,2020,4,98112,0.0
PSE,2021,6,98439,0.0
NWN,2023,3,98666,0.0
PSE,2021,1,98360,0.0
CNG,2024,3,98226,0.0
PSE,2024,8,98034,0.0
PSE,2020,10,98422,0.0
Avista,2025,7,99149,0.0
Avista,2022,11,99018,0.0
Avista,2022,6,99204,0.0
CNG,2023,3,98220,0.0
CNG,2020,6,99323,0.0
PSE,2023,7,98119,0.0
PAC,2022,6,99328,0.0
NWN,2024,11,98686,0.0
PSE,2024,1,98007,0.0
CNG,2021,12,98244,0.0
CNG,2020,5,99350,0.0
CNG,2025,8,98367,0.0
Avista,2024,11,99149,0.0
PSE,2021,12,98327,0.0
PSE,2023,7,98056,0.0
CNG,2025,8,98563,0.0
CNG,2020,10,99301,0.0
CNG,2022,11,98903,0.0
PSE,2022,12,98029,0.0
PSE,2020,12,98262,0.0
CNG,2022,3,98557,0.0
CNG,2022,11,98584,0.0
PSE,2024,2,98021,0.0
PSE,2022,8,98274,0.0
Avista,2025,11,99144,0.0
PSE,2020,9,98026,0.0
NWN,2020,6,98675,0.0
PSE,2025,11,98342,0.0
PSE,2021,4,98204,0.0
PSE,2020,4,98402,0.0
PSE,2023,5,98367,0.0
CNG,2023,9,98524,0.0
PSE,2024,10,98065,0.0
Avista,2025,11,99181,0.0
CNG,2022,2,99362,0.0
PSE,2021,6,98002,0.0
CNG,2024,7,99362,0.0
CNG,2024,7,98674,0.0
Avista,2024,8,99103,0.0
Avista,2023,10,99022,0.0
Avista,2025,5,99141,0.0
Avista,2025,8,99130,0.0
Avista,2021,7,99218,0.0
PSE,2024,10,98022,0.0
CNG,2021,6,98936,0.0
NWN,2024,11,98675,0.0
PSE,2023,4,98934,0.0
CNG,2025,12,98273,0.0
PAC,2025,12,99362,52.14
Avista,2020,11,99341,0.0
NWN,2025,11,98629,0.0
CNG,2024,2,98311,0.0
PSE,2025,1,98221,0.0
PSE,2025,3,98290,0.0
PSE,2023,2,98056,0.0
PSE,2024,3,98335,0.0
PSE,2021,4,98248,0.0
NWN,2023,6,97301,0.0
PSE,2024,6,98070,0.0
PSE,2025,11,98037,0.0
CNG,2021,2,98524,0.0
PSE,2023,5,98148,0.0
PSE,2023,10,98388,0.0
CNG,2025,1,98528,0.0
PSE,2021,9,98021,0.0
PAC,2024,4,98948,0.0
Avista,2023,5,99012,0.0
Avista,2023,4,99181,0.0
PSE,2025,11,98057,0.0
PSE,2020,5,98002,0.0
PSE,2021,8,98104,0.0
PSE,2022,5,98168,0.0
Avista,2024,4,99174,0.0
Avista,2024,9,99128,0.0
PSE,2020,12,98021,0.0
Avista,2020,3,99101,0.0
PSE,2020,12,98109,0.0
CNG,2024,6,98902,0.0
Avista,2024,10,99001,0.0
PSE,2022,3,98055,0.0
NWN,2024,11,98642,0.0
PSE,2025,2,98028,0.0
PSE,2023,11,98117,0.0
CNG,2022,7,98936,0.0
Avista,2022,3,99029,0.0
Avista,2025,5,99205,0.0
CNG,2024,12,98953,0.0
PSE,2023,1,98277,0.0
Avista,2020,11,99103,0.0
PSE,2021,11,98052,0.0
PSE,2025,1,98934,0.0
Avista,2025,7,99131,0.0
Avista,2020,10,99161,0.0
PSE,2025,2,98422,0.0
PSE,2025,12,98040,0.0
Avista,2024,6,99185,0.0
Avista,2025,8,99224,0.0
NWN,2023,11,98628,0.0
PSE,2022,3,98418,0.0
PSE,2023,11,98244,0.0
PSE,2024,3,98244,0.0
PAC,2021,4,98948,0.0
Avista,2025,1,99156,0.0
Avista,2024,10,99146,0.0
Avista,2022,4,99146,0.0
PSE,2020,4,98125,0.0
PAC,2022,9,99362,0.0
PSE,2022,3,98531,0.0
PSE,2021,9,98102,0.0
PAC,2021,1,98947,0.0
PSE,2020,5,98051,0.0
PSE,2022,1,98121,0.0
PSE,2025,12,98466,0.0
CNG,2021,4,98314,0.0
Avista,2022,10,99003,0.0
PSE,2024,7,98310,0.0
NWN,2022,6,98684,0.0
Avista,2021,7,99030,0.0
PSE,2022,4,98002,0.0
PSE,2025,5,98360,0.0
Avista,2023,7,99204,0.0
PSE,2024,10,98166,0.0
PAC,2024,8,98937,0.0
NWN,2022,11,98127,0.0
PSE,2022,6,98388,0.0
Avista,2025,6,99009,0.0
Avista,2022,5,99023,0.0
Avista,2022,7,99131,0.0
PSE,2024,9,98116,0.0
Avista,2021,6,99022,0.0
Avista,2022,10,99156,0.0
PSE,2021,8,98059,0.0
CNG,2024,1,98837,0.0
PSE,2021,6,98338,0.0
Avista,2022,3,99185,0.0
PSE,2025,2,98106,0.0
NWN,2021,8,98208,0.0
PSE,2022,5,98023,0.0
NWN,2022,3,98628,0.0
Avista,2022,8,99202,0.0
PAC,2021,2,98903,0.0
CNG,2020,8,98276,0.0
Avista,2024,9,99141,0.0
PSE,2021,4,98104,0.0
NWN,2020,3,98119,0.0
Avista,2023,12,99341,0.0
PSE,2023,1,98439,0.0
PSE,2020,8,98043,0.0
PSE,2023,8,98506,0.0
PSE,2024,5,98274,0.0
CNG,2024,8,98674,0.0
NWN,2022,11,98664,0.0
NWN,2022,12,98626,0.0
CNG,2024,2,99338,0.0
NWN,2020,9,98682,0.0
CNG,2024,3,98557,0.0
PSE,2022,10,98112,0.0
CNG,2024,10,98848,0.0
PSE,2022,6,98531,0.0
PSE,2021,7,98579,0.0
PAC,2023,7,98923,0.0
Avista,2023,1,99164,0.0
NWN,2025,11,98208,0.0
Avista,2023,7,99228,0.0
Avista,2024,3,99164,0.0
PSE,2022,3,98221,0.0
PAC,2023,5,98951,0.0
NWN,2024,9,98642,0.0
PSE,2020,12,98446,0.0
CNG,2024,11,98295,0.0
CNG,2023,1,98284,0.0
PSE,2021,6,98221,0.0
PSE,2025,1,98311,0.0
PSE,2021,9,98406,0.0
Avista,2023,4,99144,0.0
NWN,2024,1,98660,0.0
PSE,2025,4,98388,0.0
CNG,2023,1,98802,0.0
PSE,2022,4,98230,0.0
Avista,2024,5,99004,0.0
PSE,2023,6,98001,0.0
Avista,2025,11,99208,0.0
PSE,2022,11,98532,0.0
NWN,2021,4,98307,0.0
PSE,2021,10,98310,0.0
PSE,2021,11,98199,0.0
CNG,2020,11,99344,0.0
PAC,2020,5,98937,0.0
CNG,2020,2,99352,0.0
PSE,2021,8,98012,0.0
PSE,2023,11,98168,0.0
NWN,2024,4,98642,0.0
CNG,2023,3,98233,0.0
PSE,2024,7,98312,0.0
PSE,2023,5,98032,0.0
PSE,2022,2,98065,0.0
PSE,2024,12,98270,0.0
PSE,2025,6,98144,0.0
Avista,2024,9,99008,0.0
CNG,2024,2,98520,0.0
Avista,2024,4,99203,0.0
NWN,2025,7,98610,0.0
CNG,2024,8,98520,0.0
PSE,2021,10,98367,0.0
Avista,2021,1,99223,0.0
CNG,2021,7,98229,0.0
CNG,2025,3,98541,0.0
Avista,2021,6,99228,0.0
Avista,2021,9,99220,0.0
PSE,2020,8,98002,0.0
Avista,2021,10,99170,0.0
Avista,2025,4,99219,0.0
PAC,2023,3,98947,0.0
PSE,2021,10,98531,0.0
PSE,2023,1,98405,0.0
PSE,2025,6,98233,0.0
Avista,2021,2,99114,0.0
PAC,2020,10,99361,0.0
PSE,2022,1,98146,0.0
Avista,2021,8,99216,0.0
Avista,2024,7,99018,0.0
NWN,2021,5,98607,0.0
PSE,2024,2,98166,0.0
PAC,2024,9,99362,0.0
CNG,2023,11,98310,0.0
Avista,2022,9,99208,0.0
PSE,2021,1,98226,0.0
PSE,2025,4,98004,0.0
Avista,2022,10,99128,0.0
CNG,2025,2,98233,0.0
PSE,2025,9,98467,0.0
PSE,2024,12,98391,0.0
PSE,2020,3,98390,0.0
PSE,2023,4,98275,0.0
NWN,2025,2,97301,0.0
PSE,2025,8,98262,0.0
CNG,2022,5,98244,0.0
PSE,2020,9,98001,0.0
PSE,2024,1,98335,0.0
PSE,2021,6,98034,0.0
Avista,2023,7,99224,0.0
PSE,2020,11,98103,0.0
CNG,2022,5,98953,0.0
Avista,2025,8,99025,0.0
PSE,2025,9,98118,0.0
Avista,2023,11,99208,0.0
PSE,2022,11,98058,0.0
CNG,2022,7,98557,0.0
PSE,2023,7,98057,0.0
NWN,2023,12,98605,0.0
PSE,2020,10,98105,0.0
NWN,2025,1,98683,0.0
Avista,2020,8,99173,0.0
PSE,2022,9,98439,0.0
PSE,2021,8,98255,0.0
PSE,2020,8,98512,0.0
PSE,2021,12,98404,0.0
PSE,2022,8,98409,0.0
PSE,2020,4,98102,0.0
CNG,2025,10,98230,0.0
PSE,2024,11,98237,0.0
Avista,2023,1,99113,0.0
PSE,2025,8,98056,0.0
NWN,2021,9,98127,0.0
PAC,2022,10,98903,0.0
PAC,2021,2,98921,0.0
Avista,2025,7,99009,0.0
Avista,2021,11,99032,0.0
PSE,2020,5,98576,0.0
Avista,2021,11,99113,0.0
PAC,2020,7,98947,0.0
PSE,2021,6,98027,0.0
PSE,2024,4,98032,0.0
CNG,2021,5,98232,0.0
CNG,2021,10,98848,0.0
PAC,2022,11,98952,0.0
Avista,2023,5,99208,0.0
PSE,2023,1,98335,0.0
PSE,2022,1,98312,0.0
Avista,2023,1,99109,0.0
CNG,2020,6,99354,0.0
CNG,2025,8,98310,0.0
PSE,2024,5,98271,0.0
PSE,2025,10,98024,0.0
PSE,2023,11,98273,0.0
PAC,2022,4,99361,0.0
Avista,2024,7,99113,0.0
NWN,2020,10,98683,0.0
PAC,2023,8,99362,0.0
PSE,2025,7,98125,0.0
Avista,2022,7,99003,0.0
Avista,2021,8,99204,0.0
PSE,2021,2,98383,0.0
Avista,2020,7,99371,0.0
NWN,2022,6,98639,0.0
Avista,2022,11,99001,0.0
Avista,2022,6,99021,0.0
Avista,2023,8,99109,0.0
CNG,2020,5,99301,0.0
PSE,2021,6,98051,0.0
PSE,2025,11,98204,0.0
Avista,2024,12,99019,0.0
PSE,2020,9,98596,0.0
Avista,2021,12,99260,0.0
Avista,2024,2,99117,0.0
Avista,2023,7,99134,0.0
PSE,2020,4,98051,0.0
PSE,2024,8,98057,0.0
PAC,2023,8,98944,0.0
PAC,2023,6,99350,0.0
PSE,2022,3,98087,0.0
Avista,2025,7,99012,0.0
CNG,2020,2,98932,0.0
Avista,2025,11,99022,0.0
Avista,2020,11,99344,0.0
PAC,2021,11,99329,0.0
CNG,2025,12,98625,0.0
NWN,2021,1,98208,0.0
PSE,2023,9,98446,0.0
PSE,2023,5,98006,0.0
PSE,2023,9,98512,0.0
Avista,2022,4,99143,0.0
PSE,2020,11,98023,0.0
PSE,2022,9,98321,0.0
PAC,2021,12,99323,0.0
PSE,2022,5,98266,0.0
Avista,2020,12,99016,0.0
Avista,2024,8,99030,0.0
PSE,2023,12,98244,0.0
PSE,2023,1,98576,0.0
CNG,2024,10,98247,0.0
PAC,2020,1,98923,124.0
NWN,2020,6,98620,0.0
PAC,2020,9,98930,0.0
CNG,2020,8,98524,0.0
CNG,2022,8,99336,0.0
CNG,2020,3,98312,828.9
CNG,2020,4,98226,0.0
CNG,2021,6,98951,0.0
PSE,2022,5,98188,0.0
CNG,2022,4,98311,0.0
PSE,2020,11,98028,0.0
PSE,2020,7,98004,0.0
CNG,2022,11,99301,0.0
Avista,2024,10,99341,0.0
CNG,2020,11,98908,0.0
PSE,2022,12,98074,0.0
Avista,2022,6,99023,0.0
PSE,2021,8,98004,0.0
Avista,2025,5,99170,0.0
PSE,2023,4,98126,0.0
PSE,2024,8,98274,0.0
PAC,2020,1,98936,437.0
Avista,2021,7,99032,0.0
NWN,2023,8,98307,0.0
PSE,2021,10,98208,0.0
CNG,2025,11,98244,0.0
PSE,2023,12,98260,0.0
NWN,2021,9,97301,0.0
PSE,2021,1,98003,0.0
PSE,2024,10,98439,0.0
PSE,2020,10,98059,0.0
PSE,2020,4,98043,0.0
CNG,2022,6,98541,0.0
PSE,2020,5,98204,0.0
PAC,2024,4,98923,0.0
PSE,2024,12,98119,0.0
Avista,2025,12,99129,0.0
PSE,2024,12,98371,0.0
NWN,2021,4,98642,0.0
Avista,2024,12,99113,0.0
CNG,2021,3,98528,0.0
CNG,2024,6,98366,0.0
PSE,2025,5,98166,0.0
Avista,2022,9,99023,0.0
PSE,2025,10,98027,0.0
CNG,2023,4,99338,0.0
PSE,2022,10,98270,0.0
PSE,2023,6,98072,0.0
PAC,2021,1,99347,0.0
Avista,2025,9,99203,0.0
CNG,2021,11,98370,0.0
PSE,2025,2,98232,0.0
Avista,2025,1,99101,0.0
PSE,2022,5,98106,0.0
PAC,2022,5,98901,0.0
Avista,2025,5,99104,0.0
Avista,2024,7,99023,0.0
Avista,2024,6,99164,0.0
NWN,2023,6,98610,0.0
Avista,2020,12,99156,0.0
Avista,2020,10,99143,0.0
NWN,2024,1,98666,0.0
PAC,2023,10,98938,0.0
PAC,2024,2,99348,0.0
CNG,2022,4,99323,0.0
CNG,2023,8,98226,0.0
NWN,2024,4,98663,0.0
PAC,2025,10,98901,373.0
NWN,2021,2,98604,0.0
PSE,2025,12,98374,0.0
Avista,2022,1,99113,0.0
PAC,2021,5,99362,0.0
CNG,2020,4,98930,0.0
CNG,2023,5,98626,0.0
NWN,2022,6,98686,0.0
Avista,2021,2,99104,0.0
Avista,2024,8,99181,0.0
CNG,2024,2,98632,0.0
Avista,2023,8,99006,0.0
PSE,2020,8,98047,0.0
CNG,2024,9,99301,0.0
Avista,2021,1,99403,0.0
Avista,2021,2,99130,0.0
NWN,2025,6,98662,0.0
Avista,2024,10,99173,0.0
Avista,2023,1,99163,0.0
PSE,2025,3,98467,0.0
Avista,2025,3,99107,0.0
PSE,2021,7,98372,0.0
CNG,2024,4,98310,0.0
CNG,2021,5,99337,0.0
PAC,2021,3,98938,0.0
Avista,2025,8,99110,0.0
CNG,2020,10,98953,0.0
PSE,2021,10,98047,0.0
Avista,2021,5,99128,0.0
CNG,2021,5,98801,0.0
PAC,2024,10,98935,0.0
CNG,2020,6,98563,0.0
NWN,2024,10,97301,0.0
CNG,2020,10,99336,0.0
NWN,2021,11,98628,0.0
CNG,2025,9,98520,0.0
PSE,2025,1,98380,0.0
PAC,2024,3,98944,0.0
NWN,2023,7,98026,0.0
CNG,2025,10,98282,0.0
NWN,2020,10,98307,0.0
Avista,2024,11,99034,0.0
PSE,2020,12,98506,0.0
PSE,2023,12,98021,0.0
PSE,2023,9,98199,0.0
PSE,2024,2,98327,0.0
PSE,2022,10,98038,0.0
Avista,2023,11,99157,0.0
PSE,2025,4,98237,0.0
PSE,2025,11,98125,0.0
CNG,2023,11,98528,0.0
CNG,2025,9,98948,0.0
CNG,2021,12,98311,0.0
PAC,2022,10,98921,0.0
Avista,2020,6,99335,0.0
Avista,2022,7,99204,0.0
CNG,2020,7,98226,0.0
Avista,2023,5,99104,0.0
Avista,2020,3,99125,0.0
PSE,2020,11,98133,0.0
PSE,2020,4,98373,0.0
NWN,2023,11,98663,0.0
PSE,2021,12,98007,0.0
CNG,2021,2,98274,0.0
PSE,2022,5,98012,0.0
Avista,2023,7,99205,0.0
CNG,2020,12,98220,0.0
PSE,2021,12,98371,0.0
CNG,2021,11,98930,0.0
NWN,2022,11,98635,0.0
Avista,2023,8,99156,0.0
PSE,2020,10,98125,0.0
PAC,2021,2,99328,0.0
CNG,2020,1,99352,0.0
PSE,2025,1,98941,0.0
NWN,2023,3,98629,0.0
PSE,2024,5,98148,0.0
PSE,2024,3,98043,0.0
CNG,2023,11,98240,0.0
Avista,2020,3,99001,0.0
PSE,2022,9,98409,0.0
CNG,2020,5,98337,0.0
PSE,2023,11,98922,0.0
PSE,2022,6,98375,0.0
CNG,2023,4,98292,0.0
PSE,2024,4,98422,0.0
NWN,2021,11,98662,0.0
NWN,2022,4,98127,0.0
Avista,2024,3,99146,0.0
PSE,2020,10,98941,0.0
CNG,2023,6,98314,0.0
PSE,2021,10,98237,0.0
PSE,2023,2,98402,0.0
PAC,2023,8,98952,0.0
PSE,2022,12,98002,0.0
PSE,2024,2,98058,0.0
Avista,2020,5,99134,0.0
CNG,2021,5,98310,0.0
NWN,2022,8,98606,0.0
PSE,2021,12,98335,0.0
PAC,2021,1,99361,0.0
Avista,2021,1,99174,0.0
NWN,2022,6,98672,0.0
PSE,2022,1,98941,0.0
Avista,2021,5,99159,0.0
NWN,2020,5,98605,0.0
PSE,2024,3,98010,0.0
CNG,2021,9,98550,0.0
CNG,2022,7,98932,0.0
NWN,2024,4,98665,0.0
PSE,2024,8,98406,0.0
CNG,2023,12,98284,0.0
PAC,2025,6,98936,8.74
NWN,2022,7,98672,0.0
PSE,2021,8,98043,0.0
Avista,2020,5,99034,0.0
Avista,2023,5,99212,0.0
CNG,2021,7,98240,0.0
PSE,2024,4,98055,0.0
PSE,2024,12,98404,0.0
Avista,2020,3,99159,0.0
NWN,2020,5,98639,0.0
CNG,2025,9,98284,0.0
CNG,2022,6,98345,0.0
Avista,2021,11,99029,0.0
PSE,2020,3,98037,0.0
CNG,2020,5,98284,0.0
CNG,2020,7,98901,0.0
PSE,2023,9,98359,0.0
CNG,2023,12,98944,0.0
PSE,2021,8,98366,0.0
PSE,2022,3,98008,0.0
NWN,2025,7,98661,0.0
PSE,2025,12,98003,0.0
Avista,2022,6,99003,0.0
Avista,2024,10,99039,0.0
CNG,2023,10,98801,0.0
PSE,2023,8,98342,0.0
CNG,2021,7,98557,0.0
Avista,2025,1,99129,0.0
PAC,2023,4,99361,0.0
Avista,2025,4,99004,0.0
Avista,2023,10,99134,0.0
Avista,2023,1,99141,0.0
CNG,2024,1,98274,0.0
NWN,2021,8,98629,0.0
PAC,2025,9,99323,0.35
CNG,2025,12,98282,0.0
NWN,2025,1,98668,0.0
PSE,2021,7,98125,0.0
PSE,2020,12,98201,0.0
NWN,2022,10,98662,0.0
NWN,2025,1,98606,0.0
Avista,2025,3,98857,0.0
Avista,2023,5,99173,0.0
PAC,2021,8,99328,0.0
CNG,2021,12,98936,0.0
CNG,2023,8,98314,0.0
PSE,2020,10,98516,0.0
PSE,2023,1,98201,0.0
Avista,2022,7,99031,0.0
PSE,2025,10,98033,0.0
PSE,2024,3,98374,0.0
CNG,2020,6,99344,0.0
NWN,2024,6,98127,0.0
CNG,2024,3,98370,0.0
Avista,2020,3,99185,0.0
PAC,2020,9,98938,0.0
PSE,2020,9,98506,0.0
CNG,2021,8,98625,0.0
Avista,2025,11,99004,0.0
PSE,2025,1,98024,0.0
PSE,2021,6,98502,0.0
Avista,2023,11,99109,0.0
PAC,2021,1,99323,0.0
PSE,2021,7,98074,0.0
PSE,2021,6,98031,0.0
PSE,2024,3,98201,0.0
CNG,2021,6,98220,0.0
Avista,2023,9,99122,0.0
CNG,2021,5,98528,0.0
CNG,2023,7,98248,0.0
NWN,2023,8,97388,0.0
Avista,2025,1,99006,0.0
PSE,2021,6,98258,0.0
PSE,2022,1,98177,0.0
Avista,2020,3,99004,0.0
CNG,2025,10,98366,0.0
NWN,2022,2,98610,0.0
Avista,2024,3,99020,0.0
PSE,2023,6,98277,0.0
PSE,2021,9,98146,0.0
NWN,2020,9,98686,0.0
PSE,2021,7,98119,0.0
PSE,2021,4,98506,0.0
Avista,2023,3,98857,0.0
PSE,2025,8,98372,0.0
PSE,2023,11,98503,0.0
PSE,2025,3,98445,0.0
PSE,2021,4,98312,0.0
PSE,2024,12,98121,0.0
CNG,2023,7,98626,0.0
Avista,2024,9,99164,0.0
NWN,2022,9,98663,0.0
PSE,2023,7,98934,0.0
PSE,2023,11,98109,0.0
NWN,2025,1,98642,0.0
Avista,2025,12,99029,0.0
Avista,2023,8,99102,0.0
NWN,2025,12,97301,0.0
PSE,2024,6,98056,0.0
PSE,2023,6,98367,0.0
CNG,2024,12,98528,0.0
CNG,2021,10,98248,0.0
NWN,2023,10,98617,0.0
PSE,2025,12,98597,0.0
PSE,2020,8,98532,0.0
PSE,2021,10,98122,0.0
CNG,2022,3,98367,0.0
Avista,2021,4,99027,0.0
PSE,2020,3,98257,0.0
Avista,2025,11,99163,0.0
PSE,2021,5,98225,0.0
CNG,2024,11,98240,0.0
Avista,2023,8,99025,0.0
PSE,2020,8,98052,0.0
PSE,2025,4,98380,0.0
PSE,2021,4,98026,0.0
CNG,2021,6,98292,0.0
PSE,2021,2,98335,0.0
PSE,2022,4,98105,0.0
CNG,2022,10,98626,0.0
Avista,2020,6,99146,0.0
CNG,2022,10,98312,0.0
CNG,2020,10,98550,0.0
PAC,2021,7,99329,0.0
Avista,2021,4,99111,0.0
PSE,2022,10,98445,0.0
PSE,2022,3,98047,0.0
Avista,2023,6,99025,0.0
PSE,2025,3,98406,0.0
PAC,2024,3,98939,0.0
Avista,2021,5,99160,0.0
PSE,2024,9,98360,0.0
Avista,2023,9,99027,0.0
PSE,2020,10,98012,0.0
PAC,2022,8,98935,0.0
PAC,2025,9,98902,4.07
PSE,2023,7,98002,0.0
NWN,2020,7,98666,0.0
PSE,2023,10,98371,0.0
Avista,2021,3,99001,0.0
PSE,2023,3,98424,0.0
Avista,2024,6,99208,0.0
PSE,2025,3,98038,0.0
CNG,2022,5,98264,0.0
CNG,2024,4,98230,0.0
PAC,2025,7,98908,20.55
Avista,2022,3,99014,0.0
CNG,2025,7,98942,0.0
PAC,2021,8,98944,0.0
Avista,2024,9,99146,0.0
PSE,2020,5,98360,0.0
PSE,2021,10,98119,0.0
NWN,2020,6,98642,0.0
PSE,2022,5,98392,0.0
PSE,2022,6,98117,0.0
NWN,2025,10,98664,0.0
Avista,2025,8,99109,0.0
PSE,2023,12,98338,0.0
PSE,2022,6,98118,0.0
PSE,2023,4,98367,0.0
CNG,2023,6,98311,0.0
PSE,2024,12,98072,0.0
NWN,2021,2,98682,0.0
CNG,2022,12,98223,0.0
PSE,2025,7,98116,0.0
Avista,2023,1,99037,0.0
Avista,2025,3,99033,0.0
PSE,2023,10,98409,0.0
PSE,2022,4,98934,0.0
PAC,2024,1,98942,0.0
CNG,2024,2,98584,0.0
PSE,2023,6,98239,0.0
Avista,2020,3,99036,0.0
Avista,2022,10,99174,0.0
CNG,2021,7,98948,0.0
PSE,2023,6,98117,0.0
PAC,2024,8,98935,0.0
PSE,2023,11,98239,0.0
PSE,2020,12,98346,0.0
PSE,2024,1,98274,0.0
PSE,2023,9,98922,0.0
PSE,2025,2,98466,0.0
Avista,2021,10,99107,0.0
PSE,2022,1,98042,0.0
PSE,2024,6,98038,0.0
PSE,2023,9,98596,0.0
Avista,2025,11,99212,0.0
NWN,2022,1,98604,0.0
PSE,2023,3,98922,0.0
PSE,2024,6,98422,0.0
Avista,2024,6,99006,0.0
PSE,2020,11,98255,0.0
Avista,2025,2,99131,0.0
CNG,2021,2,99350,0.0
Avista,2021,4,99009,0.0
Avista,2023,8,99009,0.0
CNG,2022,2,98528,0.0
NWN,2024,2,98683,0.0
Avista,2020,10,99223,0.0
Avista,2025,4,99158,0.0
NWN,2025,8,98610,0.0
CNG,2022,2,98345,0.0
PSE,2022,11,98122,0.0
PSE,2020,3,98072,0.0
PSE,2023,10,98230,0.0
NWN,2022,9,98642,0.0
NWN,2025,6,98125,0.0
PSE,2022,1,98023,0.0
PSE,2025,6,98208,0.0
Avista,2020,4,99016,0.0
PSE,2025,9,98021,0.0
PSE,2022,12,98312,0.0
PSE,2020,4,98501,0.0
PSE,2024,3,98052,0.0
CNG,2021,8,98383,0.0
Avista,2024,11,99403,0.0
PSE,2022,11,98118,0.0
PAC,2022,4,99347,0.0
PSE,2024,1,98087,0.0
PSE,2023,2,98133,0.0
PSE,2023,1,98359,0.0
Avista,2023,6,99109,0.0
Avista,2020,7,99030,0.0
PAC,2023,11,98921,0.0
PSE,2023,9,98255,0.0
PSE,2025,3,98055,0.0
CNG,2025,4,98277,0.0
PSE,2022,7,98257,0.0
PSE,2022,7,98439,0.0
CNG,2021,9,98264,0.0
PSE,2021,6,98101,0.0
PAC,2021,5,98935,0.0
NWN,2022,12,98617,0.0
NWN,2023,9,98607,0.0
Avista,2025,12,99161,0.0
CNG,2022,4,99362,0.0
NWN,2025,6,98665,0.0
Avista,2020,9,99185,0.0
Avista,2023,5,99040,0.0
NWN,2023,9,98663,0.0
Avista,2024,10,99402,0.0
Avista,2025,8,98620,0.0
Avista,2022,2,99217,0.0
PSE,2021,5,98019,0.0
CNG,2020,6,98229,0.0
Avista,2024,1,99014,0.0
Avista,2023,9,99109,0.0
Avista,2024,10,99137,0.0
CNG,2022,10,98221,0.0
PSE,2021,9,98221,0.0
NWN,2021,11,98762,0.0
PSE,2023,11,98255,0.0
Avista,2025,3,99037,0.0
PSE,2020,9,98024,0.0
Avista,2024,9,99129,0.0
PSE,2020,10,98271,0.0
CNG,2025,8,98802,0.0
PSE,2024,10,98028,0.0
PSE,2020,7,98031,0.0
Avista,2025,8,99020,0.0
Avista,2021,4,99131,0.0
Avista,2020,4,99113,0.0
CNG,2020,10,98257,0.0
PSE,2025,3,98102,0.0
PSE,2024,2,98444,0.0
NWN,2021,2,97388,0.0
CNG,2022,6,98277,0.0
PSE,2023,12,98051,0.0
PSE,2021,2,98109,0.0
PSE,2025,10,98271,0.0
PSE,2021,12,98390,0.0
CNG,2024,2,98944,0.0
CNG,2020,1,98541,0.0
Avista,2020,8,98620,0.0
PSE,2020,9,98047,0.0
Avista,2021,12,99205,0.0
PSE,2022,4,98122,0.0
PSE,2025,10,98053,0.0
NWN,2025,5,98208,0.0
CNG,2022,2,98626,0.0
PSE,2023,5,98051,0.0
PSE,2021,8,98019,0.0
PSE,2020,4,98225,0.0
PSE,2024,4,98021,0.0
PSE,2020,5,98342,0.0
PAC,2020,4,99301,0.0
PSE,2025,9,98087,0.0
CNG,2024,1,98247,0.0
Avista,2025,11,99027,0.0
CNG,2025,9,98626,0.0
CNG,2023,1,98220,0.0
CNG,2025,5,98632,0.0
CNG,2024,9,99353,0.0
CNG,2025,3,98528,0.0
Avista,2020,4,98620,0.0
PAC,2022,1,98932,0.0
CNG,2021,4,98345,0.0
PSE,2021,5,98258,0.0
NWN,2025,10,98686,0.0
CNG,2022,11,98626,0.0
PSE,2021,8,98467,0.0
CNG,2024,5,98229,0.0
PSE,2022,2,98404,0.0
CNG,2020,5,98240,0.0
Avista,2023,8,99163,0.0
Avista,2023,8,99036,0.0
Avista,2024,8,99148,0.0
Avista,2021,5,99034,0.0
Avista,2022,7,99125,0.0
PSE,2025,1,98257,0.0
PSE,2024,8,98244,0.0
NWN,2020,3,98682,0.0
PSE,2022,6,98166,0.0
CNG,2022,11,98277,0.0
CNG,2022,11,98311,0.0
Avista,2025,8,99131,0.0
PSE,2021,12,98008,0.0
CNG,2021,2,98240,0.0
PSE,2021,11,98371,0.0
PAC,2024,5,98903,0.0
PSE,2021,12,98310,0.0
PSE,2020,3,98199,0.0
PSE,2021,4,98012,0.0
PSE,2023,5,98596,0.0
CNG,2025,5,98230,0.0
Avista,2023,9,99223,0.0
Avista,2021,6,99033,0.0
PSE,2021,9,98109,0.0
NWN,2023,12,98119,0.0
Avista,2023,3,99203,0.0
PSE,2025,10,98392,0.0
PSE,2020,11,98226,0.0
NWN,2022,5,98119,0.0
CNG,2020,6,98240,0.0
CNG,2025,7,99354,0.0
PSE,2021,9,98023,0.0
NWN,2022,3,98864,0.0
PSE,2020,11,98056,0.0
PSE,2023,1,98262,0.0
NWN,2024,12,98674,0.0
Avista,2024,6,99228,0.0
PSE,2022,6,98513,0.0
CNG,2025,11,98626,0.0
PSE,2020,8,98074,0.0
NWN,2024,7,98762,0.0
PSE,2025,8,98375,0.0
NWN,2025,2,98685,0.0
PSE,2025,4,98040,0.0
NWN,2023,1,98663,0.0
PAC,2021,4,98947,0.0
CNG,2024,12,98220,0.0
PSE,2023,1,98008,0.0
PSE,2024,3,98045,0.0
PSE,2025,5,98104,0.0
PSE,2025,10,98070,0.0
CNG,2022,10,98271,0.0
Avista,2022,4,99158,0.0
PSE,2022,3,98038,0.0
PSE,2025,1,98031,0.0
PSE,2023,11,98148,0.0
NWN,2025,9,98635,0.0
Avista,2023,7,99018,0.0
Avista,2025,11,99008,0.0
PSE,2022,4,98312,0.0
PSE,2022,10,98373,0.0
PAC,2024,3,98938,0.0
NWN,2021,8,97301,0.0
Avista,2020,4,99138,0.0
PAC,2022,4,99350,0.0
NWN,2022,10,98666,0.0
Avista,2022,3,99149,0.0
CNG,2024,12,98520,0.0
PSE,2021,8,98177,0.0
PSE,2021,3,98499,0.0
CNG,2025,1,98383,0.0
CNG,2021,5,99324,0.0
NWN,2021,3,98675,0.0
Avista,2024,4,99113,0.0
Avista,2023,7,99111,0.0
PSE,2021,8,98512,0.0
PSE,2025,2,98230,0.0
Avista,2025,7,99174,0.0
PSE,2024,8,98208,0.0
PSE,2020,10,98178,0.0
CNG,2024,10,98930,0.0
PSE,2023,11,98232,0.0
Avista,2025,8,99156,0.0
PSE,2022,11,98332,0.0
PSE,2020,12,98028,0.0
PSE,2023,12,98375,0.0
NWN,2024,1,97301,0.0
Avista,2020,5,99156,0.0
PAC,2024,5,98935,0.0
CNG,2021,12,98337,0.0
PSE,2022,10,98028,0.0
NWN,2021,9,98668,0.0
CNG,2021,5,98541,0.0
PSE,2021,5,98006,0.0
PSE,2024,6,98052,0.0
PSE,2021,8,98045,0.0
PAC,2023,2,98942,0.0
CNG,2020,1,98383,0.0
PSE,2021,9,98031,0.0
CNG,2023,6,98528,0.0
PSE,2024,10,98023,0.0
PSE,2024,11,98204,0.0
PSE,2022,7,98042,0.0
PSE,2023,9,98371,0.0
NWN,2022,4,98612,0.0
Avista,2023,1,99036,0.0
Avista,2022,8,99160,0.0
Avista,2023,9,99029,0.0
PSE,2022,11,98371,0.0
Avista,2021,9,99402,0.0
PSE,2023,10,98065,0.0
CNG,2025,5,98311,0.0
PSE,2020,8,98579,0.0
CNG,2025,7,98944,0.0
CNG,2020,5,98520,0.0
PSE,2020,9,98499,0.0
PSE,2023,4,98116,0.0
PSE,2025,4,98516,0.0
NWN,2020,4,98664,3.39
PSE,2022,8,98922,0.0
PSE,2020,10,98392,0.0
PSE,2021,6,98388,0.0
CNG,2022,10,99323,0.0
PSE,2021,4,98021,0.0
Avista,2022,10,99110,0.0
Avista,2021,6,99004,0.0
CNG,2023,4,98314,0.0
Avista,2023,10,99228,0.0
Avista,2021,2,99033,0.0
CNG,2023,7,98901,0.0
Avista,2020,10,99004,0.0
PAC,2022,2,98901,0.0
PSE,2023,3,98023,0.0
PSE,2020,8,98290,0.0
PSE,2021,7,98056,0.0
Avista,2023,11,99212,0.0
CNG,2021,1,98225,0.0
CNG,2020,7,98225,0.0
PSE,2020,11,98001,0.0
Avista,2022,12,99151,0.0
Avista,2020,12,99203,0.0
PSE,2024,2,98516,0.0
Avista,2025,4,99149,0.0
PAC,2023,5,98930,0.0
Avista,2025,12,99003,0.0
PSE,2023,12,98392,0.0
PSE,2021,12,98021,0.0
PSE,2022,10,98275,0.0
PSE,2025,1,98225,0.0
NWN,2021,3,97301,0.0
Avista,2025,9,99020,0.0
CNG,2023,8,98273,0.0
CNG,2021,9,98240,0.0
CNG,2025,11,98311,0.0
PSE,2021,12,98038,0.0
PSE,2025,11,98275,0.0
PSE,2020,12,98926,0.0
PSE,2025,12,98024,0.0
Avista,2023,9,99111,0.0
NWN,2023,6,98642,0.0
PSE,2021,11,98225,0.0
PSE,2022,9,98116,0.0
NWN,2025,2,98125,0.0
PSE,2022,1,98008,0.0
CNG,2021,7,98284,0.0
NWN,2024,9,97301,0.0
CNG,2024,8,99301,0.0
PSE,2021,7,98941,0.0
PSE,2022,3,98941,0.0
PAC,2020,4,98944,0.0
PSE,2023,6,98108,0.0
PAC,2022,9,99347,0.0
PSE,2023,7,98272,0.0
Avista,2023,11,99141,0.0
PSE,2022,12,98346,0.0
CNG,2022,9,98584,0.0
Avista,2024,8,99021,0.0
NWN,2021,2,98607,0.0
Avista,2024,1,99219,0.0
PSE,2025,9,98233,0.0
Avista,2024,12,99146,0.0
NWN,2022,12,98127,0.0
PSE,2020,3,98531,0.0
CNG,2022,5,98848,0.0
PSE,2022,9,98422,0.0
Avista,2025,10,99167,0.0
PAC,2020,6,98944,0.0
Avista,2020,10,99403,0.0
CNG,2024,11,98276,0.0
PSE,2025,5,98002,0.0
NWN,2020,5,98648,0.0
PAC,2024,5,98937,0.0
NWN,2025,3,98606,0.0
CNG,2025,4,98273,0.0
Avista,2020,11,99137,0.0
Avista,2020,12,99169,0.0
CNG,2022,12,98257,0.0
PSE,2022,4,98199,0.0
PSE,2021,6,98198,0.0
Avista,2022,2,99208,0.0
PSE,2024,12,98321,0.0
PSE,2023,6,98380,0.0
NWN,2024,3,98026,0.0
NWN,2023,2,98684,0.0
CNG,2021,3,98848,0.0
Avista,2022,9,99003,0.0
Avista,2024,2,99122,0.0
CNG,2020,4,98230,0.0
CNG,2020,11,98584,0.0
PSE,2020,9,98372,0.0
CNG,2025,1,98524,0.0
PSE,2020,11,98144,0.0
CNG,2025,8,99337,0.0
CNG,2020,7,99338,0.0
PSE,2023,7,98225,0.0
CNG,2023,7,98271,0.0
Avista,2024,3,98857,0.0
PSE,2024,1,98409,0.0
PSE,2022,8,98439,0.0
Avista,2025,2,99006,0.0
Avista,2022,3,99344,0.0
Avista,2025,12,99032,0.0
Avista,2021,12,99128,0.0
CNG,2021,4,98801,0.0
PSE,2022,2,98406,0.0
PSE,2020,7,98030,0.0
PSE,2024,8,98144,0.0
Avista,2024,6,98620,0.0
PSE,2024,11,98119,0.0
CNG,2024,6,98370,0.0
Avista,2020,7,99220,0.0
PSE,2023,11,98467,0.0
PSE,2022,5,98366,0.0
PSE,2024,12,98198,0.0
PSE,2022,9,98144,0.0
Avista,2021,6,99144,0.0
Avista,2025,10,99260,0.0
Avista,2025,11,99103,0.0
PSE,2024,4,98387,0.0
Avista,2025,1,99134,0.0
Avista,2020,4,99122,0.0
Avista,2022,6,99001,0.0
Avista,2021,2,99125,0.0
PSE,2022,10,98108,0.0
PAC,2024,9,99350,0.0
CNG,2020,2,98902,0.0
PSE,2025,7,98146,0.0
CNG,2022,2,98563,0.0
Avista,2021,3,99011,0.0
NWN,2020,3,98635,0.0
PSE,2021,4,98133,0.0
PAC,2021,6,98953,0.0
PSE,2023,4,98290,0.0
PSE,2025,7,98011,0.0
PSE,2020,9,98119,0.0
PSE,2024,2,98198,0.0
PAC,2021,2,99347,0.0
Avista,2025,10,99218,0.0
Avista,2021,3,99403,0.0
PSE,2023,8,98499,0.0
PSE,2022,7,98466,0.0
PSE,2020,12,98272,0.0
Avista,2025,4,99218,0.0
CNG,2021,5,98625,0.0
PSE,2020,7,98418,0.0
PAC,2024,12,98908,0.0
Avista,2022,1,99143,0.0
PSE,2024,3,98168,0.0
Avista,2022,5,99130,0.0
PSE,2023,12,98367,0.0
CNG,2021,10,98674,0.0
CNG,2024,6,98345,0.0
PSE,2023,7,98337,0.0
PSE,2023,9,98503,0.0
CNG,2023,2,98232,0.0
CNG,2024,9,98314,0.0
PSE,2021,4,98321,0.0
Avista,2023,6,99149,0.0
PSE,2021,11,98047,0.0
PSE,2020,12,98290,0.0
PSE,2021,8,98360,0.0
PSE,2020,3,98422,0.0
CNG,2021,9,99336,0.0
PSE,2023,4,98070,0.0
PSE,2022,12,98406,0.0
NWN,2023,1,98125,0.0
PSE,2022,12,98126,0.0
CNG,2020,4,98557,0.0
CNG,2021,2,99344,0.0
CNG,2020,2,98223,0.0
CNG,2022,4,98229,0.0
CNG,2024,7,99353,0.0
PSE,2024,1,98125,0.0
PSE,2020,3,98374,0.0
CNG,2023,12,98248,0.0
Avista,2022,7,99161,0.0
PAC,2023,7,99329,0.0
PSE,2023,4,98072,0.0
Avista,2021,10,99126,0.0
PAC,2024,12,98935,0.0
PSE,2025,5,98321,0.0
Avista,2022,9,99144,0.0
PSE,2023,11,98002,0.0
PSE,2021,2,98466,0.0
Avista,2023,10,99170,0.0
Avista,2024,9,99131,0.0
PSE,2020,3,98408,0.0
PSE,2024,7,98034,0.0
CNG,2024,8,98220,0.0
CNG,2021,5,98611,0.0
Avista,2024,10,99004,0.0
PSE,2021,7,98239,0.0
Avista,2020,3,99109,0.0
PSE,2024,1,98056,0.0
Avista,2023,1,99174,0.0
PAC,2023,10,98942,0.0
PSE,2025,6,98230,0.0
PSE,2024,11,98022,0.0
PSE,2025,3,98335,0.0
PSE,2024,5,98277,0.0
Avista,2023,6,99129,0.0
PSE,2021,8,98284,0.0
PSE,2025,2,98467,0.0
Avista,2021,12,99040,0.0
CNG,2023,8,98264,0.0
Avista,2020,11,99109,0.0
NWN,2025,11,98026,0.0
PSE,2020,4,98244,0.0
PSE,2020,6,98337,0.0
Avista,2021,10,99037,0.0
PSE,2021,9,98255,0.0
PSE,2022,2,98232,0.0
PAC,2022,7,98939,0.0
Avista,2024,6,99163,0.0
PSE,2023,8,98056,0.0
NWN,2022,12,98026,0.0
PAC,2020,5,99301,0.0
NWN,2021,9,98671,0.0
PSE,2025,1,98070,0.0
NWN,2023,6,98672,0.0
Avista,2022,1,99216,0.0
PSE,2022,4,98204,0.0
PSE,2023,7,98005,0.0
PSE,2021,4,98373,0.0
Avista,2020,4,99006,0.0
PSE,2021,6,98499,0.0
CNG,2025,11,98383,0.0
Avista,2025,12,98648,0.0
CNG,2025,5,98370,0.0
PAC,2022,7,98930,0.0
PSE,2023,5,98391,0.0
PSE,2023,11,98055,0.0
PSE,2021,3,98444,0.0
PSE,2021,12,98144,0.0
Avista,2021,9,99125,0.0
NWN,2024,7,98661,0.0
NWN,2022,12,98671,0.0
CNG,2024,1,98902,0.0
Avista,2025,1,99223,0.0
PSE,2025,6,98926,0.0
PSE,2021,4,98311,0.0
CNG,2021,7,98274,0.0
PSE,2024,6,98260,0.0
CNG,2025,6,98520,0.0
Avista,2023,2,99027,0.0
CNG,2025,1,98311,0.0
PSE,2024,12,98260,0.0
Avista,2025,8,99208,0.0
PAC,2021,10,98952,0.0
PSE,2025,2,98188,0.0
CNG,2023,8,98257,0.0
CNG,2023,8,99352,0.0
PAC,2020,2,98953,580.0
PSE,2025,1,98579,0.0
PSE,2023,7,98043,0.0
CNG,2021,1,98276,0.0
Avista,2023,2,99122,0.0
PSE,2025,6,98501,0.0
NWN,2024,4,98648,0.0
PSE,2021,8,98312,0.0
CNG,2022,8,98292,0.0
Avista,2021,11,99033,0.0
PSE,2020,12,98373,0.0
NWN,2021,1,98307,0.0
PSE,2023,3,98311,0.0
PSE,2020,5,98374,0.0
PSE,2022,7,98012,0.0
PSE,2021,2,98346,0.0
PSE,2022,3,98005,0.0
Avista,2023,5,99021,0.0
Avista,2025,6,99020,0.0
Avista,2022,8,99101,0.0
CNG,2020,9,98292,0.0
Avista,2024,3,99037,0.0
PSE,2024,4,98126,0.0
PSE,2023,2,98273,0.0
PSE,2024,11,98030,0.0
PSE,2022,5,98335,0.0
CNG,2021,11,98936,0.0
CNG,2025,3,98223,0.0
CNG,2025,3,99362,0.0
PSE,2025,11,98335,0.0
PSE,2025,7,98065,0.0
NWN,2022,4,98208,0.0
PSE,2022,7,98005,0.0
NWN,2025,7,98208,0.0
CNG,2020,11,98951,0.0
NWN,2023,8,98127,0.0
PAC,2022,1,99328,0.0
PSE,2022,11,98116,0.0
PSE,2024,2,98045,0.0
PSE,2021,10,98034,0.0
PSE,2025,1,98204,0.0
Avista,2023,3,99018,0.0
PSE,2024,9,98117,0.0
Avista,2025,1,99149,0.0
PSE,2021,5,98424,0.0
PSE,2021,7,98028,0.0
Avista,2022,2,99005,0.0
PSE,2020,11,98273,0.0
CNG,2020,2,98528,0.0
CNG,2020,5,98557,0.0
PSE,2022,10,98224,0.0
PAC,2022,2,99362,0.0
PSE,2021,10,98501,0.0
CNG,2024,3,99336,0.0
CNG,2024,5,98563,0.0
Avista,2021,11,99220,0.0
PSE,2020,11,98004,0.0
Avista,2024,11,99181,0.0
Avista,2024,11,99402,0.0
PAC,2024,2,98939,0.0
PSE,2024,5,98043,0.0
CNG,2020,11,98240,0.0
PSE,2021,3,98467,0.0
NWN,2021,9,98604,0.0
CNG,2023,2,98229,0.0
CNG,2021,11,98932,0.0
Avista,2021,1,99009,0.0
PAC,2021,12,98932,0.0
PSE,2024,4,98503,0.0
PSE,2021,6,98166,0.0
PSE,2022,4,98072,0.0
CNG,2020,1,98282,0.0
Avista,2022,8,99039,0.0
CNG,2020,1,98366,0.0
Avista,2023,10,99202,0.0
PSE,2020,8,98030,0.0
PSE,2021,5,98224,0.0
PAC,2025,1,98908,1.78
NWN,2021,1,98661,0.0
Avista,2021,5,98857,0.0
PSE,2025,12,98408,0.0
PSE,2021,9,98373,0.0
PAC,2025,6,98901,362.63
Avista,2021,5,99022,0.0
PSE,2023,3,98032,0.0
Avista,2024,3,99016,0.0
PSE,2025,1,98922,0.0
NWN,2025,12,98617,0.0
Avista,2024,2,99217,0.0
PAC,2024,4,98930,0.0
Avista,2022,5,99148,0.0
PSE,2024,8,98338,0.0
PSE,2024,9,98444,0.0
PAC,2023,9,98942,0.0
CNG,2024,12,98244,0.0
NWN,2022,5,97663,0.0
PSE,2020,11,98230,0.0
NWN,2022,4,98665,0.0
PSE,2023,10,98342,0.0
Avista,2021,11,99335,0.0
NWN,2025,5,98119,0.0
PSE,2020,12,98052,0.0
CNG,2021,12,98370,0.0
PSE,2022,6,98370,0.0
PSE,2023,11,98941,0.0
PSE,2024,11,98312,0.0
Avista,2024,3,99169,0.0
Avista,2023,8,99403,0.0
Avista,2024,11,99160,0.0
Avista,2025,12,99171,0.0
CNG,2023,4,98903,0.0
Avista,2023,12,98620,0.0
Avista,2022,6,99208,0.0
PSE,2023,12,98201,0.0
PSE,2024,8,98177,0.0
NWN,2024,12,98762,0.0
Avista,2021,9,99021,0.0
Avista,2024,2,99224,0.0
NWN,2023,7,98604,0.0
Avista,2021,4,99341,0.0
CNG,2024,9,98220,0.0
Avista,2024,6,99020,0.0
PAC,2020,5,99324,0.0
Avista,2024,3,99005,0.0
CNG,2025,11,98273,0.0
PSE,2020,9,98003,0.0
PSE,2023,4,98446,0.0
Avista,2025,1,99022,0.0
PSE,2024,12,98513,0.0
Avista,2021,8,99113,0.0
PSE,2023,10,98045,0.0
PSE,2025,3,98065,0.0
PSE,2023,9,98383,0.0
PSE,2024,1,98092,0.0
CNG,2020,8,98233,0.0
CNG,2021,8,98310,0.0
PSE,2022,5,98926,0.0
PSE,2022,8,98001,0.0
CNG,2024,2,99324,0.0
PSE,2024,9,98032,0.0
CNG,2024,10,98240,0.0
PSE,2023,1,98258,0.0
CNG,2022,8,98223,0.0
CNG,2025,4,98674,0.0
Avista,2025,10,99160,0.0
Avista,2022,2,99167,0.0
PSE,2024,4,98031,0.0
PSE,2023,9,98467,0.0
PSE,2024,3,98371,0.0
CNG,2023,4,98936,0.0
PSE,2022,2,98004,0.0
Avista,2023,5,99006,0.0
PSE,2024,1,98232,0.0
PAC,2024,5,98902,0.0
CNG,2021,3,98932,0.0
PSE,2024,3,98023,0.0
CNG,2023,5,99344,0.0
Avista,2025,9,99117,0.0
PAC,2022,2,98953,0.0
PSE,2021,1,98237,0.0
CNG,2020,5,98563,0.0
PSE,2020,8,98006,0.0
Avista,2022,1,99212,0.0
PAC,2021,6,98936,0.0
PSE,2022,7,98239,0.0
PSE,2024,12,98031,0.0
PSE,2023,3,98374,0.0
NWN,2025,4,98661,0.0
CNG,2024,10,98229,0.0
PSE,2021,1,98010,0.0
PSE,2024,11,98121,0.0
Avista,2024,1,99129,0.0
PSE,2023,1,98387,0.0
CNG,2023,1,98901,0.0
Avista,2021,1,99001,0.0
PSE,2025,6,98059,0.0
CNG,2021,5,98903,0.0
Avista,2021,10,99205,0.0
Avista,2020,10,99107,0.0
Avista,2024,9,99216,0.0
CNG,2021,4,98902,0.0
PSE,2023,1,98402,0.0
PSE,2021,3,98589,0.0
PSE,2021,1,98043,0.0
Avista,2020,11,99102,0.0
Avista,2021,12,99025,0.0
CNG,2024,9,98908,0.0
CNG,2021,9,98247,0.0
PSE,2022,10,98444,0.0
CNG,2021,3,98257,0.0
PSE,2020,4,98226,0.0
PAC,2025,4,99362,62.36
CNG,2025,4,98908,0.0
CNG,2024,6,98936,0.0
CNG,2025,2,98311,0.0
PSE,2020,5,98224,0.0
Avista,2024,9,99176,0.0
CNG,2020,4,99337,0.0
PSE,2023,8,98112,0.0
PSE,2023,2,98359,0.0
PAC,2020,11,98937,0.0
PSE,2022,7,98109,0.0
CNG,2024,12,98223,0.0
NWN,2025,10,98620,0.0
PSE,2023,3,98121,0.0
PAC,2024,7,98935,0.0
NWN,2020,6,98604,0.0
PSE,2022,4,98531,0.0
NWN,2022,10,97663,0.0
Avista,2020,8,99128,0.0
Avista,2021,2,99217,0.0
NWN,2023,4,98685,0.0
CNG,2023,8,98221,0.0
PSE,2021,11,98224,0.0
Avista,2024,3,99171,0.0
PSE,2023,12,98371,0.0
CNG,2024,1,98223,0.0
PSE,2025,1,98104,0.0
PAC,2024,12,99347,0.0
Avista,2025,5,99111,0.0
PSE,2022,8,98126,0.0
PSE,2022,9,98232,0.0
Avista,2020,9,99113,0.0
PSE,2020,3,98031,0.0
CNG,2023,5,98273,0.0
PSE,2023,6,98144,0.0
Avista,2024,8,99102,0.0
PSE,2023,5,98332,0.0
PSE,2022,3,98023,0.0
PSE,2022,11,98053,0.0
CNG,2020,11,98930,0.0
PSE,2021,12,98446,0.0
PSE,2020,12,98042,0.0
PSE,2020,9,98310,0.0
CNG,2022,11,98274,0.0
NWN,2023,7,98626,0.0
Avista,2025,11,99131,0.0
PSE,2021,1,98506,0.0
PSE,2021,5,98502,0.0
Avista,2021,10,99013,0.0
PSE,2020,11,98445,0.0
Avista,2020,7,99128,0.0
PSE,2023,12,98941,0.0
CNG,2023,8,98271,0.0
PSE,2024,11,98388,0.0
PSE,2025,3,98204,0.0
CNG,2022,1,98248,0.0
Avista,2020,11,99012,0.0
Avista,2025,3,99174,0.0
CNG,2023,1,99354,0.0
CNG,2022,5,98310,0.0
PAC,2023,6,98932,0.0
PAC,2021,6,98933,0.0
PSE,2022,1,98418,0.0
PSE,2023,4,98201,0.0
PSE,2022,3,98370,0.0
PSE,2022,4,98255,0.0
PSE,2023,5,98597,0.0
PSE,2020,4,98022,0.0
PSE,2023,4,98117,0.0
PAC,2020,5,98944,0.0
Avista,2020,12,99011,0.0
CNG,2023,9,98271,0.0
PSE,2021,10,98028,0.0
Avista,2023,7,99217,0.0
PSE,2025,3,98148,0.0
CNG,2020,1,98248,0.0
PSE,2023,2,98008,0.0
Avista,2025,3,99156,0.0
PSE,2025,6,98576,0.0
PSE,2023,12,98359,0.0
NWN,2022,4,98601,0.0
Avista,2023,1,99208,0.0
PSE,2022,8,98388,0.0
Avista,2024,4,99224,0.0
Avista,2021,6,99204,0.0
PSE,2020,7,98239,0.0
CNG,2022,9,98383,0.0
Avista,2022,7,99026,0.0
PSE,2021,5,98040,0.0
Avista,2020,8,99223,0.0
NWN,2023,1,98674,0.0
CNG,2023,4,98264,0.0
PSE,2024,12,98226,0.0
Avista,2020,12,99012,0.0
PSE,2022,12,98224,0.0
PSE,2023,5,98057,0.0
Avista,2023,12,99216,0.0
PSE,2025,11,98274,0.0
CNG,2024,7,98632,0.0
Avista,2025,7,99205,0.0
CNG,2020,8,98951,0.0
Avista,2024,6,99111,0.0
CNG,2025,8,98337,0.0
PSE,2022,12,98036,0.0
PSE,2025,7,98119,0.0
Avista,2023,8,99020,0.0
Avista,2023,1,99204,0.0
PSE,2021,9,98418,0.0
PSE,2025,5,98178,0.0
Avista,2020,3,99170,0.0
Avista,2020,8,99326,0.0
PAC,2022,7,99348,0.0
NWN,2023,7,97388,0.0
PAC,2024,10,99324,0.0
PSE,2024,3,98579,0.0
PSE,2024,8,98003,0.0
PSE,2025,2,98226,0.0
PSE,2020,3,98144,0.0
PSE,2023,12,98024,0.0
PSE,2022,1,98133,0.0
Avista,2021,4,99151,0.0
Avista,2020,7,99131,0.0
CNG,2025,5,98528,0.0
CNG,2023,2,98951,0.0
NWN,2022,2,97301,0.0
PSE,2020,4,98116,0.0
CNG,2023,7,98311,0.0
Avista,2025,10,99171,0.0
PSE,2021,11,98346,0.0
Avista,2024,11,99102,0.0
PAC,2020,8,98921,0.0
Avista,2025,7,99341,0.0
Avista,2025,11,99033,0.0
Avista,2023,6,99159,0.0
Avista,2024,4,99206,0.0
PSE,2025,3,98057,0.0
Avista,2022,7,99170,0.0
Avista,2024,3,99025,0.0
Avista,2021,11,99341,0.0
NWN,2020,8,98642,0.0
PAC,2023,2,99361,0.0
PSE,2022,5,98125,0.0
CNG,2021,7,98942,0.0
Avista,2023,1,99111,0.0
CNG,2020,5,98541,0.0
Avista,2023,1,99011,0.0
CNG,2025,12,98632,0.0
CNG,2020,7,98528,0.0
CNG,2022,4,98908,0.0
CNG,2021,1,98274,0.0
CNG,2022,9,98312,0.0
Avista,2023,10,99130,0.0
Avista,2024,7,99008,0.0
PSE,2023,7,98117,0.0
Avista,2024,8,99371,0.0
Avista,2025,6,99012,0.0
Avista,2020,6,99185,0.0
PSE,2025,3,98597,0.0
Avista,2024,8,99156,0.0
PSE,2021,6,98023,0.0
PSE,2024,2,98106,0.0
PAC,2024,6,98902,0.0
PSE,2021,7,98266,0.0
PSE,2025,11,98424,0.0
PSE,2023,4,98380,0.0
CNG,2020,4,98541,0.0
CNG,2021,9,98233,0.0
NWN,2025,10,98666,0.0
PSE,2022,12,98408,0.0
PSE,2025,12,98262,0.0
NWN,2023,3,98668,0.0
PSE,2023,11,98103,0.0
Avista,2024,10,99224,0.0
PSE,2025,4,98941,0.0
PSE,2020,12,98439,0.0
Avista,2022,1,99160,0.0
PSE,2021,4,98042,0.0
Avista,2020,12,99022,0.0
PSE,2021,11,98204,0.0
Avista,2023,4,99344,0.0
Avista,2022,11,99326,0.0
CNG,2020,4,98274,0.0
PSE,2025,6,98262,0.0
PSE,2022,2,98337,0.0
PAC,2022,4,99329,0.0
PSE,2025,8,98146,0.0
PSE,2022,5,98065,0.0
CNG,2022,5,98232,0.0
PSE,2023,6,98444,0.0
PAC,2020,3,99324,368.0
NWN,2023,4,98604,0.0
PSE,2025,9,98405,0.0
PSE,2023,11,98402,0.0
PSE,2022,4,98233,0.0
Avista,2024,7,98648,0.0
CNG,2024,3,98274,0.0
PSE,2023,8,98103,0.0
Avista,2023,8,99144,0.0
PSE,2024,7,98366,0.0
NWN,2021,2,98208,0.0
PSE,2023,2,98941,0.0
PSE,2025,4,98444,0.0
Avista,2024,2,99326,0.0
CNG,2020,9,99344,0.0
PSE,2024,1,98119,0.0
Avista,2024,8,99031,0.0
CNG,2020,3,98284,707.32
CNG,2023,12,98942,0.0
PSE,2022,2,98119,0.0
PAC,2023,4,98930,0.0
NWN,2022,2,98635,0.0
Avista,2024,5,99218,0.0
CNG,2022,4,98292,0.0
NWN,2023,2,98661,0.0
Avista,2025,9,99217,0.0
Avista,2025,2,99201,0.0
NWN,2023,2,98665,0.0
PAC,2024,4,98935,0.0
NWN,2025,7,98629,0.0
PSE,2021,8,98168,0.0
NWN,2020,7,98642,0.0
Avista,2025,4,99020,0.0
PSE,2023,7,98038,0.0
PSE,2023,12,98146,0.0
PSE,2025,2,98126,0.0
Avista,2022,11,99012,0.0
CNG,2025,1,98223,0.0
PSE,2021,11,98327,0.0
CNG,2024,2,99336,0.0
CNG,2025,5,99352,0.0
Avista,2024,4,99122,0.0
PSE,2022,7,98310,0.0
PAC,2020,11,99348,0.0
CNG,2024,3,98257,0.0
PSE,2022,2,98199,0.0
PSE,2023,5,98198,0.0
NWN,2021,11,97031,0.0
PSE,2024,1,98273,0.0
PSE,2024,4,98346,0.0
PSE,2020,10,98002,0.0
Avista,2022,3,99011,0.0
PSE,2020,4,98019,0.0
Avista,2024,2,99032,0.0
PSE,2024,4,98283,0.0
Avista,2024,3,99224,0.0
NWN,2024,5,98648,0.0
PSE,2021,9,98388,0.0
CNG,2020,9,98557,0.0
Avista,2024,12,99220,0.0
Avista,2021,2,99207,0.0
PSE,2021,3,98503,0.0
NWN,2025,3,98675,0.0
PSE,2020,12,98038,0.0
PSE,2025,1,98506,0.0
Avista,2025,9,99179,0.0
Avista,2023,5,99029,0.0
Avista,2021,4,99163,0.0
PSE,2023,11,98506,0.0
Avista,2020,7,99039,0.0
PSE,2022,8,98092,0.0
PSE,2023,5,98922,0.0
PAC,2021,11,99360,0.0
PSE,2022,12,98466,0.0
PSE,2024,5,98087,0.0
PSE,2023,11,98203,0.0
CNG,2022,9,98802,0.0
CNG,2020,9,98632,0.0
Avista,2021,8,99029,0.0
Avista,2021,5,99201,0.0
PSE,2024,1,98201,0.0
PSE,2023,12,98499,0.0
NWN,2025,7,98686,0.0
Avista,2021,6,99218,0.0
PSE,2020,12,98146,0.0
PSE,2021,2,98405,0.0
Avista,2021,4,99141,0.0
PSE,2024,7,98065,0.0
CNG,2023,1,98337,0.0
PSE,2020,12,98391,0.0
PSE,2025,1,98513,0.0
CNG,2025,2,98310,0.0
PSE,2024,5,98232,0.0
PSE,2023,7,98311,0.0
CNG,2020,6,98282,0.0
Avista,2025,4,99001,0.0
PSE,2024,3,98102,0.0
Avista,2024,6,99037,0.0
PAC,2022,5,98953,0.0
PSE,2020,7,98008,0.0
PSE,2023,6,98321,0.0
PSE,2025,7,98418,0.0
PAC,2024,4,98939,0.0
Avista,2025,3,99163,0.0
PSE,2021,7,98092,0.0
Avista,2023,11,99176,0.0
Avista,2025,2,99129,0.0
NWN,2022,8,98127,0.0
Avista,2025,2,99151,0.0
Avista,2023,6,99102,0.0
CNG,2025,8,98520,0.0
PSE,2024,7,98257,0.0
Avista,2020,7,99204,0.0
PAC,2025,11,98951,1.78
PAC,2020,10,99324,0.0
CNG,2025,5,98908,0.0
Avista,2021,10,99129,0.0
Avista,2020,3,99218,0.0
PSE,2025,12,98051,0.0
PSE,2024,6,98406,0.0
NWN,2021,2,98642,0.0
Avista,2020,4,99009,0.0
CNG,2022,4,98930,0.0
PSE,2025,3,98004,0.0
PSE,2021,11,98125,0.0
PSE,2021,2,98274,0.0
CNG,2022,2,98541,0.0
PAC,2020,4,98901,0.0
CNG,2023,11,99354,0.0
PSE,2024,7,98290,0.0
PSE,2025,4,98290,0.0
PSE,2021,7,98104,0.0
Avista,2024,11,99006,0.0
PSE,2023,10,98373,0.0
NWN,2025,7,98660,0.0
PSE,2025,10,98312,0.0
NWN,2024,1,98672,0.0
PSE,2023,4,98027,0.0
CNG,2020,9,98524,0.0
Avista,2024,1,99003,0.0
CNG,2025,3,99354,0.0
Avista,2024,7,99173,0.0
Avista,2023,6,98620,0.0
Avista,2021,6,99156,0.0
PSE,2024,5,98225,0.0
Avista,2025,6,99157,0.0
Avista,2024,11,99005,0.0
Avista,2025,5,99014,0.0
CNG,2025,12,98225,0.0
PSE,2021,9,98579,0.0
PAC,2024,10,98948,0.0
Avista,2022,8,99223,0.0
Avista,2021,11,99403,0.0
CNG,2023,3,98345,0.0
Avista,2021,9,99218,0.0
PAC,2024,1,98923,0.0
PSE,2021,8,98332,0.0
PSE,2023,6,98408,0.0
PSE,2022,10,98360,0.0
PSE,2021,5,98087,0.0
Avista,2023,7,99009,0.0
Avista,2023,2,99031,0.0
Avista,2020,3,99224,0.0
PSE,2023,12,98360,0.0
PSE,2020,4,98383,0.0
Avista,2021,7,99036,0.0
Avista,2025,6,99113,0.0
PSE,2022,7,98934,0.0
Avista,2023,9,99218,0.0
Avista,2024,5,99173,0.0
PSE,2024,6,98275,0.0
CNG,2022,6,99323,0.0
Avista,2024,7,99004,0.0
PSE,2025,10,98934,0.0
PSE,2025,12,98446,0.0
CNG,2020,3,98244,4.71
Avista,2020,6,99006,0.0
CNG,2020,2,98229,0.0
PSE,2020,5,98402,0.0
PSE,2023,5,98059,0.0
PSE,2025,1,98121,0.0
NWN,2021,5,98864,0.0
PSE,2025,6,98941,0.0
Avista,2022,7,99130,0.0
CNG,2025,8,98226,0.0
PAC,2024,9,98933,0.0
PAC,2020,6,99328,0.0
PSE,2020,11,98370,0.0
PSE,2021,12,98026,0.0
Avista,2024,11,99144,0.0
CNG,2024,1,98226,0.0
PSE,2020,11,98506,0.0
Avista,2022,2,99203,0.0
Avista,2021,4,99004,0.0
CNG,2023,2,99324,0.0
Avista,2024,8,99012,0.0
PAC,2023,8,99361,0.0
CNG,2022,5,99324,0.0
Avista,2023,7,99022,0.0
Avista,2021,4,99206,0.0
CNG,2024,7,98337,0.0
CNG,2021,12,98223,0.0
Avista,2023,3,99260,0.0
PAC,2025,5,99328,0.29
Avista,2021,3,99173,0.0
CNG,2020,5,98271,0.0
CNG,2023,6,98901,0.0
Avista,2021,8,99034,0.0
PSE,2024,2,98402,0.0
Avista,2020,4,99029,0.0
Avista,2025,6,99027,0.0
PSE,2024,3,98065,0.0
NWN,2024,9,98665,0.0
PSE,2021,4,98029,0.0
PSE,2023,6,98033,0.0
PSE,2022,8,98110,0.0
CNG,2024,9,98802,0.0
Avista,2022,6,99146,0.0
Avista,2020,4,99032,0.0
PSE,2025,10,98155,0.0
PSE,2022,10,98155,0.0
PAC,2024,4,98952,0.0
PSE,2024,5,98444,0.0
NWN,2022,7,98026,0.0
PSE,2020,10,98506,0.0
PAC,2021,4,99324,0.0
Avista,2023,2,99014,0.0
CNG,2023,7,98225,0.0
PSE,2025,8,98092,0.0
NWN,2025,3,98685,0.0
NWN,2021,5,98620,0.0
CNG,2025,9,98557,0.0
PSE,2023,3,98198,0.0
PSE,2025,4,98926,0.0
CNG,2020,6,98271,0.0
CNG,2024,8,98550,0.0
NWN,2022,12,97663,0.0
PSE,2024,3,98332,0.0
CNG,2021,10,98632,0.0
PSE,2020,6,98260,0.0
Avista,2025,4,99179,0.0
PSE,2023,9,98424,0.0
NWN,2024,7,98660,0.0
Avista,2025,12,99167,0.0
PSE,2021,12,98225,0.0
PSE,2022,9,98204,0.0
Avista,2025,12,99023,0.0
PAC,2020,12,98935,0.0
PSE,2025,4,98188,0.0
CNG,2021,5,98230,0.0
NWN,2022,6,98661,0.0
CNG,2020,3,98257,88.5
PSE,2021,4,98201,0.0
CNG,2025,10,98903,0.0
Avista,2020,4,99148,0.0
NWN,2025,4,98610,0.0
Avista,2020,3,99228,0.0
CNG,2025,4,99353,0.0
PSE,2024,8,98122,0.0
NWN,2021,6,98119,0.0
Avista,2025,5,99212,0.0
CNG,2020,2,98230,0.0
PSE,2020,3,98371,0.0
CNG,2021,7,98292,0.0
PAC,2021,9,99329,0.0
NWN,2023,4,98639,0.0
PSE,2021,11,98032,0.0
PSE,2023,1,98260,0.0
CNG,2022,12,98930,0.0
PSE,2024,11,98221,0.0
PSE,2021,9,98004,0.0
Avista,2024,12,99160,0.0
PAC,2022,6,98901,0.0
PSE,2021,12,98513,0.0
NWN,2024,3,97388,0.0
NWN,2024,11,98208,0.0
NWN,2023,1,97388,0.0
Avista,2020,8,99143,0.0
Avista,2020,8,99148,0.0
PSE,2025,3,98033,0.0
PSE,2022,11,98033,0.0
PAC,2020,6,99323,0.0
PSE,2023,7,98312,0.0
CNG,2020,3,98370,232.84
CNG,2022,12,98632,0.0
PSE,2022,4,98126,0.0
Avista,2025,1,99205,0.0
PSE,2022,10,98237,0.0
PSE,2021,11,98531,0.0
CNG,2020,4,98942,0.0
PSE,2023,3,98335,0.0
PSE,2024,2,98201,0.0
Avista,2020,12,99134,0.0
CNG,2020,11,98229,0.0
Avista,2025,6,99019,0.0
PSE,2025,8,98270,0.0
Avista,2025,3,99137,0.0
NWN,2025,4,98605,0.0
PSE,2025,5,98053,0.0
PAC,2024,10,98921,0.0
Avista,2025,3,99006,0.0
PSE,2023,7,98112,0.0
PSE,2021,9,98005,0.0
PAC,2023,9,99360,0.0
PSE,2021,11,98027,0.0
CNG,2025,11,98942,0.0
Avista,2024,1,99020,0.0
CNG,2021,1,98345,0.0
Avista,2020,9,99217,0.0
Avista,2020,10,99138,0.0
PSE,2024,9,98053,0.0
PSE,2022,12,98031,0.0
PSE,2021,4,98579,0.0
PSE,2022,12,98283,0.0
PSE,2020,12,98335,0.0
PAC,2024,8,98908,0.0
CNG,2022,1,98936,0.0
Avista,2025,9,99260,0.0
PSE,2024,2,98375,0.0
PSE,2020,6,98056,0.0
PSE,2025,7,98512,0.0
Avista,2023,2,99335,0.0
CNG,2022,6,98948,0.0
CNG,2022,3,98837,0.0
PSE,2024,4,98418,0.0
PSE,2021,4,98257,0.0
PSE,2023,10,98422,0.0
NWN,2023,11,98604,0.0
PSE,2023,10,98038,0.0
Avista,2023,6,99009,0.0
PSE,2021,12,98012,0.0
PSE,2020,5,98026,0.0
NWN,2025,8,98683,0.0
PAC,2022,2,99328,0.0
PSE,2022,1,98072,0.0
PSE,2025,8,98337,0.0
Avista,2020,12,99138,0.0
Avista,2024,5,99402,0.0
Avista,2025,8,99006,0.0
PSE,2024,8,98059,0.0
PSE,2020,8,98360,0.0
NWN,2024,5,98671,0.0
Avista,2024,9,99224,0.0
PSE,2021,12,98004,0.0
PSE,2021,3,98026,0.0
NWN,2024,5,98628,0.0
Avista,2024,2,99026,0.0
CNG,2022,12,98801,0.0
Avista,2025,5,99224,0.0
CNG,2023,2,99362,0.0
NWN,2024,2,98672,0.0
PSE,2021,10,98327,0.0
Avista,2023,3,99031,0.0
PSE,2025,4,98260,0.0
PSE,2025,12,98237,0.0
NWN,2023,5,98684,0.0
CNG,2023,1,98524,0.0
Avista,2022,10,99030,0.0
NWN,2024,11,97388,0.0
CNG,2022,1,98837,0.0
CNG,2025,9,98233,0.0
Avista,2024,9,99134,0.0
PSE,2024,10,98146,0.0
CNG,2020,6,98367,0.0
PSE,2021,4,98119,0.0
PSE,2024,3,98072,0.0
Avista,2020,3,99179,0.0
PSE,2020,3,98074,0.0
CNG,2024,6,98233,0.0
CNG,2022,1,99344,0.0
PSE,2023,9,98374,0.0
PSE,2021,10,98579,0.0
NWN,2024,12,98208,0.0
PAC,2023,10,99348,0.0
NWN,2021,10,98612,0.0
NWN,2022,5,98127,0.0
NWN,2024,1,98762,0.0
PSE,2021,5,98002,0.0
PSE,2021,9,98248,0.0
PSE,2025,4,98501,0.0
PSE,2021,12,98166,0.0
Avista,2021,12,99326,0.0
Avista,2024,3,99026,0.0
PSE,2024,10,98074,0.0
Avista,2021,1,99027,0.0
PAC,2021,7,98942,0.0
Avista,2025,5,99131,0.0
CNG,2025,9,98848,0.0
PAC,2021,7,98903,0.0
PSE,2022,9,98037,0.0
NWN,2025,2,98629,0.0
PSE,2021,8,98056,0.0
Avista,2021,10,99032,0.0
PSE,2020,4,98503,0.0
PSE,2025,12,98118,0.0
PSE,2025,7,98367,0.0
Avista,2025,12,99013,0.0
PSE,2020,8,98005,0.0
PSE,2024,5,98203,0.0
Avista,2021,4,99107,0.0
PSE,2022,2,98941,0.0
PSE,2024,12,98244,0.0
Avista,2022,12,99220,0.0
PSE,2023,12,98506,0.0
Avista,2020,5,99102,0.0
PSE,2021,5,98532,0.0
PSE,2020,7,98383,0.0
Avista,2022,2,99014,0.0
Avista,2021,3,99013,0.0
NWN,2020,3,98628,0.0
PSE,2022,6,98387,0.0
PSE,2023,9,98188,0.0
Avista,2023,8,98857,0.0
PSE,2022,4,98444,0.0
PSE,2021,6,98092,0.0
Avista,2020,4,99137,0.0
CNG,2024,6,98295,0.0
CNG,2021,12,98541,0.0
PSE,2021,11,98146,0.0
PSE,2025,5,98105,0.0
PSE,2024,7,98342,0.0
Avista,2022,2,99137,0.0
Avista,2023,9,99134,0.0
Avista,2022,9,99110,0.0
PSE,2020,3,98506,0.0
PSE,2023,10,98087,0.0
NWN,2022,8,98629,0.0
Avista,2025,11,99149,0.0
NWN,2025,6,98686,0.0
PSE,2024,8,98418,0.0
PSE,2022,5,98102,0.0
Avista,2025,3,99022,0.0
PSE,2021,1,98311,0.0
PSE,2024,10,98327,0.0
PSE,2023,11,98312,0.0
PSE,2020,4,98092,0.0
Avista,2020,12,99341,0.0
PAC,2024,12,98939,0.0
PSE,2024,5,98116,0.0
Avista,2023,8,99008,0.0
Avista,2021,2,99223,0.0
CNG,2022,10,98908,0.0
CNG,2024,8,98611,0.0
CNG,2023,12,98632,0.0
PSE,2021,5,98283,0.0
NWN,2021,3,98685,0.0
PSE,2023,4,98332,0.0
PSE,2022,1,98321,0.0
PSE,2020,9,98922,0.0
PAC,2024,11,98933,0.0
PSE,2024,7,98007,0.0
PAC,2024,8,98921,0.0
Avista,2023,11,99129,0.0
PSE,2025,7,98359,0.0
PSE,2021,9,98042,0.0
CNG,2022,5,98273,0.0
CNG,2023,10,98370,0.0
CNG,2023,2,98903,0.0
PSE,2024,7,98022,0.0
CNG,2021,10,99336,0.0
CNG,2023,11,98908,0.0
Avista,2022,2,99016,0.0
PSE,2023,8,98321,0.0
CNG,2020,2,99337,0.0
PSE,2025,6,98367,0.0
PSE,2024,9,98178,0.0
PSE,2024,11,98335,0.0
PSE,2022,11,98271,0.0
CNG,2021,9,98848,0.0
PSE,2021,8,98244,0.0
PSE,2020,11,98380,0.0
PSE,2025,7,98444,0.0
NWN,2021,7,98675,0.0
Avista,2023,1,99173,0.0
NWN,2022,6,98127,0.0
PSE,2023,9,98037,0.0
Avista,2024,4,99023,0.0
PSE,2021,5,98110,0.0
Avista,2021,6,99173,0.0
Avista,2023,3,99039,0.0
PAC,2020,2,98930,1180.0
Avista,2024,8,98648,0.0
PSE,2022,2,98103,0.0
CNG,2025,8,99352,0.0
Avista,2024,5,99011,0.0
Avista,2023,5,99171,0.0
PAC,2023,5,98902,0.0
PSE,2021,8,98934,0.0
Avista,2024,2,99149,0.0
NWN,2022,8,98664,0.0
PSE,2020,5,98387,0.0
Avista,2025,5,99159,0.0
PSE,2021,8,98346,0.0
NWN,2022,9,98660,0.0
PSE,2023,10,98311,0.0
PSE,2025,9,98052,0.0
PSE,2025,12,98119,0.0
PSE,2021,1,98036,0.0
PSE,2022,6,98007,0.0
PSE,2022,9,98030,0.0
PAC,2022,4,98936,0.0
CNG,2020,11,99338,0.0
PSE,2023,10,98056,0.0
Avista,2023,4,99134,0.0
PSE,2023,8,98467,0.0
PSE,2025,12,98126,0.0
Avista,2024,8,99019,0.0
Avista,2021,5,99036,0.0
PSE,2024,4,98373,0.0
PSE,2024,8,98052,0.0
Avista,2023,9,99164,0.0
PSE,2025,9,98373,0.0
PSE,2020,4,98273,0.0
NWN,2020,4,98665,2.02
NWN,2022,12,97301,0.0
PSE,2023,11,98248,0.0
PSE,2024,4,98327,0.0
CNG,2021,7,98221,0.0
PSE,2024,8,98024,0.0
NWN,2022,10,98674,0.0
Avista,2025,6,99125,0.0
NWN,2025,12,98683,0.0
Avista,2022,8,99205,0.0
PSE,2025,4,98070,0.0
NWN,2021,1,98026,0.0
CNG,2025,8,98314,0.0
PSE,2024,12,98922,0.0
CNG,2024,7,98848,0.0
PSE,2021,8,98031,0.0
PSE,2021,11,98422,0.0
CNG,2020,12,98632,0.0
PSE,2022,8,98058,0.0
Avista,2024,11,99156,0.0
CNG,2024,6,99338,0.0
PSE,2022,8,98052,0.0
NWN,2020,3,98661,2.05
PSE,2022,5,98466,0.0
PSE,2025,2,98270,0.0
PSE,2025,6,98003,0.0
PSE,2024,8,98388,0.0
NWN,2024,9,98127,0.0
PSE,2025,2,98338,0.0
PSE,2021,6,98335,0.0
PSE,2024,7,98030,0.0
Avista,2025,8,99011,0.0
PAC,2023,10,98923,0.0
CNG,2020,11,98944,0.0
PAC,2025,8,99362,63.13
PSE,2024,7,98422,0.0
CNG,2022,10,98541,0.0
PSE,2022,3,98125,0.0
Avista,2024,2,99126,0.0
NWN,2025,4,97301,0.0
Avista,2025,8,99220,0.0
PSE,2023,10,98446,0.0
PSE,2020,4,98409,0.0
PSE,2022,1,98057,0.0
Avista,2021,4,99029,0.0
Avista,2024,7,99170,0.0
PSE,2025,3,98103,0.0
PAC,2023,10,99350,0.0
CNG,2022,7,99352,0.0
Avista,2021,6,99037,0.0
Avista,2024,3,99158,0.0
CNG,2020,6,98550,0.0
Avista,2020,9,99031,0.0
Avista,2025,1,99005,0.0
PSE,2021,9,98092,0.0
Avista,2020,6,99110,0.0
PSE,2025,8,98277,0.0
Avista,2023,2,99217,0.0
PSE,2023,11,98030,0.0
PSE,2023,11,98116,0.0
CNG,2024,6,98632,0.0
PSE,2022,2,98926,0.0
NWN,2025,10,98684,0.0
Avista,2025,7,99109,0.0
NWN,2023,1,98612,0.0
CNG,2025,4,99350,0.0
NWN,2025,10,98127,0.0
PSE,2022,4,98023,0.0
Avista,2020,3,99114,0.0
NWN,2024,12,97031,0.0
CNG,2020,4,98240,0.0
PSE,2024,5,98019,0.0
CNG,2021,6,99324,0.0
CNG,2024,2,98223,0.0
PSE,2023,2,98360,0.0
PAC,2022,1,98938,0.0
Avista,2020,12,99143,0.0
Avista,2024,12,99026,0.0
PAC,2022,2,98936,0.0
PSE,2022,12,98503,0.0
PSE,2022,3,98053,0.0
PSE,2022,2,98058,0.0
Avista,2023,8,99138,0.0
PSE,2020,8,98248,0.0
CNG,2025,9,98528,0.0
CNG,2024,2,98314,0.0
PSE,2021,2,98597,0.0
CNG,2020,3,98550,217.14
Avista,2021,12,99341,0.0
Avista,2021,7,99026,0.0
NWN,2020,4,98605,0.0
PSE,2022,4,98405,0.0
Avista,2024,11,99185,0.0
PSE,2021,3,98372,0.0
CNG,2024,12,98247,0.0
PSE,2022,3,98059,0.0
CNG,2022,11,99350,0.0
CNG,2024,8,98314,0.0
PSE,2024,6,98380,0.0
CNG,2025,7,98948,0.0
PSE,2021,8,98439,0.0
Avista,2023,9,99160,0.0
Avista,2025,5,99344,0.0
NWN,2020,10,98026,0.0
PSE,2020,4,98028,0.0
PSE,2021,11,98926,0.0
NWN,2022,2,98607,0.0
NWN,2025,7,98685,0.0
NWN,2020,11,98127,0.0
PSE,2024,10,98155,0.0
NWN,2020,12,98662,0.0
Avista,2022,12,99204,0.0
PSE,2025,4,98498,0.0
Avista,2021,2,99167,0.0
Avista,2022,6,99141,0.0
Avista,2022,5,99102,0.0
CNG,2025,2,98802,0.0
PSE,2021,2,98038,0.0
PSE,2023,7,98178,0.0
Avista,2020,12,99004,0.0
CNG,2023,8,99338,0.0
PSE,2022,11,98262,0.0
PSE,2024,8,98102,0.0
Avista,2023,4,99033,0.0
Avista,2023,7,99011,0.0
PSE,2021,7,98126,0.0
PSE,2020,9,98177,0.0
PSE,2022,1,98275,0.0
PSE,2023,1,98010,0.0
Avista,2022,4,99164,0.0
PSE,2024,2,98467,0.0
Avista,2021,1,99341,0.0
NWN,2024,1,98686,0.0
Avista,2022,11,99156,0.0
PSE,2020,10,98144,0.0
CNG,2021,4,98367,0.0
PSE,2021,3,98596,0.0
Avista,2021,2,99001,0.0
PSE,2022,4,98422,0.0
CNG,2022,3,98951,0.0
PSE,2025,6,98119,0.0
PAC,2020,10,99323,0.0
PSE,2022,9,98532,0.0
CNG,2025,6,98312,0.0
Avista,2022,1,99021,0.0
Avista,2020,12,99137,0.0
Avista,2024,4,99125,0.0
CNG,2021,6,98632,0.0
Avista,2021,1,99204,0.0
CNG,2022,2,98314,0.0
PSE,2025,12,98027,0.0
NWN,2023,1,98620,0.0
Avista,2023,9,99185,0.0
NWN,2023,4,98208,0.0
CNG,2024,2,99350,0.0
CNG,2024,3,98220,0.0
PSE,2022,8,98133,0.0
PSE,2020,10,98038,0.0
CNG,2023,6,98584,0.0
CNG,2025,10,98345,0.0
PSE,2022,11,98119,0.0
PSE,2020,9,98503,0.0
PSE,2021,6,98277,0.0
Avista,2025,5,99006,0.0
CNG,2024,12,98221,0.0
PSE,2023,1,98103,0.0
NWN,2021,9,98864,0.0
Avista,2021,1,99148,0.0
PAC,2020,2,99348,48.0
PSE,2025,3,98121,0.0
Avista,2022,10,99138,0.0
CNG,2024,4,98295,0.0
PSE,2025,10,98402,0.0
PSE,2021,10,98168,0.0
NWN,2021,12,98664,0.0
NWN,2024,10,98663,0.0
Avista,2024,6,99402,0.0
PSE,2024,8,98011,0.0
CNG,2021,3,98902,0.0
PSE,2024,7,98005,0.0
NWN,2025,1,98666,0.0
Avista,2020,5,99326,0.0
Avista,2023,3,99171,0.0
CNG,2022,11,98292,0.0
PSE,2023,7,98255,0.0
CNG,2023,6,99354,0.0
PAC,2021,12,98942,0.0
Avista,2020,4,98857,0.0
PSE,2025,6,98321,0.0
Avista,2024,1,99160,0.0
PSE,2022,1,98155,0.0
CNG,2024,12,98541,0.0
CNG,2025,3,98247,0.0
Avista,2021,5,99326,0.0
Avista,2020,12,99402,0.0
Avista,2022,2,99201,0.0
Avista,2021,10,99020,0.0
Avista,2020,7,99163,0.0
NWN,2022,7,98208,0.0
CNG,2025,1,98367,0.0
PSE,2021,6,98058,0.0
Avista,2022,3,99006,0.0
PSE,2020,3,98021,0.0
PSE,2024,8,98118,0.0
Avista,2025,11,99126,0.0
PAC,2025,9,98903,7.63
Avista,2024,9,99032,0.0
PSE,2024,7,98011,0.0
PSE,2023,2,98370,0.0
Avista,2023,10,99027,0.0
PSE,2024,12,98499,0.0
NWN,2022,1,98683,0.0
PSE,2021,9,98338,0.0
PSE,2023,2,98277,0.0
PSE,2022,5,98273,0.0
PSE,2024,1,98144,0.0
PSE,2021,2,98133,0.0
CNG,2021,11,99336,0.0
PSE,2024,12,98233,0.0
CNG,2020,1,98233,0.0
CNG,2023,2,98550,0.0
Avista,2021,11,99164,0.0
PSE,2024,12,98011,0.0
Avista,2021,2,99004,0.0
PSE,2024,8,98402,0.0
PSE,2024,7,98051,0.0
Avista,2023,9,99403,0.0
Avista,2022,4,99131,0.0
Avista,2025,10,99151,0.0
PSE,2023,12,98284,0.0
CNG,2025,12,98541,0.0
NWN,2024,11,98606,0.0
PSE,2024,9,98119,0.0
CNG,2025,9,99336,0.0
PSE,2020,12,98055,0.0
CNG,2024,3,98626,0.0
PSE,2025,4,98576,0.0
PSE,2022,8,98002,0.0
CNG,2025,1,98584,0.0
Avista,2020,3,99220,0.0
PSE,2022,7,98337,0.0
Avista,2020,11,99030,0.0
Avista,2022,5,99019,0.0
NWN,2025,7,98307,0.0
PSE,2020,3,98370,0.0
CNG,2020,5,99354,0.0
PSE,2023,9,98445,0.0
PSE,2025,1,98007,0.0
PSE,2022,1,98201,0.0
PSE,2025,12,98032,0.0
NWN,2020,8,98208,0.0
Avista,2024,10,99021,0.0
NWN,2024,7,98127,0.0
PAC,2024,3,98933,0.0
PSE,2022,12,98372,0.0
PSE,2021,6,98056,0.0
PSE,2025,6,98232,0.0
NWN,2020,3,98664,3.7
PSE,2023,8,98274,0.0
Avista,2022,9,99022,0.0
CNG,2023,4,98233,0.0
NWN,2022,5,98635,0.0
Avista,2022,11,99128,0.0
Avista,2022,9,99129,0.0
PSE,2020,10,98199,0.0
PSE,2020,6,98042,0.0
CNG,2022,7,99353,0.0
Avista,2020,11,99157,0.0
PSE,2023,11,98032,0.0
Avista,2023,6,99110,0.0
PSE,2025,10,98010,0.0
PSE,2022,9,98466,0.0
NWN,2022,2,98666,0.0
PSE,2025,7,98001,0.0
CNG,2024,6,98383,0.0
PSE,2022,10,98188,0.0
CNG,2024,6,98524,0.0
NWN,2025,7,98674,0.0
PSE,2023,3,98052,0.0
CNG,2025,4,98229,0.0
PAC,2022,10,98953,0.0
NWN,2021,11,98683,0.0
PSE,2023,12,98531,0.0
Avista,2024,10,99160,0.0
CNG,2022,12,98277,0.0
Avista,2021,7,98620,0.0
Avista,2024,1,99122,0.0
PAC,2023,1,98903,0.0
PSE,2021,3,98166,0.0
PSE,2021,4,98032,0.0
CNG,2025,8,98901,0.0
Avista,2020,6,99208,0.0
CNG,2025,12,98284,0.0
PSE,2020,8,98257,0.0
Avista,2023,3,99159,0.0
NWN,2021,11,98119,0.0
Avista,2021,11,99141,0.0
PSE,2024,9,98070,0.0
CNG,2025,12,98383,0.0
CNG,2022,1,98563,0.0
CNG,2025,9,98295,0.0
Avista,2024,11,99218,0.0
Avista,2025,2,99156,0.0
PSE,2023,11,98043,0.0
Avista,2023,4,99223,0.0
NWN,2021,2,98662,0.0
Avista,2023,2,99160,0.0
PAC,2020,5,99350,0.0
PSE,2025,5,98390,0.0
PSE,2024,8,98373,0.0
CNG,2020,11,99350,0.0
Avista,2024,1,99163,0.0
CNG,2022,5,98626,0.0
CNG,2021,12,98625,0.0
PSE,2025,4,98367,0.0
PAC,2024,8,98948,0.0
CNG,2022,4,99344,0.0
PSE,2020,10,98290,0.0
CNG,2022,10,98223,0.0
CNG,2020,10,98901,0.0
PSE,2024,11,98144,0.0
NWN,2023,2,98605,0.0
PAC,2021,7,99362,0.0
PSE,2020,9,98225,0.0
PSE,2024,4,98008,0.0
CNG,2022,7,98902,0.0
NWN,2023,9,98666,0.0
CNG,2025,5,98932,0.0
Avista,2020,8,99158,0.0
PSE,2020,6,98467,0.0
CNG,2023,2,98244,0.0
Avista,2023,3,99012,0.0
Avista,2025,2,99326,0.0
Avista,2024,11,99026,0.0
Avista,2021,9,99013,0.0
CNG,2021,4,99350,0.0
Avista,2023,7,99122,0.0
NWN,2023,12,97301,0.0
NWN,2024,1,98664,0.0
PSE,2023,2,98040,0.0
PSE,2020,8,98941,0.0
CNG,2020,8,98337,0.0
NWN,2021,8,98626,0.0
Avista,2022,1,99101,0.0
PSE,2020,5,98346,0.0
Avista,2025,6,98620,0.0
PSE,2020,6,98290,0.0
CNG,2024,2,98383,0.0
PSE,2025,4,98055,0.0
PSE,2025,10,98001,0.0
PSE,2022,7,98059,0.0
CNG,2020,4,98848,0.0
NWN,2023,8,98119,0.0
NWN,2022,1,98119,0.0
PSE,2024,5,98146,0.0
Avista,2024,11,99110,0.0
Avista,2024,3,99149,0.0
Avista,2023,10,99039,0.0
CNG,2022,11,98611,0.0
PSE,2025,9,98144,0.0
PSE,2022,12,98024,0.0
CNG,2020,11,98632,0.0
Avista,2020,5,99159,0.0
NWN,2024,9,98607,0.0
Avista,2022,6,99008,0.0
PAC,2021,4,99360,0.0
CNG,2025,10,98277,0.0
Avista,2022,11,99205,0.0
CNG,2025,11,98366,0.0
PSE,2021,2,98311,0.0
PSE,2021,9,98108,0.0
PSE,2021,12,98346,0.0
NWN,2025,1,98605,0.0
PSE,2025,1,98103,0.0
PSE,2025,4,98373,0.0
NWN,2021,5,98642,0.0
Avista,2023,6,99158,0.0
Avista,2022,6,99137,0.0
PSE,2022,12,98404,0.0
PSE,2025,5,98262,0.0
NWN,2020,11,98662,0.0
PAC,2023,3,99362,0.0
NWN,2020,12,97388,0.0
PAC,2023,5,99347,0.0
PSE,2021,7,98031,0.0
Avista,2024,2,99040,0.0
Avista,2022,8,99103,0.0
CNG,2022,7,98223,0.0
Avista,2025,11,98857,0.0
CNG,2025,2,98383,0.0
CNG,2024,9,98282,0.0
PSE,2020,12,98203,0.0
CNG,2025,6,98908,0.0
PSE,2024,1,98198,0.0
CNG,2022,3,99350,0.0
NWN,2021,3,98628,0.0
NWN,2025,5,98666,0.0
Avista,2020,4,99402,0.0
Avista,2021,1,99212,0.0
CNG,2025,2,98953,0.0
PSE,2020,7,98941,0.0
CNG,2024,7,99344,0.0
PSE,2024,6,98155,0.0
CNG,2021,9,98901,0.0
CNG,2023,8,98220,0.0
PSE,2022,12,98004,0.0
PSE,2021,4,98121,0.0
CNG,2020,7,98837,0.0
CNG,2025,4,99362,0.0
CNG,2020,7,98370,0.0
Avista,2023,8,99122,0.0
PSE,2024,8,98391,0.0
PSE,2025,12,98037,0.0
CNG,2020,12,98271,0.0
CNG,2023,7,98953,0.0
Avista,2025,6,99167,0.0
CNG,2021,7,98541,0.0
CNG,2023,10,98225,0.0
CNG,2020,12,98563,0.0
Avista,2023,1,99205,0.0
PSE,2021,2,98155,0.0
NWN,2023,9,98661,0.0
PSE,2021,8,98225,0.0
PSE,2020,10,98051,0.0
Avista,2021,12,99111,0.0
CNG,2020,2,99338,0.0
Avista,2024,9,99181,0.0
CNG,2025,1,98944,0.0
PSE,2024,7,98038,0.0
Avista,2023,9,99003,0.0
PSE,2021,1,98275,0.0
NWN,2023,1,98686,0.0
Avista,2025,2,98620,0.0
Avista,2020,3,99341,0.0
PSE,2021,3,98310,0.0
Avista,2021,9,99159,0.0
NWN,2025,2,98635,0.0
PSE,2022,6,98023,0.0
CNG,2023,10,98223,0.0
CNG,2023,3,99344,0.0
CNG,2023,12,98626,0.0
PSE,2021,6,98105,0.0
CNG,2025,5,98264,0.0
NWN,2024,5,98127,0.0
PAC,2020,3,99350,9.0
PSE,2022,9,98055,0.0
PSE,2022,5,98232,0.0
Avista,2024,5,99137,0.0
PSE,2022,7,98036,0.0
PSE,2021,1,98065,0.0
PSE,2020,3,98283,0.0
Avista,2022,7,99113,0.0
Avista,2021,7,99173,0.0
PSE,2024,10,98103,0.0
CNG,2021,7,98930,0.0
PAC,2020,2,98936,458.0
Avista,2022,11,99185,0.0
CNG,2023,4,98550,0.0
PAC,2022,3,98902,0.0
PSE,2024,11,98019,0.0
PSE,2024,3,98290,0.0
PAC,2024,2,98951,0.0
NWN,2022,10,98127,0.0
PSE,2022,6,98058,0.0
CNG,2022,11,98563,0.0
Avista,2023,7,99125,0.0
Avista,2025,9,99034,0.0
PSE,2024,3,98144,0.0
PSE,2024,4,98058,0.0
PSE,2023,2,98065,0.0
PSE,2022,10,98271,0.0
PAC,2022,6,98921,0.0
PAC,2021,12,98953,0.0
CNG,2022,4,98310,0.0
Avista,2024,3,99008,0.0
NWN,2025,10,98762,0.0
PSE,2021,2,98224,0.0
CNG,2020,12,98240,0.0
PSE,2022,11,98074,0.0
PAC,2020,2,98944,1973.0
PSE,2020,7,98512,0.0
CNG,2023,2,99301,0.0
Avista,2020,3,99216,0.0
Avista,2020,9,99201,0.0
NWN,2025,4,98208,0.0
CNG,2024,9,98563,0.0
CNG,2025,6,98801,0.0
PSE,2025,7,98244,0.0
PSE,2024,9,98312,0.0
PSE,2024,11,98404,0.0
CNG,2024,2,98274,0.0
PSE,2024,9,98072,0.0
CNG,2021,9,98674,0.0
PSE,2020,11,98022,0.0
CNG,2022,1,98226,0.0
Avista,2023,2,99207,0.0
PSE,2023,7,98405,0.0
NWN,2022,12,98601,0.0
CNG,2021,11,98223,0.0
Avista,2021,2,99019,0.0
Avista,2023,11,98857,0.0
CNG,2022,6,99353,0.0
PSE,2024,10,98272,0.0
PSE,2023,12,98177,0.0
PSE,2022,9,98506,0.0
CNG,2023,2,98311,0.0
PSE,2023,1,98121,0.0
Avista,2022,8,99125,0.0
CNG,2025,7,98367,0.0
Avista,2025,7,99103,0.0
CNG,2020,9,98367,0.0
CNG,2024,6,98312,0.0
CNG,2020,3,98240,27.37
CNG,2021,7,98345,0.0
CNG,2022,6,98366,0.0
CNG,2020,5,99344,0.0
Avista,2023,6,99164,0.0
PAC,2025,7,99323,0.35
PSE,2023,5,98266,0.0
CNG,2023,7,99352,0.0
Avista,2024,1,99110,0.0
NWN,2025,12,98684,0.0
Avista,2024,9,99101,0.0
PSE,2023,7,98121,0.0
Avista,2022,7,98857,0.0
Avista,2022,1,99011,0.0
PSE,2021,8,98008,0.0
PSE,2021,6,98405,0.0
Avista,2022,1,99129,0.0
CNG,2024,8,98625,0.0
PSE,2022,9,98258,0.0
NWN,2023,12,98685,0.0
Avista,2025,6,99129,0.0
PSE,2025,12,98110,0.0
PAC,2022,9,98932,0.0
PSE,2023,2,98373,0.0
PSE,2024,6,98021,0.0
CNG,2020,8,98953,0.0
PSE,2022,1,98273,0.0
Avista,2025,1,99216,0.0
Avista,2021,8,99148,0.0
Avista,2022,9,98620,0.0
CNG,2022,5,98951,0.0
PSE,2024,7,98405,0.0
PSE,2024,10,98101,0.0
CNG,2024,3,98223,0.0
CNG,2025,8,98221,0.0
Avista,2022,12,99117,0.0
PSE,2021,11,98110,0.0
PAC,2025,2,98953,6.91
PAC,2023,1,98947,0.0
Avista,2022,11,99104,0.0
Avista,2023,9,99156,0.0
PSE,2023,3,98188,0.0
PSE,2024,6,98418,0.0
CNG,2021,2,98229,0.0
PSE,2024,3,98502,0.0
NWN,2025,6,98607,0.0
CNG,2022,8,98370,0.0
CNG,2025,6,99354,0.0
Avista,2022,11,99027,0.0
CNG,2025,3,98563,0.0
NWN,2021,7,98686,-15.0
PSE,2021,11,98038,0.0
Avista,2022,7,99158,0.0
PSE,2024,4,98074,0.0
PAC,2023,4,98942,0.0
Avista,2025,6,99141,0.0
PSE,2021,3,98007,0.0
Avista,2025,5,99173,0.0
Avista,2020,10,99122,0.0
Avista,2021,5,99205,0.0
CNG,2024,2,98248,0.0
CNG,2022,3,98230,0.0
PSE,2024,8,98327,0.0
CNG,2023,6,98953,0.0
Avista,2025,10,99033,0.0
NWN,2025,7,98601,0.0
CNG,2023,3,98226,0.0
Avista,2022,2,99134,0.0
Avista,2025,8,99228,0.0
Avista,2023,8,99341,0.0
PSE,2022,8,98037,0.0
Avista,2024,8,99131,0.0
CNG,2022,1,98930,0.0
CNG,2022,6,98563,0.0
NWN,2024,2,98675,0.0
PAC,2020,8,98902,0.0
PSE,2023,6,98233,0.0
PSE,2023,3,98199,0.0
CNG,2025,6,98383,0.0
PSE,2025,2,98311,0.0
PSE,2025,12,98043,0.0
CNG,2021,3,98802,0.0
PSE,2024,10,98019,0.0
Avista,2020,3,99143,0.0
PAC,2024,6,99361,0.0
PAC,2023,9,98952,0.0
Avista,2020,10,99005,0.0
CNG,2022,3,98345,0.0
PAC,2023,10,98944,0.0
CNG,2021,2,98902,0.0
CNG,2020,4,98801,0.0
Avista,2023,12,99111,0.0
PAC,2023,8,98933,0.0
PAC,2024,1,99350,0.0
CNG,2023,11,98311,0.0
PSE,2021,4,98366,0.0
PSE,2021,10,98444,0.0
PSE,2022,7,98106,0.0
NWN,2020,3,98610,0.0
PSE,2022,9,98040,0.0
NWN,2021,10,98762,0.0
CNG,2021,6,98295,0.0
PAC,2020,10,99348,0.0
PSE,2025,2,98576,0.0
NWN,2021,3,98607,0.0
Avista,2022,11,99217,0.0
Avista,2022,12,99344,0.0
Avista,2023,9,99228,0.0
CNG,2024,5,99336,0.0
PSE,2020,7,98445,0.0
PSE,2023,11,98390,0.0
PSE,2020,12,98387,0.0
PSE,2024,1,98024,0.0
Avista,2020,7,99219,0.0
CNG,2023,5,99353,0.0
Avista,2025,8,99163,0.0
Avista,2024,10,99130,0.0
CNG,2025,5,99353,0.0
CNG,2022,5,98292,0.0
Avista,2025,3,99113,0.0
PSE,2022,10,98466,0.0
PSE,2021,3,98232,0.0
PSE,2020,8,98342,0.0
NWN,2021,11,98610,0.0
PSE,2021,4,98446,0.0
PSE,2025,5,98033,0.0
PSE,2021,5,98409,0.0
Avista,2022,12,99402,0.0
PSE,2025,2,98092,0.0
NWN,2023,6,98605,0.0
Avista,2020,11,99023,0.0
Avista,2023,1,99012,0.0
PAC,2023,12,98951,0.0
Avista,2024,5,99006,0.0
Avista,2023,10,99161,0.0
PSE,2024,4,98034,0.0
CNG,2023,10,98274,0.0
PSE,2023,7,98122,0.0
PSE,2024,7,98102,0.0
PSE,2022,4,98026,0.0
PSE,2022,2,98338,0.0
PAC,2020,1,99323,194.0
PSE,2025,5,98059,0.0
PAC,2020,8,98947,0.0
CNG,2024,10,98312,0.0
PSE,2023,4,98392,0.0
PSE,2022,6,98404,0.0
Avista,2024,3,99371,0.0
NWN,2024,6,98686,0.0
PSE,2022,6,98103,0.0
CNG,2020,6,98226,0.0
PSE,2023,9,98042,0.0
PSE,2023,5,98011,0.0
PSE,2021,11,98337,0.0
Avista,2025,3,99039,0.0
PSE,2021,6,98445,0.0
NWN,2024,4,98666,0.0
PSE,2022,11,98034,0.0
Avista,2024,2,99021,0.0
PSE,2024,6,98273,0.0
PSE,2025,8,98260,0.0
Avista,2022,9,99104,0.0
PAC,2022,2,98944,0.0
PSE,2023,2,98006,0.0
PSE,2020,8,98375,0.0
CNG,2024,2,98276,0.0
CNG,2020,11,99352,0.0
PSE,2024,1,98221,0.0
CNG,2023,6,98902,0.0
Avista,2024,9,99207,0.0
Avista,2022,5,99003,0.0
PSE,2024,4,98059,0.0
PSE,2024,1,98596,0.0
Avista,2021,5,99202,0.0
PSE,2022,1,98390,0.0
PSE,2024,11,98387,0.0
PSE,2025,6,98359,0.0
PSE,2024,4,98005,0.0
PSE,2022,6,98373,0.0
PSE,2021,6,98225,0.0
PSE,2023,7,98260,0.0
PSE,2024,7,98203,0.0
PAC,2021,7,99323,0.0
CNG,2023,10,98240,0.0
PSE,2020,12,98005,0.0
PSE,2021,9,98366,0.0
PSE,2023,2,98375,0.0
PSE,2024,2,98047,0.0
PSE,2022,7,98230,0.0
PAC,2021,9,98942,0.0
CNG,2021,8,99324,0.0
PSE,2023,4,98056,0.0
PSE,2025,4,98499,0.0
PAC,2022,5,99348,0.0
PAC,2021,8,98908,0.0
PSE,2020,6,98052,0.0
PSE,2022,12,98576,0.0
PSE,2025,10,98383,0.0
PSE,2022,11,98359,0.0
Avista,2023,2,99129,0.0
Avista,2025,4,99201,0.0
PSE,2024,6,98059,0.0
PSE,2024,5,98102,0.0
PSE,2022,4,98290,0.0
CNG,2021,9,98271,0.0
PSE,2021,2,98338,0.0
PAC,2024,5,98936,0.0
PAC,2023,7,98947,0.0
NWN,2022,8,98208,0.0
PSE,2022,9,98502,0.0
NWN,2020,4,98663,0.0
Avista,2025,12,99034,0.0
Avista,2020,7,99018,0.0
PSE,2024,10,98926,0.0
PSE,2020,3,98337,0.0
PSE,2021,4,98266,0.0
NWN,2021,7,98664,0.0
Avista,2022,3,98857,0.0
PSE,2025,4,98038,0.0
PAC,2023,9,98901,0.0
Avista,2022,10,99111,0.0
PSE,2025,12,98589,0.0
Avista,2023,10,99023,0.0
Avista,2022,12,99039,0.0
PSE,2021,2,98074,0.0
Avista,2022,8,99012,0.0
PSE,2021,1,98033,0.0
Avista,2024,1,99040,0.0
Avista,2020,7,99157,0.0
PAC,2021,3,98947,0.0
Avista,2021,2,99149,0.0
PAC,2024,5,98932,0.0
CNG,2025,7,99362,0.0
Avista,2020,9,99326,0.0
Avista,2022,3,99001,0.0
PSE,2021,9,98226,0.0
PSE,2025,2,98248,0.0
CNG,2020,5,98273,0.0
PSE,2020,12,98155,0.0
Avista,2023,2,99220,0.0
PSE,2022,6,98055,0.0
Avista,2025,5,99101,0.0
PSE,2020,8,98366,0.0
PAC,2023,11,98932,0.0
PSE,2022,10,98002,0.0
NWN,2021,9,98666,0.0
Avista,2023,4,99201,0.0
Avista,2022,2,98857,0.0
Avista,2022,3,99102,0.0
PSE,2025,6,98373,0.0
Avista,2020,12,99164,0.0
CNG,2023,12,98221,0.0
Avista,2020,5,99101,0.0
Avista,2021,3,99022,0.0
PSE,2024,6,98404,0.0
PSE,2024,7,98040,0.0
Avista,2024,10,99335,0.0
Avista,2024,5,99144,0.0
PSE,2020,4,98576,0.0
Avista,2020,6,99027,0.0
PSE,2024,1,98370,0.0
PSE,2023,7,98118,0.0
PSE,2025,12,98074,0.0
CNG,2024,5,98611,0.0
CNG,2025,3,98367,0.0
Avista,2024,2,99023,0.0
PSE,2024,8,98272,0.0
CNG,2024,8,98284,0.0
Avista,2020,9,99170,0.0
Avista,2020,12,99335,0.0
PSE,2024,1,98043,0.0
Avista,2022,6,99167,0.0
Avista,2020,11,99219,0.0
PSE,2023,8,98922,0.0
Avista,2021,2,99201,0.0
PAC,2024,7,98948,0.0
Avista,2024,1,99344,0.0
Avista,2023,4,99402,0.0
Avista,2021,10,99021,0.0
PSE,2022,12,98155,0.0
NWN,2020,11,98628,0.0
PSE,2025,3,98372,0.0
PSE,2024,9,98589,0.0
NWN,2025,6,98660,0.0
Avista,2021,2,99219,0.0
Avista,2024,3,99122,0.0
Avista,2020,9,99111,0.0
Avista,2025,1,99344,0.0
PSE,2021,9,98501,0.0
Avista,2024,2,99138,0.0
PSE,2025,1,98516,0.0
Avista,2025,8,99111,0.0
PSE,2025,2,98327,0.0
Avista,2025,11,99158,0.0
PSE,2020,11,98262,0.0
NWN,2022,9,98762,0.0
CNG,2021,11,98274,0.0
PSE,2025,12,98070,0.0
NWN,2023,4,98635,0.0
NWN,2022,9,97301,0.0
PSE,2024,4,98391,0.0
CNG,2022,12,98233,0.0
PSE,2022,8,98311,0.0
NWN,2024,8,98610,0.0
PSE,2025,11,98103,0.0
PAC,2020,6,98936,0.0
PSE,2020,8,98040,0.0
PSE,2021,4,98037,0.0
CNG,2022,9,99337,0.0
PSE,2024,9,98418,0.0
CNG,2024,5,98226,0.0
PSE,2021,5,98273,0.0
PSE,2021,12,98036,0.0
NWN,2020,9,98663,0.0
Avista,2022,8,99021,0.0
PSE,2024,7,98392,0.0
PSE,2025,9,98146,0.0
PSE,2021,1,98532,0.0
CNG,2023,9,98837,0.0
Avista,2025,10,99169,0.0
CNG,2022,3,98908,0.0
Avista,2020,10,99205,0.0
Avista,2022,2,99157,0.0
PSE,2021,10,98030,0.0
Avista,2020,6,99164,0.0
PSE,2020,8,98516,0.0
Avista,2024,6,99029,0.0
CNG,2020,9,98276,0.0
PSE,2024,8,98290,0.0
Avista,2021,9,99141,0.0
NWN,2023,11,98607,3.56
Avista,2024,3,99206,0.0
PSE,2022,3,98155,0.0
PSE,2025,12,98366,0.0
PAC,2022,5,98947,0.0
Avista,2022,7,99403,0.0
PSE,2021,12,98467,0.0
Avista,2023,5,99164,0.0
PSE,2020,10,98380,0.0
CNG,2021,10,98930,0.0
PSE,2022,7,98146,0.0
CNG,2025,3,98248,0.0
CNG,2023,7,98611,0.0
PSE,2022,4,98335,0.0
PSE,2023,5,98119,0.0
CNG,2021,6,98944,0.0
PSE,2021,11,98380,0.0
PAC,2021,1,98930,0.0
Avista,2020,4,99164,0.0
CNG,2020,6,98632,0.0
PSE,2021,5,98070,0.0
PSE,2022,5,98126,0.0
PSE,2021,1,98125,0.0
CNG,2025,11,98310,0.0
PSE,2022,11,98101,0.0
Avista,2022,4,98648,0.0
PSE,2023,8,98203,0.0
Avista,2021,8,99205,0.0
PAC,2021,4,99347,0.0
CNG,2021,5,98837,0.0
PSE,2024,9,98004,0.0
PSE,2022,11,98311,0.0
Avista,2021,12,99149,0.0
PSE,2024,7,98177,0.0
Avista,2023,2,99134,0.0
Avista,2025,3,99001,0.0
PSE,2025,6,98516,0.0
CNG,2021,12,98550,0.0
PSE,2021,5,98155,0.0
PSE,2023,4,98118,0.0
Avista,2023,12,99107,0.0
CNG,2020,3,98274,455.69
PSE,2023,3,98022,0.0
Avista,2022,4,99125,0.0
PSE,2025,5,98065,0.0
PSE,2021,2,98144,0.0
CNG,2025,2,98264,0.0
Avista,2022,11,99025,0.0
Avista,2021,12,99201,0.0
PAC,2023,6,99324,0.0
PSE,2024,12,98392,0.0
PSE,2023,11,98188,0.0
PAC,2021,2,99361,0.0
Avista,2023,1,99009,0.0
CNG,2023,5,98932,0.0
CNG,2023,2,98367,0.0
PSE,2022,9,98178,0.0
CNG,2020,3,98367,290.86
PSE,2025,10,98119,0.0
PSE,2020,10,98006,0.0
CNG,2024,8,98225,0.0
PSE,2021,8,98383,0.0
PSE,2023,8,98074,0.0
PSE,2022,10,98498,0.0
Avista,2020,3,99134,0.0
CNG,2024,8,98951,0.0
Avista,2025,4,99170,0.0
CNG,2025,5,98314,0.0
NWN,2024,7,98604,0.0
NWN,2023,6,98686,0.0
NWN,2024,8,98026,0.0
PSE,2020,8,98023,0.0
Avista,2025,4,99203,0.0
PSE,2022,10,98121,0.0
PSE,2025,4,98439,0.0
Avista,2022,12,99131,0.0
CNG,2021,11,98801,0.0
PSE,2025,11,98148,0.0
PSE,2025,8,98031,0.0
CNG,2024,4,98220,0.0
PSE,2022,5,98402,0.0
CNG,2022,6,99354,0.0
CNG,2020,2,98274,0.0
PSE,2023,8,98346,0.0
NWN,2024,3,98674,0.0
Avista,2025,5,99107,0.0
Avista,2022,4,99344,0.0
Avista,2025,3,99149,0.0
NWN,2021,6,98672,0.0
NWN,2025,8,98674,0.0
Avista,2020,12,99117,0.0
NWN,2023,4,98663,0.0
CNG,2022,1,98314,0.0
PSE,2022,9,98390,0.0
PAC,2024,12,98936,0.0
PSE,2025,5,98177,0.0
PSE,2022,10,98321,0.0
PSE,2024,12,98283,0.0
PSE,2021,10,98102,0.0
PSE,2021,8,98005,0.0
PAC,2023,2,98947,0.0
CNG,2020,6,98936,0.0
Avista,2022,7,99009,0.0
PSE,2022,4,98029,0.0
Avista,2025,2,99170,0.0
NWN,2024,3,98664,-3.0
Avista,2021,4,98620,0.0
NWN,2023,8,98686,0.0
CNG,2023,7,98220,0.0
NWN,2024,6,98661,0.0
PAC,2024,8,98952,0.0
Avista,2022,10,99157,0.0
PSE,2022,10,98422,0.0
PSE,2022,12,98446,0.0
PSE,2022,10,98052,0.0
Avista,2021,2,99020,0.0
Avista,2024,1,99011,0.0
PSE,2023,7,98373,0.0
Avista,2023,8,98620,0.0
Avista,2021,2,99141,0.0
CNG,2021,9,98557,0.0
PSE,2021,12,98512,0.0
NWN,2022,10,98635,0.0
CNG,2021,2,99338,0.0
PSE,2020,10,98092,0.0
Avista,2024,6,99220,0.0
NWN,2022,1,98762,0.0
NWN,2023,7,98686,0.0
PAC,2021,8,98921,0.0
PSE,2025,2,98074,0.0
CNG,2023,3,98366,0.0
Avista,2024,4,99181,0.0
PSE,2024,7,98201,0.0
NWN,2024,5,98125,0.0
Avista,2022,2,99032,0.0
PAC,2021,8,98923,0.0
PSE,2023,10,98391,0.0
PSE,2023,11,98110,0.0
Avista,2022,5,99032,0.0
Avista,2025,12,99206,0.0
PSE,2022,11,98040,0.0
PAC,2023,5,99323,0.0
CNG,2025,11,99301,0.0
PSE,2024,1,98516,0.0
NWN,2022,7,97663,0.0
PSE,2025,9,98047,0.0
PSE,2024,12,98597,0.0
PSE,2022,5,98922,0.0
Avista,2020,10,99130,0.0
PSE,2022,10,98531,0.0
Avista,2023,3,99110,0.0
CNG,2025,5,98902,0.0
PAC,2023,8,98903,0.0
CNG,2021,4,98292,0.0
PSE,2025,9,98273,0.0
PSE,2021,9,98409,0.0
CNG,2021,12,98932,0.0
Avista,2021,7,99163,0.0
NWN,2022,1,98665,0.0
CNG,2023,5,99323,0.0
PSE,2023,7,98021,0.0
CNG,2024,10,98367,0.0
PSE,2021,1,98028,0.0
Avista,2025,4,99113,0.0
PSE,2022,7,98380,0.0
PSE,2020,9,98037,0.0
PSE,2023,10,98225,0.0
PSE,2021,11,98503,0.0
PSE,2022,5,98177,0.0
PSE,2022,9,98045,0.0
PSE,2025,8,98010,0.0
Avista,2022,11,99023,0.0
PAC,2022,11,99360,0.0
NWN,2022,3,98604,0.0
NWN,2022,11,98629,0.0
NWN,2021,11,98606,0.0
PSE,2023,3,98133,0.0
PAC,2023,8,98908,0.0
PAC,2023,12,98944,0.0
Avista,2021,2,99032,0.0
Avista,2025,9,99109,0.0
PSE,2024,1,98126,0.0
PAC,2020,8,98944,0.0
PAC,2025,5,99324,17.08
CNG,2025,9,98230,0.0
NWN,2021,1,97388,0.0
PSE,2024,12,98230,0.0
Avista,2021,7,99176,0.0
PSE,2021,5,98467,0.0
PSE,2024,10,98404,0.0
PSE,2024,9,98359,0.0
CNG,2021,8,98366,0.0
CNG,2023,4,98932,0.0
Avista,2025,6,99143,0.0
PSE,2024,7,98208,0.0
Avista,2022,2,99114,0.0
PSE,2021,5,98043,0.0
CNG,2022,6,98520,0.0
PSE,2021,3,98375,0.0
CNG,2025,3,98524,0.0
PSE,2021,7,98166,0.0
Avista,2021,12,99033,0.0
PSE,2024,12,98408,0.0
PSE,2023,3,98312,0.0
NWN,2020,7,98661,0.0
Avista,2025,4,99102,0.0
PSE,2021,11,98112,0.0
PSE,2022,10,98198,0.0
Avista,2021,12,99134,0.0
NWN,2025,10,98663,0.0
NWN,2022,10,98626,0.0
PSE,2025,12,98047,0.0
PSE,2022,12,98371,0.0
Avista,2022,3,99204,0.0
Avista,2021,8,99341,0.0
PSE,2021,11,98166,0.0
PSE,2021,11,98244,0.0
CNG,2023,7,98276,0.0
Avista,2025,8,99125,0.0
Avista,2024,6,99170,0.0
NWN,2024,7,98683,0.0
Avista,2024,6,99033,0.0
Avista,2022,12,99032,0.0
PSE,2023,2,98087,0.0
CNG,2025,6,98932,0.0
PAC,2024,5,98938,0.0
CNG,2024,2,98953,0.0
CNG,2024,5,98901,0.0
CNG,2020,7,98230,0.0
PAC,2022,6,99329,0.0
PSE,2025,4,98409,0.0
NWN,2024,8,98612,0.0
PSE,2020,6,98372,0.0
Avista,2023,5,99203,0.0
PAC,2023,11,98944,0.0
NWN,2020,4,98662,2.0
PSE,2023,6,98283,0.0
Avista,2021,6,99016,0.0
Avista,2021,9,99212,0.0
PAC,2024,6,98921,0.0
CNG,2024,8,98541,0.0
CNG,2024,8,99336,0.0
Avista,2025,12,99128,0.0
Avista,2024,4,99403,0.0
Avista,2023,6,99001,0.0
Avista,2023,10,99033,0.0
CNG,2020,2,98220,0.0
Avista,2023,11,99219,0.0
NWN,2021,1,97301,0.0
PSE,2023,6,98023,0.0
PSE,2020,12,98148,0.0
Avista,2022,10,99131,0.0
CNG,2024,4,98557,0.0
PSE,2022,11,98589,0.0
Avista,2023,12,99228,0.0
PSE,2022,4,98042,0.0
CNG,2024,5,98247,0.0
PSE,2022,11,98146,0.0
PSE,2021,10,98387,0.0
CNG,2024,5,98248,0.0
Avista,2025,12,99018,0.0
CNG,2023,2,99352,0.0
PSE,2025,8,98239,0.0
PSE,2022,4,98589,0.0
Avista,2025,2,99001,0.0
CNG,2020,7,98563,0.0
PSE,2022,10,98059,0.0
PSE,2021,9,98532,0.0
CNG,2020,3,98264,790.78
CNG,2025,3,98225,0.0
PSE,2024,3,98405,0.0
Avista,2025,4,99025,0.0
PSE,2022,12,98011,0.0
NWN,2022,12,97388,0.0
NWN,2025,3,98605,0.0
PSE,2022,6,98198,0.0
CNG,2025,1,99336,0.0
NWN,2025,9,98629,0.0
CNG,2023,12,98541,0.0
NWN,2024,7,98672,0.0
CNG,2020,9,98801,0.0
PAC,2022,8,98930,0.0
CNG,2020,1,99301,0.0
CNG,2022,4,98674,0.0
NWN,2020,3,98686,0.0
Avista,2022,8,99040,0.0
PSE,2023,3,98036,0.0
PSE,2023,9,98406,0.0
NWN,2024,7,98675,0.0
Avista,2023,3,99034,0.0
Avista,2022,12,98648,0.0
PSE,2021,6,98260,0.0
PSE,2025,9,98005,0.0
CNG,2024,10,98337,0.0
Avista,2021,12,99034,0.0
CNG,2023,5,98337,0.0
Avista,2021,6,99176,0.0
Avista,2021,11,98620,0.0
PSE,2022,7,98283,0.0
CNG,2021,1,98951,0.0
PSE,2021,8,98337,0.0
PSE,2021,5,98133,0.0
Avista,2024,2,99037,0.0
CNG,2025,5,98220,0.0
PAC,2024,12,98942,0.0
NWN,2024,12,98665,0.0
PSE,2021,7,98516,0.0
NWN,2024,10,98605,0.0
PAC,2023,1,98902,0.0
PAC,2022,5,98903,0.0
PSE,2022,11,98388,0.0
Avista,2021,10,99146,0.0
PSE,2021,8,98133,0.0
PSE,2021,8,98338,0.0
PSE,2022,4,98941,0.0
PSE,2022,3,98327,0.0
NWN,2023,11,98665,0.0
PSE,2024,5,98233,0.0
Avista,2022,6,98857,0.0
CNG,2020,1,98271,0.0
Avista,2021,1,99032,0.0
PSE,2020,4,98040,0.0
CNG,2023,4,99337,0.0
PSE,2020,11,98053,0.0
PSE,2025,3,98232,0.0
PSE,2020,9,98516,0.0
CNG,2022,3,98248,0.0
CNG,2025,6,98541,0.0
CNG,2020,6,98233,0.0
CNG,2024,11,98314,0.0
PSE,2024,12,98021,0.0
PSE,2022,6,98260,0.0
NWN,2024,7,98635,0.0
CNG,2020,9,98248,0.0
PSE,2020,7,98579,0.0
NWN,2021,5,98617,0.0
NWN,2025,8,98620,0.0
PSE,2025,4,98033,0.0
PSE,2021,11,98051,0.0
PSE,2022,11,98109,0.0
PSE,2021,5,98367,0.0
PSE,2020,5,98047,0.0
PSE,2025,12,98321,0.0
Avista,2025,4,99019,0.0
Avista,2023,1,99171,0.0
PSE,2023,5,98007,0.0
Avista,2024,8,99008,0.0
CNG,2025,1,98233,0.0
PSE,2021,8,98445,0.0
NWN,2024,9,98601,0.0
PAC,2021,1,98936,0.0
PSE,2022,9,98283,0.0
PSE,2022,11,98277,0.0
NWN,2021,2,98686,0.0
PSE,2020,3,98262,0.0
PSE,2024,10,98359,0.0
Avista,2024,5,99156,0.0
Avista,2025,12,99335,0.0
PSE,2024,1,98058,0.0
CNG,2024,4,98229,0.0
PSE,2025,7,98012,0.0
PSE,2021,7,98057,0.0
Avista,2023,4,99403,0.0
CNG,2023,4,98310,0.0
Avista,2020,8,99005,0.0
Avista,2021,11,99149,0.0
Avista,2022,10,99104,0.0
Avista,2021,10,99203,0.0
PSE,2020,11,98101,0.0
PSE,2024,12,98102,0.0
PSE,2021,6,98070,0.0
Avista,2022,5,99207,0.0
Avista,2022,4,99208,0.0
Avista,2021,1,99203,0.0
NWN,2023,6,98119,0.0
Avista,2021,7,99179,0.0
PSE,2022,9,98941,0.0
CNG,2022,12,98625,0.0
PAC,2022,5,99347,0.0
PSE,2022,3,98116,0.0
Avista,2021,9,99181,0.0
CNG,2023,9,98801,0.0
Avista,2025,2,99030,0.0
PSE,2022,10,98408,0.0
NWN,2023,5,98307,0.0
PSE,2021,7,98230,0.0
CNG,2024,10,98230,0.0
PSE,2021,2,98110,0.0
PSE,2025,4,98274,0.0
PSE,2023,9,98121,0.0
Avista,2024,9,99029,0.0
PSE,2022,5,98284,0.0
Avista,2024,9,98857,0.0
PSE,2024,7,98383,0.0
PAC,2023,9,98947,0.0
PSE,2025,1,98332,0.0
PSE,2020,3,98498,0.0
PSE,2021,4,98239,0.0
CNG,2023,8,98312,0.0
CNG,2025,10,98563,0.0
PSE,2025,4,98043,0.0
PSE,2023,1,98047,0.0
PSE,2024,4,98275,0.0
PSE,2022,2,98579,0.0
NWN,2021,5,98648,0.0
Avista,2025,7,99128,0.0
NWN,2022,8,98601,0.0
PSE,2025,6,98126,0.0
NWN,2020,9,98607,0.0
CNG,2021,10,98312,0.0
PSE,2022,10,98342,0.0
PSE,2021,2,98001,0.0
PSE,2020,6,98346,0.0
NWN,2021,9,98606,0.0
Avista,2023,3,99117,0.0
PSE,2022,2,98375,0.0
PSE,2021,8,98380,0.0
PSE,2023,2,98262,0.0
CNG,2021,8,98584,0.0
Avista,2021,9,99005,0.0
PSE,2024,2,98244,0.0
Avista,2020,6,99143,0.0
PSE,2025,12,98274,0.0
NWN,2025,3,98660,0.0
NWN,2020,4,98685,0.0
PSE,2022,1,98122,0.0
Avista,2021,3,99159,0.0
PSE,2025,6,98311,0.0
CNG,2022,9,99354,0.0
PSE,2021,11,98109,0.0
CNG,2024,7,98903,0.0
Avista,2024,3,99218,0.0
PSE,2022,12,98418,0.0
PSE,2022,12,98108,0.0
Avista,2024,5,99220,0.0
PSE,2025,10,98232,0.0
PAC,2021,4,98953,0.0
Avista,2021,11,99144,0.0
CNG,2024,7,98282,0.0
NWN,2022,9,98662,0.0
PSE,2022,9,98257,0.0
CNG,2021,10,98383,0.0
PSE,2020,11,98283,0.0
CNG,2025,11,98951,0.0
Avista,2023,12,99026,0.0
PSE,2023,9,98092,0.0
CNG,2022,8,98271,0.0
PSE,2022,11,98006,0.0
PSE,2025,1,98188,0.0
PSE,2023,4,98001,0.0
PSE,2025,10,98121,0.0
CNG,2023,9,98848,0.0
PSE,2021,2,98042,0.0
CNG,2020,1,98284,0.0
PSE,2025,6,98178,0.0
Avista,2020,8,99107,0.0
PSE,2023,6,98274,0.0
Avista,2023,4,99146,0.0
PSE,2021,2,98408,0.0
PSE,2025,5,98501,0.0
PSE,2020,12,98248,0.0
PSE,2024,12,98051,0.0
Avista,2022,5,99128,0.0
NWN,2021,9,98026,0.0
PSE,2025,11,98119,0.0
PAC,2022,6,98952,0.0
NWN,2024,12,98601,0.0
PSE,2020,11,98311,0.0
NWN,2024,2,98125,0.0
CNG,2025,10,99352,0.0
PAC,2025,8,98908,148.63
PSE,2020,10,98390,0.0
PSE,2023,12,98404,0.0
PSE,2025,3,98239,0.0
CNG,2022,6,98284,0.0
Avista,2021,4,99008,0.0
CNG,2020,1,98524,0.0
PSE,2021,7,98337,0.0
PSE,2020,7,98119,0.0
CNG,2020,9,98337,0.0
PSE,2024,4,98274,0.0
NWN,2021,8,98601,0.0
Avista,2025,1,99009,0.0
CNG,2020,6,98225,0.0
CNG,2025,11,98801,0.0
Avista,2021,3,99109,0.0
CNG,2024,1,98557,0.0
Avista,2025,6,99110,0.0
Avista,2023,4,99030,0.0
Avista,2025,8,99207,0.0
PSE,2023,10,98023,0.0
PAC,2022,7,99363,0.0
PSE,2024,9,98055,0.0
Avista,2021,12,99004,0.0
CNG,2023,12,98312,0.0
Avista,2022,4,99206,0.0
Avista,2020,11,99158,0.0
PSE,2024,8,98405,0.0
NWN,2021,2,98675,0.0
PSE,2022,11,98274,0.0
Avista,2020,3,99260,0.0
PAC,2024,3,98901,0.0
NWN,2025,3,98610,0.0
Avista,2024,4,99012,0.0
NWN,2025,3,98683,0.0
Avista,2021,7,99134,0.0
CNG,2020,9,98383,0.0
PSE,2020,12,98402,0.0
PSE,2024,3,98342,0.0
PSE,2023,2,98070,0.0
CNG,2020,5,98902,0.0
PSE,2022,2,98516,0.0
PSE,2024,8,98008,0.0
PSE,2024,12,98258,0.0
Avista,2024,7,98620,0.0
Avista,2022,6,99111,0.0
Avista,2023,3,99217,0.0
PSE,2020,7,98327,0.0
PSE,2023,10,98146,0.0
CNG,2023,11,98220,0.0
PSE,2023,5,98275,0.0
PSE,2025,1,98310,0.0
PSE,2025,7,98021,0.0
PSE,2022,6,98168,0.0
NWN,2024,10,97388,0.0
CNG,2020,5,98370,0.0
Avista,2020,4,99004,0.0
PSE,2024,3,98034,0.0
PSE,2022,2,98284,0.0
Avista,2021,10,99117,0.0
CNG,2024,11,98942,0.0
NWN,2025,8,98671,0.0
NWN,2020,7,98208,0.0
CNG,2021,3,98837,0.0
NWN,2021,9,98612,0.0
PSE,2021,3,98036,0.0
PSE,2023,11,98011,0.0
PSE,2023,10,98112,0.0
CNG,2023,5,98953,0.0
PSE,2024,6,98532,0.0
CNG,2023,11,98366,0.0
PSE,2024,8,98239,0.0
PSE,2025,5,98122,0.0
CNG,2023,9,98902,0.0
Avista,2022,2,99223,0.0
PSE,2021,10,98418,0.0
Avista,2021,9,99031,0.0
Avista,2022,6,99034,0.0
Avista,2022,2,99173,0.0
Avista,2020,9,99040,0.0
CNG,2024,3,98225,0.0
PSE,2025,3,98531,0.0
PAC,2024,9,98948,0.0
Avista,2020,6,99159,0.0
PSE,2024,3,98270,0.0
PSE,2024,11,98327,0.0
Avista,2022,3,99224,0.0
PSE,2021,3,98239,0.0
PAC,2021,8,99323,0.0
PSE,2024,12,98312,0.0
PSE,2021,3,98244,0.0
PSE,2022,7,98342,0.0
Avista,2024,2,99143,0.0
PSE,2025,7,98283,0.0
PSE,2024,9,98201,0.0
Avista,2025,6,99176,0.0
PSE,2024,5,98402,0.0
Avista,2022,5,99151,0.0
PSE,2021,7,98260,0.0
PSE,2024,5,98516,0.0
PSE,2021,4,98168,0.0
PSE,2021,4,98274,0.0
Avista,2023,8,99034,0.0
PSE,2023,1,98272,0.0
Avista,2025,2,99134,0.0
CNG,2024,8,98310,0.0
PSE,2023,3,98030,0.0
Avista,2025,7,99125,0.0
CNG,2025,1,98948,0.0
CNG,2022,1,98220,0.0
PSE,2025,4,98226,0.0
PSE,2024,12,98439,0.0
PSE,2022,6,98203,0.0
PSE,2021,5,98121,0.0
Avista,2022,8,99216,0.0
Avista,2021,11,99228,0.0
CNG,2025,11,98903,0.0
CNG,2025,5,98837,0.0
PSE,2024,6,98026,0.0
Avista,2020,8,99169,0.0
PSE,2023,2,98467,0.0
Avista,2025,2,99040,0.0
Avista,2024,2,99030,0.0
PSE,2023,2,98057,0.0
PSE,2023,2,98106,0.0
Avista,2023,4,99101,0.0
CNG,2022,8,98936,0.0
PAC,2024,1,98937,0.0
PSE,2025,1,98422,0.0
Avista,2020,6,99102,0.0
Avista,2025,1,99181,0.0
CNG,2022,7,98314,0.0
PAC,2025,8,98948,34.4
CNG,2022,8,98311,0.0
PAC,2023,4,99324,0.0
PSE,2022,7,98225,0.0
PSE,2021,3,98122,0.0
NWN,2023,1,98671,0.0
CNG,2022,11,99336,0.0
Avista,2021,4,99219,0.0
PSE,2024,3,98029,0.0
CNG,2022,5,98801,0.0
PSE,2022,4,98311,0.0
CNG,2020,4,99353,0.0
PSE,2025,7,98370,0.0
CNG,2020,11,98248,0.0
PSE,2022,9,98531,0.0
CNG,2025,12,98312,0.0
CNG,2023,12,98932,0.0
Avista,2020,10,99101,0.0
PSE,2022,1,98166,0.0
Avista,2022,1,99169,0.0
NWN,2025,8,98606,0.0
Avista,2020,6,99126,0.0
PSE,2021,3,98338,0.0
PSE,2024,3,98499,0.0
CNG,2022,1,98948,0.0
PSE,2023,2,98409,0.0
CNG,2022,3,98903,0.0
PSE,2022,8,98513,0.0
PSE,2022,4,98112,0.0
Avista,2020,7,99173,0.0
NWN,2024,11,98648,0.0
PSE,2025,3,98596,0.0
PSE,2021,6,98230,0.0
PSE,2024,1,98237,0.0
PSE,2022,5,98070,0.0
PSE,2024,4,98036,0.0
Avista,2022,4,99167,0.0
PSE,2021,1,98446,0.0
PSE,2020,4,98109,0.0
PSE,2024,6,98290,0.0
PSE,2020,6,98118,0.0
PSE,2025,7,98332,0.0
PSE,2023,10,98332,0.0
PSE,2020,6,98148,0.0
PSE,2022,11,98126,0.0
CNG,2025,7,98292,0.0
Avista,2024,2,99005,0.0
CNG,2020,7,98584,0.0
CNG,2020,9,98563,0.0
CNG,2023,7,98528,0.0
PSE,2025,9,98034,0.0
Avista,2025,11,98648,0.0
PAC,2024,1,99323,0.0
NWN,2021,9,98617,0.0
CNG,2023,7,98223,0.0
NWN,2020,9,98617,0.0
CNG,2021,4,98366,0.0
PSE,2020,10,98042,0.0
PSE,2021,8,98022,0.0
Avista,2022,12,99163,0.0
PSE,2025,3,98208,0.0
PSE,2025,5,98941,0.0
CNG,2024,5,98274,0.0
NWN,2025,9,98662,0.0
PSE,2024,3,98092,0.0
PSE,2024,3,98445,0.0
PSE,2022,3,98232,0.0
Avista,2025,1,99167,0.0
PSE,2021,4,98346,0.0
CNG,2020,9,99362,0.0
PSE,2021,3,98531,0.0
PSE,2024,6,98031,0.0
PSE,2023,9,98051,0.0
CNG,2023,2,98221,0.0
NWN,2020,9,98605,0.0
PSE,2025,9,98110,0.0
Avista,2022,3,99008,0.0
PSE,2022,10,98366,0.0
PSE,2025,8,98116,0.0
Avista,2023,10,99335,0.0
PSE,2024,10,98239,0.0
Avista,2022,2,99040,0.0
PSE,2024,4,98125,0.0
PSE,2024,9,98023,0.0
NWN,2025,5,98665,0.0
PSE,2021,11,98283,0.0
CNG,2021,1,99337,0.0
NWN,2022,5,98607,0.0
PSE,2024,7,98105,0.0
PSE,2020,9,98058,0.0
Avista,2024,1,99019,0.0
Avista,2023,3,99014,0.0
NWN,2020,6,98684,0.0
Avista,2023,10,99102,0.0
PSE,2024,10,98230,0.0
PSE,2023,3,98006,0.0
CNG,2025,4,98584,0.0
PSE,2021,2,98225,0.0
Avista,2021,7,99031,0.0
Avista,2022,4,99128,0.0
PSE,2021,4,98003,0.0
PSE,2022,3,98404,0.0
Avista,2022,8,99157,0.0
PSE,2025,4,98024,0.0
PAC,2020,6,98952,0.0
PAC,2024,6,98936,0.0
Avista,2021,8,99260,0.0
PSE,2025,9,98342,0.0
PSE,2025,10,98008,0.0
PSE,2024,4,98941,0.0
PSE,2022,5,98045,0.0
PAC,2025,7,98948,34.06
PSE,2025,11,98117,0.0
CNG,2020,2,98225,0.0
PSE,2023,8,98101,0.0
Avista,2020,4,99111,0.0
PSE,2022,11,98498,0.0
Avista,2024,7,99019,0.0
Avista,2023,11,99160,0.0
PSE,2023,1,98532,0.0
PSE,2023,4,98019,0.0
Avista,2021,7,99130,0.0
PSE,2025,12,98506,0.0
PSE,2024,9,98047,0.0
PSE,2025,9,98101,0.0
NWN,2020,3,98674,0.0
PSE,2023,6,98032,0.0
PSE,2021,3,98342,0.0
PSE,2021,3,98112,0.0
Avista,2024,7,99114,0.0
Avista,2024,8,99114,0.0
PSE,2021,12,98466,0.0
PSE,2023,4,98373,0.0
PSE,2025,3,98002,0.0
Avista,2024,11,99029,0.0
CNG,2021,3,98314,0.0
CNG,2021,10,98271,0.0
PSE,2021,11,98597,0.0
PSE,2022,1,98388,0.0
PSE,2023,5,98087,0.0
PSE,2023,12,98467,0.0
NWN,2022,7,98648,0.0
Avista,2021,12,99171,0.0
PSE,2021,6,98257,0.0
CNG,2022,9,98936,0.0
NWN,2023,10,98607,0.0
Avista,2025,2,99005,0.0
PSE,2021,2,98392,0.0
NWN,2024,3,98642,-16.47
Avista,2020,4,99021,0.0
Avista,2025,6,99159,0.0
CNG,2021,2,98221,0.0
PSE,2022,12,98003,0.0
Avista,2024,3,99128,0.0
CNG,2023,1,98951,0.0
PSE,2024,6,98337,0.0
Avista,2025,8,99164,0.0
PSE,2024,5,98022,0.0
Avista,2023,3,99218,0.0
CNG,2020,11,98282,0.0
PSE,2024,4,98596,0.0
NWN,2022,11,97301,0.0
PSE,2021,5,98007,0.0
PSE,2025,5,98284,0.0
Avista,2020,3,99371,0.0
PSE,2025,9,98390,0.0
CNG,2020,7,98264,0.0
CNG,2023,9,98802,0.0
Avista,2024,9,99201,0.0
NWN,2023,6,98127,0.0
PSE,2022,1,98513,0.0
PSE,2021,7,98203,0.0
PSE,2022,4,98408,0.0
PSE,2023,7,98012,0.0
Avista,2021,6,99205,0.0
PSE,2025,12,98225,0.0
PSE,2023,2,98366,0.0
PSE,2024,2,98072,0.0
CNG,2022,5,98311,0.0
PSE,2025,5,98006,0.0
PSE,2025,9,98043,0.0
Avista,2021,2,99113,0.0
NWN,2022,9,98617,0.0
NWN,2024,5,98682,0.0
PSE,2024,6,98045,0.0
PAC,2022,3,98953,0.0
CNG,2020,11,98837,0.0
CNG,2020,8,99350,0.0
PSE,2025,11,98051,0.0
NWN,2022,1,98666,0.0
PSE,2023,1,98233,0.0
Avista,2024,6,99117,0.0
Avista,2025,4,99223,0.0
PSE,2023,7,98104,0.0
PSE,2023,10,98125,0.0
CNG,2023,9,98264,0.0
PSE,2020,10,98204,0.0
PSE,2025,5,98004,0.0
Avista,2022,4,99181,0.0
Avista,2024,2,99019,0.0
PSE,2025,7,98262,0.0
CNG,2021,5,98370,0.0
CNG,2022,10,98524,0.0
PSE,2023,1,98024,0.0
NWN,2025,9,98762,0.0
PSE,2024,8,98512,0.0
PSE,2025,6,98224,0.0
CNG,2022,3,98366,0.0
CNG,2023,3,98930,0.0
CNG,2022,2,98908,0.0
Avista,2021,6,99020,0.0
PSE,2024,6,98022,0.0
PSE,2022,8,98408,0.0
PSE,2024,9,98576,0.0
PSE,2023,3,98148,0.0
Avista,2025,9,99208,0.0
CNG,2021,8,99353,0.0
Avista,2022,10,99129,0.0
Avista,2022,4,99030,0.0
PSE,2021,4,98332,0.0
PSE,2021,10,98337,0.0
CNG,2025,10,98226,0.0
Avista,2024,12,99114,0.0
Avista,2024,8,99128,0.0
Avista,2022,12,99013,0.0
CNG,2022,3,98901,0.0
PSE,2021,4,98072,0.0
PSE,2023,10,98224,0.0
Avista,2021,4,99185,0.0
PAC,2020,8,98942,0.0
PAC,2023,11,99362,0.0
PSE,2024,12,98177,0.0
CNG,2024,10,98951,0.0
CNG,2020,7,98220,0.0
PSE,2024,3,98024,0.0
CNG,2021,6,98223,0.0
CNG,2022,6,98247,0.0
PSE,2024,6,98101,0.0
PSE,2022,1,98058,0.0
Avista,2025,7,99030,0.0
PAC,2024,3,99360,0.0
PSE,2023,5,98226,0.0
PSE,2022,7,98103,0.0
CNG,2024,6,98837,0.0
Avista,2021,3,99176,0.0
PSE,2022,4,98032,0.0
Avista,2021,8,99228,0.0
PSE,2025,9,98274,0.0
PSE,2022,2,98224,0.0
PSE,2025,3,98177,0.0
PAC,2024,2,99360,0.0
PSE,2020,3,98406,0.0
Avista,2022,4,99014,0.0
Avista,2020,3,99020,0.0
CNG,2022,6,98367,0.0
Avista,2025,6,99326,0.0
Avista,2023,9,99371,0.0
PSE,2022,6,98402,0.0
PSE,2023,11,98311,0.0
PAC,2020,10,98952,0.0
PAC,2024,2,98936,0.0
Avista,2020,10,99228,0.0
Avista,2020,7,99138,0.0
Avista,2021,7,99402,0.0
NWN,2025,8,98668,0.0
PAC,2021,3,98944,0.0
PSE,2025,8,98466,0.0
Avista,2020,9,99173,0.0
PSE,2020,12,98012,0.0
Avista,2025,4,99031,0.0
Avista,2022,5,99156,0.0
Avista,2021,10,99027,0.0
Avista,2022,12,99170,0.0
PSE,2022,3,98112,0.0
Avista,2025,6,99037,0.0
Avista,2023,7,99021,0.0
Avista,2024,6,99039,0.0
PSE,2023,5,98045,0.0
PSE,2022,4,98502,0.0
PSE,2023,9,98116,0.0
Avista,2020,11,99167,0.0
PSE,2022,1,98168,0.0
PSE,2020,6,98177,0.0
PAC,2020,2,99350,9.0
NWN,2021,4,98668,0.0
PAC,2025,8,98901,364.73
PSE,2022,7,98501,0.0
Avista,2020,11,99107,0.0
PSE,2022,12,98335,0.0
CNG,2024,10,98223,0.0
CNG,2020,5,98948,0.0
PSE,2025,7,98290,0.0
NWN,2024,8,98605,0.0
PSE,2021,6,98052,0.0
Avista,2025,7,99204,0.0
Avista,2023,6,99217,0.0
CNG,2020,6,98284,0.0
PAC,2022,7,98933,0.0
PSE,2024,8,98230,0.0
PSE,2023,3,98258,0.0
PSE,2022,7,98406,0.0
PSE,2023,5,98005,0.0
PSE,2021,2,98424,0.0
PSE,2025,8,98233,0.0
PSE,2022,8,98125,0.0
PSE,2020,11,98036,0.0
CNG,2023,2,99338,0.0
NWN,2022,12,98663,0.0
Avista,2025,5,99125,0.0
Avista,2020,6,99137,0.0
CNG,2020,7,99350,0.0
PSE,2020,8,98122,0.0
Avista,2020,11,99138,0.0
PSE,2023,2,98934,0.0
PSE,2024,10,98036,0.0
Avista,2025,1,99107,0.0
Avista,2020,10,99260,0.0
Avista,2025,3,99103,0.0
Avista,2020,4,99176,0.0
PSE,2021,5,98144,0.0
NWN,2023,7,98685,0.0
PSE,2023,9,98087,0.0
PSE,2021,12,98922,0.0
Avista,2020,6,99144,0.0
PAC,2020,6,99363,0.0
PSE,2020,10,98502,0.0
Avista,2022,8,98857,0.0
NWN,2024,8,98668,0.0
CNG,2021,1,98337,0.0
CNG,2023,6,98221,0.0
CNG,2022,2,98557,0.0
PSE,2022,5,98038,0.0
PAC,2023,2,98938,0.0
PSE,2021,5,98178,0.0
Avista,2022,6,99158,0.0
CNG,2022,2,98292,0.0
PSE,2025,3,98418,0.0
Avista,2023,4,99207,0.0
PSE,2024,7,98008,0.0
PSE,2022,7,98512,0.0
CNG,2024,3,98611,0.0
Avista,2025,2,98648,0.0
Avista,2022,4,99001,0.0
PSE,2025,3,98034,0.0
PSE,2021,6,98024,0.0
PSE,2022,11,98516,0.0
PSE,2020,9,98312,0.0
PSE,2021,1,98057,0.0
PSE,2024,3,98926,0.0
PSE,2020,6,98370,0.0
PSE,2023,11,98133,0.0
CNG,2022,2,98632,0.0
PSE,2020,10,98101,0.0
Avista,2025,2,99009,0.0
PSE,2025,8,98926,0.0
PSE,2025,7,98102,0.0
Avista,2024,1,99107,0.0
NWN,2022,9,98605,0.0
PSE,2023,4,98121,0.0
PSE,2024,6,98579,0.0
Avista,2025,11,99151,0.0
PSE,2021,1,98367,0.0
PSE,2021,8,98108,0.0
PSE,2022,12,98021,0.0
PSE,2021,12,98011,0.0
PSE,2022,8,98056,0.0
PAC,2021,12,98948,0.0
CNG,2022,7,98345,0.0
PAC,2020,5,98933,0.0
NWN,2020,4,98684,0.0
PSE,2024,1,98012,0.0
PAC,2022,3,99360,0.0
CNG,2025,6,99353,0.0
PSE,2025,1,98232,0.0
CNG,2021,9,98902,0.0
CNG,2025,3,98271,0.0
NWN,2023,5,98606,0.0
Avista,2025,7,99208,0.0
PSE,2022,4,98203,0.0
Avista,2024,9,99031,0.0
PSE,2024,10,98108,0.0
PSE,2022,6,98346,0.0
PSE,2022,9,98117,0.0
PSE,2020,9,98072,0.0
PSE,2025,3,98022,0.0
PAC,2021,10,99347,0.0
PSE,2021,6,98057,0.0
PSE,2023,1,98177,0.0
PAC,2024,3,99328,0.0
PSE,2022,10,98346,0.0
NWN,2020,10,97031,0.0
Avista,2025,11,99023,0.0
PSE,2023,5,98121,0.0
NWN,2020,12,98683,0.0
PSE,2025,10,98248,0.0
CNG,2020,3,98345,23.13
Avista,2023,11,99013,0.0
PSE,2025,11,98232,0.0
NWN,2025,5,98663,0.0
PSE,2025,8,98498,0.0
PSE,2023,3,98467,0.0
Avista,2021,12,99218,0.0
Avista,2025,2,99025,0.0
Avista,2020,6,98648,0.0
PSE,2023,3,98375,0.0
Avista,2022,12,99018,0.0
PSE,2025,1,98019,0.0
PAC,2020,10,98948,0.0
CNG,2022,4,98903,0.0
PSE,2021,2,98360,0.0
Avista,2024,12,99212,0.0
PSE,2025,9,98106,0.0
PAC,2024,2,98953,0.0
PSE,2022,5,98934,0.0
Avista,2021,8,99158,0.0
PSE,2021,3,98032,0.0
Avista,2024,5,99131,0.0
PSE,2021,7,98374,0.0
PSE,2021,8,98003,0.0
PSE,2021,4,98230,0.0
Avista,2025,9,99205,0.0
Avista,2020,6,99122,0.0
Avista,2022,11,99371,0.0
PSE,2025,10,98168,0.0
Avista,2025,8,99004,0.0
Avista,2022,4,99205,0.0
CNG,2024,1,98674,0.0
PSE,2024,3,98026,0.0
PSE,2024,3,98239,0.0
PSE,2021,3,98405,0.0
CNG,2025,5,98277,0.0
PSE,2021,6,98391,0.0
PSE,2020,6,98224,0.0
PSE,2020,11,98922,0.0
CNG,2024,3,98229,0.0
NWN,2022,1,98612,0.0
CNG,2020,5,98951,0.0
CNG,2024,7,98550,0.0
CNG,2025,11,98274,0.0
CNG,2025,9,99350,0.0
PSE,2024,5,98372,0.0
CNG,2022,4,98232,0.0
PAC,2024,9,98938,0.0
NWN,2020,8,98666,0.0
CNG,2025,10,98524,0.0
PSE,2021,8,98596,0.0
PAC,2021,10,99350,0.0
PSE,2020,10,98284,0.0
Avista,2024,12,99151,0.0
PSE,2024,3,98337,0.0
NWN,2024,10,98125,0.0
PSE,2022,9,98392,0.0
NWN,2025,1,98026,0.0
NWN,2022,11,98685,0.0
Avista,2022,11,99113,0.0
PSE,2025,8,98290,0.0
NWN,2024,2,97388,0.0
Avista,2025,4,99402,0.0
PSE,2020,6,98501,0.0
CNG,2021,5,98550,0.0
PAC,2024,1,98944,0.0
PSE,2020,7,98284,0.0
Avista,2020,11,99402,0.0
CNG,2022,11,98848,0.0
PSE,2022,12,98038,0.0
PSE,2021,12,98033,0.0
Avista,2023,2,99148,0.0
PSE,2024,8,98198,0.0
PSE,2024,9,98221,0.0
PSE,2024,3,98119,0.0
PSE,2022,12,98026,0.0
CNG,2025,6,98247,0.0
PSE,2024,10,98032,0.0
CNG,2022,1,98520,0.0
PAC,2024,9,99329,0.0
PAC,2021,12,98938,0.0
Avista,2020,6,99131,0.0
PSE,2022,8,98337,0.0
PSE,2025,5,98579,0.0
PSE,2020,7,98011,0.0
NWN,2023,6,98026,0.0
PAC,2020,10,98935,0.0
PSE,2024,7,98116,0.0
CNG,2022,4,99337,0.0
PSE,2025,12,98198,0.0
PSE,2025,7,98390,0.0
Avista,2023,6,99170,0.0
CNG,2023,10,98383,0.0
PSE,2024,12,98065,0.0
Avista,2023,10,99137,0.0
PAC,2023,12,99360,0.0
NWN,2024,7,98685,0.0
PSE,2024,4,98225,0.0
CNG,2020,8,98557,0.0
Avista,2022,7,99176,0.0
PAC,2020,6,99348,0.0
PSE,2020,10,98034,0.0
PSE,2020,7,98058,0.0
CNG,2023,10,98312,0.0
PSE,2023,6,98201,0.0
NWN,2021,10,98682,0.0
Avista,2025,12,99402,0.0
PSE,2025,11,98053,0.0
PSE,2025,3,98248,0.0
PSE,2024,2,98284,0.0
Avista,2024,6,99019,0.0
PSE,2023,3,98166,0.0
PSE,2023,2,98374,0.0
PSE,2022,4,98070,0.0
Avista,2023,12,99202,0.0
PSE,2023,12,98045,0.0
PSE,2021,5,98248,0.0
CNG,2021,8,99354,0.0
Avista,2021,7,99128,0.0
NWN,2020,12,98617,0.0
PSE,2023,4,98370,0.0
CNG,2021,6,98314,0.0
Avista,2024,9,99016,0.0
PSE,2023,9,98232,0.0
Avista,2022,1,99219,0.0
PSE,2024,8,98422,0.0
Avista,2023,1,99034,0.0
CNG,2021,7,98310,0.0
CNG,2021,12,98221,0.0
NWN,2020,8,98684,0.0
CNG,2023,6,98257,0.0
PSE,2020,6,98271,0.0
PSE,2020,5,98257,0.0
Avista,2023,7,99103,0.0
PSE,2020,10,98375,0.0
PSE,2021,11,98596,0.0
CNG,2023,12,99336,0.0
PSE,2024,3,98012,0.0
NWN,2020,10,98617,0.0
CNG,2025,12,98366,0.0
NWN,2023,1,98605,0.0
Avista,2023,6,99202,0.0
Avista,2021,7,99113,0.0
PSE,2024,8,98204,0.0
CNG,2022,1,98311,0.0
NWN,2021,10,98685,0.0
PSE,2022,12,98506,0.0
CNG,2020,5,98225,0.0
PAC,2023,7,99323,0.0
CNG,2025,4,98230,0.0
PSE,2020,5,98199,0.0
PSE,2024,9,98065,0.0
PSE,2024,4,98338,0.0
PSE,2022,1,98074,0.0
PSE,2025,8,98204,0.0
PSE,2025,1,98596,0.0
PAC,2022,8,99360,0.0
PSE,2020,4,98596,0.0
Avista,2020,8,99218,0.0
Avista,2024,1,99031,0.0
NWN,2023,5,98674,0.0
Avista,2020,10,99036,0.0
NWN,2024,6,98604,0.0
PSE,2023,8,98102,0.0
Avista,2025,2,99203,0.0
CNG,2021,12,98837,0.0
CNG,2025,9,98802,0.0
CNG,2024,12,98901,0.0
Avista,2024,4,99014,0.0
NWN,2020,10,98660,0.0
Avista,2023,5,99008,0.0
Avista,2021,12,99159,0.0
PSE,2023,9,98576,0.0
Avista,2023,3,99207,0.0
PSE,2022,3,98237,0.0
CNG,2020,8,98837,0.0
NWN,2023,3,98617,0.0
Avista,2021,8,99201,0.0
Avista,2024,4,99326,0.0
CNG,2023,7,99362,0.0
Avista,2025,10,99402,0.0
Avista,2020,12,98857,0.0
PSE,2022,5,98597,0.0
PSE,2020,9,98110,0.0
PAC,2022,3,99361,0.0
CNG,2022,8,98848,0.0
CNG,2021,6,98383,0.0
PSE,2023,2,98596,0.0
CNG,2021,8,99301,0.0
PSE,2023,10,98239,0.0
PSE,2022,5,98003,0.0
PSE,2022,10,98055,0.0
PSE,2021,4,98221,0.0
CNG,2021,5,98240,0.0
Avista,2021,11,99326,0.0
NWN,2025,12,98671,0.0
Avista,2021,10,99022,0.0
PSE,2022,8,98022,0.0
PSE,2024,1,98375,0.0
PSE,2025,12,98001,0.0
CNG,2023,5,98908,0.0
Avista,2023,1,99110,0.0
PSE,2020,9,98057,0.0
PSE,2020,6,98335,0.0
CNG,2024,1,98953,0.0
CNG,2023,1,98903,0.0
CNG,2020,1,99336,0.0
PSE,2023,2,98004,0.0
Avista,2024,4,99144,0.0
PSE,2020,5,98105,0.0
Avista,2023,6,99201,0.0
PSE,2020,10,98072,0.0
PSE,2022,12,98321,0.0
Avista,2023,6,99167,0.0
Avista,2024,8,99157,0.0
PSE,2022,2,98257,0.0
PSE,2022,1,98310,0.0
Avista,2023,5,99149,0.0
PSE,2024,1,98055,0.0
CNG,2023,6,99350,0.0
CNG,2023,11,98903,0.0
Avista,2021,5,99009,0.0
Avista,2021,3,99149,0.0
Avista,2024,6,99212,0.0
Avista,2024,10,98620,0.0
PSE,2025,3,98233,0.0
NWN,2021,8,98661,0.0
PSE,2021,10,98409,0.0
PSE,2024,6,98274,0.0
Avista,2021,3,99128,0.0
NWN,2023,10,98668,0.0
PSE,2020,3,98439,0.0
Avista,2025,11,99176,0.0
PSE,2025,12,98042,0.0
PSE,2021,5,98146,0.0
PSE,2022,9,98391,0.0
NWN,2025,4,98762,0.0
PSE,2021,1,98321,0.0
Avista,2024,2,99033,0.0
PAC,2020,6,98932,0.0
CNG,2025,7,98903,0.0
CNG,2021,5,98273,0.0
PSE,2023,6,98257,0.0
Avista,2024,11,99129,0.0
PSE,2023,6,98038,0.0
PSE,2021,6,98109,0.0
CNG,2024,8,99338,0.0
PSE,2023,10,98466,0.0
Avista,2025,2,99402,0.0
Avista,2022,1,99173,0.0
CNG,2024,6,98802,0.0
CNG,2023,1,98930,0.0
PAC,2020,1,99324,578.0
PSE,2020,4,98007,0.0
CNG,2022,11,98837,0.0
PSE,2020,12,98310,0.0
PAC,2020,12,98903,0.0
PSE,2021,7,98439,0.0
PAC,2022,9,99360,0.0
PSE,2025,2,98283,0.0
PSE,2023,11,98501,0.0
Avista,2025,3,99013,0.0
Avista,2025,6,99341,0.0
Avista,2021,10,99011,0.0
CNG,2023,5,98524,0.0
PSE,2020,4,98045,0.0
NWN,2022,7,98604,0.0
Avista,2021,7,99008,0.0
PSE,2023,1,98266,0.0
CNG,2021,2,99323,0.0
CNG,2025,2,98292,0.0
NWN,2023,4,98661,0.0
Avista,2024,8,99125,0.0
PAC,2020,10,98938,0.0
PSE,2022,12,98201,0.0
PAC,2023,4,98933,0.0
CNG,2023,9,99338,0.0
Avista,2023,12,99219,0.0
CNG,2024,8,98902,0.0
PSE,2025,1,98005,0.0
Avista,2025,2,99125,0.0
CNG,2021,12,98902,0.0
PSE,2021,3,98055,0.0
CNG,2022,9,99352,0.0
CNG,2023,7,98366,0.0
CNG,2025,8,98625,0.0
PSE,2020,12,98204,0.0
PSE,2021,11,98045,0.0
CNG,2023,1,99324,0.0
PSE,2025,2,98388,0.0
PSE,2021,1,98221,0.0
PSE,2024,4,98404,0.0
Avista,2023,9,99032,0.0
PAC,2022,5,98948,0.0
Avista,2022,8,99023,0.0
Avista,2021,11,99031,0.0
CNG,2023,1,98563,0.0
PSE,2020,5,98338,0.0
PSE,2021,8,98589,0.0
PSE,2023,2,98388,0.0
Avista,2020,9,99212,0.0
PSE,2024,11,98087,0.0
NWN,2021,10,98864,0.0
Avista,2025,1,99030,0.0
PSE,2020,5,98023,0.0
CNG,2020,6,98247,0.0
PSE,2023,3,98053,0.0
PSE,2023,2,98103,0.0
CNG,2021,6,98948,0.0
PSE,2021,11,98391,0.0
Avista,2021,1,99125,0.0
Avista,2020,3,99163,0.0
CNG,2020,3,98524,7.09
CNG,2021,6,99352,0.0
PSE,2020,8,98284,0.0
NWN,2022,6,98628,0.0
PAC,2024,4,99360,0.0
PSE,2025,8,98390,0.0
PSE,2022,1,98422,0.0
CNG,2023,6,98611,0.0
Avista,2022,11,99033,0.0
PSE,2023,4,98101,0.0
PSE,2025,6,98155,0.0
CNG,2024,3,98625,0.0
Avista,2024,12,99201,0.0
CNG,2022,9,99350,0.0
PAC,2020,11,98932,0.0
PSE,2022,7,98144,0.0
CNG,2021,2,98366,0.0
CNG,2022,11,99344,0.0
PSE,2022,8,98226,0.0
CNG,2020,8,98311,0.0
PSE,2021,6,98248,0.0
PSE,2024,4,98255,0.0
NWN,2021,1,98617,0.0
PSE,2021,5,98188,0.0
CNG,2023,3,98276,0.0
Avista,2024,12,99176,0.0
PSE,2022,12,98342,0.0
Avista,2020,6,99039,0.0
PSE,2021,11,98178,0.0
Avista,2022,6,99126,0.0
CNG,2021,6,98247,0.0
PSE,2022,9,98102,0.0
CNG,2022,9,98524,0.0
PSE,2024,1,98059,0.0
CNG,2023,10,98311,0.0
PSE,2020,12,98233,0.0
PSE,2021,6,98372,0.0
Avista,2025,7,99134,0.0
CNG,2022,1,98550,0.0
Avista,2024,8,99122,0.0
PSE,2020,8,98408,0.0
PSE,2020,9,98105,0.0
CNG,2024,1,98292,0.0
Avista,2021,4,99167,0.0
CNG,2020,2,98383,0.0
PSE,2024,7,98070,0.0
PSE,2023,8,98199,0.0
Avista,2021,5,99016,0.0
CNG,2025,10,98948,0.0
PSE,2022,1,98346,0.0
PSE,2024,5,98030,0.0
PSE,2022,6,98133,0.0
CNG,2025,10,98584,0.0
PSE,2022,1,98311,0.0
PSE,2020,3,98203,0.0
PSE,2024,4,98056,0.0
NWN,2022,7,98662,0.0
PSE,2023,10,98934,0.0
PSE,2024,4,98467,0.0
NWN,2025,1,98628,0.0
PSE,2024,9,98387,0.0
PSE,2024,10,98204,0.0
PSE,2020,3,98208,0.0
Avista,2023,10,99107,0.0
PAC,2020,9,99324,0.0
Avista,2021,5,99206,0.0
CNG,2021,6,98801,0.0
Avista,2021,10,99185,0.0
PAC,2021,5,98953,0.0
Avista,2024,12,99018,0.0
CNG,2021,9,98528,0.0
PSE,2021,11,98072,0.0
Avista,2024,10,99009,0.0
Avista,2025,9,99003,0.0
PSE,2020,7,98596,0.0
CNG,2024,4,99323,0.0
Avista,2023,12,99218,0.0
CNG,2021,12,98908,0.0
PSE,2021,10,98148,0.0
PSE,2023,3,98177,0.0
NWN,2020,7,98620,0.0
CNG,2024,8,98370,0.0
NWN,2023,12,98626,0.0
PSE,2021,1,98108,0.0
CNG,2020,9,98345,0.0
CNG,2024,4,98257,0.0
PSE,2023,5,98126,0.0
PSE,2022,1,98597,0.0
CNG,2023,10,98232,0.0
NWN,2025,4,98665,0.0
PSE,2024,12,98110,0.0
Avista,2022,4,99103,0.0
PSE,2022,8,98146,0.0
CNG,2023,9,99323,0.0
Avista,2025,11,98620,0.0
PSE,2020,4,98404,0.0
CNG,2024,3,98903,0.0
PSE,2024,5,98199,0.0
CNG,2024,7,98274,0.0
CNG,2020,5,98550,0.0
PSE,2022,4,98383,0.0
Avista,2024,8,99167,0.0
PAC,2021,3,98923,0.0
PAC,2022,8,98939,0.0
Avista,2021,3,99033,0.0
Avista,2023,7,99216,0.0
PSE,2021,2,98070,0.0
Avista,2021,6,99170,0.0
PSE,2020,8,98262,0.0
PSE,2021,4,98380,0.0
NWN,2022,10,98606,0.0
PSE,2021,10,98388,0.0
CNG,2021,9,98295,0.0
CNG,2024,7,98932,0.0
CNG,2023,7,98930,0.0
PSE,2023,6,98092,0.0
PSE,2022,7,98034,0.0
Avista,2024,1,99013,0.0
CNG,2023,9,98908,0.0
Avista,2020,10,99027,0.0
PSE,2020,5,98467,0.0
PSE,2021,11,98941,0.0
CNG,2025,3,98310,0.0
PSE,2022,1,98274,0.0
CNG,2022,1,98584,0.0
PSE,2022,6,98405,0.0
Avista,2021,4,99326,0.0
PSE,2025,2,98010,0.0
PSE,2021,4,98926,0.0
Avista,2021,8,99403,0.0
NWN,2025,3,98639,0.0
Avista,2021,8,99217,0.0
PSE,2022,6,98087,0.0
PSE,2022,3,98118,0.0
Avista,2025,12,99202,0.0
PSE,2020,3,98019,0.0
PSE,2023,11,98208,0.0
Avista,2025,6,99114,0.0
CNG,2025,2,98276,0.0
PSE,2021,11,98271,0.0
PSE,2024,2,98239,0.0
Avista,2024,6,99126,0.0
PSE,2023,11,98277,0.0
PSE,2025,4,98133,0.0
NWN,2021,10,98119,0.0
PSE,2024,1,98008,0.0
PSE,2022,6,98444,0.0
Avista,2020,11,99039,0.0
PSE,2024,8,98283,0.0
Avista,2025,10,99205,0.0
PSE,2022,10,98166,0.0
CNG,2021,2,98367,0.0
PSE,2020,11,98239,0.0
Avista,2021,1,99149,0.0
PSE,2022,2,98203,0.0
CNG,2023,11,98223,0.0
PSE,2025,9,98001,0.0
Avista,2020,3,99019,0.0
PSE,2021,8,98146,0.0
CNG,2025,6,98244,0.0
CNG,2023,5,98226,0.0
Avista,2024,8,99161,0.0
NWN,2021,4,98671,0.0
Avista,2024,5,99130,0.0
Avista,2024,1,99201,0.0
NWN,2022,1,98648,0.0
NWN,2024,5,98675,0.0
CNG,2022,6,98225,0.0
PAC,2022,7,98932,0.0
PAC,2025,8,98937,0.65
CNG,2025,2,98837,0.0
Avista,2024,6,98857,0.0
Avista,2021,7,99040,0.0
PSE,2021,9,98059,0.0
PAC,2020,8,98932,0.0
CNG,2024,5,98948,0.0
PSE,2023,8,98597,0.0
Avista,2020,8,99012,0.0
Avista,2024,12,99012,0.0
PAC,2022,1,98936,0.0
PSE,2021,10,98371,0.0
Avista,2024,7,99171,0.0
PAC,2022,10,98932,0.0
Avista,2023,6,99161,0.0
CNG,2021,9,98944,0.0
PSE,2024,11,98146,0.0
PSE,2023,6,98105,0.0
Avista,2025,4,99212,0.0
Avista,2023,8,99003,0.0
PSE,2022,11,98506,0.0
CNG,2021,2,98625,0.0
NWN,2020,4,98675,0.0
CNG,2025,1,98292,0.0
PSE,2022,6,98335,0.0
NWN,2025,1,98125,0.0
Avista,2024,8,99202,0.0
PSE,2021,9,98371,0.0
CNG,2022,3,98383,0.0
Avista,2025,12,99144,0.0
PSE,2025,8,98070,0.0
PSE,2023,9,98225,0.0
NWN,2022,10,98762,0.0
PSE,2024,9,98224,0.0
CNG,2023,1,98240,0.0
PSE,2021,7,98934,0.0
CNG,2022,4,98801,0.0
PSE,2020,5,98022,0.0
PSE,2020,7,98266,0.0
PSE,2023,9,98390,0.0
NWN,2023,8,98668,0.0
PSE,2020,5,98059,0.0
PSE,2023,12,98074,0.0
PSE,2023,3,98125,0.0
Avista,2024,11,99158,0.0
PSE,2022,10,98391,0.0
NWN,2023,6,97031,0.0
Avista,2022,7,99148,0.0
PAC,2023,10,99362,0.0
Avista,2022,8,99161,0.0
PSE,2022,11,98445,0.0
Avista,2023,2,99218,0.0
Avista,2020,9,99371,0.0
PSE,2024,10,98105,0.0
CNG,2021,2,99324,0.0
PSE,2023,7,98070,0.0
Avista,2022,11,99163,0.0
NWN,2025,12,98662,0.0
Avista,2024,3,99001,0.0
PAC,2023,6,98953,0.0
Avista,2021,9,99126,0.0
PAC,2020,6,98937,0.0
PSE,2022,6,98028,0.0
Avista,2022,8,99011,0.0
Avista,2021,9,99151,0.0
PSE,2021,11,98277,0.0
PSE,2021,1,98007,0.0
Avista,2024,7,99341,0.0
PSE,2020,3,98255,0.0
CNG,2022,3,98240,0.0
Avista,2022,6,99171,0.0
NWN,2023,8,98682,0.0
PSE,2022,11,98036,0.0
NWN,2022,10,98604,0.0
PSE,2022,8,98390,0.0
Avista,2021,6,99129,0.0
PSE,2024,6,98036,0.0
Avista,2022,2,99125,0.0
PSE,2025,8,98047,0.0
PSE,2023,11,98008,0.0
Avista,2020,7,99130,0.0
PSE,2023,4,98026,0.0
NWN,2025,6,98307,0.0
PSE,2025,12,98270,0.0
PSE,2020,11,98934,0.0
PSE,2024,11,98005,0.0
PSE,2022,9,98271,0.0
Avista,2025,8,99260,0.0
Avista,2021,6,99202,0.0
PSE,2024,6,98119,0.0
PSE,2021,10,98258,0.0
Avista,2025,6,99011,0.0
PSE,2024,2,98042,0.0
PSE,2022,12,98105,0.0
CNG,2021,5,99344,0.0
Avista,2020,11,99104,0.0
PSE,2025,4,98597,0.0
CNG,2021,4,98903,0.0
PSE,2024,5,98168,0.0
Avista,2021,3,99341,0.0
Avista,2020,9,99160,0.0
NWN,2023,12,98682,0.0
Avista,2024,10,99260,0.0
PSE,2024,1,98166,0.0
CNG,2025,12,98944,0.0
Avista,2022,9,99011,0.0
CNG,2023,9,98345,0.0
PSE,2023,1,98327,0.0
PSE,2020,3,98237,0.0
Avista,2022,9,99111,0.0
Avista,2020,3,99151,0.0
NWN,2021,3,98648,0.0
PSE,2023,5,98312,0.0
PSE,2023,7,98513,0.0
Avista,2025,9,99156,0.0
CNG,2022,11,98942,0.0
CNG,2024,6,98232,0.0
PAC,2021,1,98938,0.0
Avista,2020,11,99146,0.0
PSE,2023,4,98408,0.0
CNG,2021,8,98273,0.0
CNG,2023,7,98232,0.0
PSE,2023,4,98059,0.0
Avista,2023,9,99260,0.0
PSE,2020,7,98133,0.0
CNG,2024,11,98611,0.0
PAC,2020,10,99347,0.0
PSE,2023,8,98422,0.0
PSE,2023,2,98284,0.0
PSE,2023,5,98178,0.0
Avista,2023,12,99113,0.0
PAC,2022,12,98908,0.0
CNG,2021,11,98247,0.0
NWN,2021,8,97031,0.0
PAC,2020,11,98939,0.0
Avista,2025,12,99151,0.0
PAC,2024,12,99348,0.0
NWN,2020,5,98610,0.0
PSE,2024,11,98503,0.0
CNG,2020,1,98226,0.0
PSE,2021,6,98178,0.0
Avista,2022,10,99218,0.0
Avista,2024,8,99158,0.0
Avista,2024,1,99216,0.0
Avista,2023,11,99012,0.0
NWN,2021,3,98666,0.0
Avista,2021,2,99040,0.0
PSE,2020,4,98108,0.0
PSE,2024,3,98512,0.0
Avista,2023,11,99185,0.0
Avista,2025,3,99157,0.0
NWN,2023,5,98628,0.0
Avista,2025,6,99034,0.0
CNG,2022,3,98271,0.0
Avista,2021,3,99009,0.0
Avista,2022,11,99141,0.0
PSE,2024,5,98370,0.0
Avista,2022,7,99208,0.0
PSE,2024,11,98198,0.0
PSE,2021,8,98373,0.0
Avista,2024,3,99031,0.0
PSE,2020,8,98011,0.0
PSE,2024,4,98272,0.0
CNG,2022,10,98902,0.0
Avista,2020,4,99146,0.0
PSE,2021,11,98273,0.0
Avista,2024,6,99144,0.0
PSE,2023,7,98257,0.0
CNG,2024,11,98625,0.0
PSE,2024,3,98116,0.0
Avista,2022,6,99122,0.0
Avista,2025,4,99216,0.0
CNG,2023,3,98901,0.0
PSE,2021,4,98034,0.0
PSE,2024,10,98221,0.0
PSE,2021,11,98168,0.0
PSE,2021,4,98112,0.0
PSE,2022,12,98019,0.0
NWN,2024,9,98125,0.0
PSE,2021,1,98001,0.0
NWN,2025,2,98668,0.0
PSE,2021,4,98224,0.0
PSE,2020,8,98110,0.0
Avista,2022,4,99129,0.0
PAC,2022,6,99324,0.0
NWN,2020,10,98628,0.0
PSE,2023,1,98338,0.0
Avista,2022,8,99003,0.0
Avista,2022,5,99001,0.0
Avista,2021,2,99228,0.0
Avista,2025,11,99130,0.0
PSE,2021,4,98057,0.0
PSE,2021,8,98006,0.0
NWN,2023,9,97031,0.0
PAC,2024,7,99363,0.0
Avista,2021,12,99001,0.0
Avista,2022,4,99157,0.0
PSE,2022,8,98499,0.0
NWN,2020,12,98620,0.0
PSE,2024,3,98030,0.0
Avista,2024,8,99203,0.0
PSE,2023,8,98405,0.0
Avista,2022,11,99031,0.0
Avista,2025,3,99034,0.0
PSE,2020,5,98934,0.0
PSE,2021,1,98203,0.0
CNG,2020,11,98366,0.0
CNG,2020,9,98848,0.0
PSE,2025,3,98112,0.0
PSE,2025,5,98155,0.0
NWN,2025,8,98660,0.0
PSE,2025,4,98208,0.0
CNG,2023,6,98264,0.0
PSE,2022,4,98516,0.0
NWN,2022,6,98026,0.0
CNG,2023,4,98674,0.0
Avista,2021,4,99023,0.0
PSE,2024,6,98005,0.0
CNG,2024,5,98277,0.0
PSE,2024,8,98188,0.0
Avista,2025,11,99005,0.0
CNG,2020,11,98232,0.0
PSE,2022,4,98166,0.0
Avista,2023,10,99001,0.0
NWN,2021,5,98661,0.0
CNG,2024,2,98221,0.0
PSE,2023,7,98366,0.0
PSE,2025,11,98005,0.0
PSE,2020,3,98244,0.0
CNG,2023,4,98837,0.0
NWN,2021,2,98660,0.0
PSE,2021,9,98006,0.0
NWN,2024,3,98307,0.0
PSE,2020,4,98405,0.0
Avista,2023,3,99013,0.0
PSE,2022,6,98270,0.0
PAC,2023,4,98948,0.0
Avista,2020,7,99185,0.0
NWN,2022,12,98307,0.0
PSE,2025,10,98198,0.0
PSE,2020,6,98006,0.0
CNG,2022,2,98951,0.0
PSE,2024,10,98059,0.0
PSE,2025,11,98002,0.0
NWN,2020,11,97388,0.0
CNG,2022,5,99350,0.0
Avista,2020,4,99005,0.0
PSE,2023,1,98502,0.0
NWN,2023,4,98686,0.0
PAC,2021,10,99361,0.0
Avista,2024,8,99109,0.0
PSE,2023,5,98177,0.0
Avista,2021,3,99032,0.0
Avista,2025,2,99117,0.0
PSE,2021,10,98019,0.0
CNG,2020,6,99350,0.0
CNG,2022,2,98230,0.0
CNG,2025,9,98312,0.0
PSE,2024,2,98367,0.0
PSE,2022,11,98370,0.0
Avista,2020,11,99220,0.0
NWN,2023,10,98125,0.0
PSE,2022,8,98042,0.0
CNG,2023,10,98902,0.0
CNG,2025,4,98271,0.0
Avista,2023,6,99113,0.0
PSE,2025,2,98375,0.0
PSE,2025,1,98271,0.0
Avista,2023,7,99207,0.0
NWN,2023,3,98762,0.0
PSE,2022,10,98177,0.0
CNG,2024,12,98314,0.0
Avista,2025,3,99126,0.0
Avista,2022,4,99036,0.0
PSE,2023,2,98105,0.0
PSE,2025,4,98019,0.0
PSE,2022,2,98230,0.0
Avista,2023,8,99001,0.0
PAC,2021,10,98938,0.0
Avista,2025,12,99036,0.0
PAC,2022,7,98902,0.0
Avista,2022,11,99005,0.0
PSE,2020,4,98499,0.0
Avista,2021,6,99019,0.0
PSE,2023,10,98232,0.0
CNG,2022,12,99354,0.0
PAC,2024,11,98951,0.0
NWN,2024,7,98610,0.0
NWN,2020,4,98607,0.0
PSE,2024,5,98445,0.0
PSE,2023,5,98052,0.0
CNG,2023,9,98948,0.0
Avista,2020,12,99131,0.0
PSE,2021,8,98125,0.0
NWN,2024,3,98610,0.0
PSE,2020,9,98224,0.0
PSE,2024,3,98118,0.0
PAC,2021,3,98903,0.0
Avista,2025,2,99031,0.0
PSE,2021,7,98237,0.0
PSE,2022,8,98201,0.0
Avista,2024,8,99022,0.0
PSE,2021,9,98312,0.0
PAC,2022,1,99323,0.0
PAC,2025,4,98953,7.17
CNG,2023,6,98948,0.0
Avista,2023,4,99129,0.0
PSE,2022,7,98026,0.0
Avista,2022,11,99137,0.0
PSE,2022,4,98011,0.0
CNG,2022,4,98271,0.0
NWN,2021,11,97388,0.0
CNG,2021,1,99354,0.0
Avista,2023,1,99033,0.0
Avista,2025,2,99034,0.0
PSE,2021,5,98042,0.0
PSE,2020,10,98074,0.0
CNG,2023,11,99362,0.0
CNG,2023,6,98802,0.0
CNG,2024,4,98902,0.0
PSE,2023,3,98026,0.0
Avista,2025,5,98620,0.0
PAC,2021,4,99361,0.0
Avista,2021,6,99206,0.0
PSE,2023,9,98230,0.0
PSE,2025,12,98257,0.0
PSE,2021,6,98148,0.0
PSE,2021,9,98122,0.0
PAC,2022,11,99324,0.0
CNG,2023,11,98563,0.0
Avista,2022,7,99174,0.0
CNG,2022,3,98611,0.0
CNG,2022,11,98902,0.0
CNG,2022,12,98248,0.0
PSE,2020,7,98177,0.0
PSE,2023,7,98439,0.0
PAC,2020,6,98921,0.0
PSE,2025,5,98101,0.0
CNG,2022,11,98632,0.0
PSE,2022,9,98058,0.0
Avista,2023,3,99019,0.0
PSE,2022,8,98070,0.0
PAC,2022,4,98951,0.0
PSE,2020,4,98337,0.0
CNG,2022,7,99350,0.0
PSE,2023,12,98003,0.0
NWN,2021,5,98683,0.0
Avista,2024,5,99157,0.0
PSE,2025,5,98121,0.0
Avista,2020,7,99137,0.0
PSE,2021,1,98513,0.0
CNG,2023,3,98229,0.0
Avista,2022,9,99160,0.0
PAC,2024,4,99323,0.0
Avista,2023,9,99161,0.0
CNG,2020,9,98541,0.0
PSE,2022,1,98109,0.0
PAC,2025,6,99328,0.01
PSE,2024,4,98359,0.0
NWN,2021,5,98686,0.0
PAC,2023,9,99348,0.0
NWN,2023,12,98601,0.0
Avista,2021,10,99208,0.0
PSE,2021,3,98034,0.0
PSE,2023,5,98934,0.0
Avista,2021,9,98620,0.0
PSE,2022,8,98144,0.0
Avista,2024,10,99163,0.0
PSE,2025,2,98148,0.0
PSE,2024,1,98312,0.0
PSE,2025,9,98092,0.0
Avista,2023,12,99204,0.0
Avista,2025,1,99111,0.0
CNG,2025,1,98257,0.0
PSE,2021,3,98030,0.0
PSE,2025,4,98008,0.0
NWN,2024,12,98629,0.0
CNG,2024,6,98625,0.0
CNG,2023,10,99353,0.0
CNG,2021,12,98225,0.0
CNG,2023,1,99301,0.0
PSE,2023,6,98058,0.0
PSE,2022,11,98059,0.0
PSE,2020,12,98337,0.0
PSE,2021,7,98262,0.0
Avista,2020,8,99204,0.0
Avista,2021,4,99003,0.0
PAC,2023,1,98939,0.0
Avista,2023,6,99101,0.0
CNG,2024,9,98632,0.0
PSE,2023,7,98109,0.0
PSE,2021,10,98109,0.0
CNG,2024,12,99353,0.0
PSE,2021,1,98023,0.0
Avista,2020,5,99144,0.0
CNG,2022,6,98936,0.0
PAC,2024,2,99328,0.0
NWN,2021,6,98208,0.0
PSE,2021,7,98043,0.0
PSE,2020,3,98402,0.0
CNG,2020,9,98903,0.0
PSE,2023,11,98221,0.0
PSE,2022,4,98596,0.0
Avista,2025,7,99101,0.0
Avista,2022,3,99181,0.0
CNG,2023,12,98367,0.0
PSE,2022,5,98055,0.0
CNG,2020,2,99301,0.0
PSE,2023,1,98110,0.0
PAC,2025,2,98944,0.3
PSE,2023,1,98104,0.0
Avista,2024,7,99179,0.0
CNG,2020,6,98908,0.0
PAC,2023,5,98952,0.0
PSE,2025,10,98117,0.0
Avista,2021,5,99134,0.0
PAC,2021,11,99328,0.0
PSE,2020,8,98310,0.0
PSE,2021,9,98030,0.0
PSE,2022,10,98104,0.0
Avista,2022,6,99201,0.0
PSE,2024,3,98275,0.0
PAC,2024,8,99361,0.0
NWN,2021,1,98628,0.0
Avista,2024,2,99260,0.0
PSE,2025,5,98275,0.0
PSE,2025,10,98244,0.0
CNG,2024,11,99354,0.0
PSE,2025,7,98255,0.0
PSE,2024,6,98237,0.0
PSE,2020,4,98311,0.0
Avista,2023,11,99113,0.0
PSE,2020,7,98338,0.0
CNG,2023,1,99338,0.0
PSE,2024,7,98926,0.0
Avista,2024,2,99131,0.0
PAC,2023,8,98939,0.0
Avista,2023,8,99030,0.0
PSE,2023,12,98408,0.0
CNG,2025,11,98948,0.0
PSE,2025,5,98106,0.0
Avista,2022,12,99207,0.0
CNG,2021,12,98314,0.0
NWN,2021,6,98605,0.0
Avista,2021,5,99223,0.0
CNG,2025,4,98563,0.0
PSE,2020,8,98155,0.0
PSE,2020,6,98338,0.0
PAC,2024,6,98937,0.0
Avista,2022,5,99011,0.0
CNG,2025,11,99336,0.0
NWN,2023,1,98661,0.0
Avista,2021,12,99176,0.0
PSE,2022,6,98155,0.0
Avista,2023,5,99228,0.0
CNG,2025,11,98232,0.0
Avista,2021,2,99129,0.0
PSE,2021,7,98233,0.0
PSE,2023,5,98941,0.0
Avista,2021,11,99130,0.0
CNG,2025,3,99337,0.0
NWN,2022,9,98628,0.0
PSE,2024,11,98003,0.0
NWN,2023,2,98612,0.0
PSE,2023,3,98270,0.0
PSE,2024,8,98203,0.0
PSE,2021,5,98177,0.0
PAC,2022,11,98939,0.0
Avista,2020,7,99181,0.0
PSE,2025,7,98028,0.0
CNG,2020,8,98271,0.0
CNG,2020,4,98282,0.0
Avista,2020,9,99179,0.0
PSE,2021,1,98024,0.0
NWN,2024,9,98685,0.0
PSE,2023,11,98272,0.0
Avista,2020,8,99344,0.0
PSE,2021,12,98177,0.0
PSE,2024,7,98499,0.0
PSE,2024,8,98030,0.0
Avista,2022,2,99149,0.0
PSE,2023,5,98499,0.0
PSE,2021,5,98074,0.0
Avista,2021,5,99218,0.0
PAC,2021,1,98935,0.0
CNG,2024,2,98902,0.0
PSE,2025,7,98391,0.0
PSE,2024,10,98177,0.0
Avista,2024,3,99023,0.0
PSE,2022,2,98036,0.0
PSE,2021,6,98047,0.0
Avista,2025,7,98620,0.0
PSE,2025,11,98266,0.0
PSE,2023,3,98225,0.0
Avista,2025,8,99032,0.0
Avista,2022,4,99013,0.0
PSE,2025,5,98026,0.0
Avista,2022,2,99163,0.0
PSE,2020,10,98275,0.0
Avista,2024,5,99005,0.0
PSE,2024,10,98409,0.0
PSE,2025,10,98380,0.0
PSE,2024,11,98375,0.0
Avista,2022,6,99125,0.0
Avista,2024,2,99219,0.0
PSE,2023,10,98199,0.0
PAC,2023,10,98947,0.0
Avista,2024,1,99228,0.0
Avista,2023,2,99224,0.0
Avista,2024,5,98648,0.0
Avista,2020,3,98648,0.0
PSE,2024,5,98125,0.0
PAC,2025,11,98942,29.19
CNG,2020,9,98930,0.0
PSE,2020,9,98034,0.0
PAC,2021,10,99329,0.0
Avista,2023,2,98857,0.0
PSE,2020,7,98576,0.0
PSE,2025,6,98466,0.0
NWN,2022,7,97388,0.0
Avista,2023,12,99163,0.0
Avista,2024,2,99134,0.0
PSE,2023,2,98390,0.0
PSE,2023,2,98579,0.0
CNG,2024,2,98312,0.0
Avista,2023,4,99137,0.0
NWN,2021,5,98629,0.0
PSE,2024,6,98444,0.0
Avista,2020,4,99156,0.0
PSE,2022,12,98055,0.0
CNG,2020,9,98802,0.0
NWN,2022,2,98119,0.0
PAC,2024,3,98932,0.0
Avista,2022,11,99207,0.0
PSE,2021,8,98273,0.0
PSE,2024,2,98030,0.0
PSE,2021,2,98922,0.0
PAC,2022,5,99361,0.0
Avista,2022,6,99004,0.0
NWN,2025,6,98626,0.0
Avista,2022,5,98648,0.0
PSE,2024,7,98057,0.0
PSE,2020,4,98199,0.0
PSE,2022,6,98934,0.0
PSE,2024,7,98501,0.0
CNG,2020,4,98837,0.0
PAC,2020,8,99347,0.0
Avista,2024,12,99144,0.0
PSE,2025,11,98106,0.0
PSE,2020,11,98007,0.0
PSE,2023,11,98051,0.0
CNG,2025,12,98557,0.0
CNG,2023,3,98311,0.0
CNG,2023,7,98292,0.0
PSE,2021,2,98371,0.0
PAC,2020,5,99323,0.0
PSE,2022,5,98203,0.0
CNG,2022,12,98541,0.0
Avista,2025,2,99109,0.0
PSE,2024,6,98498,0.0
PAC,2021,8,98942,0.0
CNG,2024,11,98220,0.0
CNG,2024,7,98311,0.0
PSE,2025,9,98576,0.0
Avista,2022,12,99016,0.0
PSE,2020,10,98112,0.0
Avista,2021,4,99344,0.0
CNG,2025,12,99353,0.0
PSE,2022,2,98028,0.0
PSE,2020,8,98311,0.0
CNG,2025,8,98632,0.0
CNG,2022,9,98277,0.0
PSE,2024,2,98926,0.0
Avista,2021,9,99018,0.0
PSE,2020,7,98126,0.0
NWN,2022,6,98648,0.0
PSE,2020,12,98380,0.0
PSE,2022,7,98498,0.0
NWN,2024,7,98125,0.0
PSE,2024,2,98002,0.0
Avista,2025,3,99117,0.0
NWN,2021,9,98663,0.0
PSE,2024,8,98037,0.0
PSE,2020,11,98155,0.0
PSE,2023,5,98406,0.0
PSE,2020,4,98392,0.0
CNG,2020,4,99301,0.0
PSE,2020,6,98439,0.0
CNG,2024,11,98370,0.0
Avista,2023,10,99011,0.0
NWN,2023,12,98671,0.0
CNG,2022,1,98292,0.0
CNG,2020,4,98370,0.0
CNG,2020,6,98942,0.0
Avista,2020,3,99122,0.0
PAC,2020,2,99329,25.0
Avista,2025,6,99025,0.0
PAC,2022,8,98938,0.0
PSE,2025,11,98026,0.0
PAC,2022,2,98939,0.0
Avista,2021,9,99326,0.0
PAC,2024,9,99347,0.0
CNG,2023,9,98312,0.0
Avista,2025,4,99205,0.0
PSE,2022,8,98335,0.0
PSE,2022,6,98310,0.0
Avista,2023,11,99104,0.0
Avista,2025,11,99134,0.0
CNG,2022,3,98550,0.0
PSE,2022,10,98335,0.0
PSE,2025,11,98338,0.0
PSE,2024,9,98424,0.0
PSE,2021,5,98327,0.0
CNG,2025,12,98233,0.0
CNG,2025,11,98611,0.0
PSE,2024,11,98051,0.0
Avista,2025,5,99130,0.0
PSE,2021,11,98372,0.0
NWN,2020,6,98617,0.0
PSE,2025,7,98257,0.0
PAC,2023,3,98903,0.0
PSE,2020,3,98007,0.0
Avista,2023,8,99181,0.0
PSE,2024,7,98390,0.0
PSE,2025,12,98055,0.0
NWN,2023,4,98672,0.0
CNG,2022,4,98314,0.0
CNG,2021,6,98264,0.0
PAC,2021,8,99350,0.0
NWN,2022,9,98629,0.0
Avista,2020,4,99019,0.0
Avista,2021,5,99113,0.0
NWN,2020,6,98682,0.0
PAC,2021,7,98951,0.0
Avista,2021,10,99228,0.0
PSE,2022,10,98116,0.0
CNG,2024,4,98273,0.0
PSE,2023,9,98031,0.0
PAC,2022,2,98923,0.0
Avista,2023,5,99036,0.0
Avista,2022,8,99022,0.0
PSE,2022,10,98144,0.0
Avista,2023,3,99201,0.0
PSE,2025,7,98022,0.0
Avista,2022,3,99160,0.0
Avista,2025,2,99143,0.0
PSE,2024,7,98042,0.0
NWN,2021,9,98642,0.0
NWN,2022,7,98612,0.0
PSE,2023,5,98112,0.0
Avista,2021,7,99219,0.0
PSE,2020,6,98072,0.0
PSE,2023,2,98922,0.0
Avista,2020,10,99109,0.0
PSE,2022,10,98283,0.0
NWN,2024,5,98119,0.0
Avista,2021,8,99109,0.0
Avista,2020,5,98648,0.0
PSE,2020,12,98027,0.0
PSE,2023,2,98201,0.0
PSE,2024,9,98371,0.0
PSE,2022,8,98087,0.0
PSE,2025,10,98005,0.0
CNG,2025,5,98274,0.0
PSE,2021,1,98072,0.0
Avista,2023,6,99216,0.0
PSE,2022,8,98283,0.0
Avista,2020,4,99344,0.0
CNG,2021,8,98284,0.0
PSE,2024,11,98112,0.0
PSE,2025,4,98221,0.0
PSE,2023,11,98029,0.0
PSE,2024,8,98270,0.0
Avista,2024,4,99001,0.0
CNG,2021,6,98225,0.0
CNG,2020,8,98942,0.0
PSE,2020,6,98059,0.0
PAC,2021,3,98908,0.0
PSE,2025,1,98043,0.0
PSE,2020,5,98012,0.0
Avista,2023,4,99228,0.0
PAC,2023,7,99324,0.0
PSE,2025,2,98408,0.0
PSE,2023,6,98052,0.0
Avista,2021,12,99117,0.0
PSE,2024,7,98118,0.0
PSE,2021,12,98589,0.0
NWN,2022,10,98665,0.0
CNG,2022,6,98257,0.0
PAC,2023,1,98952,0.0
PSE,2024,9,98266,0.0
NWN,2020,4,98628,0.0
Avista,2022,8,99203,0.0
Avista,2020,9,99013,0.0
CNG,2022,6,98953,0.0
Avista,2025,8,99371,0.0
NWN,2024,8,98119,0.0
CNG,2024,2,99301,0.0
CNG,2024,12,98274,0.0
PSE,2023,1,98284,0.0
PSE,2025,3,98402,0.0
Avista,2023,5,99174,0.0
PSE,2021,7,98360,0.0
CNG,2022,8,98232,0.0
PAC,2025,9,99362,104.69
PSE,2023,3,98531,0.0
PAC,2022,12,98936,0.0
Avista,2025,7,99160,0.0
PSE,2021,8,98055,0.0
Avista,2021,4,99104,0.0
CNG,2020,4,98337,0.0
PAC,2023,11,98923,0.0
PSE,2021,10,98506,0.0
PSE,2021,2,98374,0.0
CNG,2025,8,98611,0.0
PSE,2023,10,98059,0.0
PSE,2025,9,98284,0.0
NWN,2021,10,98604,0.0
Avista,2020,11,99203,0.0
Avista,2020,8,99402,0.0
Avista,2023,7,99174,0.0
Avista,2021,1,99371,0.0
PAC,2025,9,98942,28.62
NWN,2022,7,98639,0.0
PAC,2023,1,99363,0.0
PSE,2020,7,98052,0.0
Avista,2020,8,99030,0.0
PSE,2022,5,98367,0.0
CNG,2022,5,99362,0.0
NWN,2023,2,98307,0.0
PSE,2020,3,98126,0.0
PSE,2021,7,98283,0.0
PSE,2020,4,98439,0.0
PSE,2022,2,98038,0.0
PSE,2025,12,98203,0.0
CNG,2020,7,98366,0.0
PSE,2020,3,98360,0.0
CNG,2025,2,98550,0.0
NWN,2025,1,98684,0.0
PSE,2021,7,98146,0.0
CNG,2023,2,98274,0.0
CNG,2025,6,99301,0.0
CNG,2023,6,98550,0.0
Avista,2025,2,99021,0.0
CNG,2025,2,98274,0.0
PSE,2022,4,98021,0.0
PAC,2025,9,98947,0.4
CNG,2024,12,98271,0.0
Avista,2023,1,99228,0.0
Avista,2023,9,99176,0.0
PSE,2024,10,98467,0.0
PAC,2021,10,98908,0.0
PSE,2024,6,98034,0.0
CNG,2023,4,98370,0.0
CNG,2020,10,98295,0.0
Avista,2023,6,99032,0.0
CNG,2021,7,98932,0.0
Avista,2020,7,99019,0.0
PSE,2020,4,98177,0.0
PSE,2020,11,98116,0.0
Avista,2024,2,99012,0.0
PSE,2022,5,98040,0.0
PAC,2024,8,98944,0.0
PSE,2024,10,98446,0.0
CNG,2021,6,99350,0.0
CNG,2020,7,98930,0.0
Avista,2022,1,99204,0.0
PSE,2021,11,98022,0.0
PSE,2023,1,98283,0.0
PSE,2025,6,98006,0.0
CNG,2020,4,98244,0.0
CNG,2024,5,98541,0.0
NWN,2021,5,98635,0.0
CNG,2020,10,98837,0.0
Avista,2021,11,99129,0.0
PSE,2023,8,98230,0.0
PSE,2024,5,98270,0.0
PSE,2020,3,98103,0.0
Avista,2024,3,99004,0.0
PSE,2024,3,98922,0.0
PSE,2022,3,98422,0.0
CNG,2024,8,98311,0.0
Avista,2023,10,99040,0.0
PSE,2021,2,98239,0.0
Avista,2023,1,99149,0.0
PSE,2023,1,98239,0.0
Avista,2022,10,99126,0.0
PSE,2025,12,98346,0.0
PSE,2025,6,98405,0.0
PSE,2020,12,98221,0.0
Avista,2020,7,99169,0.0
PSE,2023,8,98392,0.0
Avista,2023,12,99161,0.0
NWN,2024,3,98119,0.0
PAC,2021,7,99347,0.0
PSE,2021,6,98311,0.0
Avista,2022,11,99224,0.0
Avista,2023,11,99204,0.0
PAC,2023,9,98953,0.0
Avista,2024,6,99005,0.0
Avista,2024,4,99032,0.0
PSE,2023,7,98004,0.0
Avista,2023,5,99224,0.0
NWN,2020,11,98607,0.0
PSE,2021,10,98198,0.0
CNG,2024,10,98370,0.0
NWN,2022,4,98683,0.0
PSE,2020,5,98258,0.0
PSE,2025,7,98513,0.0
PAC,2020,7,98933,0.0
PSE,2020,8,98337,0.0
NWN,2024,12,98610,0.0
PSE,2024,6,98439,0.0
Avista,2025,12,99107,0.0
PSE,2023,3,98501,0.0
CNG,2023,1,98370,0.0
PSE,2023,7,98941,0.0
PSE,2024,7,98321,0.0
Avista,2024,9,99220,0.0
Avista,2023,10,99122,0.0
PSE,2021,10,98037,0.0
NWN,2022,5,98684,0.0
PSE,2025,6,98057,0.0
PSE,2022,7,98007,0.0
NWN,2023,7,98125,0.0
PSE,2025,10,98101,0.0
Avista,2022,11,99341,0.0
PSE,2025,4,98342,0.0
PSE,2024,10,98266,0.0
PSE,2021,3,98188,0.0
Avista,2022,4,99008,0.0
PSE,2023,6,98405,0.0
NWN,2025,12,98610,0.0
NWN,2023,12,98628,0.0
PSE,2020,11,98277,0.0
CNG,2022,2,98226,0.0
PSE,2022,3,98244,0.0
Avista,2021,11,99122,0.0
CNG,2021,8,98837,0.0
CNG,2024,9,98625,0.0
Avista,2024,9,99223,0.0
PSE,2023,1,98029,0.0
PSE,2023,2,98221,0.0
PSE,2021,8,98424,0.0
Avista,2024,1,99179,0.0
PSE,2021,3,98177,0.0
CNG,2020,11,98276,0.0
PAC,2023,6,99348,0.0
PSE,2021,7,98133,0.0
PSE,2021,2,98596,0.0
PSE,2025,1,98201,0.0
CNG,2023,1,98932,0.0
PSE,2021,7,98058,0.0
PSE,2025,10,98424,0.0
Avista,2025,2,99148,0.0
CNG,2022,12,98563,0.0
CNG,2021,1,98264,0.0
PSE,2020,7,98237,0.0
CNG,2024,9,99323,0.0
CNG,2023,6,98801,0.0
PSE,2025,2,98290,0.0
PSE,2024,8,98005,0.0
CNG,2020,10,98903,0.0
Avista,2021,10,99402,0.0
PSE,2025,5,98031,0.0
NWN,2022,5,98665,0.0
CNG,2021,9,98248,0.0
PAC,2021,4,98902,0.0
PSE,2022,7,98311,0.0
NWN,2021,3,98642,0.0
PSE,2025,2,98109,0.0
NWN,2020,10,98610,0.0
PSE,2025,1,98012,0.0
CNG,2022,11,98550,0.0
PAC,2024,5,99323,0.0
PSE,2022,9,98503,0.0
Avista,2021,7,99129,0.0
PSE,2024,10,98512,0.0
PSE,2025,3,98101,0.0
PSE,2025,12,98166,0.0
CNG,2024,11,98292,0.0
PSE,2023,1,98275,0.0
CNG,2023,6,98233,0.0
CNG,2024,1,98366,0.0
PSE,2025,6,98346,0.0
CNG,2023,7,98244,0.0
Avista,2024,11,99170,0.0
Avista,2022,3,99156,0.0
PAC,2020,5,99360,0.0
CNG,2024,5,98220,0.0
Avista,2025,8,99005,0.0
PSE,2022,11,98002,0.0
Avista,2020,11,99326,0.0
Avista,2024,7,99104,0.0
PAC,2022,5,98942,0.0
CNG,2022,5,98932,0.0
NWN,2023,7,98605,0.0
PSE,2023,9,98422,0.0
PSE,2022,12,98010,0.0
PSE,2021,3,98126,0.0
NWN,2023,9,98672,0.0
PSE,2025,9,98260,0.0
PSE,2022,11,98004,0.0
CNG,2025,6,98557,0.0
CNG,2025,8,99301,0.0
Avista,2022,10,99101,0.0
PAC,2022,7,98944,0.0
PSE,2023,11,98045,0.0
PSE,2023,6,98934,0.0
Avista,2022,8,99149,0.0
PSE,2020,12,98392,0.0
Avista,2022,6,99212,0.0
PSE,2020,4,98105,0.0
NWN,2023,4,98684,0.0
PSE,2025,1,98051,0.0
CNG,2025,6,98232,0.0
CNG,2020,3,98848,8.49
CNG,2025,5,99337,0.0
Avista,2020,12,99018,0.0
PSE,2022,11,98934,0.0
NWN,2022,2,98127,0.0
CNG,2024,7,98520,0.0
PAC,2023,1,99348,0.0
PSE,2020,11,98466,0.0
PSE,2022,6,98273,0.0
PAC,2023,9,98948,0.0
PSE,2023,2,98446,0.0
PSE,2020,7,98051,0.0
PSE,2022,12,98387,0.0
PAC,2022,12,99348,0.0
PSE,2024,10,98366,0.0
NWN,2021,6,98685,0.0
Avista,2023,5,99130,0.0
PAC,2024,7,99347,0.0
PSE,2021,10,98188,0.0
Avista,2021,12,99402,0.0
Avista,2023,11,99224,0.0
CNG,2020,2,98370,0.0
CNG,2022,11,98524,0.0
PSE,2025,10,98026,0.0
Avista,2020,3,99018,0.0
PSE,2025,6,98074,0.0
PAC,2020,8,98952,0.0
PSE,2023,11,98007,0.0
CNG,2021,7,98247,0.0
Avista,2022,2,99207,0.0
CNG,2025,8,99353,0.0
PAC,2021,7,98921,0.0
Avista,2021,4,99030,0.0
PAC,2023,11,98903,0.0
PSE,2024,2,98178,0.0
PSE,2023,1,98383,0.0
Avista,2024,4,99159,0.0
NWN,2022,11,98026,0.0
CNG,2020,8,98247,0.0
PAC,2023,12,98935,0.0
PSE,2024,7,98466,0.0
PSE,2023,12,98444,0.0
PSE,2020,12,98029,0.0
Avista,2023,3,99204,0.0
PSE,2022,7,98444,0.0
PSE,2021,5,98934,0.0
PAC,2023,2,99328,0.0
CNG,2023,7,98277,0.0
NWN,2025,5,98307,0.0
PSE,2022,11,98032,0.0
PSE,2024,2,98199,0.0
PSE,2022,5,98119,0.0
Avista,2025,4,99151,0.0
CNG,2020,4,98277,0.0
CNG,2022,12,98944,0.0
PAC,2022,9,99328,0.0
Avista,2022,10,99159,0.0
CNG,2023,10,99336,0.0
PSE,2020,12,98019,0.0
Avista,2021,5,99157,0.0
CNG,2023,10,99337,0.0
CNG,2022,4,98345,0.0
Avista,2023,5,99158,0.0
Avista,2020,9,99107,0.0
PSE,2023,8,98380,0.0
CNG,2022,9,98837,0.0
PSE,2023,11,98028,0.0
PSE,2024,1,98110,0.0
Avista,2023,11,99151,0.0
NWN,2020,12,98208,0.0
PSE,2024,10,98233,0.0
Avista,2021,7,99033,0.0
CNG,2021,7,98524,0.0
Avista,2025,6,99144,0.0
NWN,2023,12,98648,0.0
PSE,2022,3,98033,0.0
PSE,2024,8,98360,0.0
PSE,2020,6,98117,0.0
PSE,2020,9,98941,0.0
PSE,2022,9,98408,0.0
PSE,2023,3,98239,0.0
CNG,2022,12,98626,0.0
PSE,2021,11,98255,0.0
NWN,2025,7,98626,0.0
Avista,2025,4,99110,0.0
Avista,2023,7,99141,0.0
Avista,2023,8,99031,0.0
PSE,2024,3,98513,0.0
PSE,2022,9,98092,0.0
CNG,2023,1,98557,0.0
Avista,2024,1,99018,0.0
NWN,2020,11,98671,0.0
CNG,2023,4,98226,0.0
PSE,2022,12,98072,0.0
Avista,2025,2,99179,0.0
CNG,2023,12,98902,0.0
PSE,2024,5,98409,0.0
PSE,2024,1,98233,0.0
NWN,2020,6,98666,0.0
Avista,2022,2,99013,0.0
Avista,2021,4,99040,0.0
PSE,2023,1,98513,0.0
NWN,2021,3,98672,0.0
Avista,2023,7,99012,0.0
PSE,2022,8,98332,0.0
PAC,2024,2,98933,0.0
PSE,2024,2,98391,0.0
PSE,2020,3,98033,0.0
Avista,2020,8,99174,0.0
PAC,2022,11,98936,0.0
Avista,2021,2,99027,0.0
PSE,2025,12,98272,0.0
Avista,2025,5,99157,0.0
Avista,2023,1,99030,0.0
PSE,2025,3,98104,0.0
NWN,2025,2,98686,0.0
Avista,2024,11,99220,0.0
NWN,2023,4,98642,0.0
PSE,2025,1,98255,0.0
CNG,2025,1,98563,0.0
PSE,2023,3,98233,0.0
PSE,2020,3,98188,0.0
PSE,2020,7,98027,0.0
PAC,2024,1,99328,0.0
NWN,2021,7,98666,0.0
PSE,2020,10,98311,0.0
NWN,2024,9,98604,0.0
Avista,2020,8,99216,0.0
NWN,2024,5,98208,0.0
CNG,2024,10,99323,0.0
PSE,2025,9,98275,0.0
PAC,2021,9,98902,0.0
Avista,2020,8,99033,0.0
PSE,2024,7,98232,0.0
PSE,2023,12,98346,0.0
Avista,2025,9,99113,0.0
Avista,2024,8,99179,0.0
PSE,2025,10,98409,0.0
PSE,2020,10,98108,0.0
PSE,2024,11,98270,0.0
PSE,2023,10,98201,0.0
PSE,2025,3,98027,0.0
PSE,2020,10,98126,0.0
PSE,2025,1,98105,0.0
PSE,2023,1,98273,0.0
Avista,2022,4,99019,0.0
CNG,2023,6,98292,0.0
PSE,2025,9,98201,0.0
PSE,2023,6,98371,0.0
CNG,2023,5,98247,0.0
PSE,2022,11,98387,0.0
Avista,2022,12,99111,0.0
NWN,2022,4,98626,0.0
Avista,2022,7,99019,0.0
PSE,2024,10,98148,0.0
Avista,2024,1,99111,0.0
PSE,2020,5,98244,0.0
CNG,2020,8,98223,0.0
PSE,2021,6,98271,0.0
PSE,2022,12,98338,0.0
PAC,2020,12,99360,0.0
NWN,2024,10,98675,0.0
Avista,2023,1,99185,0.0
Avista,2021,7,99009,0.0
PAC,2020,1,98942,1368.0
PSE,2023,10,98310,0.0
PSE,2021,2,98112,0.0
CNG,2024,7,98611,0.0
PAC,2020,4,99361,0.0
PSE,2022,6,98390,0.0
Avista,2025,7,99207,0.0
PSE,2023,3,98146,0.0
PSE,2023,8,98105,0.0
CNG,2025,9,98277,0.0
CNG,2022,10,98948,0.0
NWN,2023,5,98635,0.0
CNG,2021,11,98520,0.0
PSE,2021,4,98011,0.0
PAC,2024,6,98947,0.0
Avista,2023,7,99114,0.0
CNG,2024,5,98273,0.0
Avista,2024,6,99174,0.0
PSE,2020,10,98045,0.0
NWN,2020,5,98665,0.0
PSE,2024,11,98232,0.0
CNG,2021,2,98901,0.0
PSE,2022,3,98346,0.0
CNG,2022,5,98312,0.0
PSE,2022,3,98248,0.0
PSE,2022,11,98110,0.0
PSE,2020,12,98224,0.0
Avista,2020,5,99402,0.0
PSE,2022,7,98199,0.0
CNG,2025,9,98902,0.0
PSE,2020,4,98178,0.0
PSE,2022,7,98266,0.0
Avista,2021,4,99160,0.0
CNG,2023,9,98903,0.0
PSE,2024,1,98168,0.0
PSE,2024,5,98466,0.0
Avista,2024,6,99171,0.0
Avista,2025,4,99174,0.0
Avista,2024,7,99157,0.0
PAC,2023,9,99363,0.0
Avista,2020,8,99018,0.0
PSE,2021,11,98030,0.0
CNG,2025,12,98295,0.0
PSE,2025,2,98004,0.0
PSE,2022,1,98010,0.0
PSE,2024,12,98239,0.0
Avista,2025,12,99212,0.0
Avista,2022,7,99103,0.0
PSE,2022,6,98092,0.0
PSE,2024,10,98392,0.0
PAC,2025,10,98944,5.52
PSE,2020,10,98021,0.0
CNG,2023,2,98366,0.0
PSE,2022,2,98342,0.0
Avista,2024,2,99137,0.0
Avista,2022,4,99009,0.0
Avista,2024,8,99159,0.0
CNG,2020,6,99324,0.0
Avista,2021,5,99207,0.0
Avista,2020,3,99104,0.0
CNG,2025,5,98944,0.0
Avista,2024,12,99009,0.0
CNG,2020,5,98292,0.0
PSE,2024,10,98110,0.0
PSE,2024,6,98198,0.0
PSE,2020,3,98516,0.0
PSE,2023,11,98266,0.0
CNG,2022,8,98802,0.0
PSE,2023,6,98360,0.0
Avista,2021,11,99134,0.0
Avista,2023,9,98857,0.0
PSE,2023,9,98029,0.0
PSE,2020,11,98237,0.0
NWN,2020,12,98682,0.0
NWN,2022,10,98671,0.0
Avista,2020,10,98620,0.0
PAC,2023,2,98932,0.0
PSE,2025,1,98038,0.0
PSE,2024,8,98155,0.0
PSE,2023,4,98043,0.0
PSE,2025,5,98439,0.0
PSE,2020,7,98467,0.0
NWN,2023,12,98607,0.0
PSE,2022,2,98011,0.0
PSE,2021,7,98402,0.0
NWN,2024,9,98208,0.0
PSE,2020,8,98335,0.0
Avista,2021,9,99029,0.0
Avista,2025,8,99031,0.0
Avista,2024,9,99169,0.0
CNG,2020,1,98942,0.0
Avista,2022,5,99134,0.0
Avista,2023,3,99143,0.0
PSE,2020,5,98359,0.0
PSE,2025,9,98019,0.0
PSE,2020,7,98444,0.0
PSE,2021,9,98367,0.0
PSE,2024,1,98033,0.0
PSE,2022,4,98051,0.0
NWN,2024,5,98660,0.0
PSE,2022,6,98177,0.0
Avista,2022,2,99130,0.0
PAC,2020,5,98902,0.0
PSE,2020,8,98188,0.0
NWN,2022,6,98119,0.0
Avista,2023,12,99164,0.0
PSE,2023,4,98012,0.0
PAC,2021,10,98921,0.0
PSE,2021,2,98106,0.0
Avista,2025,5,99208,0.0
Avista,2021,12,99101,0.0
CNG,2023,1,98273,0.0
Avista,2022,5,99173,0.0
PSE,2022,12,98059,0.0
PSE,2025,3,98188,0.0
Avista,2022,11,99158,0.0
PSE,2022,1,98225,0.0
Avista,2022,6,99109,0.0
PSE,2022,6,98589,0.0
PSE,2023,1,98373,0.0
NWN,2022,3,98127,0.0
PSE,2022,11,98166,0.0
Avista,2022,5,99171,0.0
NWN,2023,11,97301,0.0
PSE,2022,9,98224,0.0
PAC,2023,12,99347,0.0
Avista,2023,1,99008,0.0
PSE,2025,3,98106,0.0
NWN,2024,4,98606,0.0
Avista,2020,6,99344,0.0
PSE,2023,6,98198,0.0
Avista,2025,8,99101,0.0
PSE,2022,1,98108,0.0
PSE,2024,3,98040,0.0
PSE,2025,1,98146,0.0
PSE,2020,6,98941,0.0
PAC,2020,7,98951,0.0
Avista,2020,9,99219,0.0
Avista,2025,10,99137,0.0
Avista,2024,10,99029,0.0
PSE,2021,10,98596,0.0
NWN,2021,8,98127,0.0
PAC,2024,10,98901,0.0
PSE,2023,5,98056,0.0
PSE,2022,7,98579,0.0
PSE,2025,11,98404,0.0
CNG,2025,3,98274,0.0
Avista,2022,12,99181,0.0
PSE,2020,10,98117,0.0
PSE,2021,10,98074,0.0
Avista,2025,2,99033,0.0
CNG,2022,11,98557,0.0
Avista,2022,2,99004,0.0
Avista,2023,7,99159,0.0
CNG,2024,3,99353,0.0
PSE,2020,4,98283,0.0
Avista,2024,3,99208,0.0
PAC,2025,5,98948,33.39
NWN,2021,11,98668,0.0
NWN,2021,10,98666,0.0
Avista,2021,11,99206,0.0
PSE,2025,6,98332,0.0
Avista,2025,9,99164,0.0
PSE,2025,4,98007,0.0
NWN,2022,8,98610,0.0
PSE,2023,1,98531,0.0
Avista,2023,4,99125,0.0
PSE,2024,2,98271,0.0
NWN,2022,9,98635,0.0
Avista,2022,8,99228,0.0
PSE,2021,12,98109,0.0
NWN,2021,8,98607,0.0
PAC,2022,1,99348,0.0
CNG,2020,8,99344,0.0
PSE,2025,5,98408,0.0
Avista,2024,6,99016,0.0
PSE,2024,9,98021,0.0
Avista,2025,10,99114,0.0
CNG,2021,2,98674,0.0
CNG,2024,9,98524,0.0
PAC,2024,5,98953,0.0
NWN,2023,3,98672,0.0
NWN,2024,1,98662,0.0
Avista,2025,7,99161,0.0
CNG,2020,7,99337,0.0
Avista,2023,9,99217,0.0
PSE,2023,1,98002,0.0
NWN,2020,7,98864,0.0
Avista,2020,4,99326,0.0
Avista,2024,10,99008,0.0
CNG,2022,11,98930,0.0
PSE,2025,2,98006,0.0
Avista,2022,5,99034,0.0
PSE,2021,7,98310,0.0
NWN,2023,10,98635,0.0
Avista,2025,7,99117,0.0
PSE,2024,6,98029,0.0
Avista,2020,9,99260,0.0
PSE,2020,9,98406,0.0
CNG,2020,8,98282,0.0
PSE,2023,12,98342,0.0
Avista,2024,4,99208,0.0
Avista,2020,6,99158,0.0
PSE,2023,2,98226,0.0
Avista,2024,9,99219,0.0
CNG,2021,9,98230,0.0
PSE,2024,11,98057,0.0
Avista,2024,9,99402,0.0
Avista,2020,9,99023,0.0
Avista,2021,3,99223,0.0
PSE,2025,5,98310,0.0
PSE,2024,5,98033,0.0
CNG,2022,5,98226,0.0
NWN,2024,11,98635,0.0
Avista,2023,6,99205,0.0
PSE,2024,1,98010,0.0
PSE,2022,3,98037,0.0
PSE,2020,7,98057,0.0
Avista,2021,8,99001,0.0
PSE,2021,10,98226,0.0
CNG,2025,7,99301,0.0
PSE,2025,2,98424,0.0
PSE,2021,3,98922,0.0
CNG,2024,5,98942,0.0
PSE,2024,6,98008,0.0
Avista,2024,9,99103,0.0
CNG,2020,5,98282,0.0
Avista,2021,8,99164,0.0
Avista,2020,5,99129,0.0
PAC,2023,7,98935,0.0
Avista,2020,11,99022,0.0
CNG,2024,11,98232,0.0
PSE,2022,1,98006,0.0
PSE,2020,5,98332,0.0
PSE,2025,1,98387,0.0
Avista,2023,8,99016,0.0
PSE,2021,10,98106,0.0
CNG,2024,11,98229,0.0
CNG,2021,11,98802,0.0
PSE,2021,8,98074,0.0
Avista,2025,12,99148,0.0
PSE,2021,8,98101,0.0
CNG,2025,9,98292,0.0
CNG,2024,2,98277,0.0
Avista,2025,5,99218,0.0
CNG,2020,12,98233,0.0
Avista,2022,2,99003,0.0
PSE,2023,5,98026,0.0
PSE,2024,5,98596,0.0
Avista,2021,6,99203,0.0
Avista,2021,10,99143,0.0
PSE,2025,6,98148,0.0
CNG,2022,10,98383,0.0
CNG,2022,7,98848,0.0
PSE,2023,8,98226,0.0
PSE,2022,1,98226,0.0
PAC,2020,4,99360,0.0
PSE,2025,7,98104,0.0
PAC,2020,1,98951,1253.0
CNG,2023,9,98274,0.0
Avista,2024,10,99179,0.0
Avista,2020,12,99207,0.0
PSE,2020,12,98001,0.0
PSE,2025,2,98038,0.0
NWN,2020,8,98119,0.0
Avista,2022,10,99144,0.0
PAC,2025,6,98908,52.96
Avista,2021,3,99039,0.0
CNG,2022,7,98801,0.0
Avista,2021,9,99170,0.0
PAC,2023,3,98937,0.0
Avista,2023,12,99014,0.0
PSE,2021,1,98029,0.0
PSE,2021,12,98201,0.0
NWN,2025,8,98601,0.0
NWN,2020,8,98604,0.0
PSE,2021,5,98257,0.0
PSE,2020,5,98104,0.0
PSE,2024,9,98022,0.0
PSE,2021,1,98941,0.0
PSE,2025,12,98338,0.0
PSE,2022,6,98366,0.0
NWN,2021,10,98683,0.0
CNG,2024,12,98248,0.0
PSE,2020,3,98926,0.0
Avista,2020,11,99202,0.0
PAC,2021,5,98938,0.0
Avista,2022,11,99036,0.0
NWN,2024,9,98629,0.0
Avista,2021,1,99006,0.0
Avista,2022,7,99012,0.0
Avista,2021,6,99174,0.0
PSE,2021,4,98203,0.0
PSE,2021,10,98103,0.0
PSE,2025,5,98027,0.0
PSE,2025,3,98272,0.0
PSE,2020,5,98006,0.0
CNG,2020,1,98221,0.0
Avista,2021,6,99402,0.0
Avista,2023,7,99201,0.0
CNG,2021,2,99353,0.0
PSE,2022,7,98198,0.0
Avista,2021,6,99114,0.0
PSE,2022,6,98392,0.0
PSE,2020,6,98262,0.0
PSE,2024,11,98502,0.0
Avista,2025,8,99402,0.0
CNG,2023,4,98232,0.0
CNG,2024,11,99353,0.0
PSE,2020,2,98001,0.0
CNG,2024,2,99362,0.0
Avista,2022,10,99163,0.0
PSE,2023,8,98327,0.0
CNG,2023,8,98632,0.0
CNG,2024,3,98248,0.0
CNG,2021,3,99323,0.0
CNG,2025,11,98837,0.0
PAC,2022,9,98921,0.0
PSE,2021,12,98337,0.0
CNG,2021,3,99324,0.0
PAC,2023,6,98952,0.0
PSE,2022,12,98274,0.0
CNG,2025,12,99336,0.0
Avista,2025,4,98857,0.0
Avista,2022,1,99025,0.0
PSE,2021,6,98370,0.0
Avista,2023,2,99223,0.0
Avista,2025,4,99217,0.0
NWN,2025,2,98661,0.0
Avista,2023,4,98620,0.0
PAC,2021,3,98937,0.0
Avista,2020,7,99148,0.0
PSE,2021,9,98513,0.0
PSE,2025,11,98418,0.0
PSE,2023,11,98033,0.0
Avista,2020,11,99129,0.0
Avista,2020,12,99006,0.0
CNG,2020,6,98524,0.0
PSE,2022,4,98239,0.0
NWN,2022,9,98668,0.0
CNG,2023,11,98277,0.0
CNG,2022,4,98611,0.0
PSE,2025,3,98260,0.0
PSE,2024,8,98503,0.0
NWN,2024,10,98762,0.0
NWN,2021,5,98026,0.0
PSE,2021,12,98230,0.0
Avista,2022,5,99223,0.0
PSE,2020,8,98388,0.0
PSE,2025,6,98248,0.0
PSE,2024,8,98375,0.0
PSE,2022,8,98466,0.0
PSE,2022,8,98109,0.0
CNG,2024,7,98271,0.0
PSE,2024,9,98125,0.0
CNG,2021,9,99362,0.0
Avista,2023,4,99040,0.0
PSE,2023,4,98110,0.0
PSE,2022,5,98108,0.0
PSE,2024,4,98531,0.0
NWN,2020,6,98683,0.0
PSE,2025,3,98262,0.0
Avista,2023,7,99026,0.0
Avista,2020,9,99159,0.0
PSE,2025,9,98422,0.0
PSE,2023,5,98290,0.0
PSE,2022,5,98338,0.0
Avista,2023,6,99151,0.0
PSE,2024,10,98466,0.0
NWN,2022,12,98612,0.0
PSE,2020,6,98029,0.0
NWN,2021,2,98601,0.0
CNG,2024,1,98930,0.0
PSE,2023,5,98037,0.0
Avista,2025,1,99037,0.0
PSE,2020,8,98019,0.0
Avista,2024,2,99205,0.0
Avista,2023,10,99341,0.0
PAC,2022,8,98937,0.0
Avista,2022,7,99335,0.0
PSE,2020,10,98374,0.0
PSE,2020,8,98070,0.0
NWN,2023,3,97301,0.0
Avista,2021,3,99004,0.0
PSE,2023,6,98106,0.0
PSE,2025,7,98033,0.0
PSE,2020,5,98168,0.0
NWN,2020,6,98605,0.0
PSE,2024,1,98188,0.0
PSE,2020,12,98031,0.0
PSE,2020,4,98498,0.0
Avista,2022,3,99144,0.0
Avista,2024,11,99037,0.0
CNG,2023,12,98244,0.0
PSE,2021,4,98424,0.0
PSE,2024,5,98388,0.0
Avista,2023,1,99003,0.0
PSE,2025,5,98335,0.0
Avista,2022,3,99148,0.0
PAC,2025,9,98938,2.32
Avista,2022,11,99203,0.0
Avista,2021,5,99371,0.0
PSE,2023,8,98006,0.0
Avista,2020,4,99158,0.0
PSE,2020,4,98052,0.0
Avista,2023,1,99018,0.0
Avista,2025,2,99205,0.0
Avista,2024,1,99181,0.0
PSE,2020,4,98332,0.0
NWN,2025,3,98661,0.0
NWN,2024,7,98674,0.0
PSE,2024,8,98074,0.0
PSE,2021,10,98021,0.0
CNG,2025,10,98276,0.0
PSE,2025,9,98516,0.0
Avista,2025,11,99169,0.0
Avista,2023,9,99216,0.0
Avista,2020,9,99134,0.0
PSE,2024,9,98188,0.0
PSE,2022,10,98125,0.0
Avista,2022,6,99217,0.0
PSE,2020,4,98148,0.0
PSE,2023,6,98596,0.0
PSE,2022,5,98087,0.0
NWN,2023,6,98626,0.0
PSE,2020,4,98023,0.0
PSE,2024,7,98373,0.0
CNG,2022,4,98951,0.0
PSE,2020,11,98108,0.0
CNG,2024,6,98557,0.0
PSE,2024,5,98117,0.0
PSE,2022,2,98922,0.0
Avista,2023,5,99122,0.0
PSE,2020,5,98367,0.0
PSE,2022,9,98057,0.0
NWN,2021,3,98682,0.0
PSE,2022,5,98155,0.0
Avista,2024,10,99033,0.0
Avista,2025,7,99169,0.0
PSE,2024,10,98133,0.0
PSE,2024,6,98941,0.0
PSE,2024,7,98033,0.0
CNG,2024,12,98611,0.0
Avista,2020,12,99029,0.0
PSE,2025,7,98178,0.0
PSE,2020,12,98230,0.0
NWN,2024,5,98684,0.0
Avista,2023,3,99179,0.0
CNG,2023,9,98366,0.0
PSE,2021,6,98266,0.0
PSE,2024,11,98106,0.0
PSE,2021,10,98248,0.0
CNG,2025,12,98550,0.0
Avista,2024,7,99218,0.0
Avista,2021,8,99224,0.0
CNG,2022,5,98223,0.0
Avista,2025,5,99143,0.0
CNG,2025,5,98801,0.0
PSE,2024,7,98087,0.0
PAC,2021,4,98939,0.0
Avista,2023,7,99203,0.0
PSE,2024,3,98262,0.0
PSE,2020,8,98004,0.0
PSE,2025,11,98027,0.0
NWN,2023,4,98671,4.27
CNG,2022,5,98221,0.0
PSE,2023,11,98237,0.0
Avista,2024,9,99117,0.0
PAC,2021,5,98932,0.0
PSE,2021,9,98026,0.0
Avista,2022,10,99023,0.0
PSE,2024,9,98042,0.0
NWN,2020,12,98604,0.0
Avista,2020,6,99207,0.0
Avista,2021,10,99260,0.0
PAC,2020,2,99301,1.0
CNG,2025,4,98247,0.0
PSE,2023,1,98056,0.0
CNG,2025,8,98220,0.0
PSE,2020,8,98283,0.0
Avista,2025,7,99179,0.0
CNG,2024,11,98903,0.0
CNG,2022,8,98276,0.0
PSE,2024,12,98589,0.0
PSE,2022,7,98030,0.0
Avista,2020,10,99176,0.0
PSE,2020,12,98360,0.0
Avista,2021,9,99164,0.0
NWN,2022,2,98864,0.0
NWN,2020,10,98671,0.0
PSE,2021,10,98266,0.0
NWN,2020,8,98629,0.0
CNG,2020,10,98520,0.0
CNG,2023,8,98837,0.0
PAC,2024,12,98937,0.0
Avista,2022,12,99113,0.0
PSE,2020,5,98262,0.0
PAC,2022,10,98942,0.0
PSE,2020,8,98003,0.0
Avista,2020,3,99034,0.0
Avista,2021,9,99009,0.0
PSE,2022,11,98275,0.0
Avista,2020,8,99021,0.0
PAC,2020,2,99363,19.0
Avista,2022,6,99224,0.0
PSE,2022,10,98926,0.0
CNG,2022,6,98674,0.0
CNG,2022,3,98942,0.0
PSE,2023,4,98388,0.0
Avista,2022,10,99201,0.0
PSE,2025,8,98258,0.0
CNG,2021,4,98520,0.0
CNG,2024,10,98563,0.0
NWN,2021,4,98127,0.0
CNG,2023,6,98936,0.0
CNG,2025,7,98563,0.0
PSE,2021,7,98926,0.0
NWN,2024,11,98682,0.0
CNG,2023,6,98367,0.0
PSE,2020,7,98337,0.0
PAC,2020,10,98923,0.0
CNG,2023,8,99324,0.0
CNG,2021,6,98226,0.0
Avista,2020,10,99128,0.0
CNG,2021,11,98584,0.0
PSE,2022,7,98058,0.0
PSE,2025,10,98373,0.0
Avista,2025,10,99011,0.0
CNG,2021,5,99350,0.0
PSE,2025,5,98380,0.0
PSE,2020,5,98273,0.0
PSE,2020,4,98275,0.0
PSE,2020,7,98404,0.0
Avista,2023,6,99039,0.0
Avista,2022,5,99137,0.0
NWN,2021,11,98660,0.0
PSE,2021,8,98390,0.0
PSE,2024,1,98922,0.0
NWN,2024,5,98661,0.0
NWN,2022,7,98683,0.0
Avista,2024,9,99148,0.0
CNG,2020,8,98295,0.0
PSE,2025,8,98273,0.0
CNG,2023,11,98232,0.0
CNG,2025,2,99354,0.0
PSE,2025,10,98310,0.0
PSE,2022,10,98178,0.0
PSE,2025,8,98166,0.0
CNG,2024,1,98524,0.0
PAC,2021,5,98952,0.0
Avista,2021,3,99134,0.0
PAC,2020,2,98908,2885.0
CNG,2021,11,99350,0.0
PSE,2025,6,98072,0.0
CNG,2020,8,99337,0.0
Avista,2022,6,99216,0.0
Avista,2021,7,99104,0.0
PSE,2023,7,98418,0.0
PSE,2022,9,98168,0.0
CNG,2023,9,98337,0.0
PSE,2024,11,98034,0.0
PSE,2021,6,98144,0.0
PSE,2022,10,98105,0.0
PAC,2024,7,99361,0.0
PSE,2023,11,98360,0.0
Avista,2021,3,99023,0.0
PSE,2021,8,98024,0.0
NWN,2021,4,98617,0.0
Avista,2025,6,99130,0.0
PSE,2021,8,98122,0.0
PSE,2025,3,98244,0.0
NWN,2021,3,97031,0.0
Avista,2022,7,99228,0.0
PSE,2024,11,98466,0.0
NWN,2022,12,98629,0.0
PSE,2023,2,98502,0.0
PSE,2020,4,98248,0.0
PSE,2025,5,98374,0.0
PAC,2022,1,99363,0.0
PSE,2024,9,98466,0.0
Avista,2020,4,99228,0.0
PSE,2025,6,98002,0.0
CNG,2025,6,99344,0.0
CNG,2024,5,98366,0.0
CNG,2021,7,98848,0.0
CNG,2020,7,98282,0.0
NWN,2023,4,98601,0.0
PSE,2023,11,98053,0.0
PAC,2020,7,98942,0.0
Avista,2025,3,99212,0.0
Avista,2022,5,99109,0.0
NWN,2022,6,97663,0.0
PSE,2023,4,98277,0.0
PSE,2023,9,98101,0.0
NWN,2023,2,98762,0.0
PSE,2022,10,98370,0.0
Avista,2025,7,99001,0.0
NWN,2025,1,98674,0.0
PSE,2025,3,98342,0.0
PSE,2025,12,98513,0.0
PSE,2021,9,98045,0.0
CNG,2023,8,99353,0.0
NWN,2024,9,97031,0.0
Avista,2021,2,99018,0.0
Avista,2021,10,99104,0.0
NWN,2022,6,98208,0.0
PSE,2022,7,98499,0.0
PSE,2021,2,98021,0.0
PSE,2022,9,98072,0.0
Avista,2020,6,99371,0.0
PSE,2025,8,98532,0.0
Avista,2024,1,99016,0.0
PAC,2020,3,98903,422.0
CNG,2024,8,98337,0.0
PAC,2022,8,99323,0.0
PSE,2022,3,98108,0.0
Avista,2020,6,99004,0.0
PSE,2022,4,98148,0.0
PSE,2023,1,98516,0.0
CNG,2021,1,99353,0.0
PAC,2024,3,98930,0.0
PAC,2023,11,99361,0.0
Avista,2022,7,99008,0.0
Avista,2020,12,99005,0.0
Avista,2022,7,99220,0.0
PSE,2024,11,98512,0.0
NWN,2021,9,98672,0.0
Avista,2024,1,99206,0.0
PSE,2023,12,98199,0.0
PSE,2024,3,98370,0.0
PAC,2022,4,98932,0.0
PAC,2021,12,98951,0.0
CNG,2025,1,99352,0.0
PAC,2021,10,99363,0.0
PSE,2021,3,98392,0.0
CNG,2020,2,98584,0.0
PAC,2022,3,99347,0.0
NWN,2022,12,98666,0.0
CNG,2021,8,98277,0.0
CNG,2023,11,98550,0.0
PSE,2023,12,98597,0.0
Avista,2022,12,99335,0.0
PSE,2022,3,98277,0.0
NWN,2022,3,98660,0.0
Avista,2025,11,99341,0.0
CNG,2021,7,98584,0.0
Avista,2021,1,99167,0.0
CNG,2022,5,98295,0.0
Avista,2023,1,99020,0.0
PSE,2023,5,98576,0.0
Avista,2025,3,99009,0.0
PSE,2025,5,98226,0.0
NWN,2025,3,98682,0.0
Avista,2020,7,99107,0.0
PSE,2024,7,98023,0.0
PSE,2020,9,98012,0.0
PSE,2022,11,98266,0.0
CNG,2021,2,98311,0.0
Avista,2024,12,99022,0.0
PAC,2020,10,99301,0.0
PSE,2025,6,98439,0.0
Avista,2020,6,99040,0.0
Avista,2021,4,99203,0.0
CNG,2023,12,98936,0.0
Avista,2024,2,99009,0.0
PSE,2022,1,98589,0.0
PAC,2023,2,99323,0.0
CNG,2021,1,98936,0.0
PSE,2024,9,98283,0.0
PSE,2023,2,98232,0.0
PSE,2025,5,98375,0.0
Avista,2021,9,99371,0.0
Avista,2021,10,99151,0.0
PAC,2021,5,98908,0.0
Avista,2021,12,99005,0.0
PSE,2022,8,98104,0.0
PSE,2023,4,98501,0.0
PSE,2024,9,98118,0.0
PSE,2024,6,98360,0.0
PSE,2023,3,98055,0.0
PSE,2020,7,98023,0.0
PSE,2024,11,98225,0.0
PAC,2022,11,98947,0.0
NWN,2025,11,98626,0.0
PSE,2023,1,98204,0.0
CNG,2023,7,98541,0.0
PSE,2021,12,98374,0.0
Avista,2020,4,99107,0.0
Avista,2021,2,99159,0.0
CNG,2023,12,99350,0.0
Avista,2024,12,99104,0.0
PAC,2021,11,98923,0.0
CNG,2023,5,99301,0.0
PSE,2021,7,98335,0.0
CNG,2022,7,98244,0.0
CNG,2024,10,98311,0.0
PSE,2025,6,98506,0.0
PSE,2023,10,98121,0.0
NWN,2020,7,98602,0.0
Avista,2022,9,99005,0.0
PSE,2020,5,98092,0.0
PAC,2024,10,98947,0.0
NWN,2024,12,98119,0.0
Avista,2023,5,99148,0.0
Avista,2020,12,98620,0.0
PSE,2022,11,98072,0.0
CNG,2023,12,98802,0.0
PSE,2024,9,98513,0.0
PSE,2025,3,98030,0.0
CNG,2023,9,98370,0.0
CNG,2021,2,98312,0.0
Avista,2023,9,99148,0.0
Avista,2024,5,99143,0.0
CNG,2025,5,98310,0.0
PSE,2021,9,98007,0.0
Avista,2023,11,99144,0.0
PSE,2024,1,98072,0.0
Avista,2025,2,99012,0.0
PSE,2025,1,98402,0.0
PAC,2022,12,98938,0.0
NWN,2021,9,97031,0.0
PSE,2022,2,98513,0.0
Avista,2020,11,99403,0.0
PSE,2022,7,98019,0.0
Avista,2024,1,99203,0.0
Avista,2025,1,99204,0.0
PSE,2021,11,98126,0.0
Avista,2024,10,99167,0.0
CNG,2022,3,99344,0.0
CNG,2024,7,98563,0.0
CNG,2025,2,98312,0.0
PSE,2022,11,98272,0.0
CNG,2024,5,98837,0.0
Avista,2022,3,99161,0.0
PSE,2023,11,98178,0.0
PSE,2021,11,98373,0.0
NWN,2023,5,98127,0.0
Avista,2023,6,99220,0.0
Avista,2023,10,99217,0.0
CNG,2024,6,98220,0.0
PSE,2024,7,98360,0.0
Avista,2021,10,99031,0.0
Avista,2020,9,99021,0.0
PSE,2024,7,98370,0.0
NWN,2021,10,98617,0.0
Avista,2025,4,99204,0.0
Avista,2023,11,99023,0.0
PSE,2020,7,98359,0.0
PSE,2022,6,98371,0.0
NWN,2022,8,98307,0.0
Avista,2022,1,99125,0.0
PSE,2022,8,98374,0.0
PSE,2024,3,98367,0.0
CNG,2024,5,98632,0.0
Avista,2022,4,99107,0.0
CNG,2020,6,98366,0.0
Avista,2024,2,99206,0.0
NWN,2022,7,98610,0.0
PAC,2022,11,99323,0.0
CNG,2022,3,98674,0.0
PSE,2022,3,98102,0.0
PSE,2025,12,98283,0.0
CNG,2022,2,98901,0.0
PSE,2021,7,98244,0.0
Avista,2020,10,99207,0.0
PSE,2023,3,98065,0.0
Avista,2024,1,99174,0.0
CNG,2021,10,98953,0.0
Avista,2020,4,99103,0.0
PAC,2020,11,99323,0.0
PSE,2022,12,98422,0.0
PSE,2021,9,98117,0.0
CNG,2025,12,98801,0.0
PSE,2023,8,98239,0.0
PSE,2024,6,98405,0.0
Avista,2021,12,99160,0.0
Avista,2024,4,99022,0.0
PAC,2024,7,98903,0.0
Avista,2025,10,99003,0.0
PSE,2025,7,98148,0.0
Avista,2025,7,99025,0.0
Avista,2022,7,99137,0.0
NWN,2022,8,98605,0.0
PSE,2023,10,98119,0.0
NWN,2024,12,98620,0.0
PAC,2020,4,98936,0.0
CNG,2023,1,98936,0.0
PSE,2025,9,98065,0.0
Avista,2021,4,99176,0.0
PSE,2025,10,98224,0.0
PSE,2021,9,98499,0.0
PSE,2025,12,98248,0.0
PSE,2021,12,98405,0.0
PAC,2023,9,99323,0.0
PSE,2020,8,98402,0.0
NWN,2023,8,98642,0.0
PSE,2024,8,98255,0.0
PSE,2024,1,98406,0.0
PSE,2024,2,98006,0.0
PAC,2025,2,98901,0.8
CNG,2022,1,99324,0.0
PSE,2022,6,98104,0.0
PSE,2020,6,98342,0.0
PSE,2025,6,98531,0.0
PSE,2024,7,98233,0.0
Avista,2021,8,99103,0.0
PSE,2023,9,98226,0.0
NWN,2025,11,98686,0.0
CNG,2023,7,98229,0.0
PSE,2023,6,98002,0.0
Avista,2024,8,99201,0.0
Avista,2023,12,99012,0.0
PSE,2025,12,98260,0.0
NWN,2025,2,98663,0.0
CNG,2024,1,98948,0.0
CNG,2025,7,99336,0.0
PSE,2022,8,98531,0.0
CNG,2023,12,98257,0.0
PSE,2025,12,98502,0.0
NWN,2025,4,98686,0.0
PSE,2025,11,98260,0.0
CNG,2025,3,98801,0.0
CNG,2021,7,99323,0.0
CNG,2023,9,98550,0.0
PSE,2024,7,98110,0.0
Avista,2023,3,99335,0.0
PAC,2022,7,99347,0.0
Avista,2022,10,99151,0.0
NWN,2025,1,98664,0.0
PAC,2025,6,98942,28.76
PSE,2023,7,98028,0.0
Avista,2021,9,99104,0.0
NWN,2025,1,98629,0.0
PSE,2022,2,98310,0.0
PSE,2025,10,98028,0.0
Avista,2021,11,99148,0.0
PSE,2025,11,98008,0.0
PSE,2022,11,98024,0.0
PAC,2025,3,98944,1.89
Avista,2022,9,99122,0.0
PSE,2025,1,98283,0.0
NWN,2022,10,97388,0.0
Avista,2025,11,99025,0.0
Avista,2025,10,99019,0.0
PAC,2020,11,98935,0.0
PSE,2021,12,98439,0.0
Avista,2020,8,99161,0.0
Avista,2022,11,99206,0.0
Avista,2023,6,99141,0.0
NWN,2023,5,98668,0.0
CNG,2021,1,98932,0.0
PSE,2022,12,98596,0.0
PSE,2024,12,98467,0.0
CNG,2025,2,98674,0.0
PSE,2024,1,98034,0.0
PSE,2023,4,98058,0.0
PAC,2021,6,98938,0.0
Avista,2025,10,99203,0.0
CNG,2024,7,98930,0.0
CNG,2021,9,98801,0.0
PSE,2023,12,98002,0.0
PAC,2021,5,98923,0.0
CNG,2023,5,98632,0.0
PSE,2021,4,98270,0.0
PAC,2024,2,98923,0.0
PSE,2020,10,98155,0.0
NWN,2025,3,98620,0.0
NWN,2024,2,98663,0.0
NWN,2020,10,98604,0.0
PAC,2022,12,98947,0.0
PSE,2023,8,98012,0.0
CNG,2021,5,98271,0.0
PSE,2025,2,98055,0.0
PAC,2024,4,98908,0.0
Avista,2024,10,99107,0.0
Avista,2023,2,99037,0.0
PSE,2021,5,98032,0.0
PAC,2020,7,98948,0.0
Avista,2021,5,99203,0.0
PSE,2020,6,98596,0.0
Avista,2021,11,99103,0.0
CNG,2024,5,98225,0.0
CNG,2025,3,98625,0.0
Avista,2025,11,99143,0.0
CNG,2020,10,98292,0.0
Avista,2021,5,99110,0.0
PSE,2022,9,98010,0.0
PSE,2024,10,98311,0.0
PSE,2023,12,98112,0.0
CNG,2024,8,98383,0.0
Avista,2024,5,99129,0.0
PSE,2023,6,98375,0.0
NWN,2024,5,98612,0.0
PSE,2024,1,98934,0.0
Avista,2022,6,99128,0.0
PSE,2025,12,98467,0.0
CNG,2021,4,98901,0.0
PSE,2022,6,98467,0.0
PSE,2022,10,98375,0.0
NWN,2023,7,98663,0.0
CNG,2024,8,99344,0.0
NWN,2022,12,98620,0.0
CNG,2022,2,99350,0.0
CNG,2020,4,98223,0.0
PSE,2025,7,98373,0.0
Avista,2022,4,99216,0.0
PAC,2022,5,98939,0.0
Avista,2021,9,98857,0.0
NWN,2022,10,98664,0.0
PSE,2023,3,98405,0.0
PAC,2025,6,98944,0.27
PSE,2022,1,98033,0.0
PSE,2025,11,98012,0.0
CNG,2022,3,99323,0.0
PSE,2020,7,98380,0.0
PSE,2024,3,98390,0.0
Avista,2020,11,99207,0.0
PSE,2020,3,98125,0.0
PSE,2020,10,98104,0.0
CNG,2021,2,98292,0.0
Avista,2024,3,99212,0.0
PAC,2024,5,99328,0.0
CNG,2025,7,98247,0.0
CNG,2023,8,98528,0.0
CNG,2023,7,98221,0.0
PSE,2023,4,98513,0.0
PAC,2024,7,98932,0.0
Avista,2023,2,99114,0.0
CNG,2022,4,98220,0.0
CNG,2024,6,99353,0.0
CNG,2025,11,98932,0.0
Avista,2022,6,99220,0.0
Avista,2023,5,99005,0.0
PSE,2024,6,98226,0.0
PSE,2025,8,98037,0.0
CNG,2020,9,99336,0.0
CNG,2023,11,98520,0.0
CNG,2025,3,98292,0.0
Avista,2022,5,99203,0.0
PSE,2024,12,98108,0.0
PSE,2024,12,98036,0.0
PAC,2022,5,99328,0.0
PSE,2020,6,98232,0.0
Avista,2021,2,99163,0.0
PSE,2024,10,98055,0.0
PSE,2025,10,98074,0.0
CNG,2024,8,98274,0.0
PSE,2021,2,98406,0.0
Avista,2022,5,99037,0.0
PSE,2023,7,98422,0.0
PAC,2022,12,98939,0.0
PSE,2020,5,98155,0.0
Avista,2025,9,99173,0.0
PAC,2022,10,99328,0.0
Avista,2021,7,99146,0.0
NWN,2025,6,98606,0.0
Avista,2025,1,99138,0.0
PSE,2024,3,98103,0.0
PSE,2023,6,98042,0.0
Avista,2022,1,99148,0.0
Avista,2022,10,99160,0.0
Avista,2020,11,99111,0.0
CNG,2020,12,98310,0.0
NWN,2022,12,98668,0.0
PSE,2023,6,98055,0.0
CNG,2022,7,98953,0.0
PSE,2024,9,98112,0.0
PSE,2022,6,98199,0.0
PSE,2021,11,98445,0.0
Avista,2021,12,99009,0.0
PSE,2024,11,98596,0.0
Avista,2020,11,99003,0.0
Avista,2022,11,99160,0.0
Avista,2022,4,99223,0.0
PSE,2021,5,98030,0.0
NWN,2023,11,98639,0.0
PAC,2023,8,98951,0.0
Avista,2022,11,99212,0.0
Avista,2025,8,99157,0.0
PAC,2021,12,98944,0.0
Avista,2025,12,99156,0.0
PSE,2025,2,98199,0.0
Avista,2024,2,99014,0.0
CNG,2020,3,98930,245.57
CNG,2025,9,98257,0.0
Avista,2020,12,99032,0.0
PSE,2025,9,98335,0.0
CNG,2023,1,98908,0.0
Avista,2021,8,99212,0.0
PSE,2023,10,98359,0.0
NWN,2025,2,98626,0.0
PSE,2020,10,98029,0.0
Avista,2025,4,99117,0.0
CNG,2020,3,99350,98.57
NWN,2022,1,98639,0.0
Avista,2020,5,99179,0.0
Avista,2024,2,99103,0.0
Avista,2021,3,99335,0.0
CNG,2023,10,98244,0.0
CNG,2023,10,98524,0.0
PSE,2020,8,98144,0.0
PSE,2022,6,98119,0.0
PSE,2024,5,98029,0.0
CNG,2022,8,99352,0.0
Avista,2022,5,99111,0.0
PSE,2024,1,98258,0.0
PSE,2025,12,98406,0.0
PSE,2022,6,98266,0.0
Avista,2020,9,99129,0.0
Avista,2025,11,99161,0.0
Avista,2021,8,99159,0.0
PAC,2021,6,99329,0.0
NWN,2023,9,98683,0.0
CNG,2025,10,98908,0.0
Avista,2024,11,99161,0.0
Avista,2023,11,99138,0.0
CNG,2020,2,98240,0.0
Avista,2023,8,99161,0.0
CNG,2020,5,99338,0.0
Avista,2025,12,99326,0.0
PSE,2022,12,98047,0.0
PSE,2021,2,98119,0.0
Avista,2023,9,99022,0.0
CNG,2022,3,98310,0.0
CNG,2021,2,98563,0.0
Avista,2023,5,99032,0.0
PSE,2021,1,98008,0.0
Avista,2024,5,98857,0.0
Avista,2023,5,99103,0.0
NWN,2022,8,98612,0.0
NWN,2022,8,98666,0.0
PSE,2023,1,98597,0.0
PSE,2021,8,98028,0.0
NWN,2020,12,98610,0.0
CNG,2021,1,98902,0.0
PSE,2023,8,98270,0.0
PSE,2025,9,98117,0.0
NWN,2023,1,98660,0.0
Avista,2023,3,99212,0.0
CNG,2024,7,98837,0.0
Avista,2023,2,99012,0.0
PAC,2024,5,98908,0.0
Avista,2023,2,99128,0.0
Avista,2020,5,99403,0.0
PSE,2024,5,98239,0.0
CNG,2025,2,98520,0.0
Avista,2020,6,99103,0.0
NWN,2023,4,98607,0.0
Avista,2022,9,99018,0.0
NWN,2022,6,98626,0.0
Avista,2023,9,99014,0.0
PSE,2025,2,98036,0.0
PSE,2023,6,98512,0.0
PSE,2020,11,98026,0.0
Avista,2025,12,99169,0.0
PSE,2022,2,98422,0.0
CNG,2023,12,98282,0.0
PSE,2025,12,98390,0.0
PSE,2024,2,98011,0.0
NWN,2024,2,98648,0.0
PSE,2020,3,98338,0.0
Avista,2020,7,99335,0.0
PSE,2021,8,98087,0.0
PAC,2022,1,98933,0.0
CNG,2021,10,98563,0.0
PSE,2022,3,98045,0.0
Avista,2023,4,99173,0.0
CNG,2022,11,98271,0.0
PSE,2023,7,98531,0.0
PSE,2025,4,98045,0.0
PSE,2020,4,98380,0.0
PSE,2022,11,98257,0.0
Avista,2024,7,99033,0.0
PSE,2023,6,98266,0.0
PSE,2022,3,98446,0.0
Avista,2025,7,99170,0.0
CNG,2020,4,98220,0.0
Avista,2022,10,99027,0.0
Avista,2025,12,99012,0.0
PSE,2021,3,98424,0.0
Avista,2020,5,99335,0.0
Avista,2021,12,99161,0.0
Avista,2022,9,99224,0.0
CNG,2024,1,98271,0.0
PSE,2023,2,98108,0.0
PSE,2020,3,98042,0.0
CNG,2022,4,98550,0.0
PSE,2024,7,98404,0.0
PAC,2022,7,99362,0.0
NWN,2022,8,98665,0.0
PSE,2021,12,98106,0.0
PSE,2021,2,98201,0.0
PSE,2025,8,98346,0.0
PSE,2020,12,98133,0.0
PSE,2021,7,98390,0.0
PAC,2020,4,98908,0.0
NWN,2020,8,98602,0.0
CNG,2023,7,98951,0.0
PSE,2025,1,98203,0.0
Avista,2025,10,99141,0.0
CNG,2022,2,98932,0.0
PSE,2025,11,98499,0.0
Avista,2025,5,99402,0.0
CNG,2025,5,98345,0.0
NWN,2024,8,98617,0.0
PSE,2021,9,98072,0.0
Avista,2022,7,99029,0.0
PSE,2023,1,98052,0.0
Avista,2020,6,99203,0.0
PSE,2023,5,98203,0.0
PAC,2024,4,99324,0.0
CNG,2021,10,98282,0.0
PSE,2025,11,98104,0.0
PSE,2025,5,98203,0.0
PAC,2023,1,98933,0.0
PSE,2022,11,98424,0.0
Avista,2023,5,99111,0.0
Avista,2022,12,99185,0.0
PSE,2020,7,98148,0.0
PSE,2020,5,98031,0.0
PSE,2021,8,98201,0.0
CNG,2022,8,98264,0.0
PSE,2021,3,98383,0.0
PSE,2024,5,98272,0.0
Avista,2024,10,99208,0.0
CNG,2023,1,98264,0.0
Avista,2024,12,99109,0.0
NWN,2022,3,98663,0.0
PSE,2023,11,98177,0.0
PSE,2023,6,98199,0.0
PAC,2024,9,99360,0.0
Avista,2020,12,99114,0.0
Avista,2025,5,99004,0.0
CNG,2023,7,98801,0.0
Avista,2022,12,98857,0.0
Avista,2020,8,99220,0.0
PSE,2021,11,98335,0.0
CNG,2025,4,98520,0.0
NWN,2023,11,98606,0.0
NWN,2020,11,98601,0.0
Avista,2022,12,99326,0.0
Avista,2023,8,99174,0.0
PSE,2021,8,98922,0.0
Avista,2020,7,99216,0.0
PSE,2024,2,98275,0.0
NWN,2024,4,98620,0.0
Avista,2024,7,99148,0.0
Avista,2025,10,99001,0.0
PSE,2024,5,98108,0.0
PSE,2024,2,98277,0.0
PSE,2020,3,98501,0.0
PSE,2025,3,98513,0.0
Avista,2025,4,99176,0.0
Avista,2024,8,99341,0.0
CNG,2022,9,98226,0.0
CNG,2021,12,98611,0.0
Avista,2023,3,99156,0.0
CNG,2023,4,98584,0.0
PSE,2021,5,98072,0.0
CNG,2021,12,98674,0.0
CNG,2025,11,98930,0.0
PSE,2023,12,98040,0.0
PSE,2023,9,98106,0.0
PSE,2024,10,98516,0.0
CNG,2020,10,98383,0.0
Avista,2024,12,99016,0.0
Avista,2024,11,99151,0.0
PSE,2023,6,98260,0.0
PSE,2025,6,98065,0.0
PSE,2022,9,98512,0.0
PSE,2025,8,98118,0.0
PSE,2025,2,98934,0.0
PSE,2021,10,98366,0.0
Avista,2022,11,99020,0.0
CNG,2021,5,98948,0.0
PSE,2025,7,98109,0.0
PSE,2024,10,98087,0.0
Avista,2020,4,99217,0.0
Avista,2022,3,99212,0.0
NWN,2022,5,98604,0.0
PAC,2020,3,98952,82.0
PSE,2023,8,98002,0.0
Avista,2023,2,99117,0.0
PAC,2023,12,98947,0.0
PAC,2021,12,99361,0.0
PSE,2025,4,98011,0.0
PAC,2022,2,99323,0.0
PAC,2021,4,98951,0.0
PSE,2025,2,98391,0.0
NWN,2024,9,98683,0.0
NWN,2022,6,98663,0.0
PSE,2020,11,98055,0.0
Avista,2021,12,99164,0.0
Avista,2025,11,99216,0.0
NWN,2021,2,98666,0.0
Avista,2025,7,99201,0.0
PSE,2021,5,98391,0.0
PAC,2021,8,98951,0.0
PSE,2023,8,98148,0.0
PSE,2020,12,98053,0.0
CNG,2023,9,99337,0.0
CNG,2023,2,98240,0.0
PAC,2021,12,99360,0.0
NWN,2025,6,98663,0.0
NWN,2020,9,98660,0.0
Avista,2020,12,99039,0.0
PSE,2023,4,98926,0.0
CNG,2021,7,98520,0.0
PSE,2025,4,98391,0.0
Avista,2023,9,99179,0.0
NWN,2025,8,98626,0.0
NWN,2025,9,98675,0.0
Avista,2024,11,99174,0.0
Avista,2023,4,99149,0.0
PSE,2020,7,98102,0.0
PSE,2020,3,98271,0.0
Avista,2021,8,99146,0.0
PSE,2022,4,98360,0.0
CNG,2025,3,98244,0.0
NWN,2023,6,98674,0.0
Avista,2020,6,99018,0.0
PSE,2024,7,98579,0.0
CNG,2023,8,99336,0.0
Avista,2020,12,99141,0.0
PSE,2023,1,98058,0.0
CNG,2025,1,98625,0.0
PSE,2023,10,98002,0.0
PSE,2020,12,98532,0.0
CNG,2023,1,98948,0.0
PSE,2020,4,98032,0.0
CNG,2022,11,98284,0.0
Avista,2024,2,99228,0.0
PSE,2021,5,98374,0.0
PSE,2024,1,98597,0.0
PSE,2023,1,98310,0.0
Avista,2025,6,99013,0.0
Avista,2021,2,99117,0.0
Avista,2021,3,99129,0.0
Avista,2020,7,99176,0.0
PSE,2022,6,98188,0.0
NWN,2022,7,98675,0.0
CNG,2022,2,98948,0.0
PSE,2020,6,98221,0.0
CNG,2024,4,98550,0.0
CNG,2023,1,98311,0.0
Avista,2024,1,99218,0.0
CNG,2024,9,98948,0.0
CNG,2023,3,99338,0.0
PSE,2024,7,98059,0.0
CNG,2021,6,98282,0.0
CNG,2024,10,98903,0.0
CNG,2022,10,98277,0.0
Avista,2023,2,99130,0.0
CNG,2024,11,98366,0.0
PSE,2024,3,98031,0.0
PSE,2020,8,98392,0.0
NWN,2023,8,98635,0.0
Avista,2024,1,99335,0.0
Avista,2021,2,99101,0.0
PSE,2022,9,98444,0.0
PSE,2025,2,98029,0.0
PSE,2022,1,98203,0.0
PSE,2023,4,98199,0.0
Avista,2021,10,99003,0.0
PSE,2023,9,98372,0.0
PSE,2024,11,98110,0.0
PSE,2021,9,98027,0.0
NWN,2023,2,98686,0.0
CNG,2021,4,98541,0.0
CNG,2020,7,99352,0.0
CNG,2025,9,98942,0.0
Avista,2022,6,99344,0.0
Avista,2024,12,99014,0.0
CNG,2021,5,98802,0.0
NWN,2022,11,98683,0.0
PSE,2022,5,98387,0.0
PSE,2025,8,98408,0.0
CNG,2020,1,99353,0.0
Avista,2022,3,99021,0.0
Avista,2023,7,99176,0.0
NWN,2022,7,98685,0.0
Avista,2025,6,99160,0.0
PSE,2022,3,98338,0.0
PAC,2021,2,98944,0.0
PSE,2022,12,98116,0.0
NWN,2022,11,98762,0.0
PSE,2022,6,98532,0.0
CNG,2023,5,98277,0.0
PAC,2023,4,98903,0.0
Avista,2023,11,99001,0.0
PSE,2024,5,98003,0.0
PSE,2023,9,98204,0.0
Avista,2022,6,99228,0.0
PSE,2025,6,98038,0.0
Avista,2025,2,99014,0.0
Avista,2024,4,99036,0.0
PSE,2021,10,98104,0.0
CNG,2024,1,98310,0.0
PSE,2025,1,98065,0.0
CNG,2025,12,98370,0.0
PSE,2025,2,98103,0.0
Avista,2024,7,99163,0.0
CNG,2024,10,98953,0.0
PSE,2023,12,98116,0.0
NWN,2022,3,98119,0.0
PSE,2025,1,98109,0.0
PSE,2021,8,98503,0.0
Avista,2021,6,99027,0.0
CNG,2021,1,98223,0.0
CNG,2025,12,98345,0.0
PAC,2020,12,98938,0.0
PAC,2024,7,99360,0.0
PSE,2025,11,98244,0.0
Avista,2022,4,99141,0.0
PSE,2021,9,98104,0.0
PAC,2024,11,98902,0.0
CNG,2024,12,98276,0.0
PSE,2021,9,98446,0.0
NWN,2020,12,98686,0.0
PAC,2022,8,98903,0.0
CNG,2025,4,98632,0.0
CNG,2022,1,99301,0.0
PSE,2021,2,98023,0.0
NWN,2024,2,98639,0.0
PSE,2022,4,98144,0.0
PSE,2024,5,98034,0.0
Avista,2022,11,99344,0.0
PSE,2023,7,98503,0.0
PSE,2024,5,98221,0.0
CNG,2022,12,99324,0.0
PSE,2023,1,98117,0.0
Avista,2025,8,99122,0.0
PSE,2022,11,98112,0.0
PSE,2025,12,98109,0.0
PSE,2021,6,98922,0.0
PSE,2025,7,98342,0.0
Avista,2025,4,99101,0.0
CNG,2025,11,98528,0.0
Avista,2023,8,99013,0.0
PSE,2025,2,98360,0.0
PAC,2020,8,99329,0.0
CNG,2023,12,99337,0.0
NWN,2023,4,97388,0.0
Avista,2024,6,99403,0.0
PSE,2025,6,98597,0.0
CNG,2025,3,98295,0.0
PSE,2021,7,98512,0.0
Avista,2022,12,99206,0.0
CNG,2023,3,98223,0.0
PSE,2025,3,98387,0.0
PSE,2023,4,98579,0.0
PSE,2022,3,98011,0.0
Avista,2022,2,99126,0.0
Avista,2023,4,99167,0.0
PSE,2021,4,98108,0.0
Avista,2020,8,99341,0.0
CNG,2022,8,98801,0.0
PSE,2022,11,98380,0.0
PAC,2023,11,99323,0.0
PSE,2025,4,98406,0.0
Avista,2025,11,99003,0.0
PSE,2020,5,98208,0.0
PSE,2022,7,98383,0.0
PAC,2025,7,98944,3.35
PAC,2023,7,98903,0.0
PSE,2025,9,98512,0.0
CNG,2020,4,98311,0.0
PSE,2020,6,98332,0.0
PAC,2022,2,99324,0.0
PAC,2023,7,99347,0.0
PSE,2025,3,98109,0.0
Avista,2024,8,99029,0.0
Avista,2020,7,99208,0.0
PSE,2024,3,98087,0.0
PSE,2023,2,98239,0.0
PAC,2025,3,98902,8.0
NWN,2025,5,98682,0.0
Avista,2021,6,99146,0.0
Avista,2023,12,99130,0.0
PSE,2021,3,98003,0.0
Avista,2020,10,99171,0.0
NWN,2020,12,98307,0.0
PSE,2022,9,98028,0.0
NWN,2022,2,98606,0.0
Avista,2025,1,99014,0.0
PSE,2024,9,98105,0.0
PSE,2022,1,98258,0.0
PSE,2020,10,98312,0.0
Avista,2023,11,99202,0.0
PSE,2024,10,98335,0.0
PSE,2022,8,98198,0.0
PSE,2024,11,98117,0.0
PSE,2024,5,98074,0.0
Avista,2020,3,98620,0.0
PAC,2024,1,99348,0.0
PSE,2023,12,98108,0.0
NWN,2022,11,98648,0.0
NWN,2021,7,98127,0.0
CNG,2021,6,98625,0.0
PSE,2020,4,98221,0.0
CNG,2021,8,98274,0.0
Avista,2022,6,99185,0.0
CNG,2024,7,98953,0.0
CNG,2023,3,98524,0.0
CNG,2024,6,99323,0.0
Avista,2023,7,99128,0.0
PAC,2023,3,99348,0.0
CNG,2020,3,99354,209.77
Avista,2022,1,99141,0.0
CNG,2025,3,99352,0.0
PSE,2021,8,98258,0.0
NWN,2022,9,98684,0.0
PSE,2024,8,98579,0.0
PSE,2021,12,98506,0.0
Avista,2022,12,99128,0.0
CNG,2025,2,99362,0.0
NWN,2023,9,98686,0.0
NWN,2024,7,98639,0.0
CNG,2021,8,98257,0.0
PSE,2025,2,98597,0.0
CNG,2024,12,98932,0.0
Avista,2021,5,99107,0.0
CNG,2024,3,99350,0.0
PSE,2021,7,98383,0.0
Avista,2021,2,98648,0.0
PSE,2022,2,98498,0.0
PSE,2023,12,98422,0.0
PSE,2024,1,98051,0.0
NWN,2024,3,98612,0.0
PSE,2023,5,98233,0.0
PSE,2024,3,98021,0.0
Avista,2025,5,99185,0.0
NWN,2023,11,98684,0.0
PSE,2025,10,98087,0.0
PSE,2024,11,98367,0.0
CNG,2023,12,98520,0.0
PAC,2021,8,98936,0.0
PSE,2020,7,98010,0.0
NWN,2020,5,98661,0.0
Avista,2022,6,99039,0.0
PAC,2022,10,98933,0.0
NWN,2021,7,98606,0.0
PSE,2022,3,98144,0.0
PSE,2023,10,98031,0.0
PSE,2025,12,98372,0.0
Avista,2022,8,99141,0.0
PSE,2021,10,98466,0.0
PSE,2020,4,98310,0.0
PSE,2023,8,98155,0.0
Avista,2022,12,99020,0.0
PSE,2020,11,98272,0.0
CNG,2024,10,99354,0.0
CNG,2022,11,98221,0.0
CNG,2022,3,98232,0.0
PSE,2022,2,98321,0.0
CNG,2025,9,98550,0.0
PSE,2021,2,98273,0.0
Avista,2021,7,99158,0.0
PSE,2023,7,98024,0.0
CNG,2023,8,99337,0.0
Avista,2023,12,99029,0.0
PSE,2022,12,98277,0.0
PSE,2024,2,98110,0.0
PSE,2020,3,98224,0.0
Avista,2025,3,99170,0.0
Avista,2022,1,99202,0.0
PSE,2025,9,98006,0.0
PSE,2022,2,98283,0.0
PAC,2021,5,98942,0.0
PSE,2024,6,98051,0.0
Avista,2023,12,99335,0.0
PSE,2025,12,98023,0.0
Avista,2024,12,99260,0.0
NWN,2021,8,98307,0.0
CNG,2025,7,98953,0.0
Avista,2025,6,99217,0.0
PSE,2020,5,98335,0.0
PSE,2020,5,98056,0.0
Avista,2021,9,99016,0.0
Avista,2020,9,99019,0.0
CNG,2024,10,98221,0.0
CNG,2023,12,98223,0.0
Avista,2024,12,99008,0.0
CNG,2024,2,98295,0.0
PSE,2020,11,98387,0.0
CNG,2023,12,98273,0.0
PSE,2025,7,98004,0.0
PSE,2025,5,98116,0.0
CNG,2022,7,98550,0.0
CNG,2021,9,98284,0.0
Avista,2020,3,99008,0.0
CNG,2021,5,99354,0.0
PSE,2021,11,98332,0.0
PSE,2020,6,98380,0.0
PSE,2025,1,98589,0.0
Avista,2022,10,99170,0.0
Avista,2023,4,99224,0.0
Avista,2022,3,99159,0.0
PSE,2020,9,98366,0.0
CNG,2023,11,98901,0.0
PSE,2024,5,98446,0.0
PSE,2022,6,98383,0.0
PSE,2022,9,98233,0.0
PSE,2020,5,98112,0.0
Avista,2025,7,99122,0.0
PAC,2022,3,98936,0.0
Avista,2024,7,99176,0.0
PSE,2024,10,98226,0.0
Avista,2022,1,99163,0.0
PSE,2024,3,98372,0.0
CNG,2022,6,98370,0.0
Avista,2020,7,99212,0.0
PSE,2024,10,98375,0.0
PAC,2023,1,99347,0.0
PSE,2023,11,98112,0.0
PSE,2024,4,98027,0.0
Avista,2021,7,99160,0.0
CNG,2025,3,98277,0.0
PSE,2022,9,98155,0.0
Avista,2024,6,99101,0.0
PSE,2024,6,98359,0.0
Avista,2023,2,99146,0.0
PSE,2024,6,98112,0.0
Avista,2021,2,99039,0.0
PAC,2021,3,99362,0.0
PSE,2024,10,98513,0.0
NWN,2022,7,98607,0.0
PSE,2023,9,98338,0.0
PSE,2020,8,98383,0.0
PAC,2020,4,99348,0.0
Avista,2021,11,99037,0.0
PSE,2021,4,98342,0.0
NWN,2022,9,98626,0.0
CNG,2021,6,98311,0.0
PSE,2021,1,98155,0.0
CNG,2021,11,98257,0.0
PSE,2024,4,98332,0.0
PSE,2024,8,98116,0.0
PSE,2024,10,98021,0.0
PSE,2024,4,98155,0.0
Avista,2020,8,99034,0.0
NWN,2021,3,98662,0.0
Avista,2020,7,99117,0.0
Avista,2023,3,99114,0.0
CNG,2025,12,98271,0.0
PAC,2024,2,99363,0.0
PSE,2022,3,98589,0.0
Avista,2022,1,99032,0.0
NWN,2021,9,98610,0.0
PAC,2025,12,98953,18.48
Avista,2021,10,98857,0.0
NWN,2024,12,98626,0.0
CNG,2025,12,98901,0.0
CNG,2022,10,98951,0.0
PSE,2021,9,98310,0.0
PAC,2023,6,98936,0.0
NWN,2024,10,98601,0.0
PSE,2020,9,98277,0.0
PSE,2023,6,98445,0.0
CNG,2022,7,98528,0.0
Avista,2024,11,99216,0.0
NWN,2024,12,98612,0.0
Avista,2024,3,99163,0.0
PSE,2020,12,98366,0.0
PAC,2021,5,98903,0.0
NWN,2025,5,98026,0.0
PSE,2025,3,98371,0.0
PSE,2021,5,98065,0.0
NWN,2020,6,98672,0.0
Avista,2022,2,99164,0.0
PAC,2024,2,98901,0.0
PSE,2024,3,98003,0.0
PSE,2020,11,98109,0.0
Avista,2024,10,99012,0.0
PSE,2023,6,98370,0.0
Avista,2023,5,99161,0.0
PSE,2022,12,98203,0.0
NWN,2023,1,98119,0.0
Avista,2022,9,99171,0.0
Avista,2025,10,99157,0.0
Avista,2023,3,99111,0.0
Avista,2022,9,99117,0.0
NWN,2021,10,98674,0.0
Avista,2024,11,99217,0.0
PSE,2021,7,98321,0.0
Avista,2023,11,99167,0.0
PSE,2024,6,98391,0.0
Avista,2024,5,99170,0.0
PSE,2021,9,98467,0.0
PAC,2025,8,98935,6.3
CNG,2021,12,99324,0.0
NWN,2024,6,97388,0.0
CNG,2025,7,98383,0.0
Avista,2022,11,99021,0.0
Avista,2021,8,99018,0.0
CNG,2020,3,98337,316.2
NWN,2020,9,98668,0.0
PSE,2020,9,98359,0.0
NWN,2025,7,98612,0.0
Avista,2022,2,99033,0.0
PSE,2021,9,98034,0.0
PSE,2025,7,98277,0.0
Avista,2023,4,99216,0.0
Avista,2025,7,99167,0.0
PSE,2020,8,98057,0.0
PSE,2021,11,98513,0.0
Avista,2020,4,99163,0.0
CNG,2025,3,98584,0.0
PSE,2022,7,98941,0.0
PSE,2024,10,98370,0.0
PSE,2022,6,98105,0.0
PSE,2022,6,98144,0.0
PSE,2020,9,98390,0.0
PSE,2023,3,98502,0.0
Avista,2022,6,99203,0.0
NWN,2023,9,98601,0.0
PSE,2023,3,98346,0.0
Avista,2022,5,99031,0.0
PSE,2023,1,98422,0.0
NWN,2025,5,98674,0.0
NWN,2021,6,98127,0.0
CNG,2020,11,98312,0.0
NWN,2025,4,98617,0.0
Avista,2022,7,99326,0.0
PSE,2024,7,98248,0.0
PSE,2021,5,98375,0.0
PSE,2021,9,98148,0.0
PSE,2022,7,98119,0.0
CNG,2020,12,98248,0.0
NWN,2023,12,98674,0.0
PSE,2025,3,98284,0.0
PAC,2024,9,98901,0.0
PSE,2024,1,98031,0.0
PSE,2021,10,98070,0.0
PSE,2020,11,98012,0.0
PSE,2023,8,98072,0.0
Avista,2021,2,99208,0.0
CNG,2024,8,98223,0.0
CNG,2020,4,98563,0.0
PSE,2020,10,98466,0.0
CNG,2021,3,98273,0.0
PSE,2025,9,98589,0.0
PSE,2025,1,98028,0.0
PSE,2022,10,98579,0.0
PSE,2020,6,98321,0.0
NWN,2025,8,98662,0.0
PSE,2022,7,98366,0.0
PAC,2020,11,98952,0.0
PSE,2022,5,98506,0.0
PAC,2020,3,98936,466.0
PAC,2022,9,98936,0.0
NWN,2023,10,98628,0.0
PSE,2020,11,98418,0.0
PAC,2021,1,98902,0.0
Avista,2023,7,99371,0.0
Avista,2022,8,99004,0.0
NWN,2022,6,98671,0.0
PSE,2020,3,98201,0.0
Avista,2023,8,99023,0.0
CNG,2020,7,98903,0.0
PSE,2021,10,98257,0.0
PSE,2021,12,98290,0.0
Avista,2023,6,99169,0.0
CNG,2024,12,98550,0.0
NWN,2023,5,98605,0.0
PSE,2020,11,98321,0.0
PSE,2024,4,98122,0.0
PSE,2023,11,98224,0.0
PSE,2020,3,98532,0.0
PSE,2024,5,98121,0.0
Avista,2021,9,99171,0.0
CNG,2025,11,98295,0.0
PSE,2025,10,98513,0.0
Avista,2024,4,99341,0.0
Avista,2025,5,99179,0.0
PSE,2022,10,98501,0.0
Avista,2025,7,99326,0.0
CNG,2022,8,98524,0.0
Avista,2024,1,99224,0.0
PSE,2022,11,98019,0.0
CNG,2020,7,98221,0.0
PSE,2023,9,98028,0.0
PSE,2021,1,98596,0.0
Avista,2025,9,99107,0.0
PAC,2021,3,98953,0.0
PAC,2023,1,99350,0.0
Avista,2025,7,99335,0.0
NWN,2025,8,97301,0.0
PSE,2021,11,98498,0.0
PSE,2024,4,98198,0.0
CNG,2023,12,98901,0.0
CNG,2024,11,99338,0.0
PSE,2022,4,98178,0.0
NWN,2021,8,98671,0.0
PSE,2020,11,98408,0.0
PSE,2022,8,98230,0.0
PSE,2025,12,98383,0.0
Avista,2025,8,99134,0.0
Avista,2023,1,99102,0.0
CNG,2022,3,98277,0.0
CNG,2022,8,98901,0.0
PAC,2023,10,99323,0.0
NWN,2024,3,98762,0.0
CNG,2022,8,98295,0.0
Avista,2025,8,99013,0.0
PSE,2025,10,98038,0.0
PSE,2025,5,98934,0.0
CNG,2020,2,98848,0.0
Avista,2020,12,99020,0.0
NWN,2022,7,98665,0.0
CNG,2024,6,98901,0.0
Avista,2025,10,99216,0.0
Avista,2024,2,98857,0.0
Avista,2020,10,99031,0.0
NWN,2022,7,98629,0.0
CNG,2022,6,98632,0.0
NWN,2021,8,98666,0.0
Avista,2023,3,99026,0.0
PSE,2021,9,98003,0.0
Avista,2021,9,99023,0.0
Avista,2024,2,99027,0.0
PAC,2021,2,99324,0.0
CNG,2024,9,98226,0.0
PSE,2024,5,98406,0.0
CNG,2021,5,98930,0.0
NWN,2024,8,97388,0.0
CNG,2025,6,98274,0.0
PSE,2021,1,98273,0.0
Avista,2022,11,99161,0.0
CNG,2020,2,98310,0.0
PAC,2024,2,99324,0.0
PAC,2020,1,99348,40.0
Avista,2021,7,99169,0.0
CNG,2024,1,98248,0.0
Avista,2024,4,99020,0.0
Avista,2021,4,99164,0.0
PSE,2025,7,98589,0.0
CNG,2025,7,98271,0.0
PAC,2024,11,98938,0.0
CNG,2024,11,98247,0.0
Avista,2024,2,99220,0.0
Avista,2021,5,99117,0.0
PSE,2024,11,98101,0.0
PSE,2021,12,98255,0.0
Avista,2021,2,99110,0.0
Avista,2024,1,99008,0.0
Avista,2022,6,99027,0.0
PSE,2025,12,98409,0.0
Avista,2023,4,99161,0.0
PSE,2021,3,98230,0.0
CNG,2023,2,99353,0.0
Avista,2024,1,99104,0.0
Avista,2020,10,99181,0.0
Avista,2020,9,99202,0.0
PSE,2024,3,98047,0.0
PSE,2025,3,98941,0.0
Avista,2021,4,99402,0.0
Avista,2022,5,99107,0.0
Avista,2023,7,99326,0.0
PSE,2021,10,98503,0.0
NWN,2022,11,97663,0.0
PSE,2024,7,98103,0.0
PSE,2025,4,98030,0.0
PSE,2022,7,98065,0.0
NWN,2023,10,98648,0.0
Avista,2023,4,99126,0.0
PSE,2025,3,98270,0.0
Avista,2022,5,99181,0.0
PSE,2020,8,98055,0.0
CNG,2021,5,98563,0.0
PSE,2023,1,98116,0.0
CNG,2020,5,98632,0.0
PSE,2020,9,98409,0.0
Avista,2025,6,99212,0.0
Avista,2022,9,99130,0.0
NWN,2021,1,98864,0.0
PSE,2022,10,98031,0.0
CNG,2020,4,98520,0.0
Avista,2023,1,99157,0.0
PSE,2024,2,98051,0.0
CNG,2020,4,98271,0.0
PSE,2022,8,98168,0.0
CNG,2025,8,98230,0.0
PSE,2021,11,98188,0.0
CNG,2022,8,99338,0.0
NWN,2021,9,98119,0.0
PSE,2023,12,98121,0.0
PSE,2024,2,98027,0.0
PSE,2023,9,98387,0.0
NWN,2023,7,98639,0.0
CNG,2021,6,99353,0.0
PSE,2022,1,98103,0.0
PSE,2024,9,98367,0.0
Avista,2025,12,99173,0.0
PAC,2024,5,98947,0.0
PAC,2021,1,98953,0.0
CNG,2023,8,98563,0.0
Avista,2021,7,99125,0.0
NWN,2021,3,98626,0.0
Avista,2024,6,99159,0.0
NWN,2024,4,98675,0.0
PSE,2025,9,98359,0.0
NWN,2023,12,98662,0.0
PSE,2022,4,98010,0.0
PSE,2022,1,98372,0.0
PAC,2023,4,98953,0.0
PSE,2023,7,98232,0.0
PSE,2023,2,98274,0.0
PSE,2025,7,98371,0.0
PAC,2023,8,98948,0.0
NWN,2024,2,98685,0.0
CNG,2021,4,98232,0.0
PAC,2023,12,99348,0.0
PSE,2023,9,98074,0.0
NWN,2022,4,98671,0.0
Avista,2025,10,99130,0.0
PSE,2025,8,98499,0.0
PSE,2024,12,98109,0.0
Avista,2023,8,99219,0.0
PSE,2024,2,98922,0.0
CNG,2023,2,98528,0.0
NWN,2023,6,98664,0.0
PSE,2025,7,98237,0.0
NWN,2022,1,98674,0.0
Avista,2022,7,99344,0.0
CNG,2022,12,98802,0.0
PAC,2022,6,98944,0.0
CNG,2023,9,98276,0.0
PSE,2020,3,98359,0.0
PAC,2024,6,98948,0.0
Avista,2025,11,99021,0.0
PSE,2021,6,98055,0.0
Avista,2023,4,99260,0.0
PSE,2023,7,98321,0.0
Avista,2021,1,99128,0.0
PSE,2025,2,98051,0.0
Avista,2023,5,98620,0.0
Avista,2022,1,99218,0.0
PSE,2024,4,98439,0.0
NWN,2024,7,98119,0.0
NWN,2021,8,98642,0.0
PSE,2021,10,98012,0.0
CNG,2020,5,98248,0.0
PSE,2020,5,98373,0.0
PSE,2024,11,98040,0.0
CNG,2024,11,98225,0.0
CNG,2023,5,98370,0.0
CNG,2024,11,98584,0.0
PSE,2023,4,98030,0.0
PSE,2021,12,98118,0.0
NWN,2025,9,98683,0.0
PSE,2024,8,98926,0.0
Avista,2020,7,99151,0.0
Avista,2025,10,99039,0.0
PSE,2023,10,98408,0.0
PSE,2020,10,98409,0.0
PAC,2021,10,98923,0.0
Avista,2024,2,99101,0.0
CNG,2023,5,98220,0.0
Avista,2024,11,99019,0.0
Avista,2022,12,99403,0.0
PSE,2024,12,98402,0.0
NWN,2021,7,98605,0.0
PSE,2025,5,98103,0.0
PSE,2023,10,98092,0.0
NWN,2025,5,98686,0.0
Avista,2022,7,99179,0.0
Avista,2024,8,99014,0.0
PSE,2020,9,98011,0.0
CNG,2022,8,98550,0.0
Avista,2022,8,99029,0.0
PSE,2021,2,98370,0.0
PAC,2020,8,98920,0.0
PSE,2020,6,98104,0.0
PSE,2020,7,98321,0.0
NWN,2020,8,98607,0.0
Avista,2025,12,99117,0.0
CNG,2022,2,99338,0.0
CNG,2020,2,98367,0.0
CNG,2024,11,98271,0.0
Avista,2024,1,99146,0.0
PSE,2021,3,98087,0.0
Avista,2025,10,99101,0.0
NWN,2023,7,98675,0.0
Avista,2024,10,99031,0.0
NWN,2020,5,98762,0.0
NWN,2021,9,98660,0.0
CNG,2024,9,98230,0.0
NWN,2022,2,98612,0.0
NWN,2020,6,98665,0.0
Avista,2020,3,99022,0.0
CNG,2024,9,99350,0.0
PSE,2024,3,98388,0.0
NWN,2022,10,98686,0.0
PSE,2023,7,98230,0.0
PSE,2025,8,98321,0.0
Avista,2025,9,99228,0.0
Avista,2022,9,99107,0.0
PSE,2023,3,98290,0.0
NWN,2025,4,98604,0.0
PSE,2020,11,98244,0.0
PSE,2022,9,98226,0.0
PAC,2024,7,99362,0.0
PSE,2024,10,98422,0.0
Avista,2024,2,99110,0.0
Avista,2022,7,99138,0.0
PSE,2025,6,98596,0.0
PSE,2023,3,98332,0.0
Avista,2023,2,99113,0.0
Avista,2021,3,99126,0.0
Avista,2020,5,99212,0.0
PSE,2020,8,98102,0.0
PAC,2023,11,98902,0.0
CNG,2022,3,98528,0.0
PSE,2020,6,98499,0.0
Avista,2022,4,99004,0.0
Avista,2022,7,98620,0.0
CNG,2025,5,98524,0.0
Avista,2025,6,99006,0.0
CNG,2025,11,98233,0.0
Avista,2022,9,99335,0.0
PSE,2022,5,98226,0.0
CNG,2025,2,98625,0.0
Avista,2022,8,99170,0.0
Avista,2021,3,99148,0.0
PAC,2023,5,99348,0.0
Avista,2020,5,99009,0.0
PSE,2025,4,98922,0.0
PSE,2024,7,98391,0.0
NWN,2021,11,98682,0.0
CNG,2023,2,98345,0.0
Avista,2021,6,99403,0.0
PSE,2021,9,98332,0.0
Avista,2021,11,99160,0.0
Avista,2021,5,99204,0.0
PSE,2021,7,98047,0.0
CNG,2024,9,98233,0.0
PSE,2020,8,98058,0.0
Avista,2025,9,99103,0.0
PSE,2022,3,98506,0.0
PSE,2021,5,98004,0.0
PSE,2023,1,98019,0.0
CNG,2022,3,98314,0.0
PAC,2021,6,99348,0.0
PSE,2023,7,98008,0.0
NWN,2025,3,98127,0.0
Avista,2021,8,99022,0.0
PSE,2023,11,98531,0.0
PAC,2022,1,99329,0.0
Avista,2022,8,99104,0.0
PSE,2022,7,98155,0.0
NWN,2025,8,98648,0.0
PSE,2022,12,98109,0.0
PSE,2024,1,98532,0.0
Avista,2022,3,99137,0.0
PSE,2023,8,98198,0.0
PSE,2022,2,98237,0.0
PAC,2020,12,98908,0.0
PSE,2022,3,98258,0.0
Avista,2025,10,99125,0.0
PSE,2020,8,98117,0.0
Avista,2020,3,99158,0.0
PSE,2024,1,98284,0.0
Avista,2025,2,99158,0.0
Avista,2024,3,99228,0.0
PAC,2024,7,98923,0.0
PSE,2020,11,98290,0.0
PSE,2022,11,98065,0.0
PSE,2024,4,98105,0.0
PAC,2023,7,98902,0.0
PSE,2024,9,98037,0.0
Avista,2023,2,99103,0.0
CNG,2020,7,98240,0.0
PAC,2024,12,98903,0.0
PAC,2021,12,98937,0.0
PSE,2020,7,98122,0.0
CNG,2024,3,98948,0.0
NWN,2025,8,98762,0.0
PSE,2021,11,98010,0.0
PSE,2021,2,98055,0.0
NWN,2021,6,98663,0.0
Avista,2021,3,99131,0.0
NWN,2021,10,98605,0.0
CNG,2024,5,99352,0.0
PSE,2024,11,98342,0.0
PSE,2021,1,98312,0.0
Avista,2023,12,99122,0.0
CNG,2022,2,98310,0.0
PSE,2023,9,98036,0.0
Avista,2025,12,99143,0.0
PAC,2020,12,98930,0.0
PSE,2025,5,98057,0.0
PSE,2024,11,98102,0.0
CNG,2022,1,98282,0.0
PSE,2024,8,98576,0.0
Avista,2022,4,99040,0.0
CNG,2021,2,98936,0.0
CNG,2025,12,98611,0.0
NWN,2020,12,98762,0.0
NWN,2022,5,98661,0.0
PSE,2024,9,98290,0.0
CNG,2022,1,98557,0.0
PSE,2022,9,98199,0.0
Avista,2022,4,99111,0.0
Avista,2021,10,99137,0.0
Avista,2022,3,99219,0.0
Avista,2022,11,99223,0.0
PSE,2022,4,98274,0.0
PSE,2025,11,98466,0.0
Avista,2025,9,99176,0.0
NWN,2021,4,98610,0.0
PSE,2025,7,98922,0.0
NWN,2024,4,98307,0.0
PAC,2021,6,98902,0.0
NWN,2025,10,98685,0.0
PSE,2020,12,98516,0.0
Avista,2021,4,99170,0.0
PSE,2022,3,98029,0.0
PSE,2022,5,98255,0.0
PAC,2025,7,98953,7.84
NWN,2021,4,98661,0.0
NWN,2021,11,98617,0.0
Avista,2022,8,99143,0.0
PSE,2022,7,98116,0.0
PSE,2025,3,98404,0.0
PSE,2020,6,98277,0.0
PAC,2020,9,98901,0.0
PSE,2021,10,98133,0.0
NWN,2024,11,98604,0.0
PSE,2023,12,98446,0.0
PSE,2023,1,98011,0.0
Avista,2022,3,99163,0.0
Avista,2024,8,99173,0.0
CNG,2021,1,98226,0.0
PSE,2024,5,98057,0.0
Avista,2021,11,99138,0.0
CNG,2024,3,98383,0.0
CNG,2023,8,98282,0.0
Avista,2024,5,98620,0.0
PAC,2020,9,99329,0.0
Avista,2024,2,99025,0.0
PSE,2025,10,98237,0.0
PSE,2023,12,98043,0.0
CNG,2024,8,98930,0.0
PSE,2023,4,98405,0.0
PAC,2024,11,98935,0.0
Avista,2024,7,99014,0.0
CNG,2020,10,98848,0.0
NWN,2025,8,98642,0.0
PSE,2023,10,98036,0.0
Avista,2020,9,99167,0.0
PSE,2021,11,98257,0.0
PSE,2024,6,98201,0.0
NWN,2024,1,98665,0.0
Avista,2024,5,99009,0.0
Avista,2022,5,99030,0.0
PSE,2025,5,98446,0.0
CNG,2025,2,98626,0.0
PAC,2023,3,99361,0.0
Avista,2023,7,99208,0.0
PSE,2023,11,98012,0.0
PSE,2020,6,98375,0.0
PAC,2020,10,98903,0.0
PSE,2021,12,98022,0.0
NWN,2021,12,98762,0.0
CNG,2024,3,98520,0.0
PSE,2021,11,98274,0.0
Avista,2025,2,99026,0.0
PSE,2020,12,98047,0.0
CNG,2020,6,98903,0.0
Avista,2024,7,99160,0.0
CNG,2020,11,98563,0.0
PSE,2025,2,98042,0.0
Avista,2022,3,99020,0.0
PSE,2024,8,98439,0.0
PSE,2023,3,98338,0.0
PSE,2020,12,98116,0.0
PSE,2020,7,98003,0.0
NWN,2025,6,98604,0.0
PAC,2021,1,98948,0.0
PSE,2021,11,98034,0.0
CNG,2023,4,99350,0.0
PSE,2024,8,98498,0.0
PSE,2024,8,98275,0.0
Avista,2025,3,99111,0.0
PSE,2024,11,98004,0.0
NWN,2024,3,98601,0.0
CNG,2023,10,98233,0.0
CNG,2024,11,98951,0.0
Avista,2022,2,99018,0.0
CNG,2023,2,98837,0.0
PSE,2021,8,98446,0.0
Avista,2022,7,99224,0.0
Avista,2024,6,99104,0.0
CNG,2021,2,99337,0.0
Avista,2022,5,99218,0.0
Avista,2024,10,99158,0.0
Avista,2020,8,99039,0.0
NWN,2020,9,98675,0.0
Avista,2023,12,99134,0.0
CNG,2024,5,98284,0.0
PSE,2024,9,98166,0.0
NWN,2022,2,98663,0.0
PAC,2020,6,98933,0.0
Avista,2023,4,99114,0.0
PSE,2022,11,98030,0.0
PSE,2021,1,98922,0.0
Avista,2022,6,99102,0.0
PAC,2021,3,99350,0.0
NWN,2024,5,98605,0.0
PSE,2020,6,98103,0.0
PSE,2022,5,98005,0.0
CNG,2022,7,98366,0.0
Avista,2021,6,99107,0.0
Avista,2021,5,99161,0.0
CNG,2020,11,98801,0.0
PSE,2022,12,98178,0.0
PSE,2021,8,98311,0.0
CNG,2021,9,98225,0.0
Avista,2024,5,99029,0.0
PSE,2025,2,98926,0.0
PSE,2024,10,98367,0.0
PSE,2021,5,98105,0.0
CNG,2020,9,98247,0.0
CNG,2024,2,98366,0.0
PSE,2021,12,98058,0.0
Avista,2025,2,99101,0.0
PSE,2024,9,98133,0.0
Avista,2020,6,99260,0.0
Avista,2022,4,99219,0.0
CNG,2021,5,98225,0.0
PSE,2022,9,98418,0.0
CNG,2024,7,98936,0.0
NWN,2025,8,98119,0.0
PSE,2022,9,98201,0.0
Avista,2021,11,99203,0.0
CNG,2021,5,98226,0.0
CNG,2021,6,98240,0.0
Avista,2024,7,99144,0.0
Avista,2021,12,99016,0.0
PSE,2023,8,98117,0.0
PSE,2023,12,98579,0.0
PAC,2024,10,98903,0.0
PSE,2020,5,98327,0.0
CNG,2021,8,98674,0.0
Avista,2024,9,99109,0.0
PSE,2025,5,98266,0.0
PSE,2022,5,98372,0.0
NWN,2021,7,98639,0.0
CNG,2020,9,98240,0.0
PAC,2020,8,99363,0.0
NWN,2021,3,98683,0.0
NWN,2020,6,98307,0.0
Avista,2023,7,98648,0.0
Avista,2020,7,99207,0.0
PSE,2023,7,98501,0.0
CNG,2021,12,98220,0.0
Avista,2020,7,99020,0.0
PAC,2024,6,98944,0.0
CNG,2023,12,98277,0.0
PSE,2025,2,98374,0.0
Avista,2023,12,99114,0.0
Avista,2024,4,99102,0.0
CNG,2023,6,98247,0.0
Avista,2023,6,99171,0.0
CNG,2025,1,99338,0.0
PSE,2021,6,98512,0.0
CNG,2023,8,98953,0.0
PSE,2025,3,98360,0.0
PSE,2021,2,98031,0.0
Avista,2023,6,99228,0.0
PSE,2025,1,98312,0.0
PSE,2020,12,98409,0.0
PSE,2023,9,98003,0.0
PSE,2023,5,98188,0.0
Avista,2020,5,99224,0.0
Avista,2022,1,99181,0.0
CNG,2025,12,98942,0.0
Avista,2025,3,99004,0.0
PSE,2020,8,98446,0.0
PSE,2023,10,98272,0.0
Avista,2024,2,99109,0.0
CNG,2023,3,99324,0.0
PSE,2025,4,98271,0.0
CNG,2021,9,98520,0.0
Avista,2023,6,99260,0.0
PSE,2023,9,98002,0.0
CNG,2020,2,98953,0.0
Avista,2025,6,99335,0.0
CNG,2024,3,99354,0.0
CNG,2025,10,98611,0.0
NWN,2020,4,98660,0.0
PSE,2022,1,98087,0.0
NWN,2023,7,98672,0.0
Avista,2023,3,99173,0.0
Avista,2025,5,99033,0.0
Avista,2023,1,99181,0.0
CNG,2023,3,99336,0.0
PSE,2022,8,98284,0.0
PAC,2025,10,98908,5.63
Avista,2025,1,99217,0.0
PSE,2024,3,98001,0.0
Avista,2025,5,99011,0.0
Avista,2025,10,99031,0.0
PSE,2020,10,98310,0.0
PSE,2024,12,98502,0.0
CNG,2023,12,98310,0.0
NWN,2025,2,98665,0.0
PAC,2022,11,98901,0.0
Avista,2023,2,99001,0.0
NWN,2023,5,98642,0.0
PSE,2024,9,98277,0.0
PSE,2025,6,98371,0.0
Avista,2022,11,99114,0.0
Avista,2023,12,99011,0.0
PSE,2025,11,98188,0.0
NWN,2020,4,98602,0.0
PSE,2025,6,98444,0.0
PSE,2025,10,98233,0.0
Avista,2023,11,99158,0.0
CNG,2022,5,98257,0.0
Avista,2023,12,99125,0.0
PSE,2023,5,98387,0.0
PSE,2021,1,98255,0.0
PSE,2023,4,98439,0.0
CNG,2024,6,98247,0.0
PAC,2021,1,98932,0.0
CNG,2022,5,98524,0.0
PSE,2020,6,98589,0.0
Avista,2025,6,99228,0.0
CNG,2022,9,98240,0.0
Avista,2022,3,99228,0.0
PSE,2024,5,98118,0.0
CNG,2025,1,98802,0.0
Avista,2024,11,99137,0.0
Avista,2024,1,99029,0.0
PAC,2025,5,98903,0.04
PSE,2020,12,98498,0.0
NWN,2025,12,98642,0.0
CNG,2023,2,98223,0.0
PAC,2021,7,99348,0.0
PSE,2021,8,98501,0.0
PSE,2022,1,98424,0.0
Avista,2025,2,99114,0.0
Avista,2025,2,99223,0.0
Avista,2021,11,99174,0.0
CNG,2022,1,98310,0.0
Avista,2025,4,99029,0.0
CNG,2025,2,98273,0.0
PAC,2021,9,98938,0.0
CNG,2020,12,98903,0.0
PSE,2025,2,98224,0.0
NWN,2020,3,98642,0.0
Avista,2022,6,99151,0.0
Avista,2021,8,99344,0.0
PSE,2022,1,98198,0.0
PSE,2022,2,98408,0.0
PAC,2021,6,98939,0.0
PSE,2022,2,98503,0.0
CNG,2023,6,98248,0.0
PSE,2022,10,98057,0.0
CNG,2022,4,98226,0.0
PSE,2022,7,98418,0.0
PAC,2020,4,99350,0.0
NWN,2024,9,98668,0.0
Avista,2020,7,99110,0.0
PAC,2021,11,99347,0.0
PSE,2023,1,98109,0.0
PSE,2025,8,98101,0.0
PSE,2020,5,98010,0.0
NWN,2024,2,98684,0.0
CNG,2023,11,99338,0.0
PSE,2024,8,98366,0.0
PSE,2025,2,98072,0.0
PSE,2025,6,98012,0.0
CNG,2020,5,98295,0.0
CNG,2022,8,98312,0.0
PSE,2021,9,98445,0.0
CNG,2021,2,98944,0.0
PAC,2023,12,98938,0.0
Avista,2021,9,99033,0.0
CNG,2022,7,98248,0.0
PSE,2022,3,98224,0.0
Avista,2023,9,99170,0.0
Avista,2024,9,99217,0.0
PSE,2025,5,98260,0.0
NWN,2020,11,98208,0.0
Avista,2021,7,99203,0.0
CNG,2020,10,99323,0.0
Avista,2023,11,99018,0.0
PSE,2020,8,98233,0.0
CNG,2021,1,98557,0.0
PSE,2023,6,98262,0.0
PSE,2024,11,98248,0.0
PAC,2022,6,99348,0.0
PSE,2022,11,98312,0.0
CNG,2022,7,98524,0.0
Avista,2021,3,99037,0.0
PAC,2023,2,99348,0.0
PSE,2023,5,98116,0.0
Avista,2022,10,99143,0.0
CNG,2024,7,98528,0.0
CNG,2021,11,98541,0.0
CNG,2022,4,98233,0.0
CNG,2020,11,99301,0.0
PSE,2024,10,98597,0.0
Avista,2024,12,99173,0.0
CNG,2023,11,98837,0.0
Avista,2024,8,99170,0.0
CNG,2023,8,99323,0.0
NWN,2021,3,98610,0.0
CNG,2022,5,99354,0.0
PSE,2023,3,98074,0.0
Avista,2025,2,99039,0.0
Avista,2025,12,99138,0.0
PAC,2022,6,99350,0.0
Avista,2023,4,99206,0.0
NWN,2021,1,98665,0.0
PSE,2022,5,98028,0.0
CNG,2023,6,98295,0.0
Avista,2021,9,99037,0.0
PSE,2021,7,98109,0.0
PAC,2022,6,98936,0.0
PAC,2023,9,98933,0.0
PSE,2024,11,98284,0.0
Avista,2021,12,99102,0.0
Avista,2023,3,99101,0.0
PAC,2024,11,98921,0.0
Avista,2020,11,99134,0.0
PSE,2025,1,98237,0.0
NWN,2024,10,98628,0.0
Avista,2024,6,99371,0.0
PSE,2025,6,98380,0.0
PAC,2021,2,98908,0.0
Avista,2025,12,99026,0.0
PSE,2021,5,98168,0.0
CNG,2021,10,98584,0.0
PSE,2024,1,98467,0.0
Avista,2021,4,99016,0.0
PSE,2025,7,98034,0.0
Avista,2025,1,99114,0.0
PAC,2020,7,98935,0.0
Avista,2024,5,99025,0.0
NWN,2022,5,98674,0.0
PAC,2023,2,99362,0.0
PSE,2025,9,98119,0.0
Avista,2023,10,99129,0.0
NWN,2024,11,98762,0.0
Avista,2022,11,99204,0.0
NWN,2024,6,98672,0.0
CNG,2023,2,99336,0.0
Avista,2020,7,99016,0.0
Avista,2025,10,99212,0.0
Avista,2023,12,99131,0.0
CNG,2025,4,98225,0.0
CNG,2020,12,98221,0.0
PSE,2022,1,98117,0.0
CNG,2021,3,98240,0.0
NWN,2020,9,98639,0.0
PSE,2025,8,98221,0.0
Avista,2025,3,99219,0.0
Avista,2022,5,99026,0.0
PAC,2020,11,98933,0.0
Avista,2023,4,99031,0.0
Avista,2024,12,99169,0.0
PSE,2025,3,98047,0.0
NWN,2025,2,98648,0.0
Avista,2024,10,99371,0.0
CNG,2021,7,98944,0.0
Avista,2025,3,99161,0.0
Avista,2023,8,99326,0.0
PSE,2025,11,98271,0.0
CNG,2021,3,98282,0.0
Avista,2022,7,99013,0.0
PAC,2023,11,99348,0.0
Avista,2020,5,99104,0.0
PSE,2022,8,98260,0.0
Avista,2023,3,99006,0.0
PAC,2024,10,98939,0.0
PSE,2023,8,98144,0.0
Avista,2025,9,99011,0.0
PAC,2023,3,98944,0.0
CNG,2022,11,98282,0.0
Avista,2021,1,99003,0.0
PSE,2023,6,98148,0.0
Avista,2021,1,99040,0.0
CNG,2025,4,98282,0.0
CNG,2022,12,98314,0.0
Avista,2021,10,99029,0.0
PSE,2024,3,98466,0.0
Avista,2023,2,99013,0.0
PSE,2020,6,98011,0.0
CNG,2020,6,98345,0.0
PSE,2021,10,98277,0.0
CNG,2021,7,98337,0.0
CNG,2024,4,98563,0.0
Avista,2025,11,99128,0.0
NWN,2021,8,98684,0.0
PSE,2025,9,98036,0.0
PSE,2021,3,98255,0.0
NWN,2021,11,98629,0.0
NWN,2021,5,98668,0.0
PSE,2024,10,98122,0.0
PSE,2024,10,98232,0.0
PSE,2024,12,98383,0.0
Avista,2022,4,99134,0.0
PSE,2025,5,98270,0.0
CNG,2023,5,98520,0.0
PSE,2023,11,98274,0.0
Avista,2022,12,99174,0.0
NWN,2024,10,98662,0.0
Avista,2022,9,99128,0.0
Avista,2022,2,99022,0.0
NWN,2022,3,98682,0.0
PAC,2022,12,99361,0.0
PSE,2023,6,98053,0.0
Avista,2022,7,99219,0.0
PSE,2025,2,98005,0.0
Avista,2020,7,98857,0.0
PAC,2025,12,98935,9.97
PSE,2024,3,98422,0.0
PSE,2025,5,98359,0.0
Avista,2022,9,99159,0.0
CNG,2024,8,98944,0.0
NWN,2025,9,98119,0.0
CNG,2020,4,98366,0.0
Avista,2023,11,99131,0.0
PSE,2025,2,98359,0.0
Avista,2023,2,99006,0.0
CNG,2024,2,98370,0.0
Avista,2023,3,99040,0.0
PSE,2021,10,98038,0.0
PAC,2021,10,99324,0.0
PSE,2022,1,98408,0.0
PSE,2023,10,98074,0.0
NWN,2020,10,98682,0.0
NWN,2025,4,98668,0.0
PSE,2021,6,98506,0.0
Avista,2025,9,99102,0.0
PSE,2021,12,98059,0.0
NWN,2024,4,98629,0.0
PSE,2024,7,98121,0.0
PSE,2022,11,98233,0.0
PSE,2021,4,98178,0.0
Avista,2021,1,99107,0.0
PSE,2025,8,98244,0.0
Avista,2021,10,99131,0.0
Avista,2025,4,99006,0.0
Avista,2021,3,99101,0.0
NWN,2020,11,98668,0.0
PAC,2020,12,98951,0.0
Avista,2021,11,99012,0.0
PSE,2022,8,98402,0.0
PAC,2020,4,98937,0.0
CNG,2020,11,98383,0.0
Avista,2020,4,99223,0.0
PSE,2020,4,98531,0.0
CNG,2024,8,98248,0.0
PSE,2022,3,98579,0.0
PSE,2021,4,98390,0.0
CNG,2024,7,98312,0.0
PAC,2024,6,98933,0.0
Avista,2022,10,99149,0.0
CNG,2025,4,99324,0.0
PSE,2023,6,98168,0.0
CNG,2025,8,98232,0.0
PSE,2023,7,98011,0.0
PSE,2023,1,98119,0.0
Avista,2021,2,99030,0.0
Avista,2023,2,99141,0.0
Avista,2024,10,99018,0.0
Avista,2021,12,99141,0.0
Avista,2021,12,99335,0.0
Avista,2021,9,99102,0.0
PSE,2023,2,98408,0.0
PSE,2021,11,98444,0.0
Avista,2023,1,99219,0.0
PSE,2020,11,98404,0.0
Avista,2022,3,99023,0.0
CNG,2020,8,98244,0.0
PSE,2024,11,98199,0.0
CNG,2023,9,98942,0.0
PSE,2021,1,98409,0.0
CNG,2022,11,99324,0.0
Avista,2020,3,99021,0.0
NWN,2022,2,98208,0.0
Avista,2025,11,99111,0.0
PSE,2023,10,98444,0.0
NWN,2021,10,98607,0.0
PSE,2021,3,98119,0.0
Avista,2024,12,98857,0.0
NWN,2021,12,98127,0.0
PSE,2021,11,98070,0.0
NWN,2021,1,98671,0.0
PAC,2021,11,98921,0.0
Avista,2021,11,99003,0.0
PAC,2023,8,99347,0.0
PSE,2024,3,98503,0.0
PSE,2021,11,98005,0.0
PSE,2024,9,98230,0.0
CNG,2025,9,98370,0.0
NWN,2024,11,98660,0.0
CNG,2022,2,98233,0.0
Avista,2023,6,99125,0.0
NWN,2021,7,98607,0.0
CNG,2020,7,99336,0.0
CNG,2024,6,98801,0.0
Avista,2024,2,99157,0.0
NWN,2025,3,98026,0.0
PSE,2020,12,98257,0.0
CNG,2021,10,98311,0.0
CNG,2020,1,98276,0.0
PSE,2020,11,98122,0.0
Avista,2021,4,99207,0.0
PSE,2022,12,98065,0.0
PSE,2023,11,98406,0.0
CNG,2023,3,98310,0.0
CNG,2021,11,98284,0.0
Avista,2022,12,99203,0.0
Avista,2024,3,99143,0.0
PSE,2024,9,98273,0.0
CNG,2025,5,98550,0.0
PSE,2025,1,98230,0.0
NWN,2021,11,98635,0.0
PSE,2020,11,98027,0.0
PAC,2025,5,98902,1.32
PSE,2021,1,98422,0.0
PSE,2020,6,98273,0.0
CNG,2022,7,98367,0.0
PAC,2022,2,98930,0.0
CNG,2025,6,98528,0.0
Avista,2022,6,99009,0.0
Avista,2021,5,99003,0.0
Avista,2025,6,99203,0.0
CNG,2022,5,98276,0.0
PAC,2021,2,98933,0.0
PSE,2024,9,98074,0.0
PSE,2020,6,98274,0.0
NWN,2023,7,98648,0.0
Avista,2021,10,99109,0.0
PSE,2021,10,98273,0.0
Avista,2024,11,99202,0.0
NWN,2022,11,98661,0.0
CNG,2023,9,98282,0.0
PSE,2024,1,98503,0.0
PSE,2020,12,98312,0.0
PSE,2025,12,98926,0.0
Avista,2022,3,98648,0.0
PSE,2021,4,98405,0.0
CNG,2023,4,98563,0.0
CNG,2024,11,98230,0.0
CNG,2025,2,99324,0.0
PSE,2022,12,98498,0.0
Avista,2024,10,99122,0.0
NWN,2021,6,98635,0.0
Avista,2023,12,99371,0.0
Avista,2020,9,98648,0.0
CNG,2022,7,98951,0.0
Avista,2021,6,99151,0.0
PSE,2023,1,98126,0.0
PSE,2022,9,98133,0.0
PSE,2023,4,98065,0.0
Avista,2024,2,99031,0.0
NWN,2020,11,98612,0.0
Avista,2021,9,99040,0.0
Avista,2020,8,99181,0.0
PSE,2022,7,98233,0.0
Avista,2025,12,99033,0.0
Avista,2021,1,99134,0.0
Avista,2021,3,99402,0.0
Avista,2021,7,99185,0.0
Avista,2022,3,99019,0.0
Avista,2021,4,99036,0.0
PSE,2025,9,98387,0.0
CNG,2025,12,98223,0.0
PSE,2020,8,98346,0.0
PSE,2021,5,98053,0.0
CNG,2024,12,98225,0.0
NWN,2021,5,98662,0.0
CNG,2025,2,98903,0.0
Avista,2020,12,99101,0.0
PSE,2022,3,98257,0.0
PSE,2025,7,98270,0.0
CNG,2020,1,98520,0.0
PAC,2025,10,99323,0.36
PAC,2023,4,99348,0.0
CNG,2023,9,98229,0.0
PSE,2021,4,98092,0.0
CNG,2021,5,98292,0.0
PSE,2025,11,98934,0.0
PSE,2024,11,98177,0.0
PSE,2025,2,98387,0.0
PSE,2020,5,98277,0.0
PSE,2022,7,98372,0.0
NWN,2022,2,98664,0.0
Avista,2025,3,99158,0.0
Avista,2022,3,99201,0.0
PSE,2025,3,98366,0.0
PSE,2022,2,98126,0.0
Avista,2025,11,99201,0.0
PSE,2023,9,98262,0.0
Avista,2025,10,99335,0.0
Avista,2024,7,98857,0.0
CNG,2021,5,98632,0.0
Avista,2023,12,99169,0.0
Avista,2021,12,99104,0.0
CNG,2020,8,98220,0.0
Avista,2024,9,99326,0.0
PSE,2020,3,98230,0.0
CNG,2022,7,98292,0.0
NWN,2020,11,98675,0.0
PAC,2023,5,98901,0.0
CNG,2020,3,98310,651.85
PSE,2022,6,98499,0.0
Avista,2023,8,99014,0.0
Avista,2022,9,99039,0.0
NWN,2023,12,98660,0.0
CNG,2023,10,98625,0.0
PSE,2024,12,98008,0.0
Avista,2022,12,99034,0.0
Avista,2024,12,99110,0.0
PSE,2021,10,98011,0.0
Avista,2022,1,99016,0.0
Avista,2023,9,99169,0.0
PSE,2020,6,98445,0.0
NWN,2021,10,98672,0.0
PSE,2022,10,98359,0.0
PSE,2023,11,98327,0.0
PSE,2023,4,98092,0.0
PSE,2024,5,98032,0.0
NWN,2023,4,98605,0.0
PSE,2020,11,98070,0.0
CNG,2022,7,98541,0.0
Avista,2022,12,99144,0.0
Avista,2024,5,99205,0.0
PSE,2025,9,98424,0.0
PSE,2021,9,98166,0.0
PSE,2020,4,98059,0.0
Avista,2023,11,99022,0.0
CNG,2023,8,98244,0.0
CNG,2020,7,98942,0.0
PAC,2020,5,98903,0.0
Avista,2025,11,99170,0.0
PSE,2022,5,98513,0.0
PSE,2020,10,98532,0.0
PSE,2021,3,98597,0.0
PSE,2024,12,98004,0.0
NWN,2021,9,98620,0.0
Avista,2024,7,99137,0.0
Avista,2025,8,99027,0.0
Avista,2022,3,99122,0.0
NWN,2025,4,98629,0.0
CNG,2022,10,98528,0.0
PSE,2024,7,98258,0.0
PSE,2020,3,98392,0.0
PAC,2022,8,98944,0.0
CNG,2021,12,98801,0.0
Avista,2025,9,99008,0.0
PSE,2025,9,98102,0.0
PSE,2023,5,98531,0.0
CNG,2025,1,99301,0.0
PSE,2023,12,98053,0.0
Avista,2024,3,99217,0.0
PSE,2020,8,98108,0.0
PSE,2020,6,98106,0.0
PSE,2023,8,98030,0.0
PSE,2021,8,98148,0.0
PSE,2021,10,98406,0.0
PAC,2024,4,98953,0.0
NWN,2021,10,98675,0.0
Avista,2025,8,99205,0.0
Avista,2025,12,99158,0.0
Avista,2025,12,99216,0.0
NWN,2022,4,98642,0.0
Avista,2025,2,99144,0.0
PAC,2020,1,98948,1075.0
CNG,2023,4,98277,0.0
PSE,2023,12,98391,0.0
Avista,2020,7,99014,0.0
Avista,2020,11,99009,0.0
CNG,2022,6,98944,0.0
CNG,2025,3,98953,0.0
PSE,2023,10,98166,0.0
CNG,2021,8,98221,0.0
Avista,2025,6,99004,0.0
PSE,2023,5,98258,0.0
PSE,2025,1,98531,0.0
CNG,2022,5,98337,0.0
PAC,2020,5,99329,0.0
PSE,2023,2,98233,0.0
PSE,2024,5,98005,0.0
PSE,2024,9,98203,0.0
PSE,2020,11,98224,0.0
NWN,2023,5,98686,0.0
PSE,2023,4,98576,0.0
Avista,2022,6,99170,0.0
CNG,2025,11,98802,0.0
PSE,2021,12,98373,0.0
PSE,2022,8,98248,0.0
PSE,2024,12,98012,0.0
Avista,2021,5,99125,0.0
PSE,2024,10,98208,0.0
PSE,2025,2,98506,0.0
Avista,2023,6,99111,0.0
CNG,2024,12,98848,0.0
PSE,2025,11,98032,0.0
Avista,2021,5,99137,0.0
Avista,2020,10,99217,0.0
PSE,2025,12,98311,0.0
NWN,2022,7,98664,0.0
PSE,2021,10,98532,0.0
Avista,2020,11,99125,0.0
NWN,2025,4,98666,0.0
NWN,2024,2,98642,0.0
CNG,2022,6,98248,0.0
PSE,2023,4,98133,0.0
PSE,2023,10,98257,0.0
PSE,2020,12,98043,0.0
CNG,2021,2,98951,0.0
Avista,2024,10,99326,0.0
Avista,2025,2,99202,0.0
PSE,2022,3,98445,0.0
PSE,2021,4,98208,0.0
Avista,2022,5,99146,0.0
NWN,2025,7,98672,0.0
PSE,2022,8,98121,0.0
PAC,2023,10,98951,0.0
PSE,2020,9,98502,0.0
CNG,2021,12,99350,0.0
Avista,2023,5,99117,0.0
PSE,2021,1,98597,0.0
CNG,2024,3,98337,0.0
PSE,2023,4,98188,0.0
Avista,2024,7,99128,0.0
Avista,2021,3,99040,0.0
PSE,2023,10,98327,0.0
PSE,2023,11,98371,0.0
PSE,2024,10,98047,0.0
PSE,2021,8,98926,0.0
Avista,2023,4,99159,0.0
NWN,2022,5,98208,0.0
Avista,2021,5,99005,0.0
Avista,2022,1,99034,0.0
PSE,2020,3,98499,0.0
PAC,2025,11,98948,35.85
PSE,2023,6,98516,0.0
PSE,2025,1,98133,0.0
PSE,2020,7,98310,0.0
PAC,2024,12,98944,0.0
CNG,2023,4,98930,0.0
PSE,2022,10,98922,0.0
PAC,2020,7,98939,0.0
Avista,2021,11,99030,0.0
PAC,2024,12,98933,0.0
PSE,2023,8,98232,0.0
CNG,2025,12,98248,0.0
CNG,2023,8,98284,0.0
CNG,2021,1,99344,0.0
PSE,2023,9,98208,0.0
Avista,2024,10,99126,0.0
PAC,2020,1,98921,85.0
PSE,2020,10,98283,0.0
PSE,2022,2,98380,0.0
PSE,2025,7,98053,0.0
Avista,2022,10,99169,0.0
PSE,2022,4,98266,0.0
CNG,2022,5,99353,0.0
PSE,2020,3,98119,0.0
PSE,2023,5,98337,0.0
PSE,2021,6,98116,0.0
PSE,2025,5,98392,0.0
PSE,2024,11,98422,0.0
PSE,2025,5,98248,0.0
NWN,2021,7,98663,0.0
PSE,2022,8,98072,0.0
PSE,2023,10,98445,0.0
Avista,2021,1,99171,0.0
PSE,2025,11,98513,0.0
PAC,2024,10,99347,0.0
CNG,2022,3,98284,0.0
Avista,2022,11,99216,0.0
PSE,2023,2,98445,0.0
PSE,2024,3,98260,0.0
Avista,2024,5,99008,0.0
PSE,2023,8,98037,0.0
PSE,2022,10,98338,0.0
PSE,2021,11,98121,0.0
Avista,2020,7,99144,0.0
PSE,2020,11,98266,0.0
CNG,2025,4,98953,0.0
PAC,2020,5,99361,0.0
CNG,2024,1,98903,0.0
PAC,2020,10,98953,0.0
PSE,2023,6,98391,0.0
PSE,2023,1,98155,0.0
PSE,2025,7,98239,0.0
PAC,2022,8,99350,0.0
PSE,2025,9,98003,0.0
PAC,2020,11,98921,0.0
PSE,2020,4,98065,0.0
CNG,2021,3,98271,0.0
Avista,2024,4,99160,0.0
Avista,2024,7,99109,0.0
NWN,2025,8,98672,0.0
PSE,2024,5,98101,0.0
NWN,2021,10,98606,0.0
Avista,2020,10,99134,0.0
PSE,2025,8,98104,0.0
CNG,2022,2,98312,0.0
PSE,2021,6,98224,0.0
CNG,2020,11,99324,0.0
PSE,2021,3,98327,0.0
PSE,2021,8,98057,0.0
PSE,2023,2,98053,0.0
PSE,2024,12,98221,0.0
PAC,2021,11,98935,0.0
CNG,2023,4,98366,0.0
CNG,2025,9,99323,0.0
PAC,2022,6,99323,0.0
Avista,2022,5,99403,0.0
CNG,2025,3,98848,0.0
Avista,2020,5,99126,0.0
Avista,2023,6,99040,0.0
CNG,2023,6,98541,0.0
CNG,2020,4,98292,0.0
CNG,2025,1,98225,0.0
PSE,2024,7,98271,0.0
PSE,2022,6,98311,0.0
PSE,2025,6,98198,0.0
Avista,2022,3,99030,0.0
Avista,2020,5,99181,0.0
NWN,2025,6,98610,0.0
PAC,2023,7,99361,0.0
CNG,2022,11,98625,0.0
Avista,2024,6,99219,0.0
Avista,2024,2,99129,0.0
PSE,2025,2,98104,0.0
Avista,2021,11,99023,0.0
PSE,2022,7,98502,0.0
PSE,2020,7,98255,0.0
PSE,2023,8,98059,0.0
Avista,2022,11,99107,0.0
PSE,2024,4,98203,0.0
Avista,2021,2,99146,0.0
PSE,2020,8,98045,0.0
Avista,2022,2,99344,0.0
CNG,2023,9,98936,0.0
PSE,2024,6,98271,0.0
PSE,2023,10,98258,0.0
PSE,2021,10,98498,0.0
PSE,2022,12,98439,0.0
PSE,2024,2,98405,0.0
CNG,2023,4,98626,0.0
CNG,2022,10,98264,0.0
CNG,2020,5,98226,0.0
PSE,2020,8,98072,0.0
PSE,2021,2,98178,0.0
PSE,2025,2,98070,0.0
CNG,2021,3,99352,0.0
PSE,2024,10,98117,0.0
PSE,2024,6,98934,0.0
Avista,2020,8,99102,0.0
PSE,2024,10,98005,0.0
PSE,2022,11,98503,0.0
PAC,2022,5,99363,0.0
Avista,2021,7,99005,0.0
CNG,2025,12,98626,0.0
PAC,2021,5,98933,0.0
Avista,2023,11,99025,0.0
PAC,2023,11,99350,0.0
CNG,2023,1,98902,0.0
PSE,2023,6,98374,0.0
PSE,2021,12,98057,0.0
Avista,2023,1,99158,0.0
Avista,2024,7,99205,0.0
CNG,2020,10,98944,0.0
NWN,2021,6,98604,0.0
PSE,2025,12,98266,0.0
PSE,2024,8,98072,0.0
Avista,2021,3,99143,0.0
CNG,2022,10,98232,0.0
CNG,2023,4,98383,0.0
Avista,2023,2,99109,0.0
CNG,2023,5,98901,0.0
PSE,2024,9,98019,0.0
CNG,2020,9,98257,0.0
CNG,2020,12,98367,0.0
CNG,2024,8,98233,0.0
Avista,2023,3,99205,0.0
PAC,2020,10,98930,0.0
Avista,2025,4,99148,0.0
CNG,2020,6,98932,0.0
Avista,2020,10,98648,0.0
CNG,2022,1,99354,0.0
PSE,2024,11,98002,0.0
PSE,2023,1,98248,0.0
NWN,2024,10,98606,0.0
PSE,2023,1,98360,0.0
CNG,2022,8,98528,0.0
CNG,2020,8,98292,0.0
PSE,2024,5,98103,0.0
CNG,2025,12,98903,0.0
PSE,2022,8,98239,0.0
Avista,2021,9,99224,0.0
Avista,2020,8,99037,0.0
PSE,2025,1,98059,0.0
PSE,2023,5,98109,0.0
NWN,2022,2,98661,0.0
Avista,2023,11,99003,0.0
PAC,2022,11,99361,0.0
CNG,2021,3,98951,0.0
CNG,2024,11,98902,0.0
Avista,2025,9,99167,0.0
PSE,2025,9,98155,0.0
Avista,2025,2,99371,0.0
PSE,2020,11,98002,0.0
PSE,2020,11,98199,0.0
CNG,2023,11,98276,0.0
PAC,2024,12,99362,0.0
NWN,2023,7,98635,0.0
PSE,2022,7,98367,0.0
PSE,2021,12,98321,0.0
PAC,2025,3,98938,2.23
Avista,2021,4,99130,0.0
CNG,2025,12,98240,0.0
PSE,2023,6,98043,0.0
PSE,2025,10,98006,0.0
PSE,2021,8,98208,0.0
NWN,2021,8,98639,0.0
NWN,2025,3,98612,0.0
CNG,2024,3,98930,0.0
PSE,2025,11,98199,0.0
PSE,2020,12,98208,0.0
CNG,2022,2,99324,0.0
PAC,2023,1,98932,0.0
PAC,2020,11,98936,0.0
PSE,2025,3,98028,0.0
Avista,2023,6,99021,0.0
NWN,2025,1,98307,0.0
CNG,2023,7,98520,0.0
PSE,2021,1,98146,0.0
Avista,2021,10,99004,0.0
CNG,2023,12,99324,0.0
Avista,2020,8,99009,0.0
PSE,2023,4,98248,0.0
PSE,2021,10,98926,0.0
PSE,2025,1,98021,0.0
Avista,2022,6,99019,0.0
PSE,2020,6,98178,0.0
PSE,2021,8,98498,0.0
PSE,2025,3,98392,0.0
PSE,2021,5,98941,0.0
CNG,2021,5,98383,0.0
PSE,2025,11,98371,0.0
PSE,2020,5,98074,0.0
PAC,2021,8,99348,0.0
PSE,2021,6,98053,0.0
Avista,2022,3,99170,0.0
PSE,2020,7,98040,0.0
PAC,2022,5,99324,0.0
CNG,2024,12,99337,0.0
CNG,2022,8,98908,0.0
CNG,2021,9,98282,0.0
PSE,2023,5,98199,0.0
NWN,2025,2,98682,0.0
PAC,2022,4,98921,0.0
NWN,2022,3,98635,0.0
CNG,2020,12,98366,0.0
Avista,2020,4,99031,0.0
CNG,2020,8,98383,0.0
CNG,2025,10,98674,0.0
Avista,2020,12,99219,0.0
Avista,2024,5,99003,0.0
CNG,2021,7,99336,0.0
Avista,2020,4,99129,0.0
PSE,2025,10,98360,0.0
Avista,2023,9,99006,0.0
NWN,2025,1,97031,0.0
PSE,2025,2,98024,0.0
PSE,2025,7,98502,0.0
CNG,2023,5,98625,0.0
PAC,2024,3,98948,0.0
NWN,2023,3,98307,0.0
PSE,2024,11,98272,0.0
Avista,2023,3,99131,0.0
CNG,2025,1,99350,0.0
PSE,2023,4,98105,0.0
Avista,2021,3,99144,0.0
NWN,2024,3,98606,0.0
CNG,2020,9,98282,0.0
PSE,2022,5,98380,0.0
PSE,2021,5,98392,0.0
Avista,2025,10,99201,0.0
Avista,2021,2,99009,0.0
PSE,2020,4,98371,0.0
Avista,2020,11,99014,0.0
PSE,2022,5,98941,0.0
CNG,2021,6,98370,0.0
Avista,2025,2,99219,0.0
Avista,2021,2,99122,0.0
Avista,2022,1,99039,0.0
CNG,2021,5,98257,0.0
CNG,2025,8,98524,0.0
PSE,2025,4,98502,0.0
Avista,2022,6,99026,0.0
CNG,2024,10,98625,0.0
PSE,2022,9,98366,0.0
PSE,2025,6,98275,0.0
PSE,2022,3,98380,0.0
CNG,2020,3,98277,474.77
Avista,2025,6,99138,0.0
CNG,2024,9,98284,0.0
Avista,2023,11,99026,0.0
PSE,2023,3,98117,0.0
PAC,2022,1,98902,0.0
Avista,2025,5,99326,0.0
CNG,2025,3,99324,0.0
PSE,2025,7,98596,0.0
Avista,2020,12,99033,0.0
Avista,2022,6,99020,0.0
Avista,2021,2,99260,0.0
NWN,2023,6,98612,0.0
PSE,2021,8,98406,0.0
PSE,2024,5,98133,0.0
PSE,2020,11,98168,0.0
PSE,2023,5,98102,0.0
CNG,2025,6,98276,0.0
CNG,2023,4,99362,0.0
PSE,2025,10,98045,0.0
Avista,2022,1,99111,0.0
PSE,2023,3,98408,0.0
Avista,2024,9,99160,0.0
NWN,2023,7,98762,0.0
Avista,2020,5,99013,0.0
PSE,2025,10,98055,0.0
PSE,2024,2,98177,0.0
CNG,2022,11,98232,0.0
PSE,2023,9,98405,0.0
PSE,2024,8,98922,0.0
CNG,2024,6,99362,0.0
CNG,2021,7,98953,0.0
Avista,2025,2,99207,0.0
PSE,2022,11,98360,0.0
PSE,2020,11,98383,0.0
PSE,2024,3,98233,0.0
PSE,2020,4,98024,0.0
CNG,2021,8,98271,0.0
Avista,2023,1,99005,0.0
Avista,2024,11,99164,0.0
PSE,2024,10,98026,0.0
Avista,2025,7,99113,0.0
PSE,2024,10,98387,0.0
NWN,2022,4,98629,0.0
PSE,2023,11,98074,0.0
NWN,2020,3,98601,0.0
CNG,2025,10,98312,0.0
PAC,2023,12,98933,0.0
NWN,2021,11,98663,0.0
Avista,2024,9,99004,0.0
PSE,2025,10,98102,0.0
PSE,2021,9,98037,0.0
Avista,2021,3,99003,0.0
PSE,2022,5,98596,0.0
NWN,2022,5,98762,0.0
CNG,2022,12,98273,0.0
PAC,2023,12,99328,0.0
NWN,2024,10,98666,0.0
PAC,2024,6,99350,0.0
PSE,2023,10,98290,0.0
PSE,2021,8,98198,0.0
PSE,2022,1,98052,0.0
PSE,2022,11,98108,0.0
PSE,2023,4,98037,0.0
PSE,2024,4,98108,0.0
CNG,2021,6,98674,0.0
Avista,2025,1,99013,0.0
Avista,2020,12,99031,0.0
CNG,2024,7,98802,0.0
PSE,2022,5,98512,0.0
PSE,2020,3,98596,0.0
PSE,2021,3,98233,0.0
NWN,2020,5,98671,0.0
PSE,2022,6,98248,0.0
PSE,2021,8,98392,0.0
PAC,2020,8,98938,0.0
CNG,2023,6,99362,0.0
PSE,2022,8,98424,0.0
Avista,2022,6,99025,0.0
PSE,2023,12,98168,0.0
PSE,2020,11,98597,0.0
CNG,2020,4,99324,0.0
Avista,2021,1,99207,0.0
CNG,2024,6,98550,0.0
Avista,2023,1,99125,0.0
PSE,2025,6,98589,0.0
CNG,2024,3,99362,0.0
PSE,2024,4,98380,0.0
PSE,2024,8,98257,0.0
PSE,2024,5,98275,0.0
Avista,2020,8,99207,0.0
CNG,2024,6,99337,0.0
NWN,2023,10,98684,0.0
Avista,2024,10,99157,0.0
CNG,2020,3,98528,20.61
PSE,2024,1,98270,0.0
Avista,2022,9,99134,0.0
Avista,2025,11,99029,0.0
PSE,2022,3,98003,0.0
PSE,2025,6,98005,0.0
PSE,2021,5,98108,0.0
Avista,2024,5,99103,0.0
CNG,2021,6,98942,0.0
Avista,2020,3,99326,0.0
PSE,2021,11,98418,0.0
PSE,2020,12,98275,0.0
NWN,2023,6,98661,0.0
NWN,2024,11,98610,0.0
Avista,2020,11,99117,0.0
PAC,2021,11,98951,0.0
PSE,2024,10,98273,0.0
PSE,2021,8,98266,0.0
PSE,2020,11,98359,0.0
Avista,2021,6,99008,0.0
Avista,2021,3,99114,0.0
Avista,2025,7,99176,0.0
PSE,2020,9,98327,0.0
PSE,2020,7,98257,0.0
CNG,2025,7,98550,0.0
PSE,2021,1,98105,0.0
CNG,2021,2,98903,0.0
Avista,2024,4,99344,0.0
Avista,2021,11,99143,0.0
PSE,2022,2,98008,0.0
CNG,2023,7,98273,0.0
Avista,2020,7,99326,0.0
Avista,2025,5,99207,0.0
PSE,2021,9,98208,0.0
PSE,2024,12,98027,0.0
PSE,2023,9,98367,0.0
Avista,2021,6,99158,0.0
PSE,2024,6,98146,0.0
Avista,2020,7,99011,0.0
PSE,2020,12,98166,0.0
Avista,2024,10,99164,0.0
PSE,2025,6,98056,0.0
PSE,2022,2,98506,0.0
CNG,2020,4,99362,0.0
PSE,2025,5,98409,0.0
PSE,2020,5,98072,0.0
NWN,2023,8,98605,0.0
PSE,2024,9,98031,0.0
PAC,2023,3,99347,0.0
PSE,2020,6,98408,0.0
Avista,2025,11,99138,0.0
PSE,2025,5,98144,0.0
PSE,2021,5,98312,0.0
PAC,2023,6,99347,0.0
PSE,2020,5,98312,0.0
CNG,2024,5,98370,0.0
CNG,2022,4,98837,0.0
PSE,2023,6,98248,0.0
PSE,2022,12,98232,0.0
PSE,2020,3,98038,0.0
PSE,2023,4,98467,0.0
PSE,2020,5,98370,0.0
CNG,2020,6,98557,0.0
Avista,2024,8,99402,0.0
PSE,2023,7,98335,0.0
CNG,2024,5,98292,0.0
NWN,2025,8,98684,0.0
PAC,2023,1,98948,0.0
PAC,2021,8,98930,0.0
Avista,2024,8,99151,0.0
Avista,2024,12,99219,0.0
Avista,2024,7,99040,0.0
CNG,2022,8,98557,0.0
PSE,2020,6,98188,0.0
PAC,2023,2,98908,0.0
PSE,2025,4,98006,0.0
NWN,2020,5,98601,0.0
CNG,2021,6,98366,0.0
PSE,2021,12,98121,0.0
PSE,2020,11,98406,0.0
Avista,2024,4,99260,0.0
Avista,2025,6,99149,0.0
Avista,2023,7,99218,0.0
NWN,2024,2,98307,0.0
Avista,2020,5,99029,0.0
PSE,2024,12,98146,0.0
PAC,2021,12,98902,0.0
PSE,2021,1,98121,0.0
PSE,2025,12,98204,0.0
CNG,2024,6,98225,0.0
PAC,2020,5,98920,0.0
PSE,2025,7,98042,0.0
NWN,2020,7,98684,0.0
PSE,2025,8,98026,0.0
CNG,2020,3,98221,654.44
Avista,2022,3,99157,0.0
CNG,2021,1,98802,0.0
PSE,2025,11,98372,0.0
PSE,2023,3,98327,0.0
PSE,2023,1,98244,0.0
PSE,2021,9,98596,0.0
Avista,2024,12,99130,0.0
PSE,2024,10,98405,0.0
Avista,2022,5,99009,0.0
CNG,2024,8,98312,0.0
CNG,2022,8,98337,0.0
PSE,2025,1,98055,0.0
Avista,2024,3,99032,0.0
PSE,2020,7,98273,0.0
Avista,2025,5,99174,0.0
CNG,2025,2,99344,0.0
Avista,2025,5,99167,0.0
PSE,2020,3,98418,0.0
PSE,2021,10,98922,0.0
Avista,2024,1,99204,0.0
Avista,2022,2,99025,0.0
PSE,2023,2,98188,0.0
PSE,2023,2,98312,0.0
CNG,2021,10,98837,0.0
Avista,2022,12,99130,0.0
NWN,2023,8,98685,0.0
PSE,2024,7,98188,0.0
CNG,2024,2,98932,0.0
NWN,2021,1,98639,0.0
Avista,2021,4,99223,0.0
Avista,2021,6,99034,0.0
CNG,2022,5,98274,0.0
CNG,2025,7,98848,0.0
PSE,2020,12,98502,0.0
PSE,2022,9,98003,0.0
Avista,2023,7,99143,0.0
CNG,2023,2,98930,0.0
NWN,2020,6,98629,0.0
PSE,2021,9,98040,0.0
PSE,2023,10,98047,0.0
PAC,2020,12,98932,0.0
CNG,2022,11,98367,0.0
Avista,2023,2,99023,0.0
NWN,2021,9,98685,0.0
CNG,2024,1,98932,0.0
CNG,2022,3,98848,0.0
PSE,2024,3,98122,0.0
PSE,2025,9,98371,0.0
Avista,2022,6,99138,0.0
PAC,2022,3,98903,0.0
PSE,2021,7,98055,0.0
Avista,2021,8,99006,0.0
PSE,2024,1,98372,0.0
NWN,2025,9,98685,0.0
PSE,2024,7,98155,0.0
Avista,2022,6,99341,0.0
PSE,2023,8,98260,0.0
Avista,2025,12,99185,0.0
CNG,2023,5,99324,0.0
NWN,2021,12,97031,0.0
Avista,2023,1,99013,0.0
CNG,2020,9,99353,0.0
Avista,2023,2,99164,0.0
Avista,2020,9,99012,0.0
PSE,2022,1,98272,0.0
PSE,2024,11,98168,0.0
Avista,2023,2,99131,0.0
PSE,2023,3,98257,0.0
NWN,2024,10,98671,0.0
PSE,2021,10,98934,0.0
CNG,2023,10,98257,0.0
Avista,2020,12,99218,0.0
PAC,2021,6,99363,0.0
CNG,2021,1,99336,0.0
Avista,2021,2,99173,0.0
PSE,2020,10,98148,0.0
PSE,2025,3,98237,0.0
PSE,2024,2,98424,0.0
PAC,2020,10,99329,0.0
CNG,2020,5,98367,0.0
PSE,2023,7,98392,0.0
PSE,2025,8,98248,0.0
PSE,2023,9,98439,0.0
NWN,2024,10,98668,0.0
PSE,2023,3,98059,0.0
NWN,2025,3,98674,0.0
CNG,2020,12,98244,0.0
Avista,2024,4,99170,0.0
PSE,2020,3,98391,0.0
Avista,2025,2,98857,0.0
PSE,2022,3,98342,0.0
NWN,2025,3,98626,0.0
PSE,2022,4,98232,0.0
Avista,2024,10,99216,0.0
Avista,2022,7,99207,0.0
Avista,2023,10,99216,0.0
PAC,2022,10,98937,0.0
NWN,2023,11,98601,0.0
PSE,2024,3,98248,0.0
PSE,2025,4,98118,0.0
CNG,2025,2,99323,0.0
PAC,2021,6,99324,0.0
PSE,2025,7,98208,0.0
PSE,2020,9,98272,0.0
PSE,2020,6,98270,0.0
PSE,2024,10,98290,0.0
PSE,2025,3,98024,0.0
PSE,2020,8,98105,0.0
PSE,2022,2,98226,0.0
NWN,2025,1,97388,0.0
Avista,2022,3,99022,0.0
PSE,2021,4,98501,0.0
Avista,2025,3,99122,0.0
Avista,2025,7,99212,0.0
CNG,2021,7,98383,0.0
PSE,2023,3,98337,0.0
PSE,2024,5,98258,0.0
PSE,2024,10,98106,0.0
PSE,2020,3,98002,0.0
PSE,2023,12,98922,0.0
PSE,2025,12,98028,0.0
Avista,2020,9,99037,0.0
PSE,2023,5,98516,0.0
NWN,2021,5,98610,0.0
PSE,2024,4,98290,0.0
PSE,2021,4,98502,0.0
Avista,2021,3,99160,0.0
Avista,2022,7,99164,0.0
PSE,2023,8,98051,0.0
PAC,2020,9,98935,0.0
CNG,2025,10,98274,0.0
PSE,2024,5,98052,0.0
PSE,2020,3,98290,0.0
CNG,2022,10,98563,0.0
Avista,2025,12,99344,0.0
PSE,2021,1,98445,0.0
Avista,2024,4,98620,0.0
Avista,2020,4,99157,0.0
PSE,2023,8,98221,0.0
Avista,2021,7,99144,0.0
CNG,2020,10,98223,0.0
CNG,2020,11,99323,0.0
NWN,2025,1,98620,0.0
PSE,2025,6,98047,0.0
CNG,2025,12,98311,0.0
PSE,2022,9,98387,0.0
Avista,2022,6,99117,0.0
PSE,2021,3,98101,0.0
PSE,2025,9,98121,0.0
NWN,2023,8,97031,0.0
PSE,2023,10,98034,0.0
PSE,2025,5,98272,0.0
PSE,2024,4,98003,0.0
PSE,2024,10,98390,0.0
CNG,2020,11,99354,0.0
CNG,2022,8,98247,0.0
Avista,2021,11,99014,0.0
Avista,2021,8,99102,0.0
NWN,2023,8,98674,0.0
PSE,2023,11,98597,0.0
PSE,2024,12,98372,0.0
NWN,2024,10,98612,0.0
CNG,2023,11,98312,0.0
Avista,2022,9,99151,0.0
PSE,2022,7,98335,0.0
PSE,2025,8,98121,0.0
PSE,2024,5,98106,0.0
NWN,2021,12,97301,0.0
PSE,2022,7,98038,0.0
Avista,2021,12,99403,0.0
PAC,2023,6,98902,0.0
Avista,2021,10,98648,0.0
PSE,2021,6,98030,0.0
Avista,2021,11,99176,0.0
NWN,2021,4,98620,0.0
PSE,2020,12,98004,0.0
Avista,2024,8,99219,0.0
Avista,2021,10,99223,0.0
PAC,2023,12,98921,0.0
PSE,2025,8,98934,0.0
Avista,2025,2,99029,0.0
NWN,2025,12,98660,0.0
CNG,2023,8,98901,0.0
PSE,2024,8,98248,0.0
CNG,2021,1,98312,0.0
Avista,2023,7,99003,0.0
PSE,2024,2,98532,0.0
PSE,2020,6,98275,0.0
CNG,2025,8,99338,0.0
CNG,2025,4,98367,0.0
PAC,2024,10,99360,0.0
NWN,2025,5,98125,0.0
CNG,2024,4,98225,0.0
CNG,2020,11,98848,0.0
NWN,2024,11,98684,0.0
CNG,2025,6,98632,0.0
Avista,2024,3,99141,0.0
PSE,2020,6,98092,0.0
CNG,2021,12,98233,0.0
NWN,2022,11,98610,0.0
Avista,2022,10,99341,0.0
NWN,2024,7,98682,0.0
NWN,2022,5,98686,0.0
PSE,2023,3,98404,0.0
PSE,2025,12,98532,0.0
PSE,2023,4,98387,0.0
PSE,2025,9,98310,0.0
Avista,2020,5,99157,0.0
PSE,2025,6,98040,0.0
Avista,2025,10,99185,0.0
NWN,2024,6,98639,0.0
PSE,2021,8,98188,0.0
Avista,2021,10,99202,0.0
Avista,2020,8,99013,0.0
PSE,2024,5,98126,0.0
PSE,2023,1,98040,0.0
CNG,2021,10,98936,0.0
CNG,2021,8,98936,0.0
PSE,2020,12,98503,0.0
Avista,2020,3,99131,0.0
NWN,2024,8,98635,0.0
PSE,2023,6,98372,0.0
CNG,2024,10,98276,0.0
Avista,2021,3,99016,0.0
PAC,2025,10,98942,28.91
Avista,2022,12,99146,0.0
PSE,2024,6,98188,0.0
PSE,2021,1,98359,0.0
PAC,2020,8,98923,0.0
PSE,2023,1,98274,0.0
Avista,2025,2,99013,0.0
CNG,2025,5,98232,0.0
PSE,2024,9,98262,0.0
CNG,2025,5,98848,0.0
PSE,2021,9,98144,0.0
PSE,2023,10,98103,0.0
CNG,2024,7,99338,0.0
NWN,2022,10,98620,0.0
Avista,2020,12,99167,0.0
CNG,2023,10,98951,0.0
Avista,2022,5,99113,0.0
CNG,2020,8,98257,0.0
Avista,2024,8,99034,0.0
PSE,2023,8,98224,0.0
Avista,2020,11,99021,0.0
PSE,2025,11,98208,0.0
Avista,2021,12,99223,0.0
PSE,2022,4,98532,0.0
PSE,2025,5,98922,0.0
Avista,2020,10,99030,0.0
CNG,2020,9,99352,0.0
CNG,2022,12,98220,0.0
PAC,2024,1,98952,0.0
Avista,2023,12,99159,0.0
PSE,2022,11,98237,0.0
Avista,2021,3,99203,0.0
Avista,2024,3,99160,0.0
PSE,2023,12,98004,0.0
NWN,2023,1,98604,0.0
PAC,2020,10,98942,0.0
Avista,2025,10,99021,0.0
CNG,2022,4,98264,0.0
PSE,2021,9,98198,0.0
CNG,2021,4,98584,0.0
CNG,2022,3,98370,0.0
Avista,2021,11,99005,0.0
PSE,2021,1,98106,0.0
PSE,2023,6,98359,0.0
PSE,2024,1,98104,0.0
PSE,2020,5,98283,0.0
Avista,2022,9,99169,0.0
NWN,2022,7,98642,0.0
PSE,2025,4,98028,0.0
Avista,2022,12,99012,0.0
CNG,2022,7,98229,0.0
NWN,2024,3,98607,0.0
Avista,2022,9,99137,0.0
PAC,2023,6,99361,0.0
Avista,2021,6,99141,0.0
PSE,2025,6,98053,0.0
CNG,2025,6,98282,0.0
Avista,2020,11,99036,0.0
Avista,2021,8,99104,0.0
PSE,2023,9,98248,0.0
PSE,2025,2,98003,0.0
NWN,2022,8,98675,0.0
Avista,2022,11,99167,0.0
PSE,2023,10,98262,0.0
PSE,2020,8,98177,0.0
PSE,2023,12,98188,0.0
CNG,2024,10,99301,0.0
PSE,2023,6,98103,0.0
PSE,2021,9,98402,0.0
PSE,2020,11,98335,0.0
CNG,2021,10,99323,0.0
Avista,2022,4,99039,0.0
PSE,2023,12,98144,0.0
PSE,2024,4,98178,0.0
PSE,2023,1,98342,0.0
PAC,2025,12,98908,2.13
PSE,2021,4,98122,0.0
NWN,2022,2,98604,0.0
PSE,2020,9,98010,0.0
PSE,2020,11,98006,0.0
PSE,2022,8,98516,0.0
NWN,2021,8,98662,0.0
Avista,2021,1,99104,0.0
NWN,2024,6,98675,0.0
NWN,2023,7,98307,0.0
PSE,2021,12,98030,0.0
Avista,2022,1,99003,0.0
PSE,2020,11,98248,0.0
PSE,2020,6,98225,0.0
PSE,2024,11,98446,0.0
PSE,2022,3,98392,0.0
PAC,2021,9,98903,0.0
Avista,2022,5,99008,0.0
CNG,2022,9,98271,0.0
PSE,2025,10,98922,0.0
PSE,2025,11,98248,0.0
PAC,2024,2,98937,0.0
Avista,2023,8,99130,0.0
Avista,2020,3,99012,0.0
PSE,2024,10,98502,0.0
Avista,2023,11,99107,0.0
CNG,2023,4,99344,0.0
PSE,2025,11,98273,0.0
PSE,2024,1,98006,0.0
Avista,2020,5,99109,0.0
PSE,2023,10,98168,0.0
PSE,2020,8,98922,0.0
PAC,2024,8,99329,0.0
CNG,2022,11,98230,0.0
CNG,2025,2,98902,0.0
Avista,2025,3,99371,0.0
Avista,2024,4,99037,0.0
PSE,2022,1,98367,0.0
PAC,2024,9,98951,0.0
PSE,2024,8,98444,0.0
PSE,2025,9,98237,0.0
PSE,2023,10,98028,0.0
PAC,2023,12,99363,0.0
NWN,2021,2,98026,0.0
CNG,2022,1,98802,0.0
CNG,2022,12,98295,0.0
PSE,2025,8,98274,0.0
Avista,2020,12,99160,0.0
NWN,2025,12,98026,0.0
Avista,2020,5,99021,0.0
PSE,2024,8,98040,0.0
CNG,2022,3,98801,0.0
PSE,2022,7,98467,0.0
PSE,2021,2,98027,0.0
PSE,2020,3,98388,0.0
CNG,2023,2,98901,0.0
PSE,2023,2,98406,0.0
PAC,2020,8,99350,0.0
CNG,2024,3,98366,0.0
PSE,2025,5,98230,0.0
PSE,2025,5,98346,0.0
Avista,2023,9,99005,0.0
NWN,2025,5,97301,0.0
NWN,2025,10,98617,0.0
CNG,2021,9,98632,0.0
CNG,2023,1,98366,0.0
PSE,2020,4,98467,0.0
PSE,2022,1,98233,0.0
CNG,2023,10,98948,0.0
Avista,2023,12,99206,0.0
Avista,2023,8,99032,0.0
PSE,2025,8,98512,0.0
PSE,2023,1,98371,0.0
PSE,2025,4,98275,0.0
Avista,2020,6,99206,0.0
PSE,2021,6,98374,0.0
Avista,2022,7,99151,0.0
Avista,2023,9,99008,0.0
CNG,2025,10,98801,0.0
NWN,2022,11,98684,0.0
PSE,2020,10,98010,0.0
PSE,2022,2,98233,0.0
NWN,2023,5,97031,0.0
PSE,2024,2,98310,0.0
CNG,2022,10,98257,0.0
CNG,2024,1,98345,0.0
Avista,2024,8,98857,0.0
NWN,2024,2,98127,0.0
PSE,2022,5,98408,0.0
PSE,2024,2,98230,0.0
PSE,2020,5,98513,0.0
PSE,2022,8,98057,0.0
Avista,2025,4,99016,0.0
CNG,2024,6,98277,0.0
PSE,2021,7,98112,0.0
PSE,2020,8,98008,0.0
Avista,2023,2,99011,0.0
Avista,2025,4,99122,0.0
PSE,2020,6,98312,0.0
PSE,2023,7,98146,0.0
Avista,2022,3,99016,0.0
Avista,2023,9,99335,0.0
PSE,2022,5,98359,0.0
PAC,2024,10,99361,0.0
CNG,2021,10,98292,0.0
Avista,2023,3,99126,0.0
PSE,2023,3,98045,0.0
PSE,2025,8,98045,0.0
CNG,2021,10,99324,0.0
Avista,2022,11,99013,0.0
NWN,2023,11,98612,0.0
PAC,2020,4,98902,0.0
Avista,2023,12,99001,0.0
PSE,2025,12,98367,0.0
PSE,2024,12,98274,0.0
PSE,2020,12,98065,0.0
PSE,2022,2,98359,0.0
PAC,2022,12,98901,0.0
Avista,2021,4,99126,0.0
PSE,2021,7,98177,0.0
CNG,2021,12,98284,0.0
PSE,2020,9,98021,0.0
PSE,2021,2,98388,0.0
Avista,2023,7,99033,0.0
PSE,2021,7,98406,0.0
Avista,2025,1,99113,0.0
CNG,2024,10,98314,0.0
CNG,2021,10,98264,0.0
Avista,2024,6,99151,0.0
CNG,2023,2,98257,0.0
PSE,2020,6,98058,0.0
Avista,2025,6,99018,0.0
Avista,2022,9,99025,0.0
CNG,2024,2,98951,0.0
Avista,2022,2,99128,0.0
Avista,2023,3,99216,0.0
PSE,2020,10,98346,0.0
CNG,2023,11,98383,0.0
PSE,2024,3,98380,0.0
PSE,2025,12,98059,0.0
PSE,2021,7,98466,0.0
PSE,2020,3,98383,0.0
Avista,2020,9,99025,0.0
NWN,2024,10,98665,0.0
PSE,2021,1,98166,0.0
CNG,2025,8,98908,0.0
PSE,2024,6,98047,0.0
NWN,2024,4,98026,0.0
CNG,2020,8,98948,0.0
PSE,2020,7,98589,0.0
PSE,2025,8,98503,0.0
PSE,2024,8,98087,0.0
NWN,2024,9,98762,0.0
Avista,2020,5,99026,0.0
PSE,2021,8,98275,0.0
PSE,2021,5,98112,0.0
CNG,2023,10,98310,0.0
CNG,2022,4,98932,0.0
Avista,2023,9,99011,0.0
CNG,2025,1,98226,0.0
Avista,2023,5,99013,0.0
CNG,2025,4,98942,0.0
Avista,2025,6,99163,0.0
PSE,2025,8,98226,0.0
NWN,2025,9,98606,0.0
PSE,2025,10,98445,0.0
Avista,2020,10,98857,0.0
PSE,2020,11,98198,0.0
PSE,2021,3,98198,0.0
NWN,2021,1,98620,0.0
PSE,2022,6,98109,0.0
CNG,2024,6,98226,0.0
PSE,2024,5,98502,0.0
Avista,2020,3,99403,0.0
PSE,2024,4,98047,0.0
PSE,2025,2,98239,0.0
PSE,2024,5,98366,0.0
NWN,2022,8,98628,0.0
CNG,2022,1,98247,0.0
PAC,2020,9,98932,0.0
CNG,2024,2,98232,0.0
PSE,2023,4,98374,0.0
Avista,2023,10,99159,0.0
Avista,2021,9,99020,0.0
Avista,2025,6,99137,0.0
PSE,2023,2,98225,0.0
Avista,2025,7,99220,0.0
PSE,2021,7,98404,0.0
PAC,2022,1,98947,0.0
Avista,2023,10,99012,0.0
PSE,2025,10,98422,0.0
PSE,2022,8,98312,0.0
Avista,2024,9,99111,0.0
CNG,2020,10,98274,0.0
PSE,2024,4,98273,0.0
PSE,2020,4,98030,0.0
PSE,2025,11,98230,0.0
PSE,2022,11,98225,0.0
PSE,2020,11,98010,0.0
PSE,2020,11,98338,0.0
PAC,2024,11,99362,0.0
CNG,2023,2,98944,0.0
PSE,2021,4,98146,0.0
PSE,2021,2,98026,0.0
Avista,2021,4,99217,0.0
NWN,2020,3,98662,0.0
Avista,2022,2,99101,0.0
PSE,2021,8,98444,0.0
PAC,2024,1,98936,0.0
NWN,2022,7,98686,0.0
Avista,2022,6,99174,0.0
Avista,2025,3,99205,0.0
PSE,2024,8,98277,0.0
PSE,2024,1,98204,0.0
NWN,2022,3,98672,0.0
Avista,2020,4,99101,0.0
PSE,2020,5,98125,0.0
PSE,2025,7,98036,0.0
PSE,2021,8,98116,0.0
PSE,2020,8,98230,0.0
CNG,2022,8,99344,0.0
Avista,2023,10,99223,0.0
Avista,2022,10,99204,0.0
CNG,2025,11,98257,0.0
CNG,2025,6,98626,0.0
PSE,2025,12,98327,0.0
PSE,2024,12,98148,0.0
Avista,2024,9,99104,0.0
Avista,2021,5,99212,0.0
PSE,2025,2,98053,0.0
CNG,2022,10,98337,0.0
PSE,2020,11,98166,0.0
Avista,2021,8,99144,0.0
CNG,2025,12,98848,0.0
Avista,2025,7,99021,0.0
PSE,2020,10,98371,0.0
NWN,2020,11,98026,0.0
CNG,2020,12,98951,0.0
NWN,2024,11,98672,0.0
Avista,2024,2,99218,0.0
NWN,2022,3,98661,0.0
Avista,2025,6,99403,0.0
Avista,2025,4,99036,0.0
NWN,2021,6,98620,0.0
PSE,2025,10,98512,0.0
CNG,2023,4,98220,0.0
NWN,2025,6,98675,0.0
Avista,2020,12,99163,0.0
Avista,2023,5,99217,0.0
CNG,2021,12,98345,0.0
PAC,2020,5,99348,0.0
CNG,2020,2,98284,0.0
NWN,2022,12,98642,0.0
Avista,2025,8,99114,0.0
NWN,2021,12,98684,0.0
PAC,2025,8,98942,29.14
PSE,2025,5,98367,0.0
Avista,2023,1,99117,0.0
PSE,2022,8,98934,0.0
PSE,2025,7,98387,0.0
PSE,2022,2,98198,0.0
CNG,2024,5,98232,0.0
PAC,2024,7,99323,0.0
PSE,2025,1,98392,0.0
CNG,2025,1,98282,0.0
Avista,2022,5,99114,0.0
Avista,2025,2,99110,0.0
Avista,2025,8,99219,0.0
PSE,2022,9,98342,0.0
PSE,2020,3,98332,0.0
PAC,2024,4,98947,0.0
PSE,2023,5,98053,0.0
CNG,2025,9,98901,0.0
Avista,2023,3,99125,0.0
PAC,2024,8,99360,0.0
Avista,2025,10,99128,0.0
PSE,2025,5,98516,0.0
CNG,2020,10,98802,0.0
NWN,2021,4,97031,0.0
PSE,2024,8,98019,0.0
PSE,2024,11,98001,0.0
PSE,2024,6,98003,0.0
CNG,2025,10,98953,0.0
CNG,2023,4,98908,0.0
Avista,2022,5,99224,0.0
Avista,2023,10,99114,0.0
Avista,2022,4,99029,0.0
PSE,2023,6,98225,0.0
Avista,2025,12,99016,0.0
CNG,2025,9,98801,0.0
CNG,2022,7,98225,0.0
Avista,2025,8,99171,0.0
PSE,2025,2,98201,0.0
PSE,2022,8,98257,0.0
NWN,2025,2,98620,0.0
PSE,2022,12,98922,0.0
Avista,2023,1,99023,0.0
CNG,2023,9,99350,0.0
Avista,2024,8,99185,0.0
CNG,2022,11,98908,0.0
Avista,2025,9,99004,0.0
PSE,2025,12,98332,0.0
CNG,2020,6,98951,0.0
CNG,2024,11,98284,0.0
Avista,2022,10,99021,0.0
PSE,2025,1,98532,0.0
PAC,2023,4,98932,0.0
Avista,2023,6,99016,0.0
PSE,2024,8,98446,0.0
PSE,2023,9,98144,0.0
CNG,2022,3,98274,0.0
PSE,2022,11,98208,0.0
PSE,2025,7,98126,0.0
CNG,2023,1,98541,0.0
Avista,2023,9,99117,0.0
CNG,2021,2,98930,0.0
PSE,2022,4,98409,0.0
PSE,2020,9,98230,0.0
CNG,2021,1,98230,0.0
CNG,2022,8,99323,0.0
PSE,2025,2,98273,0.0
Avista,2022,1,99008,0.0
Avista,2020,7,99004,0.0
Avista,2023,5,99151,0.0
PSE,2021,4,98199,0.0
PSE,2024,6,98371,0.0
Avista,2024,7,99167,0.0
PSE,2022,8,98327,0.0
PAC,2021,4,98938,0.0
Avista,2023,9,99036,0.0
CNG,2023,10,98292,0.0
Avista,2024,2,99003,0.0
PSE,2022,5,98332,0.0
Avista,2021,7,99371,0.0
PSE,2021,11,98118,0.0
PSE,2025,12,98146,0.0
NWN,2025,12,98307,0.0
Avista,2022,1,99157,0.0
PSE,2024,3,98237,0.0
PSE,2021,3,98005,0.0
PSE,2022,12,98198,0.0
Avista,2021,5,98648,0.0
Avista,2023,2,99176,0.0
PSE,2023,8,98055,0.0
PSE,2023,4,98102,0.0
NWN,2023,4,98628,0.0
PSE,2021,11,98104,0.0
NWN,2025,1,98612,0.0
Avista,2020,3,99138,0.0
CNG,2020,5,98312,0.0
Avista,2025,10,99122,0.0
CNG,2023,2,98314,0.0
PAC,2024,4,99361,0.0
PSE,2022,3,98104,0.0
CNG,2020,4,98295,0.0
Avista,2023,5,99004,0.0
PSE,2025,2,98030,0.0
Avista,2021,12,99185,0.0
Avista,2023,11,99206,0.0
NWN,2025,11,97031,0.0
Avista,2021,3,99157,0.0
Avista,2021,2,99016,0.0
CNG,2023,2,99344,0.0
PSE,2020,7,98332,0.0
Avista,2022,11,99019,0.0
PSE,2020,7,98201,0.0
CNG,2024,2,98611,0.0
CNG,2020,7,98248,0.0
Avista,2020,10,99131,0.0
CNG,2024,10,98366,0.0
CNG,2025,3,98903,0.0
PSE,2021,12,98110,0.0
PSE,2020,7,98112,0.0
Avista,2022,10,99134,0.0
Avista,2022,5,99040,0.0
PSE,2024,6,98501,0.0
NWN,2022,10,98628,0.0
Avista,2024,4,99003,0.0
PSE,2023,3,98122,0.0
Avista,2025,10,99179,0.0
PSE,2023,5,98105,0.0
Avista,2022,1,99037,0.0
Avista,2025,7,99144,0.0
PSE,2021,11,98106,0.0
NWN,2025,3,98671,0.0
NWN,2020,12,98672,0.0
CNG,2023,6,98674,0.0
Avista,2020,8,99203,0.0
PSE,2025,9,98024,0.0
PAC,2023,9,99350,0.0
CNG,2021,4,98337,0.0
PSE,2024,6,98109,0.0
PAC,2025,10,98951,1.64
PAC,2022,9,99329,0.0
NWN,2022,10,98639,0.0
CNG,2024,11,98524,0.0
PSE,2023,11,98418,0.0
PSE,2022,3,98260,0.0
NWN,2021,8,98620,0.0
PSE,2022,11,98373,0.0
Avista,2020,12,99003,0.0
Avista,2022,11,99335,0.0
PSE,2024,2,98122,0.0
PSE,2024,4,98072,0.0
PSE,2022,5,98047,0.0
Avista,2022,4,99110,0.0
PSE,2020,4,98406,0.0
Avista,2024,12,99101,0.0
PSE,2024,10,98225,0.0
NWN,2024,1,98685,0.0
Avista,2023,2,99025,0.0
PSE,2022,5,98022,0.0
PSE,2024,3,98074,0.0
PSE,2022,6,98047,0.0
CNG,2024,8,98932,0.0
PSE,2025,4,98106,0.0
NWN,2025,5,98672,0.0
PSE,2023,7,98032,0.0
PSE,2025,2,98011,0.0
Avista,2023,8,99185,0.0
PSE,2021,8,98531,0.0
PSE,2025,7,98392,0.0
PSE,2021,5,98092,0.0
PSE,2020,3,98221,0.0
Avista,2023,5,99107,0.0
Avista,2022,9,99220,0.0
PAC,2021,10,98947,0.0
PSE,2024,9,98003,0.0
Avista,2022,11,99004,0.0
PSE,2025,11,98133,0.0
PSE,2021,11,98019,0.0
PSE,2021,11,98360,0.0
Avista,2024,2,99161,0.0
PSE,2023,12,98005,0.0
CNG,2024,1,99336,0.0
PSE,2020,12,98105,0.0
PAC,2025,4,98942,27.23
PSE,2021,10,98024,0.0
PSE,2022,11,98402,0.0
CNG,2023,11,99344,0.0
CNG,2024,6,98310,0.0
NWN,2025,11,98662,0.0
CNG,2023,9,98223,0.0
PSE,2021,12,98284,0.0
PAC,2023,4,99347,0.0
CNG,2022,7,98247,0.0
PSE,2023,3,98579,0.0
Avista,2024,2,99344,0.0
PSE,2025,2,98373,0.0
CNG,2021,8,98226,0.0
PSE,2023,1,98087,0.0
PAC,2025,3,99323,0.33
PSE,2025,8,98422,0.0
Avista,2024,6,99114,0.0
PSE,2021,3,98371,0.0
CNG,2021,9,98383,0.0
PSE,2021,10,98178,0.0
PSE,2022,4,98058,0.0
CNG,2020,10,98282,0.0
Avista,2023,12,99176,0.0
CNG,2021,11,98276,0.0
PSE,2025,3,98383,0.0
Avista,2021,4,99103,0.0
PSE,2021,4,98031,0.0
PSE,2022,7,98224,0.0
PSE,2025,9,98026,0.0
NWN,2020,12,98664,0.0
PAC,2024,1,99347,0.0
PSE,2020,11,98033,0.0
PSE,2024,1,98512,0.0
PSE,2023,9,98109,0.0
CNG,2024,11,98541,0.0
Avista,2023,6,99148,0.0
PSE,2025,1,98444,0.0
PSE,2023,4,98283,0.0
Avista,2023,8,99137,0.0
NWN,2022,6,98664,0.0
Avista,2020,3,99212,0.0
PSE,2023,9,98310,0.0
NWN,2021,7,98208,0.0
NWN,2025,8,98605,0.0
NWN,2021,1,98648,0.0
PSE,2024,5,98310,0.0
PAC,2024,6,99360,0.0
Avista,2024,10,98857,0.0
PSE,2021,3,98052,0.0
Avista,2020,10,99018,0.0
PSE,2023,10,98043,0.0
PSE,2021,10,98274,0.0
NWN,2024,11,98119,0.0
NWN,2021,11,98026,0.0
Avista,2025,3,99218,0.0
PSE,2020,3,98387,0.0
CNG,2021,4,99323,0.0
PSE,2025,3,98051,0.0
CNG,2023,8,98625,0.0
NWN,2021,8,98675,0.0
Avista,2022,6,99181,0.0
CNG,2020,6,98802,0.0
PSE,2023,5,98926,0.0
Avista,2023,10,99220,0.0
Avista,2023,11,99137,0.0
Avista,2021,11,99016,0.0
Avista,2025,12,99126,0.0
Avista,2021,12,99138,0.0
PSE,2024,1,98360,0.0
PAC,2025,2,98908,2.78
Avista,2020,5,99201,0.0
PSE,2020,4,98144,0.0
PSE,2024,9,98579,0.0
Avista,2023,1,99107,0.0
CNG,2024,3,98932,0.0
NWN,2024,9,98628,0.0
PSE,2025,2,98203,0.0
CNG,2025,1,98248,0.0
PAC,2024,3,99323,0.0
PAC,2022,10,98901,0.0
PSE,2022,3,98122,0.0
PSE,2025,8,98272,0.0
NWN,2021,9,98675,0.0
PAC,2020,10,98908,0.0
Avista,2020,11,99040,0.0
Avista,2021,12,99021,0.0
PSE,2022,12,98597,0.0
CNG,2024,12,99338,0.0
PSE,2025,11,98040,0.0
PSE,2024,11,98374,0.0
CNG,2021,4,99324,0.0
PAC,2022,4,98944,0.0
CNG,2024,5,98557,0.0
PSE,2023,6,98116,0.0
Avista,2021,2,99107,0.0
NWN,2022,6,98666,0.0
PSE,2023,7,98155,0.0
Avista,2023,5,99205,0.0
NWN,2024,5,98762,0.0
PAC,2022,10,98944,0.0
Avista,2022,11,98648,0.0
Avista,2022,11,99148,0.0
PSE,2025,11,98021,0.0
PSE,2023,2,98012,0.0
PSE,2022,9,98498,0.0
Avista,2021,11,99208,0.0
Avista,2022,2,99039,0.0
Avista,2023,2,99016,0.0
Avista,2022,6,99207,0.0
PSE,2024,6,98262,0.0
NWN,2020,5,98604,0.0
CNG,2022,6,99301,0.0
PSE,2023,2,98439,0.0
CNG,2024,3,98674,0.0
Avista,2021,1,99335,0.0
PSE,2020,3,98101,0.0
PSE,2025,7,98002,0.0
Avista,2020,8,99144,0.0
CNG,2021,2,98276,0.0
PSE,2023,8,98043,0.0
PAC,2020,2,98920,1.0
PSE,2025,9,98022,0.0
Avista,2025,12,99174,0.0
PSE,2025,4,98027,0.0
PSE,2023,12,98087,0.0
PSE,2024,4,98337,0.0
Avista,2022,9,99031,0.0
CNG,2023,10,98944,0.0
PSE,2023,11,98387,0.0
PSE,2020,5,98004,0.0
PSE,2025,1,98106,0.0
CNG,2020,1,98232,0.0
Avista,2020,5,99207,0.0
Avista,2020,6,99011,0.0
CNG,2021,6,98257,0.0
PSE,2023,9,98019,0.0
PSE,2020,9,98201,0.0
NWN,2024,3,98672,0.0
PSE,2024,1,98373,0.0
CNG,2022,1,98908,0.0
PSE,2024,8,98012,0.0
Avista,2022,10,99125,0.0
CNG,2021,11,98903,0.0
CNG,2020,11,98277,0.0
PSE,2025,5,98373,0.0
NWN,2024,11,98629,0.0
NWN,2025,2,98610,0.0
PSE,2021,12,98579,0.0
CNG,2025,8,98942,0.0
Avista,2021,3,99219,0.0
Avista,2023,9,99344,0.0
CNG,2024,2,98557,0.0
NWN,2025,10,98607,0.0
Avista,2025,11,99110,0.0
PSE,2023,11,98466,0.0
CNG,2024,11,98311,0.0
NWN,2023,7,98617,0.0
Avista,2021,6,99040,0.0
CNG,2020,6,99362,0.0
NWN,2022,6,98683,0.0
CNG,2025,9,98248,0.0
CNG,2023,10,99323,0.0
PSE,2025,4,98359,0.0
Avista,2024,6,99018,0.0
Avista,2024,7,99129,0.0
Avista,2024,10,99134,0.0
PSE,2025,11,98310,0.0
PSE,2025,5,98424,0.0
PSE,2021,10,98589,0.0
NWN,2025,11,98635,0.0
Avista,2021,12,99129,0.0
Avista,2021,12,99163,0.0
PSE,2024,12,98117,0.0
PSE,2024,12,98596,0.0
Avista,2025,9,99134,0.0
CNG,2022,7,98282,0.0
NWN,2024,11,98601,0.0
PSE,2020,3,98579,0.0
Avista,2023,6,99131,0.0
NWN,2020,6,98628,0.0
PSE,2025,7,98117,0.0
PSE,2021,3,98201,0.0
PSE,2023,10,98012,0.0
Avista,2020,4,99218,0.0
CNG,2021,9,98953,0.0
Avista,2023,5,99016,0.0
NWN,2021,7,98612,0.0
PSE,2024,2,98941,0.0
NWN,2020,7,98307,0.0
Avista,2020,6,99181,0.0
PSE,2021,6,98589,0.0
PSE,2024,12,98118,0.0
PSE,2024,12,98390,0.0
CNG,2020,7,98284,0.0
PSE,2024,1,98026,0.0
Avista,2023,2,99040,0.0
CNG,2020,2,98226,0.0
PSE,2024,5,98177,0.0
PSE,2021,6,98108,0.0
PSE,2020,7,98036,0.0
PSE,2021,12,98367,0.0
CNG,2025,1,98932,0.0
Avista,2023,2,99228,0.0
NWN,2023,3,98663,3.0
Avista,2024,11,99371,0.0
PSE,2025,6,98043,0.0
NWN,2025,1,98685,-15.0
PSE,2021,10,98374,0.0
Avista,2022,4,99149,0.0
NWN,2024,7,98648,0.0
Avista,2024,10,99016,0.0
PSE,2025,1,98342,0.0
Avista,2024,3,99021,0.0
CNG,2025,7,98611,0.0
Avista,2021,7,99260,0.0
CNG,2023,6,98276,0.0
CNG,2024,11,98557,0.0
Avista,2022,5,99157,0.0
Avista,2025,11,99016,0.0
PSE,2024,3,98273,0.0
Avista,2022,7,99167,0.0
PAC,2021,9,99324,0.0
Avista,2025,1,99207,0.0
PSE,2025,9,98941,0.0
PAC,2020,10,98932,0.0
CNG,2022,3,98626,0.0
CNG,2024,8,98584,0.0
CNG,2025,2,98248,0.0
PSE,2025,3,98424,0.0
PSE,2021,4,98118,0.0
PSE,2024,5,98424,0.0
Avista,2024,7,99335,0.0
PSE,2025,7,98532,0.0
PSE,2024,10,98029,0.0
NWN,2023,7,98661,0.0
Avista,2025,5,99137,0.0
PAC,2020,10,98947,0.0
PSE,2024,1,98311,0.0
Avista,2020,6,99016,0.0
Avista,2025,6,99134,0.0
NWN,2020,4,98671,0.0
PSE,2025,6,98372,0.0
Avista,2024,9,99161,0.0
CNG,2023,2,98337,0.0
CNG,2022,2,98240,0.0
Avista,2024,10,99003,0.0
PSE,2020,3,98109,0.0
PAC,2022,7,98901,0.0
PSE,2023,10,98144,0.0
PSE,2022,5,98370,0.0
PSE,2021,12,98003,0.0
NWN,2021,7,98610,0.0
PSE,2020,12,98168,0.0
PAC,2025,8,98936,6.13
PSE,2023,8,98092,0.0
PAC,2025,10,99324,0.17
Avista,2020,3,99176,0.0
CNG,2024,2,98936,0.0
PSE,2024,2,98126,0.0
CNG,2024,7,98247,0.0
Avista,2024,8,99174,0.0
PSE,2023,7,98166,0.0
PSE,2021,8,98506,0.0
PSE,2023,1,98166,0.0
NWN,2025,9,98671,0.0
PSE,2023,10,98346,0.0
Avista,2025,3,99402,0.0
CNG,2021,10,98942,0.0
PSE,2022,2,98148,0.0
Avista,2022,1,99137,0.0
PSE,2023,7,98391,0.0
PSE,2023,10,98424,0.0
Avista,2024,3,99205,0.0
CNG,2023,3,98942,0.0
PSE,2024,6,98117,0.0
PSE,2025,7,98144,0.0
CNG,2025,4,98370,0.0
PAC,2020,3,98920,1.0
Avista,2024,11,99219,0.0
PSE,2021,3,98056,0.0
PSE,2023,6,98338,0.0
CNG,2022,9,98550,0.0
Avista,2021,5,99143,0.0
PSE,2025,1,98239,0.0
Avista,2023,11,99217,0.0
CNG,2020,4,98802,0.0
PSE,2025,2,98260,0.0
Avista,2024,2,99114,0.0
NWN,2021,10,98671,0.0
PSE,2025,11,98074,0.0
PSE,2024,11,98155,0.0
NWN,2021,2,98672,0.0
PSE,2024,3,98121,0.0
PSE,2025,4,98001,0.0
PSE,2022,12,98119,0.0
NWN,2024,12,98604,0.0
PSE,2020,9,98274,0.0
CNG,2020,6,98948,0.0
NWN,2025,7,98639,0.0
CNG,2021,6,98310,0.0
PSE,2023,9,98008,0.0
PAC,2020,9,98937,0.0
PAC,2022,2,99329,0.0
PSE,2022,10,98103,0.0
Avista,2021,4,99156,0.0
Avista,2020,5,99032,0.0
CNG,2020,10,98273,0.0
PSE,2024,11,98275,0.0
PSE,2025,1,98040,0.0
CNG,2021,8,98848,0.0
PSE,2021,11,98272,0.0
CNG,2023,11,98626,0.0
Avista,2022,5,99029,0.0
PSE,2024,7,98934,0.0
NWN,2025,11,98685,0.0
PAC,2025,11,98938,2.37
PSE,2023,4,98335,0.0
PSE,2023,9,98499,0.0
NWN,2023,11,98026,0.0
NWN,2023,9,98664,0.0
PAC,2021,6,98947,0.0
PSE,2023,12,98335,0.0
NWN,2022,7,98605,0.0
PSE,2021,12,98117,0.0
CNG,2023,3,99323,0.0
NWN,2025,3,98662,0.0
Avista,2023,7,99223,0.0
CNG,2025,1,98902,0.0
PSE,2025,7,98941,0.0
Avista,2022,1,99402,0.0
Avista,2022,8,99031,0.0
NWN,2024,6,98601,0.0
Avista,2020,8,99014,0.0
Avista,2025,1,99335,0.0
NWN,2022,8,98668,0.0
PSE,2024,1,98346,0.0
PSE,2020,9,98178,0.0
Avista,2025,3,99102,0.0
Avista,2025,3,99164,0.0
PSE,2021,6,98346,0.0
PSE,2024,10,98244,0.0
PSE,2021,3,98506,0.0
CNG,2024,3,98273,0.0
CNG,2023,7,98837,0.0
PSE,2020,10,98270,0.0
CNG,2020,10,98801,0.0
CNG,2023,11,98230,0.0
CNG,2024,12,98626,0.0
CNG,2020,3,98801,115.06
PAC,2022,4,98902,0.0
Avista,2022,2,99110,0.0
Avista,2025,10,99131,0.0
NWN,2025,12,98125,0.0
Avista,2024,4,99019,0.0
CNG,2024,5,99353,0.0
CNG,2020,6,98312,0.0
Avista,2023,7,99131,0.0
PSE,2021,4,98117,0.0
PSE,2023,3,98466,0.0
CNG,2023,9,98674,0.0
Avista,2023,5,99126,0.0
PAC,2023,2,98935,0.0
CNG,2024,12,98277,0.0
CNG,2022,1,99352,0.0
CNG,2022,2,98366,0.0
PSE,2025,4,98057,0.0
Avista,2020,5,99223,0.0
PSE,2024,5,98335,0.0
PSE,2021,6,98503,0.0
Avista,2022,7,99402,0.0
PSE,2021,3,98387,0.0
Avista,2022,6,99179,0.0
PSE,2023,7,98406,0.0
PSE,2023,6,98418,0.0
NWN,2025,8,98208,0.0
Avista,2024,4,99117,0.0
CNG,2025,9,98837,0.0
CNG,2020,5,99336,0.0
PSE,2024,5,98237,0.0
PSE,2023,5,98579,0.0
PSE,2021,9,98203,0.0
Avista,2021,7,99204,0.0
Avista,2024,2,99173,0.0
NWN,2021,4,97301,0.0
Avista,2022,10,99207,0.0
Avista,2020,9,99027,0.0
PSE,2022,10,98424,0.0
PSE,2022,6,98290,0.0
Avista,2024,2,99371,0.0
NWN,2023,2,98683,0.0
PSE,2021,3,98037,0.0
PSE,2023,2,98257,0.0
Avista,2025,5,99023,0.0
Avista,2021,1,99014,0.0
PSE,2022,5,98121,0.0
Avista,2025,4,99009,0.0
PSE,2021,8,98359,0.0
NWN,2021,1,98662,0.0
Avista,2022,7,99146,0.0
CNG,2020,8,98848,0.0
PSE,2023,4,98270,0.0
PSE,2025,10,98321,0.0
NWN,2023,1,98675,0.0
PSE,2021,1,98011,0.0
Avista,2021,2,99335,0.0
PSE,2023,4,98503,0.0
Avista,2023,5,99326,0.0
PSE,2021,6,98366,0.0
Avista,2021,3,98620,0.0
NWN,2022,1,97301,0.0
Avista,2022,4,99144,0.0
Avista,2025,5,98857,0.0
CNG,2023,10,98247,0.0
PSE,2023,3,98119,0.0
NWN,2023,10,97388,0.0
Avista,2023,3,99004,0.0
PSE,2024,8,98589,0.0
PSE,2024,7,98032,0.0
PSE,2025,1,98029,0.0
PSE,2021,9,98244,0.0
Avista,2022,10,99018,0.0
PSE,2025,11,98201,0.0
PSE,2022,6,98277,0.0
Avista,2025,3,99016,0.0
CNG,2022,3,98244,0.0
PSE,2022,4,98225,0.0
PSE,2024,1,98266,0.0
Avista,2024,6,99013,0.0
Avista,2024,10,99103,0.0
CNG,2021,10,98345,0.0
NWN,2021,11,98671,0.0
PSE,2025,12,98087,0.0
NWN,2025,7,98026,0.0
Avista,2020,4,99030,0.0
PSE,2025,6,98166,0.0
PAC,2024,12,99350,0.0
NWN,2021,10,98620,0.0
CNG,2021,7,98936,0.0
PSE,2020,4,98321,0.0
PAC,2020,10,98921,0.0
Avista,2020,5,99107,0.0
PSE,2020,5,98007,0.0
CNG,2023,7,98284,0.0
Avista,2023,5,99403,0.0
Avista,2024,9,99156,0.0
Avista,2022,7,99027,0.0
PSE,2024,5,98262,0.0
PAC,2021,9,98948,0.0
CNG,2020,9,98229,0.0
Avista,2025,1,99141,0.0
CNG,2025,8,98311,0.0
PSE,2020,11,98225,0.0
CNG,2024,7,98367,0.0
PAC,2020,12,98923,0.0
NWN,2023,8,98664,0.0
PAC,2021,9,98933,0.0
PSE,2025,10,98199,0.0
Avista,2020,10,99335,0.0
NWN,2024,11,98668,0.0
Avista,2025,11,99185,0.0
NWN,2022,11,98682,0.0
CNG,2025,12,98277,0.0
PSE,2023,10,98499,0.0
PSE,2024,1,98439,0.0
CNG,2022,2,98257,0.0
PSE,2024,10,98203,0.0
PSE,2022,3,98367,0.0
Avista,2023,7,99001,0.0
NWN,2023,3,98601,0.0
PAC,2021,11,98947,0.0
PAC,2020,8,98933,0.0
Avista,2021,6,99181,0.0
PSE,2023,4,98424,0.0
PSE,2021,4,98126,0.0
PSE,2023,6,98119,0.0
PSE,2025,12,98579,0.0
PSE,2024,2,98092,0.0
PSE,2021,2,98126,0.0
Avista,2025,9,99185,0.0
PSE,2020,10,98255,0.0
CNG,2022,12,98274,0.0
CNG,2022,12,98557,0.0
NWN,2023,1,98601,0.0
NWN,2022,3,98674,0.0
PSE,2022,11,98204,0.0
CNG,2022,12,98383,0.0
PSE,2024,10,98374,0.0
PSE,2024,4,98366,0.0
CNG,2021,3,98248,0.0
CNG,2021,8,98557,0.0
PSE,2021,10,98036,0.0
PSE,2020,6,98045,0.0
PSE,2021,7,98029,0.0
PSE,2023,10,98418,0.0
CNG,2022,11,98674,0.0
PAC,2025,5,98930,5.35
PSE,2024,1,98155,0.0
CNG,2024,6,98541,0.0
CNG,2023,9,98221,0.0
Avista,2022,7,99149,0.0
CNG,2025,7,98221,0.0
PAC,2023,5,99362,0.0
CNG,2022,6,98221,0.0
PSE,2024,10,98372,0.0
CNG,2024,10,98944,0.0
PSE,2022,7,98110,0.0
CNG,2025,3,98930,0.0
Avista,2022,12,99023,0.0
PAC,2024,7,98902,0.0
PSE,2022,8,98418,0.0
PSE,2025,5,98042,0.0
Avista,2020,3,99335,0.0
PSE,2020,3,98122,0.0
Avista,2022,8,99016,0.0
CNG,2024,5,98951,0.0
PSE,2024,12,98262,0.0
Avista,2020,6,99219,0.0
CNG,2021,7,98295,0.0
Avista,2024,8,99005,0.0
Avista,2020,11,99216,0.0
PSE,2025,11,98467,0.0
CNG,2022,4,99353,0.0
Avista,2021,6,99167,0.0
PSE,2020,10,98388,0.0
Avista,2024,2,99128,0.0
PSE,2021,11,98003,0.0
PSE,2020,10,98001,0.0
CNG,2023,11,99301,0.0
CNG,2023,10,98264,0.0
NWN,2023,3,98662,0.0
CNG,2023,2,98284,0.0
PSE,2022,1,98373,0.0
PSE,2022,4,98118,0.0
Avista,2024,5,99158,0.0
PAC,2023,6,99323,0.0
NWN,2022,7,97301,0.0
NWN,2023,8,98762,0.0
Avista,2021,10,99036,0.0
CNG,2023,12,98383,0.0
CNG,2024,1,98632,0.0
CNG,2020,3,98902,1368.94
CNG,2025,4,99344,0.0
CNG,2020,10,98311,0.0
Avista,2025,7,99203,0.0
Avista,2021,8,99219,0.0
PSE,2023,2,98022,0.0
PSE,2024,4,98257,0.0
PSE,2023,9,98052,0.0
Avista,2021,1,99025,0.0
PSE,2021,12,98233,0.0
Avista,2021,2,99171,0.0
PSE,2020,9,98311,0.0
NWN,2023,11,98208,0.0
PAC,2022,1,98953,0.0
CNG,2021,2,98541,0.0
NWN,2024,2,98208,0.0
Avista,2024,2,99130,0.0
PAC,2020,1,99350,10.0
PAC,2022,1,98901,0.0
Avista,2023,3,99170,0.0
CNG,2023,3,98932,0.0
CNG,2020,1,98563,0.0
PSE,2025,5,98074,0.0
PSE,2021,5,98408,0.0
PSE,2021,5,98466,0.0
CNG,2020,3,98233,586.44
PSE,2023,1,98208,0.0
PSE,2020,5,98466,0.0
CNG,2025,5,98674,0.0
CNG,2025,6,98625,0.0
Avista,2021,6,99161,0.0
Avista,2022,1,99012,0.0
CNG,2025,6,98284,0.0
PSE,2021,7,98274,0.0
PSE,2022,2,98045,0.0
PSE,2021,7,98532,0.0
PSE,2025,2,98022,0.0
Avista,2022,1,99158,0.0
PAC,2021,7,98908,0.0
CNG,2023,7,98337,0.0
PSE,2025,3,98498,0.0
NWN,2025,1,98604,0.0
PSE,2023,8,98026,0.0
PSE,2020,8,98051,0.0
PSE,2020,8,98444,0.0
PSE,2023,5,98390,0.0
PSE,2022,1,98248,0.0
NWN,2020,5,98617,0.0
PSE,2023,3,98005,0.0
PSE,2025,4,98036,0.0
Avista,2025,6,99171,0.0
PSE,2022,1,98402,0.0
PSE,2020,6,98283,0.0
PSE,2023,7,98204,0.0
PAC,2024,8,99348,0.0
CNG,2025,8,98345,0.0
NWN,2023,8,98683,0.0
NWN,2020,8,98617,0.0
PSE,2022,9,98026,0.0
PSE,2020,9,98030,0.0
CNG,2022,9,98903,0.0
NWN,2022,7,98660,0.0
Avista,2025,10,99126,0.0
PSE,2022,9,98337,0.0
CNG,2024,1,98563,0.0
Avista,2023,10,98620,0.0
PSE,2023,3,98576,0.0
Avista,2023,10,99109,0.0
PSE,2025,10,98404,0.0
PSE,2024,10,98332,0.0
CNG,2025,10,98626,0.0
NWN,2023,10,98601,0.0
Avista,2025,11,99167,0.0
Avista,2021,9,99107,0.0
Avista,2023,12,99137,0.0
Avista,2022,12,99021,0.0
PSE,2021,11,98321,0.0
PSE,2025,7,98204,0.0
CNG,2021,2,98337,0.0
PSE,2023,3,98105,0.0
PAC,2024,2,99347,0.0
CNG,2025,2,98230,0.0
PSE,2022,9,98375,0.0
PSE,2020,12,98122,0.0
PSE,2025,2,98221,0.0
PSE,2021,2,98372,0.0
NWN,2024,10,98629,0.0
CNG,2024,1,98276,0.0
CNG,2022,11,98802,0.0
PSE,2023,12,98589,0.0
CNG,2021,12,98229,0.0
PSE,2025,12,98422,0.0
PSE,2024,12,98024,0.0
PSE,2024,12,98444,0.0
PSE,2020,4,98374,0.0
NWN,2021,12,98208,0.0
PSE,2021,10,98408,0.0
PSE,2022,3,98360,0.0
NWN,2024,4,98683,0.0
PSE,2024,2,98026,0.0
Avista,2022,4,99204,0.0
PSE,2022,7,98021,0.0
PSE,2025,10,98372,0.0
Avista,2022,9,99202,0.0
Avista,2021,2,99128,0.0
PSE,2023,4,98260,0.0
CNG,2020,8,98932,0.0
NWN,2025,9,98612,0.0
PSE,2023,1,98133,0.0
NWN,2024,5,98307,0.0
PSE,2025,8,98102,0.0
Avista,2024,3,99201,0.0
NWN,2023,2,98617,0.0
PSE,2025,6,98274,0.0
PSE,2020,8,98010,0.0
PSE,2021,5,98226,0.0
CNG,2024,3,98528,0.0
Avista,2024,9,99204,0.0
PSE,2025,3,98122,0.0
Avista,2025,6,99111,0.0
Avista,2023,8,99143,0.0
PSE,2025,5,98199,0.0
NWN,2023,8,98620,0.0
PSE,2020,9,98576,0.0
PSE,2023,10,98052,0.0
PSE,2023,11,98019,0.0
CNG,2024,12,98903,0.0
Avista,2024,9,99037,0.0
CNG,2022,10,98674,0.0
Avista,2024,1,99148,0.0
Avista,2024,9,99179,0.0
Avista,2023,5,99031,0.0
Avista,2022,4,99005,0.0
PAC,2022,7,98951,0.0
NWN,2020,5,98626,0.0
PSE,2025,5,98011,0.0
CNG,2024,9,98367,0.0
NWN,2020,3,98607,0.0
CNG,2023,6,98312,0.0
PAC,2025,11,98936,4.1
CNG,2021,11,98221,0.0
PSE,2023,1,98055,0.0
Avista,2023,3,99107,0.0
Avista,2025,8,99022,0.0
PSE,2024,3,98258,0.0
PSE,2025,10,98037,0.0
CNG,2025,1,98674,0.0
Avista,2024,6,99003,0.0
PSE,2021,11,98008,0.0
Avista,2022,2,99220,0.0
PSE,2020,12,98106,0.0
PAC,2020,4,99323,0.0
PSE,2021,8,98941,0.0
NWN,2025,2,98642,0.0
PSE,2021,7,98155,0.0
PSE,2025,9,98257,0.0
PSE,2023,6,98402,0.0
PSE,2023,12,98208,0.0
PSE,2023,1,98225,0.0
PSE,2021,2,98359,0.0
PSE,2025,10,98418,0.0
PAC,2022,10,98936,0.0
Avista,2025,1,99148,0.0
NWN,2022,1,98685,0.0
CNG,2024,6,98626,0.0
PSE,2025,5,98008,0.0
CNG,2023,7,98584,0.0
PAC,2020,3,98930,1169.0
PSE,2022,8,98244,0.0
PSE,2023,10,98221,0.0
PSE,2025,4,98424,0.0
CNG,2025,5,98273,0.0
Avista,2023,6,99173,0.0
PSE,2024,4,98926,0.0
CNG,2020,4,99338,0.0
Avista,2024,7,99032,0.0
PAC,2020,7,99324,0.0
CNG,2021,4,98225,0.0
CNG,2020,3,98901,633.28
CNG,2025,8,98903,0.0
PSE,2023,6,98272,0.0
Avista,2025,1,99203,0.0
Avista,2022,3,99202,0.0
CNG,2025,7,98632,0.0
PSE,2025,9,98225,0.0
PSE,2025,9,98444,0.0
NWN,2021,5,98671,0.0
Avista,2024,10,99176,0.0
Avista,2023,10,99021,0.0
PSE,2020,4,98034,0.0
Avista,2025,4,99037,0.0
PSE,2022,7,98002,0.0
PSE,2020,8,98226,0.0
NWN,2025,1,98639,0.0
Avista,2024,3,99114,0.0
Avista,2021,3,99137,0.0
CNG,2024,4,98524,0.0
CNG,2021,3,98274,0.0
Avista,2022,9,99173,0.0
PSE,2021,10,98260,0.0
CNG,2022,10,98244,0.0
Avista,2023,2,99212,0.0
PSE,2025,11,98118,0.0
PSE,2023,11,98199,0.0
PSE,2023,5,98230,0.0
PSE,2020,11,98104,0.0
PAC,2022,11,99362,0.0
PSE,2025,1,98502,0.0
Avista,2024,4,99223,0.0
PSE,2024,5,98342,0.0
CNG,2021,5,98524,0.0
Avista,2025,5,99134,0.0
NWN,2025,2,98762,0.0
PSE,2021,8,98144,0.0
CNG,2021,3,98232,0.0
Avista,2022,1,99109,0.0
PSE,2024,2,98371,0.0
PSE,2021,8,98121,0.0
PSE,2020,6,98444,0.0
CNG,2024,9,99354,0.0
PSE,2021,2,98290,0.0
Avista,2025,3,99151,0.0
Avista,2024,2,99203,0.0
PSE,2021,3,98092,0.0
PSE,2022,4,98030,0.0
Avista,2022,4,99031,0.0
CNG,2021,4,98563,0.0
PSE,2020,7,98275,0.0
CNG,2025,7,98274,0.0
NWN,2025,7,98648,0.0
PSE,2021,9,98335,0.0
CNG,2022,9,98311,0.0
CNG,2021,9,98221,0.0
PSE,2021,4,98596,0.0
CNG,2024,8,98908,0.0
CNG,2024,10,99324,0.0
Avista,2023,11,99179,0.0
PSE,2025,11,98512,0.0
PSE,2024,11,98026,0.0
PAC,2021,5,98936,0.0
PSE,2024,11,98208,0.0
PSE,2023,2,98404,0.0
PAC,2021,5,99329,0.0
PSE,2021,3,98283,0.0
Avista,2024,5,99164,0.0
PSE,2020,6,98360,0.0
PSE,2023,11,98021,0.0
PSE,2021,9,98029,0.0
CNG,2023,4,98901,0.0
Avista,2021,4,99216,0.0
PSE,2020,10,98383,0.0
PSE,2023,11,98036,0.0
PSE,2023,2,98271,0.0
PSE,2021,4,98513,0.0
PSE,2022,12,98257,0.0
PSE,2022,9,98011,0.0
CNG,2022,11,98370,0.0
NWN,2025,3,97301,0.0
PSE,2023,2,98422,0.0
NWN,2023,1,98607,0.0
PSE,2022,1,98239,0.0
PSE,2025,2,98579,0.0
PAC,2022,2,98947,0.0
PSE,2022,8,98148,0.0
PSE,2020,7,98277,0.0
PSE,2022,6,98034,0.0
PSE,2021,8,98408,0.0
Avista,2024,2,99402,0.0
Avista,2021,7,99403,0.0
Avista,2024,9,99138,0.0
PSE,2021,9,98370,0.0
PAC,2021,6,99328,0.0
Avista,2025,3,99018,0.0
Avista,2024,10,99037,0.0
CNG,2024,6,98953,0.0
PSE,2023,10,98188,0.0
PSE,2022,1,98038,0.0
Avista,2025,3,99027,0.0
PSE,2025,4,98116,0.0
Avista,2022,5,99208,0.0
Avista,2023,6,99012,0.0
PSE,2023,6,98337,0.0
PSE,2023,8,98034,0.0
NWN,2025,10,98639,0.0
Avista,2021,12,99206,0.0
PSE,2024,12,98057,0.0
Avista,2020,12,99205,0.0
NWN,2023,2,98610,0.0
CNG,2023,1,99352,0.0
PSE,2022,5,98199,0.0
PSE,2024,7,98112,0.0
PSE,2020,9,98116,0.0
PSE,2023,12,98934,0.0
CNG,2024,7,98901,0.0
PSE,2020,12,98087,0.0
PSE,2022,2,98502,0.0
Avista,2022,11,99037,0.0
PSE,2020,12,98371,0.0
CNG,2021,6,98345,0.0
PSE,2024,12,98006,0.0
CNG,2025,12,98932,0.0
NWN,2025,2,98605,0.0
CNG,2021,1,98221,0.0
PSE,2024,5,98047,0.0
PSE,2024,7,98446,0.0
PSE,2024,8,98108,0.0
PSE,2025,8,98271,0.0
Avista,2024,1,99001,0.0
PSE,2022,5,98321,0.0
CNG,2024,5,98271,0.0
CNG,2024,5,98908,0.0
CNG,2023,6,98908,0.0
CNG,2021,7,98903,0.0
PSE,2024,1,98402,0.0
Avista,2024,8,99335,0.0
PSE,2023,11,98576,0.0
Avista,2023,6,99126,0.0
Avista,2021,6,99220,0.0
PSE,2021,3,98501,0.0
PSE,2023,7,98007,0.0
PAC,2024,7,99348,0.0
CNG,2025,11,98367,0.0
PSE,2022,12,98027,0.0
Avista,2022,7,99016,0.0
CNG,2022,1,98221,0.0
Avista,2020,5,98857,0.0
NWN,2023,6,98666,0.0
PSE,2025,11,98337,0.0
PAC,2024,2,98930,0.0
CNG,2022,12,98284,0.0
PSE,2025,9,98277,0.0
Avista,2025,9,99202,0.0
Avista,2024,3,99109,0.0
PSE,2023,12,98103,0.0
PSE,2025,6,98032,0.0
PSE,2023,2,98144,0.0
PSE,2022,12,98513,0.0
Avista,2025,3,99125,0.0
NWN,2025,12,98604,0.0
PSE,2023,9,98498,0.0
Avista,2023,6,99034,0.0
NWN,2021,9,98635,0.0
PAC,2020,11,99301,0.0
PSE,2020,6,98466,0.0
Avista,2022,8,99107,0.0
PAC,2023,8,98936,0.0
Avista,2023,3,99029,0.0
Avista,2023,7,99158,0.0
Avista,2021,2,99138,0.0
Avista,2023,5,99113,0.0
PSE,2022,11,98029,0.0
CNG,2025,6,98942,0.0
Avista,2023,11,99040,0.0
NWN,2020,9,98604,0.0
PSE,2022,11,98284,0.0
CNG,2024,6,98221,0.0
PSE,2023,10,98402,0.0
CNG,2022,7,98383,0.0
Avista,2023,9,99013,0.0
PSE,2024,7,98445,0.0
PAC,2024,11,98903,0.0
PSE,2021,9,98391,0.0
CNG,2022,12,99337,0.0
NWN,2025,12,97031,0.0
NWN,2023,4,98626,0.0
CNG,2021,3,98226,0.0
Avista,2023,2,99111,0.0
NWN,2021,4,98606,0.0
PSE,2022,5,98260,0.0
CNG,2024,4,98314,0.0
PSE,2020,5,98499,0.0
CNG,2022,1,98273,0.0
NWN,2020,5,98208,0.0
Avista,2020,6,99202,0.0
PSE,2025,6,98004,0.0
PSE,2025,2,98262,0.0
CNG,2022,4,98273,0.0
PSE,2024,3,98007,0.0
NWN,2021,5,98685,0.0
PAC,2023,6,98942,0.0
NWN,2024,4,98682,0.0
Avista,2023,3,99176,0.0
PSE,2023,7,98244,0.0
Avista,2024,7,99201,0.0
PSE,2020,8,98166,0.0
PAC,2020,8,98951,0.0
PSE,2024,11,98104,0.0
Avista,2025,9,99216,0.0
PSE,2021,2,98513,0.0
PSE,2023,5,98012,0.0
PSE,2023,5,98043,0.0
Avista,2022,7,99141,0.0
Avista,2023,12,99031,0.0
CNG,2025,10,98248,0.0
PSE,2024,12,98418,0.0
PSE,2023,12,98126,0.0
PAC,2024,8,98947,0.0
NWN,2023,12,97388,0.0
Avista,2021,2,99031,0.0
Avista,2021,10,99206,0.0
NWN,2023,1,98664,0.0
CNG,2024,9,98312,0.0
CNG,2020,9,98951,0.0
PSE,2022,10,98036,0.0
PSE,2024,5,98499,0.0
PSE,2021,8,98342,0.0
PSE,2023,12,98225,0.0
CNG,2025,5,98284,0.0
PAC,2020,2,98903,1599.0
CNG,2020,5,98277,0.0
NWN,2023,11,98307,0.0
Avista,2025,1,99137,0.0
Avista,2023,2,98648,0.0
PSE,2025,2,98274,0.0
PAC,2022,6,98932,0.0
PSE,2021,6,98007,0.0
Avista,2024,10,99181,0.0
Avista,2020,7,99171,0.0
NWN,2020,7,98635,0.0
PSE,2023,2,98311,0.0
Avista,2021,8,99207,0.0
CNG,2021,5,99362,0.0
Avista,2025,4,99033,0.0
PSE,2025,4,98418,0.0
PAC,2021,1,98903,0.0
PSE,2022,4,98283,0.0
Avista,2023,10,99174,0.0
PSE,2021,11,98133,0.0
CNG,2025,11,99353,0.0
PSE,2021,6,98122,0.0
NWN,2021,2,98629,0.0
PSE,2024,6,98028,0.0
PSE,2024,2,98104,0.0
CNG,2023,8,98223,0.0
PSE,2023,7,98036,0.0
Avista,2025,6,99179,0.0
Avista,2021,5,99176,0.0
Avista,2025,9,99022,0.0
Avista,2023,1,98648,0.0
PSE,2023,8,98108,0.0
PSE,2020,9,98424,0.0
PAC,2021,9,98936,0.0
Avista,2022,10,99212,0.0
Avista,2020,10,99113,0.0
PSE,2020,10,98053,0.0
Avista,2024,9,98620,0.0
PSE,2022,4,98248,0.0
Avista,2024,9,99157,0.0
PAC,2021,3,98921,0.0
NWN,2022,3,98686,0.0
PSE,2021,3,98270,0.0
Avista,2023,10,99371,0.0
CNG,2024,10,98611,0.0
Avista,2024,12,99158,0.0
PSE,2022,9,98101,0.0
CNG,2020,6,99337,0.0
NWN,2022,11,98662,0.0
NWN,2020,5,98864,0.0
PSE,2022,2,98019,0.0
PSE,2022,9,98926,0.0
PSE,2024,1,98021,0.0
PSE,2020,5,98275,0.0
PAC,2023,6,99329,0.0
Avista,2023,2,99101,0.0
Avista,2021,10,99173,0.0
CNG,2023,1,98282,0.0
CNG,2021,11,99362,0.0
Avista,2021,12,99125,0.0
PSE,2024,12,98003,0.0
PSE,2023,9,98402,0.0
PSE,2020,12,98226,0.0
Avista,2021,10,99110,0.0
NWN,2020,7,98626,0.0
CNG,2023,6,98932,0.0
PSE,2022,8,98233,0.0
Avista,2024,9,99143,0.0
CNG,2021,2,98528,0.0
CNG,2023,2,98383,0.0
Avista,2022,12,99109,0.0
NWN,2023,1,98629,0.0
PSE,2025,9,98290,0.0
CNG,2022,8,98367,0.0
Avista,2022,1,99151,0.0
PSE,2024,4,98405,0.0
PSE,2023,5,98342,0.0
Avista,2021,6,99134,0.0
PSE,2021,4,98338,0.0
PSE,2022,10,98126,0.0
CNG,2020,9,98944,0.0
Avista,2022,11,99026,0.0
CNG,2020,11,98903,0.0
PAC,2024,5,98944,0.0
PSE,2022,7,98166,0.0
PSE,2020,12,98270,0.0
Avista,2020,10,99141,0.0
NWN,2021,6,97031,0.0
CNG,2020,7,98311,0.0
Avista,2021,3,99141,0.0
PSE,2021,3,98116,0.0
PSE,2025,9,98012,0.0
PSE,2024,10,98312,0.0
PSE,2021,11,98387,0.0
PSE,2024,10,98418,0.0
Avista,2025,12,99114,0.0
Avista,2022,12,99037,0.0
PSE,2024,7,98012,0.0
PSE,2025,7,98106,0.0
CNG,2023,7,99338,0.0
PAC,2020,5,98938,0.0
CNG,2021,3,98277,0.0
Avista,2024,7,99027,0.0
PSE,2022,9,98360,0.0
Avista,2023,3,99037,0.0
PSE,2020,10,98277,0.0
PSE,2023,4,98321,0.0
PSE,2025,3,98409,0.0
Avista,2023,1,99169,0.0
PSE,2023,12,98133,0.0
PAC,2020,12,99362,0.0
Avista,2023,6,99160,0.0
PSE,2022,9,98221,0.0
PSE,2022,4,98237,0.0
PSE,2021,3,98359,0.0
NWN,2022,9,97663,0.0
CNG,2024,12,98295,0.0
PSE,2023,11,98023,0.0
Avista,2023,4,99011,0.0
Avista,2023,4,99169,0.0
Avista,2023,8,99110,0.0
Avista,2022,8,99217,0.0
PSE,2025,1,98052,0.0
PSE,2025,4,98168,0.0
NWN,2022,8,98119,0.0
PSE,2024,4,98589,0.0
PSE,2023,9,98311,0.0
PSE,2023,8,98248,0.0
Avista,2024,11,99122,0.0
PSE,2022,2,98030,0.0
PSE,2025,4,98327,0.0
PSE,2020,6,98204,0.0
CNG,2021,12,98240,0.0
CNG,2020,12,98524,0.0
CNG,2021,4,98223,0.0
CNG,2021,9,99324,0.0
Avista,2021,8,99110,0.0
PSE,2025,10,98021,0.0
PSE,2023,5,98405,0.0
PSE,2025,10,98576,0.0
Avista,2024,1,98857,0.0
NWN,2023,5,98671,0.0
PSE,2025,11,98262,0.0
PSE,2022,9,98122,0.0
PSE,2020,12,98108,0.0
CNG,2023,5,98229,0.0
Avista,2020,3,99223,0.0
NWN,2020,6,98610,0.0
Avista,2020,7,99111,0.0
Avista,2021,1,99326,0.0
Avista,2022,2,99019,0.0
CNG,2021,3,98230,0.0
PSE,2021,5,98310,0.0
PSE,2025,6,98102,0.0
Avista,2025,11,99032,0.0
PSE,2022,9,98177,0.0
PSE,2023,11,98258,0.0
PSE,2022,11,98224,0.0
PAC,2022,2,99348,0.0
Avista,2020,7,99201,0.0
CNG,2021,6,98337,0.0
PSE,2023,10,98275,0.0
PSE,2023,12,98390,0.0
CNG,2025,1,98229,0.0
CNG,2021,1,98942,0.0
PSE,2022,3,98372,0.0
PSE,2022,12,98033,0.0
NWN,2023,3,98208,0.0
PAC,2022,12,98930,0.0
PAC,2020,8,98930,0.0
PAC,2023,1,99323,0.0
NWN,2021,12,98026,0.0
NWN,2022,4,98661,0.0
Avista,2023,10,99014,0.0
Avista,2023,5,99163,0.0
CNG,2022,2,98953,0.0
PSE,2025,6,98273,0.0
CNG,2020,8,98274,0.0
Avista,2024,12,99216,0.0
PAC,2024,8,98953,0.0
Avista,2025,9,99146,0.0
PSE,2023,6,98498,0.0
PSE,2024,4,98110,0.0
CNG,2022,7,98264,0.0
PSE,2020,3,98311,0.0
PAC,2023,6,98903,0.0
NWN,2020,11,98606,0.0
NWN,2025,2,98674,0.0
Avista,2020,3,99402,0.0
PSE,2021,5,98148,0.0
Avista,2022,1,99203,0.0
NWN,2024,5,98620,0.0
PSE,2025,6,98283,0.0
CNG,2020,7,98801,0.0
CNG,2024,12,98801,0.0
PSE,2023,7,98390,0.0
NWN,2024,2,98628,0.0
CNG,2020,3,99344,267.1
PSE,2023,4,98310,0.0
NWN,2020,8,98660,0.0
CNG,2022,12,98311,0.0
PSE,2023,4,98499,0.0
PSE,2023,5,98273,0.0
Avista,2024,2,99201,0.0
PSE,2020,6,98070,0.0
PSE,2020,6,98168,0.0
PSE,2024,2,98023,0.0
PSE,2021,2,98011,0.0
PSE,2024,1,98366,0.0
Avista,2023,4,99102,0.0
CNG,2025,4,98902,0.0
Avista,2022,3,99220,0.0
PSE,2022,5,98576,0.0
PSE,2022,1,98003,0.0
Avista,2025,4,99032,0.0
PSE,2025,6,98272,0.0
PSE,2025,2,98922,0.0
PSE,2021,3,98065,0.0
Avista,2025,10,99202,0.0
PSE,2020,3,98321,0.0
CNG,2020,10,98345,0.0
Avista,2023,11,99170,0.0
PAC,2021,5,99348,0.0
NWN,2020,5,98662,0.0
PSE,2023,11,98092,0.0
CNG,2022,8,98233,0.0
PSE,2021,11,98043,0.0
NWN,2025,11,98606,0.0
Avista,2023,4,99212,0.0
NWN,2023,2,98660,0.0
Avista,2025,8,99001,0.0
PSE,2025,10,98059,0.0
PSE,2025,10,98327,0.0
PSE,2023,3,98168,0.0
CNG,2022,3,99353,0.0
Avista,2023,8,99103,0.0
PSE,2025,4,98005,0.0
PSE,2024,6,98024,0.0
PSE,2025,9,98380,0.0
CNG,2022,4,99338,0.0
NWN,2020,4,98626,0.0
Avista,2025,11,99171,0.0
Avista,2024,3,99223,0.0
PSE,2022,2,98258,0.0
PSE,2024,3,98409,0.0
Avista,2023,3,99202,0.0
PSE,2020,7,98506,0.0
Avista,2025,1,99208,0.0
CNG,2024,1,98273,0.0
CNG,2025,5,98223,0.0
CNG,2025,10,99353,0.0
Avista,2020,4,99161,0.0
PSE,2023,4,98057,0.0
PSE,2024,3,98105,0.0
Avista,2024,6,99149,0.0
PAC,2021,3,99361,0.0
Avista,2025,7,99034,0.0
PSE,2025,8,98439,0.0
Avista,2022,9,99181,0.0
NWN,2025,9,98648,0.0
PSE,2022,7,98178,0.0
Avista,2022,4,98620,0.0
NWN,2021,9,98684,0.0
PSE,2025,10,98277,0.0
PAC,2022,1,98948,0.0
PSE,2025,3,98380,0.0
CNG,2022,5,98225,0.0
CNG,2022,9,99344,0.0
PSE,2023,1,98034,0.0
PSE,2021,4,98103,0.0
Avista,2020,11,99164,0.0
CNG,2021,11,98248,0.0
PSE,2023,5,98133,0.0
Avista,2025,12,99220,0.0
Avista,2025,5,99171,0.0
PSE,2021,3,98002,0.0
CNG,2022,11,98345,0.0
Avista,2020,12,99144,0.0
NWN,2025,11,98671,0.0
PSE,2024,5,98404,0.0
Avista,2023,7,99220,0.0
PSE,2021,3,98155,0.0
NWN,2023,4,97301,0.0
Avista,2025,9,99223,0.0
NWN,2022,11,98620,0.0
PAC,2021,9,98930,0.0
NWN,2023,10,98629,0.0
CNG,2023,1,98277,0.0
PSE,2023,4,98023,0.0
PAC,2020,7,99361,0.0
CNG,2024,4,98948,0.0
CNG,2021,9,98310,0.0
PSE,2022,11,98168,0.0
NWN,2020,5,98607,0.0
NWN,2020,11,98648,0.0
PAC,2021,1,98942,0.0
PSE,2021,2,98310,0.0
Avista,2021,9,99006,0.0
PSE,2020,9,98002,0.0
Avista,2023,12,99156,0.0
PSE,2024,8,98531,0.0
Avista,2020,5,99204,0.0
PAC,2020,12,98952,0.0
PSE,2023,2,98166,0.0
NWN,2024,6,98606,0.0
PAC,2023,2,98923,0.0
NWN,2021,7,98674,0.0
PSE,2025,2,98372,0.0
PAC,2020,11,98938,0.0
PSE,2021,5,98023,0.0
Avista,2022,7,99032,0.0
PSE,2023,6,98390,0.0
CNG,2024,9,98584,0.0
CNG,2024,12,98312,0.0
Avista,2022,2,99219,0.0
PSE,2024,7,98003,0.0
CNG,2023,12,98229,0.0
CNG,2022,12,98240,0.0
PSE,2024,6,98516,0.0
Avista,2021,5,99013,0.0
CNG,2025,10,98232,0.0
CNG,2021,12,99344,0.0
Avista,2022,2,99001,0.0
PSE,2025,6,98092,0.0
PAC,2023,10,98937,0.0
Avista,2022,6,99103,0.0
CNG,2020,12,98312,0.0
NWN,2020,12,98661,0.0
PSE,2021,2,98092,0.0
PSE,2024,5,98007,0.0
Avista,2024,1,99151,0.0
CNG,2022,2,98524,0.0
NWN,2020,3,98864,0.0
PSE,2023,4,98255,0.0
Avista,2023,7,98857,0.0
CNG,2023,5,98295,0.0
Avista,2024,3,99216,0.0
PSE,2024,8,98022,0.0
PSE,2024,9,98052,0.0
PAC,2021,5,99363,0.0
PAC,2024,8,98902,0.0
PSE,2023,3,98230,0.0
Avista,2024,2,99403,0.0
PSE,2024,4,98221,0.0
Avista,2023,6,99174,0.0
Avista,2022,1,99018,0.0
CNG,2021,4,99344,0.0
PSE,2025,7,98232,0.0
Avista,2024,8,99037,0.0
CNG,2021,6,98802,0.0
PSE,2021,8,98034,0.0
NWN,2023,12,98635,0.0
PSE,2020,11,98118,0.0
PSE,2023,4,98155,0.0
CNG,2025,1,98221,0.0
Avista,2025,3,99025,0.0
CNG,2024,3,98901,0.0
Avista,2021,6,99207,0.0
NWN,2024,7,98662,0.0
PSE,2020,5,98512,0.0
PSE,2022,10,98374,0.0
NWN,2020,12,98642,0.0
Avista,2025,12,99131,0.0
PSE,2022,1,98030,0.0
PSE,2021,2,98275,0.0
Avista,2021,3,99164,0.0
Avista,2023,9,99114,0.0
CNG,2023,11,99350,0.0
Avista,2020,5,99176,0.0
Avista,2024,11,99033,0.0
PSE,2022,10,98029,0.0
Avista,2021,6,99104,0.0
NWN,2020,11,98629,0.0
CNG,2025,3,98312,0.0
PSE,2024,6,98310,0.0
CNG,2022,4,98383,0.0
NWN,2024,2,98607,0.0
PSE,2025,3,98008,0.0
CNG,2020,5,98221,0.0
PSE,2025,1,98512,0.0
PSE,2022,7,98284,0.0
PSE,2021,10,98117,0.0
CNG,2025,5,98312,0.0
Avista,2023,11,99110,0.0
CNG,2022,12,98942,0.0
PSE,2020,8,98370,0.0
NWN,2021,8,98648,0.0
PSE,2024,7,98516,0.0
PSE,2020,6,98391,0.0
CNG,2024,7,99324,0.0
Avista,2021,8,99004,0.0
PSE,2022,9,98446,0.0
NWN,2021,10,98629,0.0
PSE,2022,4,98053,0.0
Avista,2024,3,99019,0.0
Avista,2020,6,99021,0.0
Avista,2022,1,99220,0.0
NWN,2022,1,98606,0.0
CNG,2022,7,98232,0.0
PAC,2023,10,98936,0.0
PSE,2023,12,98271,0.0
CNG,2021,7,99338,0.0
PSE,2020,5,98230,0.0
PSE,2024,6,98203,0.0
CNG,2021,3,98901,0.0
CNG,2021,2,98277,0.0
PSE,2025,1,98108,0.0
Avista,2025,10,99110,0.0
NWN,2022,8,97663,0.0
PSE,2025,8,98203,0.0
PSE,2023,6,98366,0.0
PSE,2020,4,98121,0.0
PSE,2025,4,98117,0.0
PSE,2022,6,98501,0.0
Avista,2021,11,99126,0.0
CNG,2023,7,98948,0.0
CNG,2021,8,98232,0.0
CNG,2022,11,98225,0.0
CNG,2022,10,98240,0.0
PSE,2025,5,98045,0.0
CNG,2025,8,98292,0.0
Avista,2022,9,99212,0.0
PAC,2022,1,99350,0.0
PAC,2023,9,98930,0.0
PSE,2023,4,98203,0.0
PSE,2023,11,98022,0.0
Avista,2025,2,99174,0.0
PSE,2025,9,98204,0.0
PSE,2022,11,98255,0.0
PSE,2022,5,98502,0.0
CNG,2022,4,98277,0.0
PSE,2025,7,98374,0.0
CNG,2025,9,98951,0.0
NWN,2021,12,98674,0.0
PSE,2022,2,98125,0.0
CNG,2025,7,98223,0.0
Avista,2023,6,99203,0.0
CNG,2020,3,98802,31.32
Avista,2023,1,99022,0.0
Avista,2023,3,99223,0.0
NWN,2025,3,98684,0.0
Avista,2021,1,99023,0.0
CNG,2024,3,98550,0.0
CNG,2023,3,98292,0.0
PSE,2025,4,98262,0.0
Avista,2020,7,99125,0.0
Avista,2023,1,99129,0.0
CNG,2023,8,98611,0.0
PSE,2024,9,98110,0.0
Avista,2023,7,99148,0.0
CNG,2021,12,98557,0.0
CNG,2024,5,98311,0.0
PSE,2021,7,98072,0.0
PSE,2021,10,98101,0.0
Avista,2022,5,99201,0.0
CNG,2021,4,99337,0.0
PSE,2024,8,98321,0.0
Avista,2024,11,99134,0.0
PSE,2020,9,98051,0.0
PSE,2023,12,98370,0.0
PSE,2020,6,98230,0.0
PSE,2024,7,98224,0.0
Avista,2024,4,99101,0.0
PAC,2023,3,98951,0.0
CNG,2022,1,99337,0.0
PAC,2023,4,98944,0.0
PSE,2023,2,98198,0.0
Avista,2021,8,99026,0.0
NWN,2023,4,98665,0.0
CNG,2021,4,98271,0.0
PAC,2022,4,99348,0.0
PSE,2024,11,98346,0.0
PSE,2022,12,98390,0.0
NWN,2021,12,98610,0.0
PSE,2022,2,98057,0.0
Avista,2023,8,99217,0.0
Avista,2025,5,99109,0.0
CNG,2020,6,98584,0.0
PAC,2021,1,99348,0.0
PSE,2024,3,98166,0.0
PSE,2022,4,98177,0.0
PSE,2022,6,98121,0.0
Avista,2025,6,99039,0.0
PSE,2020,10,98028,0.0
CNG,2023,8,98310,0.0
PSE,2021,8,98030,0.0
CNG,2021,3,98247,0.0
PSE,2024,4,98360,0.0
NWN,2025,8,98666,0.0
PSE,2025,10,98273,0.0
PSE,2022,2,98275,0.0
PSE,2020,10,98106,0.0
Avista,2020,6,99171,0.0
CNG,2021,7,98625,0.0
PAC,2023,5,98923,0.0
PSE,2021,11,98589,0.0
CNG,2022,6,98524,0.0
Avista,2021,12,99008,0.0
NWN,2025,12,98620,0.0
NWN,2021,7,98620,0.0
Avista,2021,8,99160,0.0
Avista,2025,1,99185,0.0
PSE,2025,1,98006,0.0
CNG,2023,8,98247,0.0
PSE,2024,6,98103,0.0
Avista,2021,3,99008,0.0
CNG,2025,12,98902,0.0
CNG,2023,5,98257,0.0
CNG,2024,7,98221,0.0
Avista,2020,5,99128,0.0
Avista,2025,7,99027,0.0
Avista,2020,10,99026,0.0
PSE,2021,9,98012,0.0
CNG,2022,1,99336,0.0
PSE,2024,4,98513,0.0
Avista,2022,4,99171,0.0
NWN,2025,6,98617,0.0
PSE,2025,3,98146,0.0
PSE,2023,7,98101,0.0
Avista,2025,3,99202,0.0
Avista,2023,6,99018,0.0
PSE,2023,5,98532,0.0
PSE,2022,12,98030,0.0
PSE,2023,1,98012,0.0
NWN,2024,2,98665,0.0
Avista,2020,3,99025,0.0
PSE,2025,5,98022,0.0
Avista,2021,10,99220,0.0
CNG,2025,2,98314,0.0
PSE,2023,7,98047,0.0
Avista,2022,1,99403,0.0
PSE,2020,11,98926,0.0
PSE,2025,10,98502,0.0
PSE,2023,2,98116,0.0
PSE,2023,10,98405,0.0
Avista,2024,7,99103,0.0
PAC,2024,11,98942,0.0
PSE,2020,5,98019,0.0
NWN,2021,8,98617,0.0
Avista,2021,4,99013,0.0
NWN,2023,2,98629,0.0
Avista,2022,10,99219,0.0
NWN,2022,6,98307,0.0
PSE,2025,11,98373,0.0
PSE,2022,11,98125,0.0
PSE,2020,8,98926,0.0
PSE,2022,11,98203,0.0
Avista,2025,9,99006,0.0
PSE,2022,2,98037,0.0
PAC,2021,9,99328,0.0
Avista,2023,6,99156,0.0
PSE,2025,11,98022,0.0
Avista,2022,12,98620,0.0
PSE,2025,9,98032,0.0
CNG,2025,6,98944,0.0
PSE,2025,4,98225,0.0
PSE,2025,1,98056,0.0
PAC,2023,7,98937,0.0
CNG,2020,4,98951,0.0
Avista,2024,11,99008,0.0
CNG,2024,12,99354,0.0
CNG,2021,9,98229,0.0
PSE,2024,4,98007,0.0
NWN,2020,11,98664,0.0
Avista,2021,1,99111,0.0
PSE,2023,3,98503,0.0
Avista,2021,9,99001,0.0
PSE,2023,1,98059,0.0
PSE,2021,9,98155,0.0
Avista,2021,6,99018,0.0
CNG,2020,12,98229,0.0
Avista,2022,1,99020,0.0
CNG,2021,4,99354,0.0
Avista,2024,12,99161,0.0
PSE,2024,4,98402,0.0
PSE,2021,5,98404,0.0
PSE,2021,8,98274,0.0
Avista,2020,6,99134,0.0
CNG,2020,2,99323,0.0
NWN,2022,1,98661,0.0
Avista,2024,7,99174,0.0
PSE,2021,12,98178,0.0
PSE,2021,1,98052,0.0
PAC,2020,4,98932,0.0
PSE,2024,7,98346,0.0
Avista,2021,2,99005,0.0
CNG,2025,3,99350,0.0
PAC,2023,1,99324,0.0
PSE,2025,8,98406,0.0
PAC,2022,6,98933,0.0
PSE,2024,12,98040,0.0
Avista,2020,5,99110,0.0
Avista,2025,6,99036,0.0
NWN,2022,8,98683,0.0
CNG,2025,11,99324,0.0
NWN,2022,1,98026,0.0
Avista,2023,3,98648,0.0
PSE,2024,6,98208,0.0
Avista,2022,2,99009,0.0
CNG,2021,7,99350,0.0
PSE,2024,10,98030,0.0
NWN,2023,8,98663,0.0
PSE,2025,5,98037,0.0
CNG,2021,7,98220,0.0
PSE,2020,10,98926,0.0
Avista,2024,8,99207,0.0
PSE,2024,6,98126,0.0
PSE,2020,9,98032,0.0
Avista,2021,10,99103,0.0
PSE,2023,6,98155,0.0
PSE,2024,3,98188,0.0
CNG,2020,1,98311,0.0
PSE,2021,5,98321,0.0
NWN,2023,6,98684,0.0
PSE,2021,9,98052,0.0
CNG,2023,11,98557,0.0
Avista,2025,2,99159,0.0
CNG,2021,2,98220,0.0
NWN,2020,8,98686,0.0
PSE,2021,3,98103,0.0
CNG,2022,5,98230,0.0
NWN,2024,4,98601,0.0
Avista,2025,8,99138,0.0
NWN,2022,7,98606,0.0
NWN,2022,11,98606,0.0
PSE,2020,3,98225,0.0
Avista,2023,3,99001,0.0
PSE,2022,12,98273,0.0
CNG,2022,12,98221,0.0
PSE,2021,8,98033,0.0
Avista,2023,9,99023,0.0
Avista,2020,3,99219,0.0
Avista,2025,6,99207,0.0
Avista,2023,7,99206,0.0
NWN,2023,3,98610,0.0
PSE,2024,6,98512,0.0
PSE,2021,8,98092,0.0
PSE,2021,9,98390,0.0
Avista,2025,12,99164,0.0
CNG,2023,4,98541,0.0
NWN,2022,2,97388,0.0
Avista,2022,2,99148,0.0
NWN,2023,5,98208,0.0
CNG,2020,7,98541,0.0
Avista,2021,8,99111,0.0
PSE,2024,6,98221,0.0
NWN,2021,2,98674,0.0
PSE,2025,8,98198,0.0
Avista,2020,10,99016,0.0
Avista,2025,2,99146,0.0
Avista,2021,8,99176,0.0
PSE,2025,12,98155,0.0
Avista,2020,5,99008,0.0
PSE,2022,11,98027,0.0
PSE,2021,6,98043,0.0
NWN,2022,3,98642,0.0
PSE,2021,7,98257,0.0
PSE,2023,9,98034,0.0
PSE,2021,4,98271,0.0
Avista,2025,5,99034,0.0
PSE,2025,9,98045,0.0
PSE,2021,1,98074,0.0
PAC,2025,6,98923,0.6
PSE,2022,7,98388,0.0
PSE,2025,5,98168,0.0
PSE,2025,2,98027,0.0
PSE,2025,3,98934,0.0
CNG,2025,1,98848,0.0
PSE,2022,3,98311,0.0
CNG,2022,9,98274,0.0
CNG,2024,6,98264,0.0
CNG,2020,10,98229,0.0
PSE,2024,12,98271,0.0
NWN,2024,9,98675,0.0
PSE,2020,11,98596,0.0
PSE,2022,8,98373,0.0
PSE,2025,7,98055,0.0
Avista,2024,7,99219,0.0
Avista,2023,12,99167,0.0
PSE,2025,12,98125,0.0
Avista,2024,4,99031,0.0
PAC,2020,7,99347,0.0
CNG,2023,9,98901,0.0
CNG,2021,9,98257,0.0
PSE,2024,3,98516,0.0
PSE,2022,9,98270,0.0
CNG,2024,12,98345,0.0
Avista,2020,12,99030,0.0
CNG,2021,3,98903,0.0
Avista,2023,7,98620,0.0
CNG,2022,7,98284,0.0
Avista,2025,8,99003,0.0
NWN,2020,12,98660,0.0
PSE,2022,3,98101,0.0
PSE,2023,8,98273,0.0
Avista,2022,3,99125,0.0
PSE,2023,3,98118,0.0
Avista,2022,4,99137,0.0
CNG,2024,4,98584,0.0
NWN,2023,6,98307,0.0
Avista,2021,9,99335,0.0
PSE,2024,4,98374,0.0
CNG,2024,6,99336,0.0
Avista,2022,6,99101,0.0
NWN,2021,4,98626,0.0
Avista,2020,11,99143,0.0
PSE,2022,1,98359,0.0
PSE,2023,5,98021,0.0
CNG,2020,3,98225,730.24
PSE,2022,2,98439,0.0
PSE,2020,3,98148,0.0
Avista,2024,3,99148,0.0
Avista,2021,5,99146,0.0
CNG,2021,9,98366,0.0
Avista,2024,9,99025,0.0
CNG,2021,7,98233,0.0
CNG,2021,9,98274,0.0
PSE,2024,11,98118,0.0
CNG,2025,7,98312,0.0
Avista,2023,11,99111,0.0
CNG,2024,12,98936,0.0
CNG,2021,10,98233,0.0
PSE,2023,1,98424,0.0
NWN,2023,5,98666,0.0
CNG,2020,8,98944,0.0
NWN,2021,8,98606,0.0
PSE,2020,7,98366,0.0
CNG,2023,2,98625,0.0
PSE,2021,12,98338,0.0
PSE,2021,10,98275,0.0
PSE,2025,1,98244,0.0
PAC,2024,1,99361,0.0
PSE,2024,4,98576,0.0
PSE,2023,8,98373,0.0
CNG,2024,5,98367,0.0
PAC,2023,5,98953,0.0
Avista,2021,5,99131,0.0
PSE,2024,7,98424,0.0
PSE,2025,3,98506,0.0
CNG,2021,2,98383,0.0
Avista,2024,4,99030,0.0
PSE,2024,1,98030,0.0
Avista,2025,2,99167,0.0
Avista,2020,9,99203,0.0
PSE,2023,10,98007,0.0
PSE,2022,10,98516,0.0
PSE,2021,3,98346,0.0
PSE,2020,6,98105,0.0
PSE,2021,10,98232,0.0
CNG,2024,3,98584,0.0
CNG,2021,12,98383,0.0
PAC,2022,12,98935,0.0
CNG,2021,11,98953,0.0
NWN,2022,1,98601,0.0
PSE,2023,7,98388,0.0
Avista,2021,9,99137,0.0
CNG,2023,9,98273,0.0
PAC,2023,9,98902,0.0
PSE,2024,3,98178,0.0
PSE,2023,5,98028,0.0
Avista,2023,12,99006,0.0
Avista,2020,10,99164,0.0
Avista,2021,2,99022,0.0
PAC,2023,1,98953,0.0
Avista,2021,3,98857,0.0
PSE,2023,7,98284,0.0
PSE,2025,7,98122,0.0
PAC,2024,1,99329,0.0
Avista,2022,4,99163,0.0
Avista,2024,7,99111,0.0
PSE,2020,11,98499,0.0
NWN,2021,11,98672,0.0
PSE,2024,1,98239,0.0
PAC,2024,4,98936,0.0
NWN,2025,2,98664,0.0
PSE,2022,2,98110,0.0
NWN,2023,3,98648,0.0
Avista,2025,9,98620,0.0
Avista,2024,3,99151,0.0
NWN,2024,7,98606,0.0
NWN,2023,10,98612,0.0
PSE,2021,6,98203,0.0
Avista,2022,2,99402,0.0
PAC,2020,3,99362,2273.0
Avista,2022,9,99156,0.0
Avista,2021,1,99344,0.0
PSE,2021,12,98402,0.0
NWN,2024,11,98639,0.0
PSE,2022,9,98108,0.0
Avista,2024,5,99224,0.0
CNG,2021,9,99323,0.0
PSE,2023,12,98030,0.0
Avista,2023,9,99173,0.0
PSE,2024,7,98596,0.0
Avista,2021,1,99034,0.0
PSE,2021,10,98233,0.0
CNG,2023,11,98226,0.0
CNG,2023,2,98220,0.0
CNG,2020,2,99353,0.0
Avista,2020,7,99001,0.0
NWN,2021,9,98601,0.0
PSE,2025,6,98225,0.0
NWN,2020,7,98672,0.0
Avista,2021,5,99179,0.0
NWN,2020,12,98612,0.0
PAC,2021,12,98935,0.0
Avista,2022,8,99109,0.0
Avista,2025,9,99169,0.0
PSE,2022,9,98032,0.0
PSE,2025,7,98499,0.0
PSE,2021,8,98027,0.0
NWN,2022,5,98682,0.0
CNG,2024,2,98903,0.0
PAC,2024,10,98923,0.0
PSE,2025,12,98934,0.0
Avista,2022,9,99341,0.0
CNG,2021,8,98225,0.0
Avista,2020,3,99208,0.0
CNG,2021,10,98223,0.0
PSE,2025,1,98270,0.0
PSE,2021,6,98177,0.0
PSE,2025,9,98208,0.0
PSE,2021,10,98370,0.0
Avista,2020,10,99008,0.0
PSE,2025,4,98402,0.0
PAC,2025,12,98951,1.95
PSE,2024,11,98203,0.0
PSE,2020,7,98392,0.0
PSE,2020,9,98388,0.0
Avista,2025,3,99128,0.0
Avista,2025,1,99171,0.0
CNG,2020,2,98901,0.0
PAC,2022,10,98938,0.0
PSE,2024,3,98038,0.0
PAC,2020,10,99362,0.0
Avista,2023,9,99207,0.0
Avista,2023,12,99149,0.0
NWN,2023,3,98612,0.0
Avista,2025,4,99220,0.0
PSE,2023,9,98277,0.0
CNG,2020,6,98528,0.0
PSE,2020,10,98424,0.0
Avista,2021,12,98648,0.0
NWN,2021,1,98119,0.0
CNG,2020,9,98310,0.0
Avista,2022,8,99148,0.0
CNG,2021,8,99338,0.0
PSE,2021,6,98033,0.0
PSE,2020,8,98109,0.0
PAC,2021,11,98908,0.0
PSE,2023,12,98418,0.0
Avista,2022,11,99159,0.0
Avista,2025,9,99001,0.0
PSE,2025,10,98056,0.0
PSE,2025,5,98366,0.0
CNG,2021,4,98848,0.0
Avista,2022,1,99159,0.0
PSE,2024,12,98125,0.0
CNG,2024,9,98953,0.0
PSE,2024,4,98371,0.0
PSE,2023,6,98406,0.0
PSE,2020,6,98109,0.0
PSE,2022,4,98467,0.0
Avista,2025,12,99179,0.0
CNG,2020,5,98276,0.0
PAC,2024,6,99324,0.0
Avista,2025,9,99016,0.0
PSE,2021,2,98052,0.0
NWN,2024,4,98125,0.0
NWN,2020,4,98606,1.08
Avista,2023,6,99224,0.0
Avista,2024,10,99205,0.0
PSE,2024,11,98255,0.0
PSE,2023,7,98512,0.0
Avista,2022,9,98857,0.0
CNG,2022,10,98282,0.0
PAC,2022,12,98902,0.0
Avista,2024,3,99326,0.0
Avista,2020,6,99163,0.0
PSE,2025,9,98198,0.0
PSE,2021,5,98126,0.0
Avista,2025,2,99128,0.0
PSE,2025,3,98126,0.0
Avista,2023,10,99206,0.0
PSE,2024,11,98042,0.0
Avista,2022,4,99326,0.0
Avista,2021,11,99163,0.0
PAC,2021,10,98951,0.0
PSE,2024,6,98502,0.0
NWN,2021,3,98307,0.0
PSE,2021,1,98262,0.0
Avista,2020,5,99371,0.0
CNG,2021,3,98948,0.0
PSE,2024,4,98383,0.0
Avista,2020,11,99173,0.0
PSE,2022,9,98065,0.0
CNG,2021,12,98626,0.0
PSE,2022,8,98028,0.0
PSE,2024,12,98284,0.0
CNG,2021,11,98282,0.0
Avista,2024,3,99126,0.0
Avista,2023,12,99143,0.0
PSE,2025,6,98374,0.0
PSE,2024,9,98926,0.0
PSE,2025,8,98008,0.0
CNG,2020,3,98226,688.2
PSE,2023,8,98272,0.0
PSE,2025,1,98110,0.0
PSE,2021,7,98467,0.0
CNG,2024,7,98366,0.0
PSE,2020,5,98406,0.0
CNG,2021,12,98944,0.0
CNG,2022,5,98557,0.0
NWN,2020,10,98119,0.0
PSE,2025,5,98371,0.0
PSE,2024,6,98374,0.0
CNG,2022,9,99336,0.0
CNG,2021,8,98930,0.0
PSE,2024,5,98503,0.0
Avista,2025,2,99224,0.0
CNG,2022,7,98625,0.0
Avista,2020,11,99031,0.0
PSE,2022,7,98117,0.0
NWN,2023,8,98671,0.0
PSE,2023,2,98102,0.0
Avista,2023,6,99185,0.0
CNG,2022,12,98337,0.0
PSE,2023,11,98057,0.0
PAC,2021,2,98953,0.0
NWN,2024,2,98617,0.0
Avista,2024,3,99036,0.0
CNG,2025,8,98584,0.0
Avista,2022,5,99110,0.0
Avista,2025,1,99326,0.0
CNG,2022,2,98367,0.0
Avista,2024,5,99223,0.0
PSE,2021,9,98106,0.0
CNG,2022,7,98520,0.0
Avista,2023,6,99335,0.0
PSE,2025,1,98010,0.0
CNG,2023,3,98632,0.0
Avista,2023,4,99020,0.0
PSE,2024,6,98596,0.0
PSE,2022,2,98260,0.0
PSE,2025,5,98258,0.0
PSE,2023,9,98233,0.0
Avista,2021,1,99101,0.0
PSE,2023,9,98531,0.0
PSE,2025,11,98033,0.0
CNG,2025,1,99324,0.0
CNG,2021,3,98229,0.0
Avista,2024,12,98648,0.0
NWN,2024,1,98119,0.0
Avista,2025,7,99173,0.0
CNG,2022,2,98229,0.0
CNG,2024,12,98557,0.0
PSE,2025,8,98444,0.0
NWN,2021,2,98663,0.0
PSE,2021,8,98051,0.0
CNG,2021,9,99301,0.0
PSE,2025,3,98003,0.0
CNG,2023,7,98524,0.0
PAC,2022,8,99363,0.0
PSE,2024,9,98103,0.0
NWN,2022,11,98612,0.0
Avista,2024,5,99201,0.0
Avista,2025,12,99005,0.0
PSE,2020,12,98074,0.0
CNG,2021,10,98273,0.0
PSE,2021,12,98047,0.0
PSE,2020,3,98004,0.0
CNG,2023,3,98848,0.0
PSE,2021,10,98006,0.0
PSE,2024,12,98203,0.0
PSE,2022,3,98934,0.0
CNG,2023,12,98674,0.0
PSE,2025,8,98201,0.0
PSE,2025,7,98466,0.0
Avista,2021,7,99014,0.0
PSE,2020,12,98934,0.0
Avista,2020,12,99179,0.0
PSE,2025,2,98418,0.0
PSE,2025,6,98106,0.0
CNG,2022,2,98248,0.0
PAC,2021,1,98944,0.0
Avista,2024,5,99117,0.0
PSE,2022,8,98006,0.0
PSE,2025,10,98262,0.0
Avista,2021,11,99218,0.0
CNG,2020,10,98312,0.0
PSE,2024,6,98042,0.0
PSE,2021,7,98513,0.0
Avista,2020,5,99006,0.0
PSE,2021,8,98001,0.0
NWN,2024,9,98682,0.0
CNG,2024,6,98674,0.0
CNG,2022,2,98625,0.0
PSE,2020,4,98119,0.0
Avista,2025,1,99117,0.0
PSE,2023,5,98311,0.0
NWN,2022,12,98672,0.0
Avista,2024,11,99009,0.0
Avista,2022,11,99219,0.0
CNG,2020,3,98229,574.65
Avista,2025,9,99019,0.0
Avista,2021,12,99169,0.0
CNG,2025,8,98948,0.0
PSE,2023,10,98116,0.0
Avista,2022,2,99103,0.0
CNG,2021,2,99352,0.0
PSE,2022,11,98383,0.0
PAC,2023,12,98903,0.0
Avista,2022,3,99207,0.0
PSE,2025,1,98125,0.0
PSE,2021,6,98028,0.0
Avista,2020,4,99117,0.0
PSE,2020,6,98043,0.0
PSE,2021,1,98051,0.0
PSE,2023,1,98409,0.0
PSE,2024,12,98503,0.0
Avista,2025,8,99335,0.0
PSE,2023,9,98032,0.0
PSE,2021,3,98024,0.0
Avista,2025,2,99130,0.0
CNG,2025,8,98225,0.0
Avista,2024,2,99018,0.0
PSE,2020,9,98092,0.0
NWN,2025,12,98208,0.0
PAC,2024,3,99329,0.0
Avista,2022,1,99217,0.0
PAC,2020,8,99328,0.0
PSE,2021,2,98232,0.0
Avista,2022,6,99223,0.0
Avista,2024,7,99102,0.0
Avista,2021,10,99040,0.0
NWN,2020,8,98664,0.0
PSE,2023,11,98204,0.0
CNG,2020,7,98229,0.0
NWN,2024,2,98668,0.0
NWN,2025,1,98127,0.0
Avista,2025,12,99004,0.0
PSE,2024,4,98133,0.0
Avista,2022,4,99218,0.0
PSE,2023,9,98342,0.0
Avista,2023,11,99020,0.0
Avista,2025,12,99217,0.0
PSE,2023,4,98402,0.0
PSE,2022,8,98445,0.0
CNG,2020,2,98802,0.0
NWN,2021,2,98626,0.0
PSE,2023,6,98004,0.0
PSE,2025,9,98072,0.0
Avista,2021,12,99114,0.0
PSE,2021,12,98516,0.0
NWN,2020,5,98682,0.0
PSE,2024,10,98271,0.0
CNG,2023,5,98541,0.0
PSE,2020,5,98579,0.0
PSE,2021,6,98597,0.0
PSE,2022,5,98406,0.0
PSE,2024,9,98499,0.0
PSE,2021,7,98116,0.0
Avista,2021,4,99032,0.0
Avista,2023,12,99003,0.0
Avista,2023,9,99130,0.0
PSE,2024,10,98337,0.0
NWN,2021,5,98626,0.0
PAC,2024,10,98944,0.0
PSE,2022,2,98424,0.0
Avista,2022,9,99167,0.0
Avista,2022,12,99006,0.0
Avista,2023,10,99016,0.0
Avista,2024,2,99039,0.0
PSE,2025,10,98019,0.0
PSE,2021,9,98260,0.0
Avista,2023,5,99128,0.0
PSE,2025,6,98290,0.0
PSE,2024,6,98102,0.0
PSE,2024,4,98532,0.0
Avista,2024,3,99101,0.0
PAC,2024,8,99328,0.0
CNG,2024,2,98273,0.0
PSE,2024,7,98387,0.0
NWN,2023,7,98682,0.0
Avista,2024,6,99004,0.0
PAC,2023,10,98921,0.0
Avista,2023,12,99403,0.0
PSE,2022,5,98011,0.0
Avista,2025,4,99114,0.0
PSE,2023,11,98058,0.0
PSE,2020,3,98272,0.0
Avista,2025,11,99104,0.0
Avista,2021,7,99137,0.0
Avista,2021,9,99403,0.0
PSE,2022,4,98024,0.0
PSE,2020,4,98260,0.0
PSE,2021,5,98335,0.0
PSE,2023,3,98499,0.0
Avista,2023,7,99402,0.0
CNG,2025,7,99337,0.0
PSE,2023,10,98372,0.0
Avista,2021,7,99103,0.0
Avista,2024,1,99126,0.0
PSE,2021,3,98406,0.0
CNG,2020,4,98345,0.0
PAC,2023,6,98901,0.0
CNG,2021,9,99344,0.0
PSE,2023,7,98346,0.0
PAC,2022,8,98933,0.0
CNG,2024,10,98520,0.0
PSE,2022,11,98198,0.0
Avista,2024,11,99212,0.0
NWN,2020,4,98639,0.0
PSE,2023,1,98146,0.0
PSE,2022,2,98418,0.0
PSE,2024,10,98596,0.0
CNG,2022,3,98802,0.0
CNG,2020,4,98908,0.0
NWN,2021,12,98617,0.0
NWN,2025,10,98629,0.0
Avista,2021,4,98648,0.0
CNG,2022,11,98801,0.0
CNG,2022,6,98282,0.0
PSE,2025,7,98043,0.0
CNG,2025,7,98248,0.0
CNG,2021,3,98563,0.0
Avista,2025,8,99179,0.0
Avista,2025,4,99141,0.0
NWN,2024,6,98635,0.0
Avista,2023,11,99223,0.0
PSE,2023,12,98011,0.0
Avista,2021,11,98648,0.0
PSE,2021,5,98275,0.0
PSE,2020,5,98024,0.0
PSE,2025,8,98391,0.0
PSE,2024,8,98371,0.0
CNG,2023,6,98220,0.0
CNG,2024,5,98295,0.0
PSE,2023,2,98589,0.0
Avista,2020,6,99104,0.0
Avista,2021,11,99036,0.0
PAC,2023,11,98901,0.0
PSE,2024,12,98010,0.0
Avista,2023,5,99018,0.0
PSE,2022,11,98042,0.0
CNG,2024,4,98311,0.0
CNG,2022,9,98848,0.0
PSE,2021,12,98072,0.0
PSE,2024,12,98360,0.0
PSE,2024,12,98926,0.0
Avista,2020,10,99029,0.0
PSE,2025,6,98310,0.0
CNG,2024,12,98264,0.0
CNG,2020,12,98230,0.0
Avista,2021,6,99185,0.0
NWN,2020,8,98671,0.0
PSE,2020,9,98446,0.0
CNG,2022,10,99353,0.0
CNG,2020,10,98232,0.0
CNG,2020,12,99301,0.0
Avista,2025,4,99181,0.0
CNG,2020,7,98223,0.0
Avista,2024,6,99036,0.0
PSE,2025,11,98346,0.0
NWN,2022,3,97031,0.0
Avista,2021,6,99030,0.0
NWN,2020,5,98307,0.0
PSE,2021,10,98010,0.0
Avista,2022,7,99129,0.0
Avista,2025,2,99032,0.0
Avista,2025,5,99113,0.0
PSE,2022,12,98023,0.0
Avista,2021,7,99208,0.0
PSE,2022,8,98375,0.0
PSE,2024,10,98503,0.0
CNG,2023,7,99337,0.0
CNG,2023,6,98345,0.0
PAC,2024,8,98923,0.0
PSE,2022,9,98056,0.0
Avista,2020,8,99110,0.0
PAC,2023,7,98953,0.0
PAC,2021,12,99329,0.0
NWN,2021,4,98639,0.0
Avista,2022,1,99122,0.0
Avista,2024,6,99173,0.0
Avista,2024,2,99004,0.0
PSE,2025,8,98105,0.0
Avista,2025,9,99030,0.0
Avista,2025,11,99037,0.0
Avista,2024,4,99219,0.0
Avista,2022,9,99113,0.0
PSE,2023,4,98596,0.0
Avista,2022,6,98620,0.0
CNG,2020,9,98273,0.0
NWN,2020,3,98666,0.0
Avista,2021,11,99207,0.0
PSE,2022,11,98366,0.0
PSE,2024,7,98327,0.0
PSE,2024,2,98070,0.0
PSE,2024,2,98028,0.0
CNG,2022,2,98221,0.0
PSE,2020,3,98405,0.0
PSE,2024,2,98501,0.0
Avista,2023,4,99185,0.0
Avista,2025,4,99156,0.0
NWN,2023,10,98762,0.0
PSE,2023,4,98589,0.0
PAC,2025,10,98948,35.37
PSE,2021,10,98467,0.0
NWN,2021,4,98635,0.0
CNG,2023,6,98848,0.0
NWN,2023,7,98208,0.0
PSE,2022,7,98424,0.0
PSE,2025,3,98092,0.0
CNG,2025,5,98247,0.0
CNG,2023,4,98225,0.0
PSE,2020,4,98446,0.0
PSE,2022,5,98052,0.0
CNG,2021,10,98274,0.0
PSE,2023,1,98367,0.0
PAC,2023,2,98953,0.0
PSE,2023,4,98051,0.0
CNG,2021,4,98611,0.0
Avista,2025,7,99223,0.0
CNG,2023,9,98520,0.0
CNG,2022,6,98295,0.0
PSE,2025,4,98233,0.0
Avista,2025,6,99201,0.0
Avista,2025,2,99004,0.0
NWN,2024,12,98617,0.0
PSE,2023,7,98106,0.0
PAC,2025,10,98936,1.36
PSE,2023,11,98118,0.0
PAC,2023,10,99329,0.0
Avista,2024,5,99171,0.0
Avista,2024,4,99220,0.0
PSE,2020,3,98284,0.0
PSE,2023,7,98446,0.0
CNG,2024,1,99362,0.0
Avista,2022,4,99260,0.0
PSE,2024,8,98121,0.0
PSE,2022,9,98244,0.0
PSE,2020,6,98198,0.0
PSE,2020,6,98144,0.0
Avista,2023,4,99204,0.0
PSE,2020,11,98589,0.0
PSE,2023,6,98503,0.0
NWN,2023,9,98682,0.0
PSE,2022,5,98262,0.0
Avista,2021,3,99026,0.0
PSE,2022,6,98380,0.0
Avista,2024,6,99109,0.0
CNG,2023,10,98632,0.0
Avista,2020,11,99001,0.0
Avista,2021,7,99034,0.0
PSE,2024,1,98003,0.0
PAC,2025,4,98936,3.69
Avista,2020,7,99149,0.0
NWN,2024,8,98674,0.0
PAC,2024,11,99350,0.0
CNG,2021,6,98520,0.0
CNG,2020,1,98848,0.0
PSE,2025,7,98503,0.0
PSE,2025,9,98271,0.0
CNG,2023,5,98550,0.0
CNG,2020,11,98557,0.0
PSE,2020,4,98367,0.0
Avista,2022,3,99110,0.0
Avista,2022,7,99206,0.0
NWN,2024,12,98628,0.0
NWN,2021,12,98672,0.0
PSE,2023,8,98007,0.0
NWN,2024,11,98607,0.0
PSE,2022,4,98380,0.0
PAC,2021,8,99347,0.0
PAC,2020,12,98920,0.0
Avista,2023,11,99326,0.0
NWN,2023,1,98307,0.0
Avista,2021,4,99149,0.0
CNG,2023,1,98837,0.0
Avista,2020,8,99157,0.0
NWN,2020,11,98864,0.0
PSE,2024,7,98166,0.0
PSE,2020,7,98367,0.0
PSE,2025,2,98409,0.0
Avista,2021,9,99117,0.0
CNG,2023,1,98230,0.0
CNG,2021,2,98226,0.0
CNG,2021,9,98625,0.0
PSE,2025,11,98383,0.0
PSE,2020,7,98513,0.0
PAC,2024,11,99329,0.0
PSE,2024,6,98258,0.0
Avista,2020,6,99113,0.0
PSE,2024,9,98502,0.0
Avista,2022,4,99032,0.0
CNG,2025,9,98541,0.0
PAC,2020,4,98920,0.0
PSE,2025,12,98036,0.0
PSE,2025,1,98321,0.0
CNG,2023,5,98282,0.0
CNG,2022,2,98383,0.0
PSE,2022,4,98059,0.0
CNG,2020,12,99344,0.0
CNG,2021,3,98524,0.0
CNG,2023,4,98276,0.0
Avista,2020,8,99104,0.0
PSE,2020,3,98335,0.0
Avista,2021,10,99218,0.0
Avista,2025,5,99036,0.0
Avista,2021,1,99217,0.0
CNG,2020,6,99353,0.0
PSE,2023,11,98262,0.0
PSE,2021,9,98177,0.0
PSE,2023,8,98370,0.0
Avista,2025,12,99228,0.0
PSE,2024,11,98499,0.0
PSE,2021,12,98042,0.0
PSE,2024,5,98230,0.0
PSE,2023,5,98022,0.0
CNG,2024,10,98310,0.0
CNG,2024,3,99338,0.0
PSE,2021,11,98203,0.0
PSE,2022,5,98230,0.0
PSE,2023,6,98342,0.0
PAC,2024,8,99347,0.0
Avista,2025,8,99174,0.0
PSE,2020,3,98373,0.0
PSE,2021,9,98033,0.0
PSE,2021,4,98040,0.0
Avista,2020,6,99174,0.0
CNG,2020,8,98550,0.0
PSE,2024,6,98002,0.0
PSE,2024,12,98445,0.0
PSE,2022,12,98012,0.0
NWN,2021,10,97031,0.0
CNG,2022,6,99344,0.0
Avista,2020,10,99033,0.0
Avista,2023,7,99032,0.0
CNG,2024,7,98277,0.0
PSE,2022,7,98208,0.0
PSE,2020,4,98011,0.0
PSE,2025,7,98338,0.0
PAC,2025,8,98903,12.48
CNG,2024,9,98951,0.0
PSE,2022,3,98290,0.0
Avista,2023,11,99169,0.0
Avista,2021,3,99205,0.0
PSE,2021,1,98019,0.0
Avista,2023,6,99128,0.0
CNG,2024,8,99337,0.0
CNG,2024,4,98802,0.0
PSE,2024,11,98008,0.0
Avista,2021,6,99179,0.0
PSE,2021,5,98422,0.0
Avista,2023,6,99326,0.0
PAC,2021,6,99347,0.0
PAC,2021,8,98939,0.0
PSE,2025,10,98007,0.0
PSE,2021,9,98133,0.0
PSE,2021,3,98284,0.0
NWN,2024,5,98635,0.0
Avista,2023,8,99104,0.0
Avista,2025,9,99101,0.0
PSE,2023,9,98146,0.0
CNG,2024,9,98292,0.0
PSE,2025,2,98444,0.0
CNG,2023,8,98948,0.0
CNG,2023,7,98264,0.0
NWN,2025,5,98629,0.0
PSE,2021,9,98926,0.0
NWN,2023,12,98604,0.0
Avista,2024,11,98857,0.0
NWN,2023,12,98606,0.0
PSE,2024,10,98371,0.0
CNG,2023,1,98310,0.0
PSE,2024,4,98022,0.0
PSE,2025,2,98105,0.0
NWN,2023,9,98125,0.0
Avista,2022,3,99205,0.0
Avista,2024,9,99113,0.0
NWN,2023,3,98125,0.0
NWN,2024,1,98683,0.0
PAC,2020,12,98944,0.0
PAC,2022,9,98901,0.0
NWN,2023,10,98660,0.0
Avista,2023,1,99137,0.0
PSE,2024,2,98087,0.0
PAC,2022,5,99323,0.0
CNG,2025,6,98674,0.0
Avista,2022,10,99223,0.0
PAC,2022,8,98902,0.0
Avista,2025,1,99220,0.0
Avista,2024,9,99203,0.0
NWN,2025,10,98119,0.0
PSE,2021,3,98290,0.0
PSE,2022,9,98105,0.0
Avista,2022,10,99117,0.0
Avista,2025,12,99201,0.0
PAC,2021,5,98944,0.0
PSE,2025,8,98074,0.0
PSE,2024,12,98178,0.0
CNG,2021,12,98524,0.0
PSE,2021,8,98502,0.0
Avista,2025,5,99260,0.0
Avista,2024,6,99205,0.0
PSE,2022,8,98047,0.0
PSE,2024,10,98052,0.0
PSE,2025,2,98383,0.0
NWN,2021,7,98660,0.0
Avista,2022,11,99138,0.0
Avista,2023,12,99008,0.0
PSE,2024,12,98208,0.0
PSE,2025,5,98467,0.0
NWN,2025,1,97301,0.0
PSE,2024,2,98065,0.0
PSE,2020,7,98926,0.0
Avista,2025,4,99039,0.0
CNG,2024,2,98244,0.0
PSE,2024,6,98011,0.0
Avista,2025,2,99181,0.0
Avista,2025,10,99029,0.0
PSE,2021,2,98503,0.0
Avista,2021,7,99039,0.0
PSE,2021,4,98367,0.0
PSE,2025,8,98032,0.0
NWN,2022,2,98639,0.0
Avista,2025,6,98648,0.0
PSE,2022,11,98177,0.0
PSE,2023,5,98144,0.0
PAC,2021,1,99363,0.0
NWN,2021,6,98661,0.0
PAC,2021,12,99347,0.0
NWN,2025,3,98664,0.0
PSE,2024,5,98257,0.0
PSE,2025,9,98008,0.0
Avista,2022,11,99402,0.0
Avista,2020,12,99037,0.0
PSE,2022,2,98290,0.0
Avista,2022,8,99138,0.0
NWN,2021,4,98629,0.0
PSE,2020,3,98006,0.0
NWN,2021,8,98119,0.0
CNG,2022,3,98282,0.0
PSE,2024,7,98311,0.0
PSE,2022,9,98311,0.0
CNG,2021,10,98232,0.0
NWN,2025,5,98660,0.0
NWN,2021,3,98601,0.0
PSE,2022,5,98404,0.0
PSE,2025,10,98274,0.0
Avista,2023,8,99169,0.0
PSE,2022,10,98034,0.0
Avista,2023,9,99144,0.0
PAC,2025,8,98902,26.07
PSE,2025,3,98006,0.0
Avista,2023,7,99019,0.0
PSE,2025,4,98112,0.0
PSE,2024,12,98059,0.0
PSE,2022,6,98244,0.0
Avista,2024,5,99185,0.0
PAC,2020,10,98937,0.0
PSE,2020,9,98597,0.0
Avista,2020,11,99260,0.0
CNG,2020,1,99323,0.0
PSE,2025,5,98109,0.0
PSE,2025,3,98198,0.0
Avista,2022,2,99141,0.0
PSE,2020,6,98446,0.0
PSE,2021,5,98199,0.0
PSE,2025,3,98576,0.0
PSE,2022,4,98040,0.0
CNG,2024,4,98944,0.0
CNG,2023,5,98284,0.0
PSE,2025,7,98372,0.0
NWN,2024,9,98612,0.0
CNG,2022,12,98901,0.0
NWN,2024,10,98672,0.0
PSE,2021,12,98052,0.0
Avista,2023,6,99013,0.0
PSE,2021,8,98007,0.0
PSE,2021,1,98030,0.0
CNG,2023,11,98902,0.0
PSE,2025,12,98516,0.0
Avista,2020,6,98857,0.0
Avista,2020,4,99335,0.0
PSE,2024,8,98225,0.0
PSE,2020,10,98221,0.0
PSE,2020,6,98392,0.0
PSE,2021,9,98374,0.0
PSE,2020,12,98198,0.0
NWN,2022,12,98605,0.0
CNG,2024,7,98240,0.0
NWN,2024,5,98664,0.0
NWN,2023,3,97388,0.0
PSE,2024,7,98272,0.0
PSE,2023,7,98274,0.0
PSE,2021,4,98051,0.0
Avista,2022,2,99036,0.0
NWN,2020,9,98601,0.0
PSE,2025,6,98199,0.0
PSE,2024,6,98001,0.0
Avista,2024,3,99207,0.0
PSE,2023,4,98391,0.0
CNG,2021,9,98611,0.0
CNG,2025,7,98310,0.0
Avista,2024,12,99103,0.0
Avista,2021,5,99026,0.0
PSE,2023,12,98110,0.0
Avista,2022,1,98857,0.0
CNG,2021,3,98233,0.0
PSE,2025,7,98266,0.0
CNG,2023,7,98944,0.0
Avista,2020,5,99019,0.0
PSE,2025,5,98596,0.0
PSE,2024,8,98065,0.0
PSE,2023,10,98030,0.0
NWN,2023,12,97031,0.0
PSE,2024,5,98104,0.0
NWN,2025,10,98682,0.0
PSE,2022,7,98445,0.0
PSE,2021,1,98499,0.0
PSE,2024,3,98230,0.0
PSE,2024,4,98446,0.0
PSE,2025,12,98010,0.0
PSE,2020,6,98244,0.0
PSE,2023,9,98004,0.0
NWN,2025,6,97031,0.0
PSE,2022,6,98424,0.0
PSE,2024,10,98037,0.0
CNG,2023,12,98848,0.0
NWN,2025,12,98601,0.0
PSE,2024,10,98579,0.0
CNG,2023,6,98520,0.0
Avista,2020,12,99171,0.0
PSE,2022,6,98338,0.0
NWN,2021,8,98668,0.0
PAC,2022,1,99362,0.0
PSE,2020,9,98008,0.0
Avista,2023,5,99101,0.0
PSE,2021,5,98371,0.0
Avista,2023,5,99027,0.0
CNG,2025,5,98611,0.0
CNG,2020,8,98221,0.0
CNG,2023,11,98936,0.0
NWN,2023,10,98665,0.0
PSE,2022,12,98125,0.0
CNG,2023,9,99344,0.0
NWN,2024,9,98672,0.0
Avista,2024,1,98648,0.0
PSE,2023,1,98444,0.0
NWN,2020,4,98683,0.0
NWN,2022,5,98666,0.0
NWN,2020,10,98605,0.0
PAC,2022,11,99363,0.0
PSE,2024,2,98283,0.0
PSE,2020,6,98030,0.0
PAC,2020,11,99347,0.0
CNG,2023,8,98942,0.0
Avista,2020,5,99033,0.0
NWN,2025,9,98665,0.0
Avista,2021,2,99143,0.0
Avista,2024,10,99006,0.0
PSE,2025,12,98002,0.0
Avista,2023,1,99203,0.0
PAC,2025,11,98908,19.05
CNG,2025,7,98901,0.0
Avista,2020,12,99371,0.0
Avista,2020,7,99032,0.0
PSE,2022,3,98310,0.0
PSE,2024,8,98126,0.0
PSE,2024,11,98059,0.0
PSE,2024,1,98001,0.0
Avista,2024,3,99129,0.0
PSE,2023,11,98422,0.0
Avista,2024,8,99026,0.0
PAC,2024,9,99361,0.0
Avista,2022,10,99185,0.0
PAC,2020,12,99350,0.0
PAC,2023,5,98944,0.0
Avista,2024,3,99111,0.0
Avista,2023,11,99009,0.0
Avista,2020,12,99157,0.0
CNG,2020,1,98310,0.0
Avista,2024,5,99228,0.0
PSE,2021,1,98117,0.0
PSE,2023,8,98375,0.0
CNG,2021,11,98244,0.0
NWN,2021,1,97031,0.0
Avista,2025,3,99176,0.0
PSE,2023,6,98065,0.0
CNG,2024,11,98948,0.0
CNG,2023,11,98271,0.0
Avista,2024,3,99110,0.0
CNG,2021,4,98674,0.0
PAC,2020,11,98901,0.0
NWN,2020,3,98648,0.0
Avista,2022,2,99174,0.0
Avista,2021,2,99134,0.0
PSE,2023,2,98092,0.0
NWN,2021,4,98607,0.0
Avista,2021,1,99160,0.0
PAC,2023,6,99328,0.0
Avista,2021,12,99019,0.0
PSE,2022,6,98258,0.0
Avista,2025,8,99129,0.0
NWN,2020,9,98127,0.0
CNG,2020,7,99344,0.0
NWN,2024,4,98610,0.0
PSE,2025,1,98208,0.0
Avista,2023,7,99179,0.0
PAC,2024,6,99329,0.0
Avista,2024,5,99206,0.0
Avista,2025,1,99012,0.0
PSE,2022,10,98023,0.0
PSE,2021,3,98108,0.0
PSE,2024,11,98188,0.0
CNG,2024,7,99323,0.0
CNG,2025,9,98264,0.0
PSE,2024,4,98146,0.0
PSE,2025,7,98005,0.0
Avista,2023,10,99169,0.0
CNG,2022,11,98383,0.0
PSE,2023,5,98409,0.0
NWN,2022,1,98635,0.0
CNG,2024,2,99354,0.0
PSE,2024,2,98383,0.0
Avista,2024,5,99101,0.0
Avista,2021,1,99157,0.0
PSE,2025,1,98047,0.0
PSE,2024,5,98390,0.0
PSE,2024,6,98177,0.0
NWN,2025,7,98127,0.0
PAC,2020,3,98937,46.0
Avista,2020,4,99169,0.0
CNG,2025,6,98226,0.0
NWN,2020,5,98127,0.0
PSE,2023,4,98053,0.0
Avista,2020,12,99126,0.0
CNG,2025,7,98229,0.0
Avista,2023,9,99149,0.0
NWN,2021,12,98307,0.0
PSE,2021,7,98032,0.0
Avista,2021,3,99031,0.0
CNG,2025,1,98273,0.0
CNG,2022,6,99362,0.0
PSE,2022,9,98338,0.0
PAC,2020,12,98933,0.0
PSE,2021,8,98036,0.0
Avista,2020,10,99012,0.0
Avista,2022,5,99006,0.0
PSE,2024,7,98239,0.0
PSE,2024,6,98922,0.0
CNG,2022,7,98277,0.0
CNG,2021,9,98345,0.0
Avista,2023,11,99126,0.0
Avista,2022,8,99344,0.0
PSE,2024,10,98310,0.0
Avista,2023,10,98648,0.0
PSE,2024,2,98105,0.0
PSE,2021,2,98501,0.0
PSE,2022,3,98498,0.0
PSE,2023,2,98001,0.0
Avista,2022,4,99403,0.0
PSE,2024,6,98065,0.0
NWN,2022,5,98675,0.0
PSE,2022,12,98053,0.0
Avista,2023,11,99201,0.0
CNG,2025,12,99301,0.0
PSE,2024,7,98019,0.0
Avista,2020,8,99016,0.0
Avista,2025,10,99036,0.0
CNG,2024,2,98541,0.0
PAC,2021,5,99347,0.0
PAC,2020,9,98920,0.0
CNG,2021,8,98282,0.0
PSE,2020,12,98576,0.0
CNG,2024,4,99362,0.0
PSE,2024,11,98070,0.0
PSE,2024,9,98332,0.0
Avista,2023,1,99218,0.0
Avista,2021,1,99176,0.0
NWN,2022,9,98607,0.0
CNG,2023,7,98802,0.0
NWN,2024,12,98660,0.0
PSE,2024,2,98503,0.0
NWN,2021,10,98610,0.0
PSE,2021,5,98010,0.0
PSE,2025,6,98226,0.0
PSE,2023,11,98027,0.0
NWN,2023,2,98119,0.0
PAC,2025,8,98944,4.25
Avista,2025,10,98620,0.0
Avista,2020,9,99143,0.0
PSE,2025,10,98255,0.0
PSE,2023,7,98133,0.0
PSE,2021,8,98178,0.0
PSE,2021,4,98056,0.0
NWN,2022,4,98666,0.0
PSE,2022,12,98042,0.0
Avista,2021,9,99128,0.0
PSE,2021,10,98445,0.0
PSE,2024,12,98116,0.0
PSE,2023,12,98056,0.0
PSE,2024,4,98244,0.0
PSE,2023,9,98007,0.0
CNG,2020,6,98901,0.0
PSE,2023,7,98327,0.0
PSE,2021,7,98405,0.0
PAC,2020,6,99361,0.0
PSE,2024,10,98001,0.0
PSE,2023,9,98065,0.0
Avista,2025,3,99134,0.0
PSE,2022,7,98203,0.0
PSE,2023,8,98032,0.0
PSE,2022,10,98233,0.0
Avista,2021,7,99141,0.0
NWN,2020,6,98127,0.0
PSE,2022,7,98258,0.0
PSE,2020,8,98042,0.0
CNG,2022,9,98520,0.0
PSE,2020,4,98033,0.0
Avista,2022,12,99219,0.0
PSE,2023,5,98424,0.0
PSE,2022,6,98027,0.0
PSE,2021,12,98043,0.0
CNG,2021,7,98674,0.0
PSE,2022,6,98178,0.0
NWN,2022,4,97388,0.0
Avista,2024,11,99228,0.0
PAC,2024,9,98952,0.0
PAC,2021,2,99362,0.0
PSE,2020,9,98405,0.0
PAC,2024,12,99323,0.0
PSE,2020,12,98070,0.0
CNG,2020,8,99336,0.0
Avista,2022,10,99344,0.0
Avista,2024,11,99111,0.0
PSE,2021,8,98404,0.0
Avista,2021,11,99034,0.0
PSE,2025,1,98260,0.0
NWN,2025,9,98607,0.0
PSE,2023,10,98498,0.0
PSE,2025,9,98053,0.0
PSE,2025,2,98532,0.0
CNG,2025,8,98528,0.0
PSE,2020,11,98037,0.0
PSE,2023,9,98272,0.0
NWN,2025,4,98675,0.0
NWN,2024,2,97301,0.0
NWN,2020,7,98660,0.0
PSE,2021,7,98059,0.0
NWN,2022,4,98607,0.0
NWN,2020,7,98762,0.0
PSE,2022,4,98001,0.0
Avista,2022,6,99040,0.0
PAC,2020,3,98908,238.0
PSE,2021,5,98003,0.0
NWN,2020,9,98762,0.0
NWN,2021,12,98660,0.0
PSE,2024,6,98072,0.0
PSE,2021,8,98513,0.0
PSE,2020,9,98203,0.0
Avista,2024,7,99208,0.0
CNG,2021,3,99354,0.0
Avista,2022,7,99341,0.0
PSE,2023,9,98332,0.0
Avista,2025,10,98857,0.0
PSE,2020,6,98922,0.0
PSE,2023,3,98248,0.0
PSE,2024,9,98028,0.0
Avista,2025,12,99019,0.0
PSE,2020,9,98532,0.0
Avista,2022,1,99128,0.0
Avista,2025,1,99202,0.0
PSE,2025,8,98001,0.0
NWN,2021,8,98683,0.0
CNG,2020,4,98248,0.0
PAC,2020,1,98953,568.0
PSE,2022,12,98221,0.0
CNG,2021,3,98908,0.0
CNG,2021,8,98541,0.0
CNG,2020,8,99338,0.0
Avista,2025,10,99341,0.0
PSE,2025,10,98188,0.0
PSE,2022,12,98532,0.0
Avista,2025,10,99146,0.0
Avista,2023,2,99005,0.0
NWN,2023,4,98762,0.0
Avista,2022,7,99159,0.0
CNG,2025,8,98247,0.0
CNG,2021,12,98292,0.0
PSE,2025,2,98402,0.0
PSE,2024,4,98045,0.0
Avista,2024,11,99326,0.0
CNG,2022,8,98282,0.0
PAC,2020,3,98933,88.0
Avista,2024,1,99004,0.0
PSE,2025,8,98284,0.0
CNG,2023,10,98584,0.0
PSE,2024,11,98418,0.0
CNG,2025,8,98541,0.0
CNG,2023,8,99354,0.0
CNG,2025,12,98528,0.0
PSE,2022,2,98006,0.0
Avista,2020,4,99206,0.0
PSE,2024,11,98392,0.0
NWN,2024,7,98668,0.0
Avista,2021,10,99217,0.0
CNG,2022,12,98312,0.0
PSE,2025,5,98257,0.0
PSE,2020,7,98405,0.0
CNG,2021,1,98271,0.0
PSE,2020,11,98208,0.0
PAC,2024,2,98952,0.0
CNG,2021,4,98284,0.0
PSE,2024,5,98208,0.0
PSE,2023,6,98012,0.0
CNG,2020,6,98232,0.0
NWN,2024,2,98606,0.0
PAC,2022,6,98938,0.0
Avista,2023,7,99102,0.0
CNG,2022,12,99301,0.0
PSE,2021,12,98531,0.0
PSE,2023,11,98003,0.0
PSE,2020,10,98230,0.0
PSE,2021,9,98028,0.0
PSE,2024,3,98221,0.0
CNG,2021,11,99337,0.0
PSE,2021,6,98342,0.0
PSE,2020,6,98233,0.0
NWN,2022,11,98665,0.0
CNG,2024,5,98930,0.0
Avista,2020,12,99403,0.0
Avista,2020,4,99109,0.0
Avista,2022,3,99033,0.0
CNG,2020,8,98541,0.0
PSE,2021,8,98226,0.0
PSE,2025,11,98059,0.0
PSE,2021,2,98283,0.0
PSE,2025,2,98056,0.0
NWN,2023,11,98664,0.0
Avista,2020,10,99011,0.0
CNG,2020,1,99350,0.0
PSE,2025,4,98029,0.0
CNG,2023,9,99336,0.0
Avista,2025,11,99335,0.0
PSE,2023,11,98370,0.0
NWN,2022,3,98601,0.0
Avista,2024,4,99218,0.0
PSE,2023,3,98103,0.0
PSE,2022,10,98051,0.0
Avista,2020,12,99008,0.0
Avista,2024,10,98648,0.0
PSE,2024,11,98092,0.0
NWN,2021,4,98675,0.0
PAC,2022,7,98908,0.0
CNG,2024,6,98367,0.0
PSE,2020,7,98290,0.0
PAC,2024,2,98908,0.0
Avista,2023,10,99019,0.0
Avista,2022,11,99129,0.0
PAC,2023,6,98938,0.0
PSE,2025,2,98346,0.0
PAC,2021,4,98937,0.0
PSE,2022,4,98367,0.0
PSE,2022,12,98199,0.0
CNG,2021,1,98282,0.0
CNG,2020,8,99354,0.0
Avista,2023,7,99260,0.0
NWN,2021,8,98628,0.0
Avista,2025,8,99201,0.0
PSE,2022,12,98444,0.0
Avista,2024,3,99018,0.0
Avista,2022,10,99164,0.0
PSE,2023,11,98024,0.0
PSE,2023,8,98019,0.0
NWN,2020,11,98661,0.0
PSE,2022,3,98119,0.0
NWN,2022,2,98662,0.0
Avista,2024,7,99204,0.0
PSE,2021,2,98258,0.0
PSE,2020,8,98498,0.0
CNG,2021,3,98367,0.0
PSE,2024,3,98392,0.0
PSE,2022,3,98198,0.0
Avista,2024,5,99341,0.0
Avista,2025,11,99224,0.0
PSE,2025,5,98056,0.0
PSE,2023,8,98104,0.0
NWN,2023,3,98674,0.0
Avista,2022,2,99102,0.0
Avista,2025,11,99031,0.0
Avista,2020,12,99151,0.0
PSE,2025,6,98284,0.0
PSE,2023,10,98922,0.0
CNG,2024,6,98229,0.0
CNG,2021,12,98230,0.0
PSE,2021,12,98934,0.0
PSE,2023,10,98027,0.0
Avista,2024,11,99141,0.0
CNG,2025,7,98337,0.0
PSE,2024,3,98589,0.0
NWN,2023,3,98660,0.0
PSE,2020,10,98030,0.0
Avista,2025,11,99217,0.0
PSE,2025,3,98105,0.0
NWN,2024,3,98620,0.0
CNG,2022,12,98932,0.0
PSE,2021,9,98225,0.0
Avista,2021,12,99031,0.0
PSE,2021,5,98506,0.0
Avista,2020,9,99141,0.0
NWN,2023,11,98672,0.0
PSE,2024,12,98043,0.0
PSE,2024,8,98224,0.0
PSE,2021,4,98074,0.0
PSE,2023,6,98926,0.0
PAC,2024,10,98937,0.0
PAC,2022,9,98948,0.0
Avista,2021,1,99102,0.0
PSE,2024,4,98579,0.0
CNG,2021,5,98674,0.0
PSE,2024,12,98506,0.0
Avista,2025,4,99224,0.0
PSE,2021,11,98108,0.0
PAC,2021,4,99362,0.0
Avista,2024,10,99219,0.0
PSE,2022,11,98283,0.0
PSE,2024,9,98244,0.0
PAC,2020,1,99347,142.0
PSE,2021,8,98072,0.0
CNG,2023,2,98247,0.0
NWN,2025,4,98684,0.0
CNG,2020,11,98370,0.0
Avista,2021,8,99371,0.0
PSE,2025,2,98503,0.0
Avista,2020,6,99217,0.0
Avista,2023,12,99170,0.0
CNG,2020,6,98383,0.0
CNG,2024,10,98282,0.0
NWN,2024,10,98660,0.0
PSE,2020,9,98052,0.0
PSE,2025,11,98370,0.0
PSE,2020,11,98126,0.0
CNG,2020,7,98951,0.0
PSE,2021,4,98290,0.0
Avista,2020,12,98648,0.0
CNG,2021,10,98908,0.0
Avista,2025,4,99034,0.0
PAC,2022,3,99329,0.0
PSE,2024,10,98275,0.0
Avista,2023,9,99031,0.0
PSE,2025,12,98499,0.0
NWN,2022,8,98684,0.0
PSE,2025,9,98051,0.0
NWN,2025,5,98683,0.0
PAC,2024,3,98952,0.0
CNG,2021,4,98626,0.0
PSE,2024,11,98266,0.0
PSE,2024,6,98225,0.0
PSE,2024,7,98275,0.0
PSE,2021,2,98445,0.0
PAC,2024,4,99347,0.0
Avista,2023,12,99117,0.0
Avista,2024,7,99181,0.0
PSE,2024,5,98266,0.0
CNG,2025,8,99336,0.0
NWN,2021,9,98674,0.0
Avista,2025,2,99022,0.0
CNG,2024,5,99362,0.0
CNG,2021,7,99344,0.0
PSE,2024,11,98310,0.0
PSE,2025,5,98001,0.0
Avista,2021,5,99402,0.0
PSE,2020,6,98001,0.0
PSE,2021,1,98056,0.0
PSE,2024,3,98596,0.0
CNG,2023,5,98276,0.0
CNG,2025,9,98314,0.0
CNG,2020,12,98901,0.0
CNG,2021,2,98837,0.0
CNG,2021,10,98310,0.0
PAC,2020,6,98901,0.0
PSE,2020,4,98284,0.0
PSE,2022,3,98058,0.0
Avista,2020,7,99205,0.0
CNG,2020,8,98232,0.0
PSE,2020,12,98121,0.0
PSE,2020,5,98121,0.0
PSE,2025,2,98406,0.0
NWN,2022,9,98307,0.0
PAC,2025,2,98948,36.85
Avista,2022,3,99173,0.0
PSE,2021,3,98074,0.0
Avista,2025,11,99101,0.0
PSE,2024,5,98418,0.0
PAC,2021,6,98903,0.0
NWN,2024,4,98661,0.0
PSE,2025,9,98934,0.0
PSE,2023,6,98034,0.0
NWN,2020,3,98629,0.0
PSE,2023,9,98030,0.0
PSE,2020,12,98010,0.0
PAC,2021,2,99348,0.0
PSE,2021,10,98941,0.0
Avista,2024,12,99122,0.0
PSE,2021,6,98359,0.0
PSE,2024,1,98052,0.0
Avista,2024,4,99025,0.0
Avista,2025,6,99026,0.0
PSE,2023,3,98387,0.0
Avista,2021,3,99202,0.0
PSE,2024,4,98037,0.0
CNG,2022,9,98257,0.0
Avista,2024,5,99212,0.0
PAC,2022,2,98935,0.0
CNG,2021,3,98611,0.0
CNG,2020,7,98550,0.0
NWN,2022,7,98762,0.0
PSE,2025,8,98119,0.0
Avista,2023,10,99004,0.0
Avista,2021,9,99003,0.0
NWN,2024,9,98684,0.0
NWN,2024,7,98666,0.0
Avista,2025,5,99039,0.0
PSE,2021,8,98597,0.0
PSE,2023,11,98001,0.0
PSE,2021,1,98380,0.0
PSE,2022,4,98579,0.0
CNG,2021,12,98271,0.0
PSE,2022,5,98499,0.0
NWN,2024,12,98662,0.0
CNG,2021,5,98248,0.0
PSE,2024,10,98198,0.0
CNG,2020,12,98232,0.0
CNG,2020,1,98953,0.0
CNG,2020,1,98257,0.0
PSE,2023,2,98011,0.0
CNG,2025,9,98953,0.0
Avista,2023,3,99181,0.0
PSE,2022,5,98532,0.0
CNG,2025,10,98541,0.0
PSE,2025,6,98408,0.0
CNG,2022,3,98930,0.0
CNG,2024,10,98383,0.0
NWN,2024,9,98661,0.0
PSE,2022,1,98055,0.0
PAC,2021,12,99362,0.0
PSE,2022,6,98106,0.0
PAC,2020,12,98901,0.0
CNG,2025,2,98257,0.0
PSE,2025,6,98121,0.0
NWN,2023,2,97301,0.0
NWN,2021,9,98762,0.0
Avista,2023,8,99128,0.0
PSE,2020,4,98021,0.0
PSE,2020,8,98275,0.0
PSE,2024,3,98576,0.0
PSE,2025,9,98926,0.0
PSE,2021,1,98408,0.0
PSE,2022,10,98058,0.0
Avista,2022,8,99026,0.0
PSE,2025,2,98007,0.0
Avista,2023,5,99025,0.0
PSE,2020,5,98388,0.0
PSE,2021,4,98053,0.0
PAC,2021,5,99324,0.0
CNG,2021,1,98953,0.0
NWN,2021,4,98628,0.0
PSE,2022,4,98027,0.0
Avista,2023,11,99005,0.0
PSE,2023,6,98383,0.0
PSE,2021,9,98201,0.0
NWN,2025,9,98605,0.0
PSE,2022,8,98188,0.0
CNG,2022,1,98942,0.0
PSE,2021,11,98402,0.0
PSE,2025,8,98042,0.0
Avista,2025,10,99344,0.0
Avista,2020,11,99029,0.0
CNG,2022,5,98367,0.0
PSE,2023,4,98232,0.0
PSE,2023,3,98445,0.0
PAC,2023,3,98923,0.0
CNG,2023,3,98248,0.0
PSE,2024,6,98144,0.0
PAC,2023,7,98944,0.0
Avista,2023,3,99003,0.0
Avista,2023,9,99138,0.0
Avista,2021,1,99163,0.0
PSE,2025,2,98065,0.0
Avista,2022,1,99149,0.0
PSE,2025,7,98199,0.0
PAC,2020,12,99329,0.0
PSE,2024,1,98022,0.0
NWN,2020,9,98610,0.0
CNG,2020,7,98292,0.0
Avista,2020,8,99137,0.0
NWN,2020,9,98602,0.0
NWN,2022,11,98626,0.0
PSE,2025,3,98327,0.0
PSE,2024,4,98019,0.0
PSE,2022,12,98233,0.0
NWN,2022,5,98660,0.0
PSE,2022,7,98370,0.0
NWN,2020,7,98664,0.0
PSE,2020,4,98087,0.0
Avista,2022,9,99402,0.0
CNG,2021,3,98942,0.0
PSE,2020,12,98188,0.0
NWN,2023,5,98119,0.0
NWN,2025,9,98639,0.0
CNG,2021,3,98383,0.0
PSE,2024,4,98065,0.0
PSE,2023,2,98117,0.0
PAC,2024,10,98936,0.0
PSE,2021,10,98022,0.0
PSE,2024,2,98342,0.0
Avista,2025,11,99125,0.0
PSE,2024,11,98424,0.0
PSE,2024,1,98342,0.0
Avista,2021,2,99179,0.0
Avista,2021,5,99025,0.0
PSE,2023,1,98271,0.0
Avista,2025,1,99033,0.0
PSE,2025,6,98110,0.0
PSE,2023,9,98001,0.0
CNG,2025,7,98276,0.0
PAC,2024,2,98944,0.0
NWN,2020,10,98664,0.0
Avista,2024,4,99110,0.0
PSE,2023,10,98070,0.0
PSE,2022,8,98031,0.0
PAC,2023,2,99324,0.0
Avista,2024,8,99020,0.0
PAC,2021,11,98932,0.0
PSE,2024,3,98101,0.0
PSE,2021,6,98104,0.0
NWN,2022,6,98629,0.0
NWN,2022,3,98612,0.0
PSE,2024,5,98922,0.0
PSE,2021,12,98360,0.0
Avista,2023,5,99206,0.0
PSE,2021,9,98001,0.0
PSE,2024,10,98342,0.0
PSE,2022,10,98101,0.0
PSE,2021,7,98045,0.0
Avista,2024,9,99034,0.0
Avista,2025,12,99159,0.0
CNG,2023,9,98244,0.0
Avista,2023,12,99009,0.0
PAC,2021,9,98908,0.0
PAC,2020,2,98933,92.0
NWN,2022,10,98648,0.0
NWN,2022,3,98629,0.0
CNG,2021,2,98232,0.0
PSE,2020,4,98118,0.0
PSE,2021,1,98037,0.0
PSE,2024,7,98104,0.0
Avista,2024,3,99113,0.0
Avista,2022,5,99036,0.0
PSE,2022,8,98208,0.0
PSE,2021,1,98418,0.0
PSE,2022,8,98506,0.0
Avista,2023,11,99143,0.0
Avista,2023,3,99148,0.0
PSE,2024,6,98257,0.0
CNG,2025,11,98953,0.0
PSE,2023,1,98346,0.0
PSE,2023,11,98225,0.0
CNG,2023,8,98383,0.0
Avista,2022,2,99138,0.0
PSE,2021,3,98532,0.0
Avista,2023,6,99022,0.0
PSE,2021,10,98005,0.0
Avista,2022,11,99009,0.0
Avista,2025,1,99158,0.0
Avista,2022,11,99022,0.0
PAC,2022,12,99323,0.0
PSE,2021,1,98144,0.0
CNG,2022,12,99338,0.0
Avista,2023,7,99113,0.0
CNG,2021,4,98632,0.0
PSE,2022,6,98597,0.0
PSE,2022,8,98011,0.0
PSE,2022,11,98922,0.0
CNG,2020,6,98930,0.0
PSE,2024,7,98467,0.0
PSE,2024,8,98513,0.0
PAC,2020,3,98947,2.0
Avista,2023,2,99004,0.0
PSE,2022,1,98208,0.0
Avista,2024,8,99130,0.0
Avista,2024,8,99218,0.0
Avista,2022,10,99102,0.0
PSE,2022,10,98201,0.0
PSE,2023,10,98380,0.0
NWN,2021,11,98605,0.0
PSE,2022,7,98126,0.0
CNG,2021,11,98220,0.0
PSE,2021,12,98204,0.0
Avista,2023,8,99176,0.0
PSE,2023,9,98103,0.0
Avista,2021,9,99004,0.0
Avista,2020,4,99167,0.0
Avista,2020,8,99167,0.0
PSE,2025,2,98040,0.0
PSE,2020,3,98444,0.0
PSE,2022,8,98270,0.0
PAC,2024,10,98932,0.0
PSE,2020,12,98338,0.0
PSE,2022,1,98255,0.0
Avista,2024,10,99212,0.0
PSE,2020,5,98144,0.0
NWN,2021,3,98620,0.0
Avista,2021,7,99223,0.0
NWN,2023,9,98668,0.0
PSE,2024,8,98332,0.0
NWN,2020,5,98686,0.0
PSE,2021,9,98204,0.0
PSE,2022,2,98405,0.0
Avista,2024,10,99129,0.0
CNG,2022,6,98273,0.0
PSE,2025,10,98342,0.0
CNG,2023,2,98948,0.0
Avista,2021,2,99008,0.0
PSE,2021,2,98387,0.0
PAC,2025,7,98902,2.28
NWN,2020,6,98762,0.0
Avista,2020,6,99125,0.0
PSE,2023,11,98284,0.0
CNG,2021,4,98273,0.0
PSE,2022,4,98052,0.0
PSE,2021,4,98392,0.0
Avista,2021,2,99014,0.0
Avista,2021,8,99157,0.0
CNG,2020,2,98247,0.0
CNG,2024,3,99337,0.0
NWN,2022,2,98601,0.0
Avista,2021,9,99026,0.0
PSE,2022,5,98589,0.0
PSE,2021,3,98260,0.0
CNG,2023,3,98550,0.0
PAC,2020,11,99363,0.0
Avista,2022,4,99217,0.0
PSE,2025,10,98203,0.0
PSE,2024,11,98047,0.0
CNG,2020,1,98550,0.0
Avista,2025,4,99107,0.0
PSE,2024,6,98467,0.0
CNG,2023,8,98584,0.0
CNG,2024,4,98370,0.0
CNG,2022,6,98312,0.0
Avista,2023,4,99113,0.0
PSE,2020,8,98503,0.0
Avista,2021,9,99014,0.0
PSE,2020,4,98272,0.0
CNG,2025,4,98901,0.0
PSE,2020,4,98027,0.0
Avista,2023,7,99039,0.0
Avista,2022,10,99146,0.0
PSE,2020,6,98122,0.0
NWN,2023,8,98607,0.0
CNG,2024,10,99350,0.0
NWN,2020,12,98119,0.0
Avista,2023,6,99033,0.0
PAC,2020,8,98936,0.0
Avista,2020,9,99148,0.0
NWN,2023,4,98648,0.0
Avista,2023,10,99036,0.0
PSE,2023,7,98030,0.0
CNG,2021,1,98801,0.0
PSE,2023,2,98516,0.0
PSE,2021,2,98037,0.0
NWN,2023,9,98307,0.0
NWN,2022,9,98639,0.0
PAC,2022,7,98938,0.0
Avista,2022,10,98620,0.0
NWN,2022,7,98127,0.0
CNG,2023,9,98383,0.0
Avista,2024,6,99203,0.0
CNG,2023,2,98541,0.0
PAC,2022,11,98948,0.0
CNG,2025,3,98366,0.0
CNG,2023,6,98337,0.0
Avista,2025,3,99114,0.0
PSE,2025,1,98327,0.0
CNG,2020,12,98528,0.0
PAC,2021,4,99329,0.0
NWN,2020,3,98675,0.0
PSE,2021,2,98226,0.0
Avista,2021,4,99022,0.0
PSE,2022,4,98146,0.0
Avista,2022,6,99160,0.0
Avista,2024,4,99143,0.0
Avista,2021,11,99101,0.0
CNG,2024,11,98226,0.0
NWN,2020,8,98639,0.0
CNG,2020,8,98801,0.0
PSE,2024,6,98092,0.0
CNG,2023,10,98837,0.0
PSE,2023,11,98498,0.0
Avista,2021,12,99219,0.0
NWN,2022,5,97388,0.0
Avista,2020,5,99001,0.0
NWN,2025,11,98604,-15.0
NWN,2024,7,98671,0.0
PSE,2020,8,98146,0.0
PAC,2022,10,98947,0.0
CNG,2025,9,98273,0.0
PSE,2023,3,98418,0.0
PSE,2023,11,98042,0.0
Avista,2025,1,99402,0.0
CNG,2024,9,98271,0.0
PAC,2024,11,98947,0.0
PSE,2023,8,98444,0.0
PSE,2020,5,98058,0.0
CNG,2023,11,98264,0.0
CNG,2021,10,99353,0.0
CNG,2024,1,98951,0.0
PSE,2023,12,98387,0.0
Avista,2023,9,99204,0.0
PSE,2025,12,98122,0.0
PSE,2021,4,98499,0.0
CNG,2023,1,98345,0.0
PSE,2021,10,98446,0.0
PSE,2024,7,98072,0.0
CNG,2020,9,98370,0.0
CNG,2024,4,98282,0.0
PSE,2024,9,98027,0.0
PSE,2021,9,98424,0.0
PSE,2023,6,98029,0.0
NWN,2025,12,98626,0.0
Avista,2022,1,99170,0.0
CNG,2024,4,98626,0.0
NWN,2025,12,98668,0.0
PAC,2021,8,98933,0.0
CNG,2020,4,98936,0.0
PSE,2023,4,98055,0.0
Avista,2022,10,99203,0.0
CNG,2025,2,98930,0.0
Avista,2021,11,99018,0.0
NWN,2020,8,98662,0.0
CNG,2025,4,98550,0.0
PSE,2025,4,98337,0.0
PSE,2025,12,98375,0.0
Avista,2021,8,99027,0.0
PSE,2020,9,98031,0.0
Avista,2024,7,99158,0.0
PSE,2020,4,98390,0.0
Avista,2020,10,99204,0.0
PSE,2024,10,98007,0.0
Avista,2023,12,99023,0.0
Avista,2024,10,99011,0.0
PSE,2024,6,98178,0.0
Avista,2023,4,99001,0.0
Avista,2022,5,98857,0.0
PSE,2024,7,98026,0.0
PSE,2023,7,98275,0.0
Avista,2020,8,99224,0.0
Avista,2022,2,99122,0.0
Avista,2021,8,99025,0.0
PSE,2020,8,98597,0.0
PSE,2020,6,98366,0.0
PSE,2023,8,98255,0.0
PSE,2023,1,98224,0.0
CNG,2022,4,98223,0.0
Avista,2025,12,99025,0.0
NWN,2020,7,98612,0.0
Avista,2024,7,99202,0.0
PSE,2023,3,98221,0.0
Avista,2024,3,99107,0.0
PSE,2020,3,98102,0.0
CNG,2024,11,99352,0.0
CNG,2023,8,98930,0.0
Avista,2023,9,99181,0.0
PSE,2021,1,98274,0.0
PSE,2025,7,98383,0.0
NWN,2024,2,98762,0.0
PAC,2025,7,99362,74.4
CNG,2020,10,98948,0.0
Avista,2021,2,99160,0.0
CNG,2025,3,98232,0.0
PSE,2024,11,98230,0.0
NWN,2025,6,98635,0.0
Avista,2025,2,99171,0.0
NWN,2022,5,98662,0.0
PAC,2024,5,99363,0.0
CNG,2022,9,98244,0.0
PSE,2025,11,98122,0.0
CNG,2022,1,98632,0.0
PSE,2023,3,98057,0.0
CNG,2025,10,98802,0.0
Avista,2021,6,99208,0.0
PSE,2024,11,98283,0.0
CNG,2025,12,99362,0.0
PSE,2024,9,98446,0.0
PSE,2021,4,98007,0.0
PAC,2021,11,99350,0.0
PSE,2023,2,98101,0.0
PSE,2025,1,98248,0.0
CNG,2020,4,98367,0.0
CNG,2025,7,98370,0.0
PSE,2024,3,98006,0.0
PSE,2022,10,98056,0.0
PAC,2024,4,98932,0.0
Avista,2021,6,99103,0.0
Avista,2020,12,99125,0.0
PSE,2020,7,98109,0.0
Avista,2024,7,99371,0.0
PSE,2023,10,98502,0.0
PSE,2024,10,98121,0.0
PSE,2022,6,98342,0.0
CNG,2021,2,98611,0.0
NWN,2021,11,98607,0.0
PSE,2023,8,98119,0.0
PSE,2020,9,98122,0.0
CNG,2021,1,99350,0.0
NWN,2022,9,98661,0.0
CNG,2023,6,99344,0.0
Avista,2021,7,99201,0.0
PSE,2024,7,98375,0.0
PSE,2023,4,98257,0.0
Avista,2025,7,99159,0.0
Avista,2022,7,99030,0.0
Avista,2023,9,99103,0.0
CNG,2022,7,99324,0.0
PSE,2021,5,98338,0.0
PSE,2020,9,98121,0.0
CNG,2023,10,98367,0.0
Avista,2022,1,99030,0.0
NWN,2022,2,98620,0.0
Avista,2021,12,99126,0.0
Avista,2020,11,99212,0.0
Avista,2024,2,99176,0.0
CNG,2024,2,98948,0.0
NWN,2023,8,98208,0.0
PSE,2023,4,98346,0.0
Avista,2025,3,99179,0.0
Avista,2022,6,98648,0.0
NWN,2023,11,98686,0.0
CNG,2020,9,99338,0.0
PAC,2023,3,98936,0.0
PSE,2025,5,98290,0.0
PAC,2021,1,98933,0.0
Avista,2022,5,99344,0.0
CNG,2021,1,98383,0.0
Avista,2020,10,99158,0.0
NWN,2025,3,98125,0.0
NWN,2021,10,98601,0.0
PSE,2025,5,98007,0.0
Avista,2020,9,99036,0.0
PSE,2023,12,98372,0.0
Avista,2020,12,99009,0.0
PSE,2021,6,98087,0.0
Avista,2020,6,99032,0.0
Avista,2023,1,99223,0.0
CNG,2021,4,98524,0.0
PSE,2023,3,98366,0.0
CNG,2021,8,98611,0.0
Avista,2022,1,99126,0.0
Avista,2023,5,99143,0.0
Avista,2023,4,99003,0.0
NWN,2021,1,98675,0.0
Avista,2025,3,99040,0.0
PAC,2023,6,99362,0.0
CNG,2021,8,98314,0.0
CNG,2021,7,98626,0.0
PAC,2022,11,98932,0.0
Avista,2021,4,99143,0.0
CNG,2021,8,98944,0.0
CNG,2024,4,98276,0.0
PSE,2022,2,98087,0.0
PAC,2021,6,98952,0.0
PSE,2022,7,98237,0.0
Avista,2023,3,99032,0.0
Avista,2025,2,99260,0.0
PSE,2024,4,98516,0.0
PSE,2023,7,98226,0.0
Avista,2021,9,99161,0.0
PSE,2021,6,98596,0.0
CNG,2021,5,98284,0.0
PSE,2022,4,98270,0.0
NWN,2022,8,98682,0.0
PAC,2024,7,98944,0.0
Avista,2020,8,99146,0.0
PSE,2022,1,98224,0.0
Avista,2024,7,99006,0.0
PAC,2024,11,99324,0.0
PSE,2023,2,98237,0.0
CNG,2020,5,98837,0.0
PAC,2020,11,98953,0.0
Avista,2024,5,99033,0.0
PSE,2023,6,98019,0.0
PSE,2021,6,98006,0.0
PAC,2024,7,98942,0.0
Avista,2022,8,99167,0.0
CNG,2020,7,98310,0.0
Avista,2021,10,99158,0.0
Avista,2021,1,99110,0.0
PSE,2024,1,98226,0.0
NWN,2022,6,98617,0.0
PSE,2020,10,98040,0.0
NWN,2022,4,98620,0.0
PSE,2025,3,98446,0.0
PSE,2023,4,98042,0.0
CNG,2022,10,98903,0.0
PSE,2025,8,98338,0.0
CNG,2021,1,98903,0.0
PSE,2022,10,98024,0.0
PSE,2020,3,98424,0.0
Avista,2020,5,99171,0.0
NWN,2021,11,98307,0.0
PSE,2022,7,98312,0.0
Avista,2025,8,99185,0.0
PSE,2022,10,98277,0.0
Avista,2024,11,98648,0.0
PSE,2025,1,98406,0.0
PAC,2025,11,98901,377.2
Avista,2023,6,99027,0.0
Avista,2022,10,99179,0.0
PAC,2024,3,98953,0.0
PSE,2024,1,98002,0.0
PSE,2020,4,98391,0.0
Avista,2020,8,99138,0.0
Avista,2024,2,99167,0.0
CNG,2022,9,98953,0.0
PSE,2022,9,98052,0.0
PSE,2024,5,98119,0.0
Avista,2025,1,99027,0.0
PSE,2022,12,98188,0.0
PSE,2022,12,98043,0.0
PSE,2022,3,98146,0.0
PSE,2023,5,98008,0.0
CNG,2022,11,98541,0.0
Avista,2020,3,99113,0.0
PSE,2024,2,98040,0.0
CNG,2023,5,99362,0.0
PSE,2022,7,98057,0.0
NWN,2021,7,98671,0.0
PSE,2022,5,98010,0.0
PSE,2024,8,98409,0.0
Avista,2022,9,99204,0.0
PSE,2023,6,98409,0.0
Avista,2020,6,99022,0.0
Avista,2021,8,99138,0.0
Avista,2024,3,99033,0.0
PSE,2021,11,98116,0.0
CNG,2020,1,98292,0.0
PSE,2021,12,98065,0.0
PSE,2025,12,98168,0.0
Avista,2021,4,99335,0.0
CNG,2022,1,98277,0.0
Avista,2023,3,99129,0.0
PSE,2022,2,98335,0.0
PSE,2020,5,98926,0.0
PSE,2023,10,98284,0.0
CNG,2020,5,98311,0.0
PSE,2022,6,98596,0.0
PSE,2021,4,98337,0.0
NWN,2020,5,98660,0.0
Avista,2025,11,99009,0.0
PSE,2023,7,98148,0.0
NWN,2021,4,98612,0.0
PSE,2022,10,98404,0.0
Avista,2023,8,99114,0.0
Avista,2025,9,99159,0.0
PSE,2025,8,98199,0.0
PSE,2024,9,98270,0.0
CNG,2024,6,98223,0.0
PSE,2021,4,98941,0.0
CNG,2023,7,98310,0.0
PSE,2020,9,98038,0.0
PSE,2022,10,98439,0.0
Avista,2021,8,99013,0.0
Avista,2021,11,99128,0.0
PSE,2024,8,98934,0.0
CNG,2025,10,98625,0.0
Avista,2021,8,99181,0.0
NWN,2020,3,98665,3.0
CNG,2025,3,98370,0.0
PAC,2021,10,98932,0.0
CNG,2024,8,98257,0.0
PSE,2025,6,98008,0.0
Avista,2025,10,99156,0.0
PAC,2024,11,98953,0.0
PSE,2024,5,98011,0.0
PSE,2021,3,98274,0.0
CNG,2021,11,98271,0.0
PSE,2020,11,98367,0.0
Avista,2020,6,99149,0.0
NWN,2024,11,98605,0.0
Avista,2021,4,99012,0.0
PSE,2022,11,98230,0.0
Avista,2024,4,99204,0.0
PSE,2023,6,98922,0.0
PSE,2021,6,98011,0.0
PAC,2022,3,99362,0.0
PSE,2021,7,98498,0.0
Avista,2021,12,99030,0.0
Avista,2024,4,99185,0.0
Avista,2022,4,99016,0.0
PSE,2025,1,98335,0.0
NWN,2023,5,98661,0.0
PSE,2022,6,98498,0.0
CNG,2023,12,98908,0.0
PAC,2024,11,99323,0.0
PSE,2025,11,98047,0.0
NWN,2023,1,98626,0.0
Avista,2020,7,99126,0.0
PSE,2023,9,98038,0.0
PSE,2021,11,98148,0.0
Avista,2023,1,98857,0.0
CNG,2023,4,98528,0.0
Avista,2020,5,99037,0.0
Avista,2021,9,99344,0.0
CNG,2022,1,98229,0.0
PSE,2021,7,98106,0.0
PSE,2025,6,98109,0.0
PAC,2025,12,98944,5.9
PSE,2025,6,98221,0.0
PSE,2021,8,98239,0.0
Avista,2025,7,98648,0.0
PSE,2024,11,98056,0.0
PSE,2025,7,98008,0.0
Avista,2023,11,99228,0.0
PSE,2021,4,98109,0.0
Avista,2022,2,99031,0.0
PSE,2022,7,98004,0.0
Avista,2024,12,99021,0.0
Avista,2023,11,99036,0.0
Avista,2022,11,99126,0.0
CNG,2022,7,98276,0.0
PAC,2020,8,99324,0.0
PAC,2021,11,98930,0.0
PSE,2022,7,98273,0.0
PSE,2020,9,98033,0.0
NWN,2024,11,98665,0.0
Avista,2020,12,99161,0.0
CNG,2022,2,99354,0.0
Avista,2020,6,99212,0.0
PSE,2022,12,98255,0.0
PSE,2020,6,98026,0.0
PSE,2025,10,98284,0.0
PSE,2022,3,98359,0.0
Avista,2021,12,99202,0.0
Avista,2021,2,99151,0.0
PSE,2022,12,98070,0.0
PSE,2024,2,98338,0.0
PSE,2024,4,98121,0.0
Avista,2024,10,99217,0.0
NWN,2021,3,98026,0.0
PSE,2024,9,98040,0.0
PAC,2020,11,98942,0.0
PSE,2024,4,98277,0.0
Avista,2020,11,99201,0.0
CNG,2020,2,98282,0.0
CNG,2024,12,98674,0.0
CNG,2024,2,99352,0.0
Avista,2021,10,99009,0.0
NWN,2023,3,98635,0.0
PAC,2022,11,98935,0.0
NWN,2024,1,98307,0.0
PSE,2023,12,98104,0.0
Avista,2023,2,99203,0.0
Avista,2025,10,99371,0.0
PSE,2025,3,98045,0.0
PAC,2023,5,99329,0.0
NWN,2021,2,98635,0.0
Avista,2025,5,99016,0.0
NWN,2025,3,98208,0.0
PSE,2020,11,98532,0.0
PSE,2024,7,98418,0.0
PSE,2024,2,98579,0.0
PSE,2023,7,98108,0.0
PAC,2020,8,99362,0.0
Avista,2025,1,98620,0.0
PSE,2025,1,98337,0.0
PAC,2024,3,99361,0.0
Avista,2024,6,99011,0.0
Avista,2020,6,99001,0.0
PSE,2025,8,98177,0.0
PAC,2020,6,98908,0.0
PSE,2021,7,98596,0.0
PAC,2023,12,99329,0.0
Avista,2020,3,99207,0.0
CNG,2020,9,98520,0.0
Avista,2020,6,99128,0.0
CNG,2021,4,98248,0.0
PSE,2022,7,98010,0.0
CNG,2025,2,98801,0.0
NWN,2021,6,98639,0.0
CNG,2020,2,98524,0.0
Avista,2022,10,99148,0.0
Avista,2024,3,99203,0.0
PAC,2021,3,98951,0.0
Avista,2021,10,99111,0.0
Avista,2022,12,99224,0.0
NWN,2020,3,98671,0.0
Avista,2022,7,99134,0.0
PAC,2024,2,98947,0.0
Avista,2024,3,99167,0.0
CNG,2021,3,98345,0.0
Avista,2020,7,99109,0.0
PAC,2020,9,98952,0.0
PAC,2024,8,98933,0.0
Avista,2025,12,99207,0.0
Avista,2022,8,99335,0.0
PAC,2020,2,98921,109.0
NWN,2022,3,98626,0.0
PSE,2022,2,98040,0.0
PSE,2020,7,98055,0.0
Avista,2025,10,99161,0.0
PSE,2023,3,98102,0.0
Avista,2020,5,99022,0.0
PSE,2021,5,98366,0.0
Avista,2023,4,99371,0.0
PSE,2024,1,98405,0.0
CNG,2023,2,98942,0.0
Avista,2025,9,99220,0.0
Avista,2020,5,99039,0.0
Avista,2021,9,99146,0.0
Avista,2024,8,99027,0.0
Avista,2025,2,99027,0.0
PSE,2022,3,98383,0.0
CNG,2024,2,98247,0.0
PSE,2021,5,98117,0.0
Avista,2022,8,99219,0.0
PSE,2023,9,98290,0.0
Avista,2020,5,99341,0.0
PSE,2021,1,98501,0.0
CNG,2021,6,99323,0.0
CNG,2022,4,98902,0.0
CNG,2022,8,98674,0.0
Avista,2021,1,99037,0.0
Avista,2022,8,99134,0.0
CNG,2025,2,98932,0.0
CNG,2022,1,98611,0.0
Avista,2021,3,99207,0.0
PSE,2023,2,98405,0.0
CNG,2021,12,98312,0.0
PSE,2020,8,98418,0.0
PSE,2020,11,98051,0.0
PSE,2022,3,98117,0.0
CNG,2024,10,98233,0.0
CNG,2024,6,98274,0.0
Avista,2021,4,99201,0.0
CNG,2023,10,98282,0.0
PSE,2025,8,98502,0.0
PAC,2023,10,98952,0.0
PSE,2024,12,98029,0.0
CNG,2022,8,98274,0.0
PAC,2022,12,99362,0.0
PSE,2022,12,98122,0.0
PAC,2023,5,98942,0.0
PSE,2025,3,98224,0.0
PSE,2025,12,98388,0.0
PSE,2021,3,98178,0.0
PSE,2022,5,98258,0.0
Avista,2024,12,99149,0.0
PSE,2021,3,98388,0.0
PSE,2025,8,98133,0.0
PSE,2021,1,98374,0.0
Avista,2021,1,99109,0.0
PSE,2023,10,98273,0.0
CNG,2022,6,98626,0.0
PSE,2025,2,98043,0.0
PSE,2025,12,98360,0.0
PSE,2022,11,98346,0.0
Avista,2023,1,99176,0.0
PSE,2021,11,98105,0.0
Avista,2023,1,99156,0.0
PSE,2021,5,98166,0.0
Avista,2021,10,99163,0.0
Avista,2023,6,99122,0.0
CNG,2023,3,98837,0.0
PAC,2024,4,98901,0.0
CNG,2020,7,98244,0.0
PSE,2023,9,98043,0.0
PSE,2023,3,98934,0.0
Avista,2022,6,99144,0.0
PSE,2022,1,98531,0.0
Avista,2024,2,99169,0.0
PSE,2024,3,98532,0.0
PAC,2021,8,98952,0.0
NWN,2020,7,98639,0.0
Avista,2023,2,99341,0.0
Avista,2023,12,99148,0.0
CNG,2025,12,98232,0.0
PSE,2025,8,98446,0.0
CNG,2025,4,98366,0.0
NWN,2020,10,98668,0.0
Avista,2022,3,99179,0.0
Avista,2023,9,99113,0.0
CNG,2023,4,98247,0.0
Avista,2021,8,99126,0.0
PAC,2022,10,98930,0.0
PSE,2021,4,98934,0.0
Avista,2025,6,99032,0.0
PSE,2023,2,98597,0.0
Avista,2024,12,99011,0.0
Avista,2023,4,99208,0.0
PAC,2024,12,98948,0.0
Avista,2024,10,99113,0.0
Avista,2022,8,99034,0.0
PSE,2022,10,98506,0.0
Avista,2025,5,99019,0.0
PSE,2025,12,98221,0.0
Avista,2022,2,99181,0.0
PSE,2025,11,98439,0.0
NWN,2025,3,98686,0.0
CNG,2023,4,98295,0.0
PSE,2020,6,98248,0.0
CNG,2021,12,99353,0.0
Avista,2022,7,99001,0.0
PSE,2024,4,98233,0.0
PSE,2022,8,98360,0.0
CNG,2022,6,98802,0.0
Avista,2021,11,99202,0.0
NWN,2024,5,98685,0.0
CNG,2021,1,98837,0.0
PSE,2023,9,98221,0.0
Avista,2023,5,99204,0.0
NWN,2021,2,98127,0.0
Avista,2021,7,99207,0.0
Avista,2020,9,99223,0.0
PSE,2020,12,98057,0.0
Avista,2020,10,99013,0.0
Avista,2025,8,99206,0.0
CNG,2021,9,98951,0.0
PSE,2024,11,98408,0.0
PSE,2022,3,98444,0.0
CNG,2023,11,98233,0.0
CNG,2020,7,98312,0.0
CNG,2024,9,98936,0.0
PSE,2024,5,98422,0.0
PSE,2023,1,98408,0.0
CNG,2022,4,98276,0.0
CNG,2022,5,98563,0.0
PSE,2023,5,98271,0.0
CNG,2020,7,98276,0.0
CNG,2021,10,98244,0.0
CNG,2025,3,98902,0.0
Avista,2025,4,99109,0.0
Avista,2022,9,99174,0.0
NWN,2025,4,98682,0.0
Avista,2025,6,98857,0.0
PSE,2025,9,98011,0.0
Avista,2021,9,99114,0.0
PSE,2021,12,98312,0.0
PAC,2024,4,98933,0.0
PSE,2025,4,98374,0.0
PSE,2020,6,98004,0.0
NWN,2024,7,98605,0.0
PSE,2021,11,98057,0.0
CNG,2023,8,98232,0.0
CNG,2021,10,98337,0.0
Avista,2022,10,99014,0.0
PSE,2025,1,98408,0.0
PSE,2024,9,98006,0.0
PSE,2022,1,98126,0.0
PAC,2020,3,98948,19.0
CNG,2024,5,98223,0.0
NWN,2021,5,98606,0.0
CNG,2024,12,98524,0.0
Avista,2025,1,99040,0.0
Avista,2021,9,99176,0.0
Avista,2024,4,99161,0.0
PSE,2021,5,98047,0.0
PSE,2021,7,98373,0.0
PSE,2020,12,98040,0.0
NWN,2021,6,98026,0.0
PSE,2023,1,98406,0.0
PAC,2022,1,98935,0.0
PSE,2024,8,98335,0.0
PSE,2024,4,98409,0.0
Avista,2021,7,99156,0.0
NWN,2020,10,98864,0.0
PSE,2024,12,98375,0.0
Avista,2024,9,99202,0.0
PSE,2025,10,98375,0.0
Avista,2024,4,99335,0.0
PSE,2020,10,98019,0.0
Avista,2025,1,99102,0.0
CNG,2022,12,99350,0.0
CNG,2021,5,98345,0.0
CNG,2022,10,98837,0.0
Avista,2020,9,99163,0.0
Avista,2022,4,99212,0.0
NWN,2023,9,98605,0.0
Avista,2024,12,99126,0.0
Avista,2022,7,99217,0.0
Avista,2025,10,99008,0.0
CNG,2025,12,98953,0.0
Avista,2023,7,99137,0.0
CNG,2024,1,98383,0.0
CNG,2024,1,99337,0.0
PAC,2022,8,98953,0.0
Avista,2021,6,99102,0.0
PSE,2022,8,98003,0.0
PSE,2022,9,98467,0.0
Avista,2024,10,99020,0.0
CNG,2022,5,98528,0.0
PSE,2024,7,98408,0.0
NWN,2022,4,98684,0.0
PSE,2023,5,98506,0.0
Avista,2022,12,99201,0.0
PAC,2022,4,98937,0.0
Avista,2025,9,99201,0.0
CNG,2022,3,98264,0.0
PSE,2025,7,98168,0.0
PSE,2022,7,98024,0.0
Avista,2022,11,99179,0.0
Avista,2021,5,99219,0.0
PSE,2021,7,98387,0.0
PSE,2021,9,98439,0.0
Avista,2023,1,99148,0.0
PSE,2023,2,98148,0.0
PAC,2025,12,99323,0.36
CNG,2020,4,98932,0.0
Avista,2023,2,99104,0.0
PSE,2023,5,98125,0.0
PSE,2021,1,98337,0.0
CNG,2025,2,99353,0.0
PSE,2022,9,98230,0.0
NWN,2024,10,98639,0.0
PSE,2025,10,98439,0.0
PAC,2024,11,98901,0.0
Avista,2022,3,99169,0.0
Avista,2025,5,99217,0.0
PAC,2020,11,98903,0.0
NWN,2025,6,98674,0.0
PSE,2024,9,98321,0.0
CNG,2025,1,98801,0.0
PSE,2020,11,98178,0.0
CNG,2021,2,98223,0.0
Avista,2025,11,99011,0.0
PSE,2025,12,98337,0.0
CNG,2024,1,98801,0.0
CNG,2025,9,98903,0.0
Avista,2021,5,99170,0.0
PSE,2023,11,98052,0.0
PSE,2020,12,98144,0.0
CNG,2024,6,99324,0.0
Avista,2020,5,99023,0.0
Avista,2025,9,99219,0.0
PSE,2022,9,98262,0.0
PSE,2023,12,98503,0.0
CNG,2020,4,99344,0.0
PSE,2020,7,98224,0.0
CNG,2022,11,98948,0.0
PSE,2023,10,98208,0.0
Avista,2023,3,99036,0.0
PSE,2023,4,98366,0.0
PSE,2020,10,98237,0.0
CNG,2023,11,98314,0.0
CNG,2024,12,98292,0.0
NWN,2024,1,98663,0.0
CNG,2025,9,98232,0.0
PAC,2023,8,99363,0.0
PAC,2023,7,98908,0.0
PSE,2022,9,98188,0.0
PSE,2025,4,98023,0.0
Avista,2020,7,99005,0.0
NWN,2022,2,97031,0.0
PAC,2025,10,98953,18.57
CNG,2025,3,98944,0.0
PSE,2023,2,98332,0.0
PSE,2024,3,98106,0.0
PAC,2023,8,99348,0.0
Avista,2023,1,99161,0.0
PSE,2024,1,98422,0.0
Avista,2024,10,99148,0.0
CNG,2021,5,98366,0.0
PSE,2020,8,98327,0.0
PAC,2020,8,98948,0.0
Avista,2020,11,99218,0.0
CNG,2024,4,98264,0.0
Avista,2023,6,98857,0.0
Avista,2024,6,99009,0.0
CNG,2025,5,99354,0.0
Avista,2021,6,99130,0.0
PAC,2022,7,99323,0.0
CNG,2025,8,98936,0.0
CNG,2025,12,98524,0.0
PSE,2023,4,98338,0.0
PSE,2022,8,98004,0.0
PSE,2020,8,98405,0.0
PSE,2020,8,98118,0.0
Avista,2022,5,98620,0.0
PAC,2024,7,98951,0.0
PAC,2023,9,98939,0.0
NWN,2022,11,98674,0.0
PSE,2024,3,98597,0.0
PSE,2023,1,98374,0.0
CNG,2022,6,98311,0.0
PSE,2023,7,98375,0.0
Avista,2021,8,99021,0.0
CNG,2020,9,98226,0.0
PSE,2025,11,98023,0.0
CNG,2020,11,98520,0.0
Avista,2023,4,99107,0.0
PSE,2024,4,98199,0.0
PSE,2022,5,98036,0.0
PSE,2025,8,98445,0.0
CNG,2025,9,98240,0.0
CNG,2024,5,98524,0.0
PSE,2024,5,98408,0.0
PSE,2020,10,98327,0.0
NWN,2020,9,98626,0.0
PSE,2021,1,98232,0.0
PSE,2023,5,98237,0.0
Avista,2021,11,99158,0.0
PSE,2023,8,98166,0.0
PSE,2020,8,98106,0.0
CNG,2023,11,98541,0.0
Avista,2022,3,98620,0.0
Avista,2025,9,99143,0.0
PAC,2021,6,98921,0.0
Avista,2025,3,99008,0.0
PAC,2020,7,98937,0.0
PSE,2022,10,98119,0.0
CNG,2024,1,98277,0.0
PSE,2024,4,98498,0.0
PAC,2021,9,99363,0.0
PSE,2021,3,98366,0.0
PSE,2023,6,98271,0.0
PAC,2023,7,98901,0.0
Avista,2022,9,99021,0.0
CNG,2025,10,98247,0.0
PSE,2021,7,98359,0.0
Avista,2024,7,99130,0.0
CNG,2021,10,98528,0.0
PSE,2022,12,98037,0.0
Avista,2021,1,99008,0.0
PAC,2023,5,98948,0.0
Avista,2021,5,99001,0.0
PSE,2024,7,98125,0.0
Avista,2024,6,99107,0.0
PSE,2025,10,98012,0.0
PSE,2021,7,98042,0.0
PSE,2023,5,98262,0.0
Avista,2024,8,99013,0.0
PAC,2024,10,98952,0.0
PSE,2023,11,98596,0.0
PSE,2023,12,98248,0.0
NWN,2024,9,98639,0.0
PSE,2022,3,98391,0.0
Avista,2022,5,99202,0.0
PSE,2024,7,98024,0.0
PSE,2021,10,98146,0.0
PSE,2023,9,98122,0.0
Avista,2025,9,99114,0.0
PSE,2021,2,98576,0.0
PSE,2020,9,98266,0.0
CNG,2020,6,98311,0.0
PSE,2023,6,98258,0.0
PSE,2021,7,98576,0.0
Avista,2025,9,99131,0.0
Avista,2024,5,99039,0.0
CNG,2023,5,98311,0.0
Avista,2021,10,98620,0.0
CNG,2024,10,99344,0.0
PSE,2025,2,98501,0.0
Avista,2022,3,99018,0.0
PSE,2022,9,98019,0.0
PSE,2023,12,98058,0.0
CNG,2021,5,98953,0.0
CNG,2022,11,99352,0.0
PSE,2022,1,98366,0.0
NWN,2024,8,98762,0.0
PSE,2024,2,98262,0.0
PAC,2021,9,98939,0.0
PSE,2021,1,98026,0.0
NWN,2023,3,98119,0.0
PAC,2025,3,98908,11.32
PAC,2023,12,98939,0.0
PSE,2025,2,98380,0.0
Avista,2021,3,99103,0.0
CNG,2023,4,98229,0.0
PSE,2024,11,98224,0.0
PAC,2025,2,98902,50.1
PSE,2024,12,98133,0.0
PSE,2021,6,98444,0.0
NWN,2023,6,98639,0.0
CNG,2025,9,98271,0.0
Avista,2025,9,99036,0.0
PSE,2024,2,98498,0.0
Avista,2022,9,99141,0.0
CNG,2024,4,98837,0.0
NWN,2022,5,98601,0.0
PSE,2024,9,98001,0.0
Avista,2022,3,99004,0.0
Avista,2024,7,99141,0.0
Avista,2024,8,99110,0.0
CNG,2022,12,98366,0.0
CNG,2021,12,99336,0.0
NWN,2023,1,98684,0.0
CNG,2024,6,98908,0.0
Avista,2024,1,99161,0.0
Avista,2025,6,99218,0.0
PSE,2021,11,98007,0.0
PSE,2022,11,98342,0.0
NWN,2024,11,98612,0.0
PSE,2020,6,98125,0.0
PSE,2025,3,98226,0.0
Avista,2024,11,99032,0.0
PSE,2020,4,98360,0.0
CNG,2020,9,98271,0.0
PSE,2024,8,98226,0.0
Avista,2024,2,99016,0.0
PSE,2022,1,98262,0.0
PSE,2020,9,98045,0.0
CNG,2021,11,98383,0.0
CNG,2023,12,98557,0.0
Avista,2021,7,99202,0.0
PSE,2025,12,98444,0.0
NWN,2024,6,98682,0.0
Avista,2024,10,99034,0.0
PSE,2023,12,98405,0.0
Avista,2020,7,99170,0.0
PSE,2021,1,98405,0.0
NWN,2021,7,98617,0.0
CNG,2022,8,98632,0.0
PSE,2024,6,98023,0.0
CNG,2025,4,98541,0.0
Avista,2024,6,99025,0.0
NWN,2020,5,98683,0.0
PSE,2022,3,98199,0.0
PSE,2025,9,98501,0.0
PAC,2020,5,98901,0.0
Avista,2025,7,99037,0.0
CNG,2020,8,98312,0.0
PAC,2021,11,98933,0.0
CNG,2021,6,98271,0.0
Avista,2025,8,99146,0.0
Avista,2023,3,99011,0.0
PSE,2025,9,98596,0.0
Avista,2022,7,99005,0.0
Avista,2021,7,99220,0.0
Avista,2020,12,99201,0.0
CNG,2025,1,98557,0.0
PSE,2023,6,98110,0.0
CNG,2021,12,98282,0.0
PSE,2022,2,98392,0.0
Avista,2022,2,99159,0.0
CNG,2024,11,99324,0.0
PSE,2022,3,98133,0.0
PSE,2022,11,98375,0.0
PSE,2023,3,98034,0.0
PSE,2021,7,98178,0.0
Avista,2023,10,99402,0.0
CNG,2023,6,98273,0.0
PSE,2023,12,98118,0.0
PSE,2021,4,98372,0.0
PAC,2020,5,99363,0.0
NWN,2020,11,98610,0.0
Avista,2021,12,99220,0.0
CNG,2023,10,98221,0.0
PSE,2021,3,98023,0.0
PSE,2020,7,98499,0.0
PSE,2025,1,98366,0.0
Avista,2023,9,99110,0.0
PSE,2022,12,98144,0.0
NWN,2024,8,98648,0.0
PSE,2021,3,98011,0.0
Avista,2020,9,99204,0.0
PSE,2025,8,98024,0.0
Avista,2020,11,99113,0.0
Avista,2025,10,99107,0.0
PSE,2025,5,98032,0.0
CNG,2023,3,98225,0.0
PSE,2021,2,98043,0.0
PSE,2021,11,98031,0.0
Avista,2024,2,99011,0.0
PSE,2021,5,98418,0.0
PSE,2023,6,98310,0.0
PAC,2022,6,98947,0.0
Avista,2022,11,99029,0.0
PAC,2023,6,98951,0.0
PSE,2025,7,98198,0.0
NWN,2025,7,98604,0.0
PSE,2025,3,98072,0.0
PSE,2023,5,98260,0.0
NWN,2021,8,98682,0.0
PSE,2023,4,98208,0.0
PSE,2024,6,98513,0.0
CNG,2022,7,98948,0.0
NWN,2021,6,98682,0.0
CNG,2025,10,98520,0.0
CNG,2020,5,98310,0.0
NWN,2021,11,98601,0.0
PAC,2020,9,99348,0.0
PSE,2022,1,98406,0.0
PAC,2024,2,99350,0.0
CNG,2025,9,98226,0.0
PSE,2023,4,98103,0.0
PSE,2022,10,98512,0.0
Avista,2024,11,99040,0.0
Avista,2020,7,99146,0.0
CNG,2025,2,98345,0.0
Avista,2020,9,99101,0.0
Avista,2025,5,99176,0.0
Avista,2023,1,99146,0.0
PSE,2021,11,98026,0.0
PSE,2025,8,98003,0.0
PSE,2022,4,98116,0.0
Avista,2023,9,99021,0.0
PSE,2021,11,98359,0.0
Avista,2024,7,99107,0.0
PSE,2023,6,98204,0.0
PSE,2025,12,98498,0.0
PSE,2024,8,98501,0.0
CNG,2020,11,98292,0.0
PSE,2023,1,98057,0.0
PSE,2021,2,98065,0.0
PSE,2024,6,98375,0.0
NWN,2020,10,98208,0.0
CNG,2020,10,98221,0.0
Avista,2024,5,99344,0.0
PSE,2022,9,98074,0.0
PSE,2021,9,98359,0.0
CNG,2025,6,98584,0.0
CNG,2023,11,99336,0.0
PSE,2023,12,98270,0.0
NWN,2022,10,98682,0.0
PSE,2025,12,98065,0.0
CNG,2023,12,98611,0.0
Avista,2021,8,99033,0.0
PSE,2021,12,98133,0.0
PSE,2022,9,98371,0.0
Avista,2023,11,99335,0.0
Avista,2021,1,99169,0.0
PSE,2023,9,98053,0.0
Avista,2023,4,99019,0.0
CNG,2025,1,98271,0.0
CNG,2022,6,98383,0.0
Avista,2022,9,99040,0.0
CNG,2021,10,98277,0.0
Avista,2025,11,99001,0.0
PAC,2021,3,99363,0.0
PSE,2022,4,98402,0.0
PSE,2021,4,98422,0.0
PSE,2022,12,98499,0.0
PSE,2025,1,98155,0.0
PSE,2022,7,98204,0.0
CNG,2025,3,98626,0.0
PSE,2025,4,98056,0.0
NWN,2024,1,98668,0.0
PAC,2023,2,98944,0.0
PAC,2022,3,99350,0.0
PSE,2023,6,98532,0.0
Avista,2021,2,99011,0.0
PSE,2021,8,98270,0.0
CNG,2025,11,98282,0.0
Avista,2025,2,99206,0.0
PSE,2020,5,98404,0.0
Avista,2024,7,99224,0.0
Avista,2024,10,99117,0.0
PAC,2021,9,99362,0.0
CNG,2024,1,98901,0.0
CNG,2021,1,98233,0.0
Avista,2020,4,99034,0.0
CNG,2020,5,99324,0.0
PSE,2024,5,98122,0.0
PSE,2022,11,98579,0.0
PSE,2021,12,98125,0.0
Avista,2020,4,99202,0.0
NWN,2022,3,98666,0.0
PSE,2024,7,98439,0.0
PSE,2022,7,98321,0.0
Avista,2020,4,99001,0.0
Avista,2025,5,99203,0.0
PSE,2023,5,98338,0.0
CNG,2024,2,98284,0.0
PSE,2020,6,98576,0.0
PAC,2024,12,99324,0.0
PAC,2022,8,99347,0.0
PAC,2023,2,99350,0.0
PSE,2024,1,98036,0.0
NWN,2021,6,98671,0.0
CNG,2024,5,99338,0.0
Avista,2024,5,99204,0.0
PSE,2020,7,98346,0.0
PSE,2025,10,98503,0.0
PAC,2020,10,98939,0.0
PAC,2020,5,99328,0.0
CNG,2022,1,98366,0.0
Avista,2021,4,99260,0.0
PSE,2025,10,98335,0.0
PSE,2024,7,98444,0.0
PSE,2025,7,98003,0.0
PSE,2022,8,98502,0.0
Avista,2022,11,99125,0.0
PSE,2025,3,98023,0.0
CNG,2020,3,98541,43.73
PSE,2025,5,98274,0.0
PSE,2024,1,98224,0.0
Avista,2024,9,99122,0.0
PSE,2024,4,98321,0.0
PSE,2025,1,98087,0.0
PSE,2021,2,98019,0.0
CNG,2023,2,99354,0.0
Avista,2022,2,99023,0.0
Avista,2025,1,99032,0.0
PAC,2022,5,98908,0.0
PAC,2021,5,99350,0.0
CNG,2022,1,98801,0.0
PSE,2022,5,98409,0.0
PAC,2024,6,99323,0.0
PAC,2020,7,98921,0.0
PSE,2020,8,98203,0.0
Avista,2024,10,99019,0.0
Avista,2022,10,99403,0.0
Avista,2022,12,99019,0.0
NWN,2024,9,98626,0.0
PSE,2025,10,98031,0.0
PSE,2025,9,98466,0.0
PSE,2022,1,98024,0.0
PSE,2025,9,98392,0.0
PSE,2022,5,98224,0.0
Avista,2023,9,99039,0.0
CNG,2022,10,98520,0.0
PSE,2022,3,98271,0.0
NWN,2025,5,98628,0.0
PSE,2022,11,98155,0.0
Avista,2023,2,99216,0.0
PSE,2023,11,98102,0.0
PSE,2021,6,98012,0.0
PAC,2025,7,98951,2.13
PSE,2025,8,98108,0.0
CNG,2020,2,98908,0.0
PSE,2024,8,98233,0.0
PSE,2020,10,98445,0.0
PSE,2022,8,98255,0.0
PAC,2021,9,98944,0.0
PSE,2023,8,98045,0.0
PSE,2024,12,98201,0.0
CNG,2022,9,98951,0.0
PSE,2023,2,98531,0.0
CNG,2021,6,98273,0.0
PAC,2024,8,98938,0.0
PSE,2023,9,98026,0.0
PSE,2021,5,98011,0.0
Avista,2021,5,99004,0.0
CNG,2023,8,98366,0.0
PAC,2023,5,98933,0.0
PSE,2021,6,98576,0.0
CNG,2020,7,98908,0.0
CNG,2024,2,98524,0.0
Avista,2020,9,99029,0.0
PSE,2025,9,98002,0.0
Avista,2023,2,99403,0.0
PSE,2025,7,98070,0.0
NWN,2021,4,98672,0.0
CNG,2022,5,99352,0.0
PSE,2024,10,98118,0.0
PSE,2021,10,98112,0.0
PSE,2024,1,98418,0.0
Avista,2020,7,99167,0.0
Avista,2020,12,99148,0.0
PSE,2024,2,98116,0.0
NWN,2025,11,98665,0.0
Avista,2024,6,99157,0.0
NWN,2022,4,98639,0.0
PSE,2022,7,98070,0.0
PSE,2020,6,98532,0.0
PSE,2022,1,98934,0.0
PSE,2021,4,98052,0.0
Avista,2023,5,99202,0.0
PSE,2023,7,98338,0.0
CNG,2025,2,98337,0.0
PSE,2021,8,98112,0.0
NWN,2025,8,98628,0.0
PSE,2023,6,98007,0.0
Avista,2023,6,99146,0.0
CNG,2024,10,98936,0.0
PSE,2020,4,98117,0.0
Avista,2022,1,99102,0.0
PSE,2023,11,98332,0.0
Avista,2023,3,99403,0.0
PSE,2022,1,98380,0.0
Avista,2020,9,99122,0.0
PSE,2023,7,98371,0.0
Avista,2023,11,99101,0.0
PSE,2022,3,98366,0.0
CNG,2023,12,98295,0.0
PSE,2021,6,98119,0.0
Avista,2020,4,99216,0.0
PSE,2020,7,98388,0.0
NWN,2023,2,98604,0.0
NWN,2023,6,97388,0.0
CNG,2024,8,98277,0.0
PSE,2022,6,98004,0.0
Avista,2020,6,99156,0.0
Avista,2025,11,99159,0.0
PSE,2024,4,98597,0.0
CNG,2025,7,98932,0.0
Avista,2025,11,99228,0.0
PSE,2023,11,98047,0.0
PSE,2023,1,98074,0.0
PAC,2020,1,98932,543.0
CNG,2022,2,98584,0.0
Avista,2024,4,99008,0.0
CNG,2025,3,98276,0.0
NWN,2022,2,98683,0.0
NWN,2023,8,98617,0.0
PSE,2021,8,98047,0.0
PAC,2020,9,99361,0.0
CNG,2021,1,98944,0.0
CNG,2024,6,98240,0.0
NWN,2024,6,98626,0.0
PSE,2022,5,98019,0.0
NWN,2020,4,98620,0.0
Avista,2021,11,99111,0.0
PSE,2020,4,98126,0.0
Avista,2024,3,99131,0.0
PAC,2023,5,99361,0.0
PSE,2024,9,98122,0.0
NWN,2020,3,98683,0.0
PSE,2020,12,98390,0.0
NWN,2024,8,98672,0.0
PSE,2021,11,98312,0.0
Avista,2021,4,99208,0.0
Avista,2024,1,99202,0.0
Avista,2021,6,99117,0.0
CNG,2020,9,99354,0.0
Avista,2022,2,99012,0.0
PSE,2023,5,98166,0.0
PSE,2023,2,98418,0.0
PSE,2024,11,98321,0.0
PAC,2023,10,98953,0.0
PAC,2023,7,98942,0.0
PSE,2022,2,98072,0.0
PSE,2023,2,98204,0.0
PSE,2022,3,98516,0.0
PSE,2025,7,98424,0.0
PSE,2023,9,98058,0.0
PSE,2022,6,98033,0.0
PSE,2024,2,98056,0.0
Avista,2024,7,99034,0.0
PSE,2025,2,98266,0.0
CNG,2023,3,98903,0.0
NWN,2025,6,97301,0.0
CNG,2021,10,98284,0.0
PSE,2025,11,98038,0.0
Avista,2020,12,99036,0.0
Avista,2020,12,99146,0.0
NWN,2020,5,98635,0.0
PSE,2023,8,98233,0.0
PSE,2025,1,98404,0.0
PSE,2023,4,98284,0.0
Avista,2020,5,99260,0.0
NWN,2020,5,98628,0.0
PSE,2020,10,98116,0.0
NWN,2022,2,98682,0.0
CNG,2020,7,98337,0.0
Avista,2021,10,99167,0.0
PSE,2025,5,98019,0.0
PSE,2023,12,98226,0.0
CNG,2023,5,98930,0.0
Avista,2022,6,99148,0.0
PSE,2024,7,98119,0.0
PSE,2024,12,98056,0.0
CNG,2023,3,98626,0.0
NWN,2023,7,98666,0.0
CNG,2021,5,98584,0.0
NWN,2021,3,98665,0.0
PSE,2023,9,98273,0.0
Avista,2025,4,99130,0.0
Avista,2022,5,99174,0.0
NWN,2022,7,98671,0.0
Avista,2020,12,99212,0.0
Avista,2025,7,99219,0.0
CNG,2022,12,99352,0.0
CNG,2020,9,98220,0.0
PSE,2020,3,98380,0.0
PSE,2021,2,98244,0.0
PSE,2022,10,98074,0.0
Avista,2024,7,99402,0.0
NWN,2021,3,98617,0.0
PSE,2022,3,98007,0.0
PAC,2023,11,98936,0.0
Avista,2020,10,99208,0.0
PSE,2024,5,98392,0.0
PAC,2023,9,98938,0.0
PSE,2023,9,98056,0.0
CNG,2021,7,98230,0.0
CNG,2022,5,98550,0.0
NWN,2025,6,98620,0.0
Avista,2023,12,99126,0.0
PSE,2023,1,98037,0.0
PSE,2025,8,98373,0.0
PAC,2023,2,98930,0.0
Avista,2024,6,99134,0.0
PSE,2021,5,98237,0.0
PSE,2022,8,98310,0.0
PSE,2025,12,98922,0.0
CNG,2024,1,98257,0.0
NWN,2024,2,98604,0.0
PSE,2020,12,98266,0.0
PSE,2021,1,98031,0.0
Avista,2025,6,99102,0.0
PSE,2022,8,98178,0.0
CNG,2025,5,99338,0.0
Avista,2024,9,99039,0.0
PSE,2020,11,98422,0.0
PSE,2020,11,98360,0.0
CNG,2024,8,98295,0.0
PSE,2021,2,98402,0.0
PSE,2024,1,98027,0.0
PSE,2021,7,98312,0.0
Avista,2020,8,99025,0.0
PSE,2024,9,98408,0.0
PAC,2021,4,98903,0.0
PSE,2023,10,98271,0.0
CNG,2024,9,99344,0.0
Avista,2024,6,99224,0.0
CNG,2025,5,98930,0.0
Avista,2023,11,99402,0.0
Avista,2024,1,99037,0.0
NWN,2020,3,98684,0.0
CNG,2020,10,98902,0.0
Avista,2025,5,99005,0.0
PSE,2023,4,98144,0.0
CNG,2022,9,98626,0.0
PSE,2021,1,98260,0.0
PAC,2021,11,98944,0.0
CNG,2023,7,98848,0.0
PSE,2022,11,98248,0.0
PSE,2020,7,98074,0.0
PSE,2023,12,98001,0.0
NWN,2021,6,98668,0.0
NWN,2023,2,98639,0.0
Avista,2023,2,98620,0.0
Avista,2020,9,99131,0.0
PSE,2021,4,98360,0.0
CNG,2022,5,98632,0.0
CNG,2020,5,98264,0.0
Avista,2024,5,99167,0.0
PAC,2024,1,98947,0.0
CNG,2023,9,98247,0.0
Avista,2024,12,99004,0.0
PSE,2024,6,98244,0.0
CNG,2020,2,98550,0.0
Avista,2023,12,99039,0.0
PSE,2025,4,98372,0.0
PSE,2024,2,98934,0.0
CNG,2022,8,99337,0.0
PSE,2020,9,98498,0.0
NWN,2023,3,98665,0.0
PSE,2023,8,98057,0.0
CNG,2023,9,98257,0.0
PSE,2025,4,98121,0.0
NWN,2025,9,98610,0.0
Avista,2021,5,99224,0.0
PSE,2024,10,98043,0.0
PAC,2022,3,98939,0.0
CNG,2023,7,99324,0.0
PSE,2021,5,98516,0.0
PSE,2024,8,98466,0.0
PSE,2023,8,98133,0.0
PSE,2022,5,98042,0.0
PSE,2024,9,98467,0.0
PAC,2022,8,99328,0.0
PAC,2022,3,99324,0.0
PAC,2022,1,98921,0.0
PSE,2022,5,98467,0.0
Avista,2021,10,99149,0.0
CNG,2020,2,98942,0.0
PSE,2021,4,98335,0.0
NWN,2025,11,98660,0.0
PSE,2022,4,98133,0.0
NWN,2025,6,98208,0.0
PSE,2022,11,98270,0.0
Avista,2021,11,99205,0.0
Avista,2022,6,99173,0.0
Avista,2021,11,99217,0.0
PSE,2024,4,98106,0.0
PSE,2025,9,98125,0.0
PAC,2021,12,99363,0.0
Avista,2025,3,99020,0.0
PSE,2025,3,98255,0.0
NWN,2021,5,98663,0.0
PSE,2023,4,98274,0.0
NWN,2023,7,98665,0.0
PSE,2022,2,98467,0.0
PSE,2023,3,98260,0.0
Avista,2023,2,99019,0.0
Avista,2024,2,99151,0.0
PSE,2023,3,98001,0.0
PSE,2022,2,98266,0.0
CNG,2023,3,98944,0.0
Avista,2022,4,99006,0.0
Avista,2022,6,99205,0.0
CNG,2021,3,98930,0.0
PSE,2025,6,98422,0.0
PSE,2021,9,98503,0.0
PSE,2022,10,98001,0.0
CNG,2021,10,98901,0.0
CNG,2025,11,98557,0.0
PSE,2021,5,98021,0.0
NWN,2024,12,98671,0.0
Avista,2021,8,98857,0.0
NWN,2021,10,98665,0.0
PSE,2022,12,98177,0.0
NWN,2023,8,98026,0.0
CNG,2022,11,98276,0.0
PSE,2022,6,98232,0.0
NWN,2023,9,98620,0.0
Avista,2025,1,99179,0.0
NWN,2023,9,98671,0.0
PSE,2024,4,98177,0.0
PSE,2025,8,98058,0.0
PSE,2023,3,98043,0.0
CNG,2021,8,98247,0.0
PSE,2020,7,98034,0.0
CNG,2021,7,98244,0.0
Avista,2021,3,99185,0.0
PSE,2022,2,98388,0.0
PSE,2023,6,98031,0.0
PSE,2023,12,98023,0.0
CNG,2025,8,98257,0.0
PSE,2023,5,98110,0.0
PSE,2024,4,98260,0.0
PSE,2024,5,98405,0.0
Avista,2022,6,99260,0.0
PSE,2024,12,98126,0.0
PAC,2022,8,98923,0.0
Avista,2021,8,99174,0.0
Avista,2025,5,99026,0.0
CNG,2020,7,98936,0.0
Avista,2025,9,99224,0.0
PAC,2020,5,99347,0.0
NWN,2022,1,97388,0.0
Avista,2021,2,99012,0.0
PSE,2022,8,98029,0.0
PSE,2020,8,98576,0.0
PSE,2023,12,98275,0.0
CNG,2025,5,98903,0.0
Avista,2021,6,99122,0.0
PSE,2024,8,98166,0.0
PAC,2022,7,99360,0.0
PSE,2020,6,98008,0.0
PSE,2022,5,98148,0.0
PSE,2022,9,98597,0.0
PSE,2023,11,98934,0.0
PAC,2020,11,99328,0.0
PSE,2023,3,98273,0.0
PSE,2025,6,98335,0.0
CNG,2025,6,98345,0.0
Avista,2021,3,99217,0.0
Avista,2023,6,99138,0.0
Avista,2022,3,99040,0.0
CNG,2022,6,98901,0.0
Avista,2020,6,99019,0.0
PSE,2022,1,98446,0.0
Avista,2021,7,99174,0.0
PAC,2023,10,98948,0.0
PAC,2024,7,98937,0.0
CNG,2020,11,98223,0.0
NWN,2020,7,98617,0.0
Avista,2020,11,99176,0.0
CNG,2024,12,98226,0.0
CNG,2023,8,99362,0.0
CNG,2020,4,98233,0.0
Avista,2022,1,99223,0.0
PSE,2024,5,98026,0.0
PSE,2023,5,98103,0.0
CNG,2021,1,98366,0.0
Avista,2023,3,99149,0.0
Avista,2024,5,99027,0.0
PSE,2022,7,98387,0.0
CNG,2025,3,98311,0.0
CNG,2022,6,98226,0.0
PSE,2022,2,98239,0.0
CNG,2020,11,98273,0.0
CNG,2024,10,98626,0.0
PSE,2021,12,98108,0.0
NWN,2021,1,98629,0.0
Avista,2021,1,99208,0.0
NWN,2025,11,98684,0.0
PAC,2023,11,99347,0.0
Avista,2023,5,99141,0.0
PAC,2021,4,98932,0.0
CNG,2023,8,98951,0.0
PAC,2021,12,98908,0.0
CNG,2020,4,98229,0.0
PSE,2023,5,98168,0.0
PSE,2021,12,98119,0.0
PSE,2020,6,98208,0.0
PSE,2022,4,98273,0.0
Avista,2020,5,99030,0.0
CNG,2021,11,98366,0.0
Avista,2022,10,99114,0.0
NWN,2024,5,98026,0.0
CNG,2021,12,98366,0.0
PSE,2025,7,98422,0.0
Avista,2025,4,99131,0.0
Avista,2020,9,98857,0.0
CNG,2023,5,98292,0.0
Avista,2023,2,99008,0.0
Avista,2020,9,99001,0.0
Avista,2023,11,99173,0.0
PSE,2021,2,98260,0.0
PSE,2025,6,98188,0.0
PAC,2020,11,98923,0.0
PSE,2022,7,98371,0.0
Avista,2025,3,99160,0.0
NWN,2021,11,98620,0.0
CNG,2022,12,99336,0.0
Avista,2024,11,99021,0.0
PSE,2023,9,98375,0.0
PSE,2020,4,98271,0.0
PSE,2021,9,98232,0.0
PSE,2024,6,98106,0.0
Avista,2022,10,99205,0.0
PSE,2025,1,98274,0.0
CNG,2025,10,98528,0.0
PSE,2024,12,98374,0.0
CNG,2020,10,98233,0.0
Avista,2024,9,99228,0.0
PSE,2024,4,98001,0.0
PSE,2023,6,98006,0.0
NWN,2021,1,98607,0.0
CNG,2020,12,98936,0.0
CNG,2024,6,98930,0.0
PSE,2024,11,98258,0.0
Avista,2020,9,99011,0.0
CNG,2024,1,98528,0.0
PSE,2025,12,98178,0.0
Avista,2020,3,98857,0.0
PAC,2022,4,98935,0.0
PAC,2022,1,98923,0.0
PSE,2024,3,98011,0.0
PSE,2022,3,98109,0.0
PSE,2023,6,98057,0.0
CNG,2025,11,98370,0.0
Avista,2022,5,99016,0.0
NWN,2025,11,98762,0.0
PSE,2024,11,98122,0.0
PSE,2024,1,98230,0.0
PSE,2024,8,98031,0.0
NWN,2023,5,98682,-6.86
PSE,2023,6,98010,0.0
PSE,2022,6,98516,0.0
PSE,2023,7,98208,0.0
PAC,2025,8,98952,4.07
CNG,2025,2,98611,0.0
PAC,2022,5,99329,0.0
NWN,2021,6,98864,0.0
PSE,2022,5,98390,0.0
Avista,2024,1,99102,0.0
CNG,2021,3,98370,0.0
PAC,2022,2,99347,0.0
CNG,2024,4,98247,0.0
PAC,2021,10,98933,0.0
PSE,2020,12,98002,0.0
PSE,2021,6,98003,0.0
PSE,2022,8,98010,0.0
NWN,2024,10,98664,0.0
PSE,2020,10,98367,0.0
PSE,2023,3,98021,0.0
PSE,2025,5,98052,0.0
NWN,2023,9,98628,0.0
Avista,2025,12,99134,0.0
PSE,2023,2,98244,0.0
Avista,2020,5,99005,0.0
PSE,2020,4,98166,0.0
PSE,2022,10,98030,0.0
PAC,2022,10,99362,0.0
PSE,2022,12,98052,0.0
CNG,2021,5,99336,0.0
Avista,2022,9,99201,0.0
NWN,2025,12,98682,0.0
Avista,2020,7,99224,0.0
PSE,2024,8,98004,0.0
PSE,2021,11,98028,0.0
PSE,2025,8,98327,0.0
PSE,2020,9,98321,0.0
PSE,2022,4,98047,0.0
CNG,2023,4,98367,0.0
PSE,2023,9,98125,0.0
Avista,2025,12,99181,0.0
CNG,2024,12,98284,0.0
NWN,2023,1,98610,0.0
Avista,2022,2,99170,0.0
CNG,2020,3,99323,15.34
CNG,2025,7,98520,0.0
CNG,2025,8,98276,0.0
PSE,2021,10,98271,0.0
PSE,2025,4,98310,0.0
PSE,2023,7,98596,0.0
Avista,2021,7,99102,0.0
PSE,2024,9,98338,0.0
PSE,2023,3,98056,0.0
PSE,2025,11,98237,0.0
PSE,2023,10,98406,0.0
Avista,2022,12,99148,0.0
CNG,2022,1,98233,0.0
PSE,2022,2,98070,0.0
PSE,2023,5,98042,0.0
PSE,2024,7,98941,0.0
CNG,2025,10,98244,0.0
Avista,2025,9,99018,0.0
CNG,2020,3,99324,239.72
PSE,2024,8,98038,0.0
PAC,2023,9,98923,0.0
CNG,2025,10,99344,0.0
CNG,2024,2,98848,0.0
Avista,2021,4,99212,0.0
Avista,2020,11,99025,0.0
PSE,2023,2,98033,0.0
PSE,2021,5,98122,0.0
Avista,2021,12,99137,0.0
NWN,2021,7,98684,0.0
NWN,2023,11,97388,0.0
PSE,2024,4,98408,0.0
PSE,2025,9,98388,0.0
PSE,2024,2,98360,0.0
Avista,2020,11,99004,0.0
NWN,2021,10,98684,0.0
PSE,2025,8,98065,0.0
Avista,2020,5,99027,0.0
NWN,2023,4,98606,0.0
Avista,2022,6,99129,0.0
Avista,2024,1,99023,0.0
PSE,2024,8,98383,0.0
Avista,2023,10,99131,0.0
PSE,2022,2,98589,0.0
CNG,2023,8,98337,0.0
Avista,2021,12,99156,0.0
PSE,2022,7,98532,0.0
PSE,2024,3,98155,0.0
Avista,2020,5,99169,0.0
PSE,2024,7,98371,0.0
PSE,2022,4,98033,0.0
CNG,2025,1,98541,0.0
PAC,2021,8,98938,0.0
Avista,2025,11,99040,0.0
PSE,2025,7,98052,0.0
PSE,2024,12,98466,0.0
PSE,2021,10,98126,0.0
PAC,2024,11,98923,0.0
PAC,2023,9,99362,0.0
PSE,2024,6,98346,0.0
NWN,2024,11,98683,0.0
PSE,2021,12,98359,0.0
CNG,2020,4,98257,0.0
PSE,2021,7,98597,0.0
NWN,2021,3,98639,0.0
CNG,2025,11,98563,0.0
CNG,2022,2,98848,0.0
PSE,2024,3,98059,0.0
NWN,2024,3,98683,0.0
Avista,2023,8,99224,0.0
Avista,2021,3,99111,0.0
PSE,2025,11,98502,0.0
Avista,2023,1,99006,0.0
Avista,2025,3,99335,0.0
CNG,2022,4,98936,0.0
PSE,2020,5,98122,0.0
PSE,2021,4,98002,0.0
CNG,2025,12,98264,0.0
CNG,2021,12,98264,0.0
PSE,2023,8,98310,0.0
CNG,2023,11,98524,0.0
PSE,2022,12,98327,0.0
CNG,2021,1,98273,0.0
PSE,2021,5,98512,0.0
CNG,2025,7,98311,0.0
PSE,2023,11,98409,0.0
Avista,2022,9,99163,0.0
PSE,2020,5,98148,0.0
CNG,2025,5,98951,0.0
CNG,2022,3,99324,0.0
PSE,2022,8,98024,0.0
Avista,2021,2,98857,0.0
NWN,2024,9,98674,0.0
PSE,2023,5,98117,0.0
Avista,2025,7,99031,0.0
PAC,2023,7,98933,0.0
Avista,2021,10,99033,0.0
Avista,2022,7,99020,0.0
PSE,2022,4,98168,0.0
CNG,2021,10,98257,0.0
CNG,2023,9,99362,0.0
Avista,2021,5,99023,0.0
Avista,2023,9,99220,0.0
PSE,2022,1,98053,0.0
Avista,2020,6,99157,0.0
NWN,2023,4,98666,0.0
Avista,2021,5,99129,0.0
PSE,2024,5,98327,0.0
NWN,2025,9,98686,0.0
Avista,2024,11,99039,0.0
PSE,2025,2,98335,0.0
Avista,2025,7,99224,0.0
PSE,2020,5,98446,0.0
PSE,2023,11,98271,0.0
CNG,2020,3,99362,1133.56
PSE,2020,3,98121,0.0
PSE,2025,9,98105,0.0
CNG,2023,3,98557,0.0
PSE,2024,8,98404,0.0
CNG,2024,6,98314,0.0
PSE,2021,5,98012,0.0
PSE,2022,4,98370,0.0
Avista,2024,9,99260,0.0
CNG,2020,10,99338,0.0
Avista,2023,2,99018,0.0
Avista,2024,4,99176,0.0
Avista,2025,3,99104,0.0
PSE,2025,5,98010,0.0
PSE,2025,10,98022,0.0
PSE,2022,3,98406,0.0
CNG,2025,2,98226,0.0
PSE,2020,5,98270,0.0
Avista,2022,8,99113,0.0
PSE,2025,8,98030,0.0
PSE,2022,2,98225,0.0
PAC,2023,10,99363,0.0
PSE,2022,10,98109,0.0
PSE,2022,11,98338,0.0
PSE,2020,6,98074,0.0
NWN,2025,9,98672,0.0
PSE,2021,9,98233,0.0
Avista,2025,3,99109,0.0
CNG,2024,6,99352,0.0
Avista,2020,10,99104,0.0
PSE,2025,8,98006,0.0
Avista,2022,10,99208,0.0
Avista,2023,2,99206,0.0
PSE,2021,3,98516,0.0
PSE,2020,5,98424,0.0
CNG,2021,5,98942,0.0
PSE,2023,8,98087,0.0
NWN,2023,8,98662,0.0
NWN,2024,4,98674,0.0
NWN,2021,6,98610,0.0
CNG,2021,7,98223,0.0
CNG,2024,10,98550,0.0
PAC,2024,7,98936,0.0
Avista,2023,2,99169,0.0
NWN,2020,9,98683,0.0
PSE,2023,10,98532,0.0
Avista,2020,3,99181,0.0
Avista,2024,8,99217,0.0
PAC,2022,6,99347,0.0
PSE,2020,8,98031,0.0
PAC,2020,1,99301,1.0
PSE,2023,1,98312,0.0
CNG,2025,12,99323,0.0
CNG,2020,1,98229,0.0
Avista,2021,1,99402,0.0
CNG,2021,2,98932,0.0
PSE,2024,5,98513,0.0
CNG,2021,8,98520,0.0
PSE,2020,9,98531,0.0
PSE,2020,3,98011,0.0
Avista,2025,5,99031,0.0
PAC,2023,10,98935,0.0
Avista,2020,4,99181,0.0
PSE,2025,5,98233,0.0
PSE,2021,12,98006,0.0
PSE,2023,1,98001,0.0
PSE,2022,3,98051,0.0
PSE,2021,10,98155,0.0
PSE,2025,12,98531,0.0
PSE,2022,11,98008,0.0
PSE,2020,10,98109,0.0
PSE,2021,1,98032,0.0
NWN,2024,7,98601,0.0
PAC,2020,6,98938,0.0
PSE,2020,8,98037,0.0
CNG,2022,9,98276,0.0
PSE,2023,9,98360,0.0
Avista,2022,5,99101,0.0
NWN,2020,3,98639,0.0
PSE,2020,6,98359,0.0
PSE,2025,11,98402,0.0
CNG,2024,1,98936,0.0
PSE,2023,12,98255,0.0
CNG,2021,3,98674,0.0
PSE,2024,6,98388,0.0
Avista,2025,1,99029,0.0
NWN,2022,11,98604,0.0
PAC,2024,6,99362,0.0
Avista,2021,2,99006,0.0
PSE,2022,4,98503,0.0
NWN,2022,9,98686,0.0
PSE,2023,12,98380,0.0
Avista,2023,3,99219,0.0
CNG,2020,2,98311,0.0
Avista,2022,9,99016,0.0
NWN,2020,7,98026,0.0
PSE,2020,4,98003,0.0
PSE,2023,7,98177,0.0
Avista,2025,10,99176,0.0
CNG,2022,9,98632,0.0
PSE,2020,5,98001,0.0
PSE,2024,3,98375,0.0
PSE,2023,11,98367,0.0
Avista,2020,6,99037,0.0
CNG,2022,9,98908,0.0
PSE,2025,1,98002,0.0
PSE,2020,5,98178,0.0
PSE,2024,4,98040,0.0
PSE,2025,9,98221,0.0
Avista,2024,1,99185,0.0
Avista,2024,9,99030,0.0
CNG,2023,1,98801,0.0
PSE,2025,12,98255,0.0
Avista,2023,5,99216,0.0
CNG,2024,2,98226,0.0
PSE,2023,8,98388,0.0
PSE,2021,12,98074,0.0
Avista,2025,2,99137,0.0
PSE,2023,3,98072,0.0
CNG,2024,4,98274,0.0
Avista,2022,7,99101,0.0
PSE,2024,3,98051,0.0
PSE,2023,6,98026,0.0
PSE,2020,7,98406,0.0
Avista,2020,11,99027,0.0
PAC,2022,10,99361,0.0
Avista,2022,8,99212,0.0
Avista,2021,9,99022,0.0
PSE,2020,11,98284,0.0
Avista,2021,4,99218,0.0
PSE,2023,9,98926,0.0
CNG,2024,1,98848,0.0
PSE,2023,6,98941,0.0
PSE,2023,5,98201,0.0
PSE,2021,2,98262,0.0
CNG,2022,7,99338,0.0
PAC,2022,6,98937,0.0
PSE,2024,8,98105,0.0
PSE,2022,3,98208,0.0
NWN,2022,4,97663,0.0
CNG,2022,4,98240,0.0
CNG,2021,2,98632,0.0
Avista,2021,1,98620,0.0
Avista,2024,3,99013,0.0
PSE,2020,9,98101,0.0
PSE,2020,6,98032,0.0
PSE,2022,4,98119,0.0
Avista,2022,8,99185,0.0
PSE,2024,3,98311,0.0
Avista,2022,7,99004,0.0
NWN,2020,4,98762,0.0
PSE,2025,5,98512,0.0
PSE,2023,6,98273,0.0
NWN,2020,12,98684,0.0
CNG,2020,2,98292,0.0
PAC,2024,1,98902,0.0
Avista,2023,12,99179,0.0
CNG,2022,1,99338,0.0
PAC,2021,10,98903,0.0
PSE,2022,4,98034,0.0
PAC,2020,7,98932,0.0
Avista,2021,12,99179,0.0
PSE,2025,3,98367,0.0
PSE,2024,2,98119,0.0
PSE,2020,5,98272,0.0
PSE,2020,5,98422,0.0
Avista,2020,8,99212,0.0
CNG,2024,6,98944,0.0
PSE,2021,9,98272,0.0
CNG,2020,11,98271,0.0
PSE,2025,1,98266,0.0
PAC,2025,7,98936,3.24
CNG,2025,8,98277,0.0
PSE,2023,6,98047,0.0
CNG,2021,9,98226,0.0
PSE,2020,12,98008,0.0
NWN,2025,3,98642,0.0
Avista,2025,12,99203,0.0
PAC,2021,3,99323,0.0
Avista,2020,6,99034,0.0
PSE,2024,6,98312,0.0
PSE,2025,11,98110,0.0
PSE,2022,11,98037,0.0
PSE,2024,8,98258,0.0
PAC,2023,5,98908,0.0
CNG,2021,2,98520,0.0
Avista,2022,9,99126,0.0
PSE,2022,11,98392,0.0
PSE,2021,12,98239,0.0
Avista,2024,7,99005,0.0
PSE,2021,7,98284,0.0
NWN,2021,12,98662,0.0
PSE,2024,5,98002,0.0
PSE,2024,4,98230,0.0
PSE,2021,3,98576,0.0
Avista,2023,10,99149,0.0
PSE,2021,2,98271,0.0
CNG,2022,2,98801,0.0
PSE,2023,12,98119,0.0
CNG,2021,12,98903,0.0
Avista,2023,6,99219,0.0
PSE,2025,4,98387,0.0
Avista,2025,12,99176,0.0
Avista,2025,1,99109,0.0
NWN,2020,12,98606,0.0
CNG,2023,11,98848,0.0
CNG,2020,11,98244,0.0
Avista,2023,8,99134,0.0
Avista,2021,10,99141,0.0
PSE,2025,4,98230,0.0
PSE,2020,10,98444,0.0
Avista,2025,3,99101,0.0
CNG,2025,2,98271,0.0
Avista,2025,4,99167,0.0
PSE,2020,4,98101,0.0
NWN,2024,6,98648,0.0
NWN,2023,9,98639,0.0
CNG,2020,11,98310,0.0
PAC,2024,6,98939,0.0
Avista,2024,4,99128,0.0
PSE,2020,5,98405,0.0
PSE,2023,10,98108,0.0
PSE,2023,1,98499,0.0
Avista,2025,5,98648,0.0
PSE,2020,10,98043,0.0
NWN,2022,5,98605,0.0
PAC,2021,3,98936,0.0
CNG,2024,5,98550,0.0
PSE,2022,9,98370,0.0
PSE,2024,2,98255,0.0
Avista,2023,5,99144,0.0
PAC,2024,7,98921,0.0
NWN,2025,5,98685,0.0
PSE,2021,6,98404,0.0
Avista,2023,1,99138,0.0
Avista,2021,8,99040,0.0
PSE,2023,7,98576,0.0
PAC,2022,12,98932,0.0
Avista,2021,7,99344,0.0
PSE,2020,3,98040,0.0
CNG,2023,3,98541,0.0
Avista,2023,9,99128,0.0
NWN,2024,3,98665,0.0
NWN,2021,8,98605,0.0
Avista,2023,5,99033,0.0
Avista,2025,4,99137,0.0
NWN,2023,2,98628,0.0
Avista,2020,12,99113,0.0
PSE,2025,5,98338,0.0
CNG,2021,12,98226,0.0
CNG,2022,7,99301,0.0
CNG,2025,12,99350,0.0
PAC,2021,3,99348,0.0
Avista,2024,11,98620,0.0
Avista,2021,6,99219,0.0
PSE,2025,2,98445,0.0
PSE,2022,8,98224,0.0
Avista,2020,5,99219,0.0
PSE,2023,12,98290,0.0
Avista,2023,1,99004,0.0
Avista,2020,3,99201,0.0
PSE,2021,4,98008,0.0
PSE,2021,4,98375,0.0
CNG,2025,12,98674,0.0
PSE,2023,2,98109,0.0
Avista,2023,3,99151,0.0
Avista,2020,3,99205,0.0
Avista,2021,8,99208,0.0
Avista,2023,2,99039,0.0
Avista,2024,5,99149,0.0
NWN,2021,11,98684,0.0
CNG,2023,1,98550,0.0
PSE,2023,12,98055,0.0
Avista,2021,11,99260,0.0
PSE,2024,5,98056,0.0
Avista,2025,8,99039,0.0
CNG,2020,11,98220,0.0
Avista,2024,3,99173,0.0
PSE,2025,5,98404,0.0
PAC,2025,6,98938,2.25
PSE,2020,9,98579,0.0
CNG,2025,12,98220,0.0
NWN,2020,10,98629,0.0
PSE,2023,1,98388,0.0
Avista,2025,6,99173,0.0
Avista,2025,9,99137,0.0
PSE,2020,6,98121,0.0
CNG,2021,6,98902,0.0
PSE,2020,11,98117,0.0
PSE,2025,10,98118,0.0
Avista,2022,3,99034,0.0
Avista,2021,11,99109,0.0
CNG,2025,5,98276,0.0
Avista,2025,8,99326,0.0
Avista,2020,7,99164,0.0
CNG,2020,1,98295,0.0
Avista,2023,1,99104,0.0
PAC,2022,9,98952,0.0
PSE,2024,1,98074,0.0
CNG,2022,10,98345,0.0
CNG,2021,2,98225,0.0
CNG,2024,8,98226,0.0
NWN,2023,2,98672,0.0
PSE,2024,9,98271,0.0
Avista,2022,6,99159,0.0
CNG,2025,3,98520,0.0
Avista,2020,8,99114,0.0
Avista,2023,11,99156,0.0
CNG,2023,1,98312,0.0
PSE,2023,5,98038,0.0
PSE,2022,5,98439,0.0
NWN,2025,4,98660,0.0
PSE,2020,6,98119,0.0
CNG,2023,7,98383,0.0
PSE,2022,8,98034,0.0
Avista,2023,2,99110,0.0
PSE,2020,10,98372,0.0
PSE,2021,11,98036,0.0
Avista,2020,3,99204,0.0
PAC,2020,4,99362,0.0
NWN,2025,11,98617,0.0
Avista,2023,8,99026,0.0
NWN,2024,8,98642,0.0
Avista,2021,5,99141,0.0
PSE,2021,1,98283,0.0
PAC,2021,7,99361,0.0
PSE,2023,8,98237,0.0
NWN,2021,11,98661,0.0
Avista,2023,4,99128,0.0
PSE,2021,5,98260,0.0
CNG,2020,3,99353,45.95
Avista,2025,5,99403,0.0
PSE,2021,5,98233,0.0
Avista,2025,6,99156,0.0
NWN,2023,12,98684,0.0
PSE,2023,9,98380,0.0
CNG,2021,3,98584,0.0
NWN,2023,12,98666,0.0
Avista,2023,3,99208,0.0
PSE,2022,4,98208,0.0
CNG,2025,3,98257,0.0
Avista,2020,6,99031,0.0
Avista,2024,4,99141,0.0
PSE,2020,7,98446,0.0
Avista,2020,5,99114,0.0
Avista,2023,8,99126,0.0
PAC,2024,9,98937,0.0
PSE,2025,12,98402,0.0
PSE,2021,11,98248,0.0
Avista,2023,12,99032,0.0
CNG,2024,12,98930,0.0
PSE,2020,5,98498,0.0
PSE,2024,11,98178,0.0
NWN,2022,10,98661,0.0
CNG,2024,3,99323,0.0
PSE,2024,10,98033,0.0
NWN,2023,7,98119,0.0
PAC,2023,2,98903,0.0
NWN,2021,5,98664,0.0
PSE,2022,5,98144,0.0
PSE,2021,5,98513,0.0
Avista,2022,12,99156,0.0
PAC,2020,7,98930,0.0
Avista,2022,11,99201,0.0
PSE,2023,2,98444,0.0
PSE,2025,12,98275,0.0
NWN,2020,6,98668,0.0
PAC,2022,12,98944,0.0
PSE,2022,10,98503,0.0
PSE,2025,7,98516,0.0
CNG,2024,9,98930,0.0
PAC,2021,2,98939,0.0
PSE,2025,11,98168,0.0
CNG,2025,7,98264,0.0
Avista,2020,11,99151,0.0
CNG,2023,4,98951,0.0
Avista,2023,6,99037,0.0
NWN,2021,6,98675,0.0
Avista,2023,4,99202,0.0
PSE,2025,1,98405,0.0
Avista,2024,3,99039,0.0
PSE,2022,11,98446,0.0
Avista,2022,3,99126,0.0
CNG,2024,12,98584,0.0
Avista,2025,9,99326,0.0
PSE,2021,5,98499,0.0
Avista,2021,2,99013,0.0
CNG,2021,9,98541,0.0
CNG,2025,9,98229,0.0
Avista,2023,12,99181,0.0
PSE,2024,6,98104,0.0
PSE,2025,4,98390,0.0
CNG,2022,9,98284,0.0
PAC,2021,7,98902,0.0
Avista,2023,9,99040,0.0
NWN,2024,4,98605,0.0
PSE,2024,7,98028,0.0
PSE,2020,11,98392,0.0
PSE,2022,3,98283,0.0
CNG,2025,7,99323,0.0
CNG,2025,4,98611,0.0
PSE,2021,10,98055,0.0
PSE,2022,12,98051,0.0
PAC,2023,1,99362,0.0
Avista,2024,3,99341,0.0
PSE,2025,11,98024,0.0
NWN,2024,7,97301,0.0
Avista,2025,2,99216,0.0
Avista,2022,1,99014,0.0
PSE,2022,4,98445,0.0
PSE,2020,11,98121,0.0
CNG,2021,8,98632,0.0
Avista,2021,11,99004,0.0
PSE,2020,9,98248,0.0
PSE,2024,6,98232,0.0
NWN,2020,12,98607,0.0
CNG,2021,3,98284,0.0
PSE,2021,5,98230,0.0
PSE,2025,6,98392,0.0
CNG,2020,11,98541,0.0
PSE,2022,1,98244,0.0
NWN,2024,5,98626,0.0
Avista,2021,2,99148,0.0
PSE,2022,3,98226,0.0
PSE,2025,4,98346,0.0
CNG,2022,1,98528,0.0
PAC,2024,4,98942,0.0
PSE,2022,1,98031,0.0
CNG,2024,2,98942,0.0
Avista,2023,12,99104,0.0
PAC,2023,4,98921,0.0
PSE,2020,6,98513,0.0
Avista,2023,11,99148,0.0
Avista,2023,9,99126,0.0
PSE,2024,8,98055,0.0
NWN,2020,9,98119,0.0
Avista,2020,6,99009,0.0
Avista,2020,12,99181,0.0
Avista,2021,9,99025,0.0
NWN,2022,7,98601,0.0
PSE,2022,7,98072,0.0
PSE,2023,11,98392,0.0
CNG,2025,1,99354,0.0
Avista,2025,5,99122,0.0
CNG,2020,4,99336,0.0
Avista,2022,6,99202,0.0
PSE,2025,7,98092,0.0
CNG,2024,4,98903,0.0
PSE,2023,2,98072,0.0
Avista,2024,3,99011,0.0
PSE,2024,1,98392,0.0
NWN,2021,8,98686,0.0
Avista,2025,11,99006,0.0
CNG,2022,5,99337,0.0
PSE,2021,9,98360,0.0
Avista,2024,10,99138,0.0
Avista,2022,10,99001,0.0
Avista,2023,4,99326,0.0
PSE,2024,2,98059,0.0
CNG,2023,5,98383,0.0
Avista,2021,2,99102,0.0
PSE,2021,6,98005,0.0
CNG,2025,10,99301,0.0
PSE,2022,11,98941,0.0
Avista,2022,10,99008,0.0
CNG,2023,7,98674,0.0
NWN,2020,10,98635,0.0
Avista,2020,7,99341,0.0
PAC,2020,7,98953,0.0
PSE,2024,9,98146,0.0
Avista,2023,12,99013,0.0
Avista,2022,3,99101,0.0
CNG,2023,6,99337,0.0
CNG,2025,7,98257,0.0
PSE,2022,10,98597,0.0
NWN,2023,5,98626,0.0
NWN,2025,3,98663,0.0
PSE,2023,2,98392,0.0
PSE,2022,1,98056,0.0
Avista,2021,4,99371,0.0
Avista,2022,1,99134,0.0
Avista,2025,3,99131,0.0
Avista,2023,2,99022,0.0
CNG,2021,3,98244,0.0
Avista,2020,6,99201,0.0
Avista,2022,9,99037,0.0
PSE,2025,3,98001,0.0
Avista,2020,6,99220,0.0
PSE,2023,5,98047,0.0
CNG,2025,6,98366,0.0
NWN,2024,8,98620,0.0
PSE,2025,10,98941,0.0
Avista,2022,8,99171,0.0
PSE,2022,2,98409,0.0
PSE,2025,11,98203,0.0
PSE,2023,12,98262,0.0
Avista,2021,8,99137,0.0
PSE,2021,11,98232,0.0
PAC,2021,11,98939,0.0
Avista,2025,1,99173,0.0
CNG,2024,2,98282,0.0
Avista,2020,3,99160,0.0
Avista,2020,6,98620,0.0
Avista,2025,1,99128,0.0
Avista,2024,3,99204,0.0
PSE,2020,5,98106,0.0
NWN,2025,2,98612,0.0
PSE,2024,5,98006,0.0
PAC,2021,4,98935,0.0
PSE,2022,9,98070,0.0
PSE,2022,6,98271,0.0
CNG,2022,8,98584,0.0
PSE,2024,1,98501,0.0
Avista,2022,8,99169,0.0
PSE,2023,9,98166,0.0
Avista,2021,5,99008,0.0
PSE,2024,6,98110,0.0
PSE,2020,4,98006,0.0
NWN,2021,9,98682,0.0
Avista,2022,7,99181,0.0
Avista,2025,12,98857,0.0
PSE,2025,1,98467,0.0
Avista,2024,5,99179,0.0
PSE,2025,5,98188,0.0
PSE,2021,5,98031,0.0
Avista,2020,4,99104,0.0
CNG,2025,1,98230,0.0
PSE,2024,3,98941,0.0
Avista,2024,4,99171,0.0
CNG,2023,2,98674,0.0
NWN,2020,5,98606,0.0
Avista,2024,9,99021,0.0
PSE,2020,11,98043,0.0
PSE,2024,7,98512,0.0
PSE,2023,5,98310,0.0
NWN,2023,7,97031,0.0
PSE,2023,6,98224,0.0
NWN,2025,10,98628,0.0
PSE,2024,12,98199,0.0
CNG,2024,10,99337,0.0
PSE,2022,1,98257,0.0
Avista,2022,8,99037,0.0
CNG,2025,3,98901,0.0
Avista,2020,3,99110,0.0
PAC,2023,5,99324,0.0
PSE,2023,6,98126,0.0
CNG,2025,1,98370,0.0
Avista,2020,3,99027,0.0
PSE,2022,9,98501,0.0
CNG,2021,10,98932,0.0
PSE,2023,7,98087,0.0
Avista,2021,9,99143,0.0
CNG,2025,3,98948,0.0
Avista,2025,10,99030,0.0
NWN,2020,4,98208,0.0
Avista,2025,6,99260,0.0
CNG,2025,6,99350,0.0
PSE,2020,5,98372,0.0
PSE,2022,12,98266,0.0
NWN,2021,3,98208,0.0
PSE,2024,1,98122,0.0
Avista,2025,2,99185,0.0
Avista,2023,1,99224,0.0
Avista,2021,3,99201,0.0
CNG,2022,11,98936,0.0
Avista,2023,8,99149,0.0
Avista,2020,8,99003,0.0
PSE,2024,2,98370,0.0
PSE,2024,8,98201,0.0
CNG,2022,11,98229,0.0
PSE,2022,2,98387,0.0
Avista,2024,8,99129,0.0
NWN,2024,3,98686,-3.27
PSE,2024,4,98375,0.0
PSE,2024,10,98034,0.0
NWN,2021,2,97031,0.0
PSE,2023,7,98597,0.0
PSE,2021,3,98144,0.0
PSE,2023,8,98445,0.0
PSE,2020,7,98408,0.0
Avista,2023,7,99107,0.0
PSE,2022,12,98926,0.0
NWN,2024,11,98628,0.0
PSE,2021,6,98360,0.0
Avista,2021,4,99102,0.0
PSE,2021,1,98271,0.0
CNG,2022,7,99323,0.0
NWN,2021,4,98208,0.0
Avista,2021,8,99134,0.0
PSE,2021,7,98122,0.0
Avista,2025,10,99217,0.0
Avista,2022,10,99371,0.0
PSE,2024,7,98502,0.0
PSE,2022,8,98290,0.0
PSE,2021,5,98239,0.0
PSE,2024,10,98380,0.0
PSE,2024,2,98005,0.0
PSE,2020,11,98058,0.0
PSE,2020,12,98178,0.0
Avista,2024,5,99016,0.0
PSE,2022,12,98146,0.0
PSE,2024,10,98031,0.0
PAC,2022,4,98901,0.0
PSE,2022,6,98052,0.0
PAC,2023,10,98908,0.0
PSE,2025,8,98036,0.0
PSE,2024,12,98112,0.0
PSE,2020,11,98579,0.0
PSE,2022,12,98375,0.0
CNG,2021,11,98277,0.0
PSE,2020,11,98502,0.0
PAC,2023,12,99323,0.0
PAC,2024,9,99323,0.0
PSE,2025,11,98108,0.0
PSE,2025,12,98045,0.0
PSE,2021,4,98144,0.0
PSE,2025,6,98406,0.0
NWN,2023,5,98620,0.0
Avista,2023,12,99260,0.0
PSE,2020,11,98409,0.0
PSE,2024,1,98121,0.0
PSE,2023,6,98335,0.0
NWN,2021,3,98668,0.0
CNG,2020,3,98903,130.54
CNG,2022,5,98284,0.0
PSE,2024,3,98406,0.0
NWN,2023,4,98683,0.0
Avista,2024,6,99217,0.0
Avista,2022,9,99158,0.0
Avista,2021,3,99216,0.0
CNG,2022,2,98903,0.0
PSE,2022,3,98040,0.0
NWN,2023,9,98635,0.0
Avista,2023,2,99201,0.0
PSE,2021,3,98257,0.0
Avista,2022,4,99173,0.0
Avista,2022,7,99185,0.0
Avista,2021,7,99335,0.0
PSE,2022,9,98367,0.0
CNG,2025,7,98626,0.0
NWN,2025,9,97031,0.0
PSE,2025,7,98072,0.0
PSE,2024,1,98203,0.0
PSE,2021,12,98262,0.0
CNG,2024,5,98520,0.0
PSE,2021,2,98337,0.0
PSE,2023,6,98230,0.0
PSE,2023,5,98065,0.0
PSE,2024,2,98038,0.0
CNG,2021,5,98908,0.0
PSE,2022,1,98499,0.0
CNG,2021,3,98223,0.0
PSE,2021,5,98387,0.0
PSE,2024,11,98105,0.0
CNG,2023,11,98953,0.0
PSE,2022,1,98512,0.0
Avista,2024,4,99011,0.0
Avista,2024,4,99134,0.0
PSE,2024,12,98516,0.0
PSE,2022,7,98373,0.0
PSE,2024,8,98133,0.0
CNG,2024,11,99323,0.0
PSE,2020,5,98239,0.0
CNG,2025,3,98233,0.0
Avista,2020,10,99021,0.0
PSE,2020,9,98338,0.0
PSE,2020,7,98047,0.0
Avista,2025,11,99371,0.0
NWN,2023,1,98628,0.0
Avista,2022,10,99176,0.0
Avista,2020,10,99137,0.0
Avista,2022,10,99224,0.0
PSE,2025,11,98028,0.0
NWN,2023,12,98664,0.0
PSE,2025,1,98360,0.0
NWN,2024,5,98665,-15.0
PSE,2020,9,98391,0.0
CNG,2021,9,98524,0.0
NWN,2022,8,98617,0.0
PAC,2024,3,98942,0.0
CNG,2025,5,98936,0.0
Avista,2025,7,99126,0.0
CNG,2025,1,98240,0.0
Avista,2020,7,99101,0.0
PSE,2020,10,98023,0.0
Avista,2022,12,99003,0.0
Avista,2022,10,98648,0.0
CNG,2021,4,98276,0.0
Avista,2024,5,99012,0.0
CNG,2021,1,99362,0.0
NWN,2024,6,98683,0.0
PSE,2020,3,98117,0.0
PSE,2021,7,98367,0.0
CNG,2025,9,99337,0.0
NWN,2025,5,97031,0.0
Avista,2025,6,99109,0.0
Avista,2023,11,99032,0.0
PSE,2025,7,98335,0.0
PSE,2025,10,98002,0.0
Avista,2022,8,99137,0.0
CNG,2023,6,98626,0.0
Avista,2025,9,99026,0.0
PAC,2020,12,98902,0.0
PSE,2023,7,98271,0.0
PSE,2021,4,98359,0.0
CNG,2023,5,98611,0.0
NWN,2024,5,98672,0.0
PSE,2025,1,98033,0.0
Avista,2022,8,99208,0.0
PSE,2024,1,98277,0.0
CNG,2021,2,98314,0.0
PSE,2024,7,98335,0.0
PSE,2024,11,98262,0.0
PSE,2022,5,98026,0.0
PSE,2021,5,98370,0.0
PSE,2024,12,98327,0.0
PSE,2024,9,98255,0.0
PSE,2025,11,98359,0.0
NWN,2020,12,98674,0.0
NWN,2022,11,98686,0.0
NWN,2021,12,98604,0.0
NWN,2024,10,98661,0.0
CNG,2022,2,98936,0.0
CNG,2023,10,98930,0.0
CNG,2023,10,98230,0.0
PSE,2024,5,98248,0.0
PAC,2020,2,98902,4957.0
PSE,2023,10,98321,0.0
PSE,2020,6,98040,0.0
PSE,2022,6,98466,0.0
PSE,2021,6,98392,0.0
PSE,2024,6,98199,0.0
PSE,2024,3,98312,0.0
NWN,2021,7,98119,0.0
NWN,2022,11,98642,0.0
Avista,2024,11,99138,0.0
CNG,2023,8,98541,0.0
PSE,2023,3,98070,0.0
NWN,2022,3,97301,0.0
Avista,2024,9,99023,0.0
PSE,2025,4,98109,0.0
Avista,2024,4,99201,0.0
NWN,2021,8,98864,0.0
PAC,2022,8,98901,0.0
PSE,2024,7,98101,0.0
PSE,2024,11,98513,0.0
PSE,2025,4,98232,0.0
NWN,2020,7,98675,0.0
Avista,2022,1,99176,0.0
PSE,2022,4,98110,0.0
PSE,2022,6,98040,0.0
CNG,2020,3,98383,341.3
PSE,2020,4,98579,0.0
Avista,2020,11,99016,0.0
PSE,2021,5,98028,0.0
Avista,2025,1,99104,0.0
NWN,2024,3,98635,0.0
PSE,2023,4,98003,0.0
PSE,2022,1,98104,0.0
PSE,2024,5,98027,0.0
Avista,2024,4,99104,0.0
NWN,2024,4,98607,4.05
PSE,2022,6,98065,0.0
NWN,2025,12,98664,0.0
PAC,2025,4,98938,2.21
PSE,2025,3,98502,0.0
PSE,2023,10,98126,0.0
PSE,2020,6,98387,0.0
PAC,2024,12,99329,0.0
Avista,2024,1,99144,0.0
PAC,2022,6,98942,0.0
PSE,2022,3,98467,0.0
CNG,2023,6,98625,0.0
PSE,2025,10,98467,0.0
PSE,2025,10,98003,0.0
PAC,2022,6,98902,0.0
CNG,2024,2,98674,0.0
Avista,2024,8,99228,0.0
CNG,2025,7,98273,0.0
Avista,2021,6,99171,0.0
Avista,2024,1,99021,0.0
CNG,2024,3,98951,0.0
PAC,2024,6,99363,0.0
PSE,2020,9,98258,0.0
PSE,2023,10,98022,0.0
NWN,2025,10,97388,0.0
PSE,2020,4,98237,0.0
PSE,2020,8,98499,0.0
PSE,2024,11,98027,0.0
Avista,2023,7,99170,0.0
NWN,2025,2,97031,0.0
PSE,2023,12,98125,0.0
CNG,2021,8,98802,0.0
CNG,2024,1,98230,0.0
PSE,2020,4,98133,0.0
PAC,2024,9,98921,0.0
NWN,2023,2,98664,0.0
Avista,2023,12,99027,0.0
PSE,2025,10,98040,0.0
PSE,2021,11,98388,0.0
PSE,2021,10,98284,0.0
Avista,2025,9,99025,0.0
PSE,2025,11,98408,0.0
PAC,2024,1,98948,0.0
Avista,2024,6,99143,0.0
PSE,2023,11,98408,0.0
Avista,2021,4,99179,0.0
PSE,2020,7,98311,0.0
NWN,2024,2,98626,0.0
PAC,2020,1,98920,1.0
PSE,2020,4,98277,0.0
Avista,2023,8,99021,0.0
Avista,2022,1,99344,0.0
Avista,2021,11,99169,0.0
CNG,2022,9,98295,0.0
Avista,2023,12,99207,0.0
Avista,2022,6,99335,0.0
PSE,2024,7,98058,0.0
PSE,2020,9,98040,0.0
CNG,2021,12,98802,0.0
PSE,2022,9,98004,0.0
Avista,2021,5,99029,0.0
CNG,2020,7,99324,0.0
PSE,2025,1,98122,0.0
PSE,2021,5,98266,0.0
CNG,2021,8,98312,0.0
PAC,2024,9,98942,0.0
NWN,2021,1,98635,0.0
Avista,2025,3,99260,0.0
PAC,2025,12,98930,1.32
PSE,2022,3,98203,0.0
CNG,2020,5,98244,0.0
PSE,2024,1,98019,0.0
NWN,2021,6,98648,0.0
NWN,2020,11,98307,0.0
PSE,2020,7,98118,0.0
PAC,2024,7,98947,0.0
CNG,2022,2,98337,0.0
CNG,2025,6,98277,0.0
PSE,2022,3,98275,0.0
PSE,2021,6,98275,0.0
PSE,2021,1,98045,0.0
PSE,2024,2,98502,0.0
Avista,2023,3,99220,0.0
CNG,2023,5,99350,0.0
Avista,2020,5,99003,0.0
CNG,2024,7,98248,0.0
PSE,2021,11,98056,0.0
PSE,2020,5,98532,0.0
NWN,2024,9,98610,0.0
Avista,2020,11,99011,0.0
PSE,2022,6,98255,0.0
NWN,2022,9,98612,0.0
PSE,2024,6,98342,0.0
PSE,2024,6,98408,0.0
PSE,2020,6,98226,0.0
NWN,2020,5,98620,0.0
PSE,2025,2,98001,0.0
Avista,2024,12,99034,0.0
PSE,2020,12,98342,0.0
PSE,2021,11,98260,0.0
PSE,2023,6,98051,0.0
PSE,2024,5,98023,0.0
PSE,2024,9,98087,0.0
CNG,2022,3,98337,0.0
PSE,2022,4,98310,0.0
PSE,2023,11,98512,0.0
Avista,2020,10,99032,0.0
Avista,2020,10,99040,0.0
PSE,2020,8,98133,0.0
PSE,2020,3,98367,0.0
CNG,2021,11,98312,0.0
CNG,2020,11,98942,0.0
PAC,2022,3,98901,0.0
PSE,2024,7,98380,0.0
Avista,2021,1,99117,0.0
PSE,2022,2,98373,0.0
PSE,2022,4,98108,0.0
CNG,2022,9,98611,0.0
PSE,2025,11,98446,0.0
NWN,2021,2,98685,0.0
PSE,2024,8,98101,0.0
Avista,2020,9,99018,0.0
CNG,2021,5,98247,0.0
PSE,2020,9,98467,0.0
PSE,2020,9,98408,0.0
CNG,2025,9,98247,0.0
NWN,2023,12,98683,0.0
CNG,2023,6,98951,0.0
PSE,2020,4,98055,0.0
PSE,2021,1,98512,0.0
CNG,2024,2,99344,0.0
PAC,2020,12,99323,0.0
Avista,2025,3,99207,0.0
Avista,2024,8,99107,0.0
Avista,2025,11,99156,0.0
Avista,2022,12,99022,0.0
PSE,2025,4,98532,0.0
PSE,2023,6,98133,0.0
PAC,2020,10,98944,0.0
NWN,2025,10,98642,0.0
PAC,2023,11,98953,0.0
PSE,2020,4,98204,0.0
PAC,2023,2,98948,0.0
PSE,2022,7,98112,0.0
CNG,2025,10,98233,0.0
CNG,2023,2,98584,0.0
CNG,2025,11,98674,0.0
Avista,2025,4,99185,0.0
NWN,2022,9,98674,0.0
CNG,2021,11,98625,0.0
Avista,2020,10,99023,0.0
PSE,2022,12,98057,0.0
CNG,2023,6,98903,0.0
PSE,2024,3,98199,0.0
PSE,2020,10,98146,0.0
CNG,2023,1,98674,0.0
NWN,2024,10,98683,0.0
PSE,2024,5,98926,0.0
CNG,2024,10,98584,0.0
PSE,2020,10,98203,0.0
Avista,2024,10,99220,0.0
Avista,2023,7,99027,0.0
PSE,2025,2,98059,0.0
PAC,2021,1,98952,0.0
Avista,2023,11,99205,0.0
CNG,2023,6,98230,0.0
CNG,2020,11,98932,0.0
CNG,2020,10,98271,0.0
NWN,2021,12,98607,0.0
NWN,2020,8,98605,0.0
PSE,2025,2,98002,0.0
CNG,2022,3,99352,0.0
PSE,2024,3,98446,0.0
CNG,2025,9,98221,0.0
PSE,2020,12,98034,0.0
PSE,2022,10,98446,0.0
Avista,2022,9,99001,0.0
NWN,2022,12,98628,0.0
PAC,2021,9,98935,0.0
PSE,2023,2,98203,0.0
PAC,2021,2,98938,0.0
PSE,2022,1,98576,0.0
Avista,2022,6,99143,0.0
CNG,2024,12,98366,0.0
PSE,2020,3,98008,0.0
PSE,2021,12,98406,0.0
Avista,2021,4,99146,0.0
PAC,2024,5,98923,0.0
PSE,2021,10,98516,0.0
PSE,2021,10,98023,0.0
CNG,2024,10,98277,0.0
NWN,2024,12,97301,0.0
PSE,2020,3,98057,0.0
Avista,2025,2,99403,0.0
Avista,2022,5,99371,0.0
CNG,2020,10,98370,0.0
Avista,2020,3,99005,0.0
PSE,2020,4,98262,0.0
PSE,2023,1,98027,0.0
CNG,2024,11,98383,0.0
PAC,2020,1,99328,275.0
Avista,2022,3,99031,0.0
PSE,2022,11,98409,0.0
PSE,2022,8,98366,0.0
PSE,2024,7,98406,0.0
PSE,2024,10,98402,0.0
PSE,2022,5,98001,0.0
PSE,2022,4,98106,0.0
Avista,2020,8,99205,0.0
CNG,2025,12,98221,0.0
CNG,2025,9,99344,0.0
PSE,2023,1,98092,0.0
PSE,2020,5,98444,0.0
CNG,2021,4,98244,0.0
CNG,2024,5,98230,0.0
CNG,2021,9,99337,0.0
PSE,2020,9,98255,0.0
Avista,2025,2,99126,0.0
PSE,2022,11,98390,0.0
NWN,2024,6,98605,0.0
CNG,2021,10,98944,0.0
PSE,2022,3,98026,0.0
CNG,2025,10,99354,0.0
PSE,2025,7,98388,0.0
CNG,2025,10,98311,0.0
PSE,2024,11,98108,0.0
NWN,2022,12,98610,0.0
CNG,2024,1,99344,0.0
CNG,2025,8,98264,0.0
Avista,2021,12,99026,0.0
PSE,2022,3,98409,0.0
Avista,2021,8,99125,0.0
CNG,2020,5,98942,0.0
PAC,2024,5,99360,0.0
Avista,2024,12,99148,0.0
PSE,2023,3,98359,0.0
PSE,2024,9,98198,0.0
PAC,2025,5,98942,27.5
CNG,2025,8,98366,0.0
PSE,2025,7,98501,0.0
PSE,2022,7,98391,0.0
Avista,2023,9,99212,0.0
PSE,2024,2,98036,0.0
NWN,2025,9,98668,0.0
PSE,2025,1,98375,0.0
NWN,2023,3,97031,0.0
PSE,2025,10,98387,0.0
PAC,2022,6,98951,0.0
Avista,2024,10,99109,0.0
PAC,2023,6,98933,0.0
PSE,2024,3,98310,0.0
CNG,2020,9,98837,0.0
CNG,2020,3,99337,313.93
PSE,2024,12,98037,0.0
Avista,2021,3,99110,0.0
CNG,2020,4,98524,0.0
PSE,2020,8,98274,0.0
Avista,2024,6,99344,0.0
CNG,2021,8,98528,0.0
NWN,2025,3,98635,0.0
PSE,2023,6,98070,0.0
PAC,2023,1,98944,0.0
NWN,2024,8,98663,0.0
PAC,2024,1,98935,0.0
PSE,2024,11,98576,0.0
Avista,2023,6,99006,0.0
NWN,2021,2,98628,0.0
CNG,2022,6,98274,0.0
PSE,2021,11,98310,0.0
NWN,2023,8,97301,0.0
Avista,2025,9,99021,0.0
Avista,2023,12,99030,0.0
PSE,2024,5,98284,0.0
Avista,2021,4,99128,0.0
PSE,2023,7,98188,0.0
PAC,2021,8,98902,0.0
NWN,2024,10,98208,0.0
PSE,2025,1,98001,0.0
PSE,2025,6,98177,0.0
PSE,2024,6,98108,0.0
PAC,2024,1,99324,0.0
Avista,2021,8,99206,0.0
PSE,2023,9,98346,0.0
PSE,2020,9,98373,0.0
NWN,2021,9,98639,0.0
Avista,2022,12,99149,0.0
CNG,2021,5,98314,0.0
CNG,2024,7,98584,0.0
NWN,2020,5,98666,0.0
Avista,2024,5,99013,0.0
NWN,2024,9,98663,0.0
Avista,2023,11,99034,0.0
PSE,2022,1,98221,0.0
Avista,2025,10,99224,0.0
CNG,2020,2,98244,0.0
PSE,2021,4,98105,0.0
Avista,2024,4,99107,0.0
CNG,2025,1,98247,0.0
PSE,2024,8,98026,0.0
CNG,2023,3,98230,0.0
Avista,2022,4,99018,0.0
Avista,2023,3,99146,0.0
PSE,2024,4,98392,0.0
CNG,2022,10,98550,0.0
PSE,2021,5,98576,0.0
Avista,2023,12,99025,0.0
Avista,2024,3,99344,0.0
Avista,2024,12,99003,0.0
PSE,2020,8,98589,0.0
CNG,2023,11,98625,0.0
PAC,2021,12,98921,0.0
PAC,2024,2,99329,0.0
CNG,2021,2,98244,0.0
PSE,2024,3,98444,0.0
PSE,2022,3,98402,0.0
PSE,2021,4,98225,0.0
Avista,2021,1,99004,0.0
Avista,2024,6,99156,0.0
Avista,2023,7,99034,0.0
CNG,2023,6,98223,0.0
CNG,2021,6,99301,0.0
Avista,2024,11,99001,0.0
Avista,2021,11,99216,0.0
CNG,2023,12,98230,0.0
CNG,2022,8,98541,0.0
Avista,2024,11,99128,0.0
CNG,2025,6,98233,0.0
PSE,2024,4,98239,0.0
CNG,2024,1,99350,0.0
Avista,2022,5,99138,0.0
PSE,2021,7,98023,0.0
PSE,2025,2,98371,0.0
CNG,2020,10,98908,0.0
Avista,2023,7,99173,0.0
PSE,2021,11,98406,0.0
PAC,2022,2,99363,0.0
NWN,2024,3,98668,0.0
PAC,2020,12,98953,0.0
NWN,2020,4,98642,1.21
NWN,2023,10,98675,0.0
CNG,2021,11,98240,0.0
Avista,2025,7,99371,0.0
Avista,2024,7,99220,0.0
Avista,2022,7,99144,0.0
Avista,2022,3,99141,0.0
NWN,2023,5,98662,0.0
PSE,2023,1,98028,0.0
CNG,2023,2,98611,0.0
PSE,2022,9,98579,0.0
NWN,2020,8,98665,0.0
CNG,2023,10,98626,0.0
CNG,2024,8,98953,0.0
PSE,2022,9,98112,0.0
PSE,2024,10,98112,0.0
PSE,2020,10,98201,0.0
NWN,2025,2,98683,0.0
Avista,2023,4,99156,0.0
PSE,2024,5,98290,0.0
CNG,2022,9,98902,0.0
PSE,2022,9,98021,0.0
NWN,2021,12,98683,0.0
Avista,2020,10,99216,0.0
Avista,2022,6,99402,0.0
PSE,2023,8,98008,0.0
Avista,2024,9,99403,0.0
Avista,2024,8,99006,0.0
PSE,2021,1,98366,0.0
PSE,2020,10,98118,0.0
PSE,2023,10,98367,0.0
NWN,2024,8,98685,0.0
PSE,2021,11,98375,0.0
PSE,2020,12,98321,0.0
PSE,2023,10,98051,0.0
CNG,2022,11,98520,0.0
Avista,2024,9,99107,0.0
CNG,2025,3,98240,0.0
PSE,2023,10,98576,0.0
PSE,2023,4,98406,0.0
PSE,2022,9,98053,0.0
PSE,2022,5,98374,0.0
CNG,2025,9,99352,0.0
NWN,2022,7,98307,0.0
PSE,2024,10,98051,0.0
Avista,2025,6,99181,0.0
NWN,2024,1,98639,0.0
Avista,2023,10,99128,0.0
NWN,2020,11,98665,0.0
Avista,2024,4,99202,0.0
PSE,2020,10,98531,0.0
Avista,2023,10,99171,0.0
NWN,2025,8,98685,0.0
PAC,2020,12,99361,0.0
Avista,2021,5,99102,0.0
PSE,2024,2,98506,0.0
PSE,2024,8,98146,0.0
NWN,2020,9,98685,0.0
NWN,2023,9,98762,0.0
PSE,2022,10,98019,0.0
PAC,2025,12,98938,2.39
PSE,2024,11,98926,0.0
Avista,2021,7,99101,0.0
Avista,2024,5,99126,0.0
PSE,2025,11,98226,0.0
CNG,2024,3,98801,0.0
Avista,2022,3,99216,0.0
Avista,2020,6,99025,0.0
PSE,2025,10,98108,0.0
PSE,2020,9,98934,0.0
PSE,2023,3,98272,0.0
Avista,2024,8,99137,0.0
Avista,2020,7,99403,0.0
PSE,2020,8,98012,0.0
CNG,2021,8,98801,0.0
Avista,2021,3,99151,0.0
Avista,2023,5,99185,0.0
Avista,2023,9,99020,0.0
Avista,2023,5,99125,0.0
CNG,2022,11,99323,0.0
Avista,2024,8,99169,0.0
Avista,2024,6,99218,0.0
PSE,2024,9,98337,0.0
Avista,2021,5,99167,0.0
Avista,2022,6,99029,0.0
CNG,2025,12,98837,0.0
CNG,2022,9,98801,0.0
Avista,2023,11,99403,0.0
PSE,2025,6,98118,0.0
PSE,2020,6,98087,0.0
PAC,2023,9,98932,0.0
PSE,2025,5,98327,0.0
PAC,2024,11,98939,0.0
NWN,2020,4,98682,0.0
CNG,2025,4,98240,0.0
Avista,2022,12,99158,0.0
PSE,2022,7,98244,0.0
PSE,2022,10,98199,0.0
CNG,2025,2,98284,0.0
PAC,2023,12,98952,0.0
PAC,2023,3,99328,0.0
Avista,2023,8,99203,0.0
PSE,2024,9,98373,0.0
PSE,2021,3,98033,0.0
NWN,2023,4,98664,0.0
PSE,2025,12,98106,0.0
PSE,2021,1,98122,0.0
NWN,2021,6,98607,0.0
Avista,2024,3,99157,0.0
Avista,2025,6,99014,0.0
CNG,2023,2,98563,0.0
CNG,2020,3,98232,11.59
PAC,2024,4,98944,0.0
Avista,2020,6,99111,0.0
PSE,2020,6,98005,0.0
CNG,2025,6,98271,0.0
Avista,2023,1,99201,0.0
PSE,2021,8,98029,0.0
PSE,2023,3,98042,0.0
Avista,2023,6,99163,0.0
CNG,2020,5,98366,0.0
CNG,2022,7,98274,0.0
PSE,2022,5,98109,0.0
CNG,2021,6,98584,0.0
Avista,2020,4,99012,0.0
PSE,2021,7,98531,0.0
CNG,2022,9,98264,0.0
PSE,2025,8,98941,0.0
CNG,2022,12,98837,0.0
CNG,2022,10,98247,0.0
Avista,2022,2,99109,0.0
Avista,2021,2,99137,0.0
Avista,2024,8,99163,0.0
PAC,2022,9,98903,0.0
PSE,2023,6,98036,0.0
PAC,2021,6,98930,0.0
Avista,2022,2,99224,0.0
PSE,2025,9,98028,0.0
PSE,2024,10,98092,0.0
PSE,2024,8,98106,0.0
PSE,2024,8,98260,0.0
PSE,2025,8,98467,0.0
Avista,2020,10,99174,0.0
PSE,2024,4,98512,0.0
Avista,2021,5,99012,0.0
Avista,2025,8,99104,0.0
PSE,2024,5,98204,0.0
PAC,2022,3,98952,0.0
CNG,2020,6,98248,0.0
NWN,2025,5,98626,0.0
PSE,2021,5,98052,0.0
Avista,2023,10,99212,0.0
PSE,2020,10,98391,0.0
PSE,2025,3,98275,0.0
Avista,2023,11,99103,0.0
PAC,2022,3,98951,0.0
Avista,2021,12,99107,0.0
PAC,2023,3,98942,0.0
PSE,2025,6,98342,0.0
Avista,2023,11,99159,0.0
PSE,2022,1,98327,0.0
CNG,2021,3,98541,0.0
Avista,2022,9,99125,0.0
PAC,2020,7,98938,0.0
PSE,2024,12,98002,0.0
PSE,2023,1,98053,0.0
Avista,2020,5,99020,0.0
Avista,2024,8,99003,0.0
Avista,2025,8,99167,0.0
Avista,2024,2,99208,0.0
PSE,2022,4,98392,0.0
Avista,2022,2,99160,0.0
PSE,2022,4,98501,0.0
CNG,2024,11,98626,0.0
CNG,2020,2,98277,0.0
PSE,2024,5,98070,0.0
PSE,2022,3,98513,0.0
Avista,2023,3,99020,0.0
PSE,2024,12,98092,0.0
Avista,2025,4,99144,0.0
PAC,2020,3,99361,122.0
Avista,2022,3,99146,0.0
Avista,2021,2,99205,0.0
CNG,2024,3,98837,0.0
PSE,2022,5,98178,0.0
PSE,2022,6,98038,0.0
PSE,2023,12,98445,0.0
PSE,2022,3,98230,0.0
PAC,2021,6,99361,0.0
Avista,2020,4,99341,0.0
Avista,2024,1,99207,0.0
CNG,2024,9,98247,0.0
Avista,2023,5,98648,0.0
Avista,2021,7,99016,0.0
PSE,2025,10,98148,0.0
PAC,2025,5,98952,10.08
Avista,2023,3,99134,0.0
Avista,2023,9,99158,0.0
PSE,2025,3,98203,0.0
CNG,2020,3,98220,24.64
PSE,2025,4,98166,0.0
PSE,2020,5,98531,0.0
PAC,2023,9,98944,0.0
PSE,2025,11,98121,0.0
PSE,2023,4,98532,0.0
Avista,2020,5,99216,0.0
Avista,2021,6,99101,0.0
NWN,2022,11,98607,0.0
PSE,2023,12,98122,0.0
PSE,2022,1,98012,0.0
PSE,2022,8,98422,0.0
CNG,2020,1,98528,0.0
PSE,2021,1,98375,0.0
CNG,2021,10,98247,0.0
Avista,2025,1,98648,0.0
NWN,2021,6,98684,0.0
PAC,2022,8,99348,0.0
PSE,2022,3,98266,0.0
NWN,2022,8,98626,0.0
CNG,2020,11,98295,0.0
PSE,2021,4,98404,0.0
CNG,2025,10,98930,0.0
Avista,2025,9,99403,0.0
PSE,2024,9,98002,0.0
NWN,2024,2,98605,0.0
PSE,2024,11,98402,0.0
CNG,2024,2,98264,0.0
Avista,2021,11,99022,0.0
NWN,2024,12,97388,0.0
PSE,2022,12,98087,0.0
CNG,2024,4,98930,0.0
PSE,2025,5,98112,0.0
Avista,2025,9,99129,0.0
NWN,2020,6,98119,0.0
Avista,2021,12,99173,0.0
CNG,2025,8,99323,0.0
CNG,2022,9,98230,0.0
Avista,2022,1,99001,0.0
PAC,2022,6,99362,0.0
Avista,2020,9,99146,0.0
CNG,2022,6,98264,0.0
PSE,2020,5,98274,0.0
PAC,2021,9,98921,0.0
CNG,2022,2,98276,0.0
PSE,2021,10,98045,0.0
PAC,2020,2,98938,203.0
NWN,2025,4,98607,0.0
CNG,2024,7,99350,0.0
PSE,2023,12,98042,0.0
PSE,2021,1,98230,0.0
PSE,2020,4,98104,0.0
NWN,2024,7,97388,0.0
PSE,2025,8,98106,0.0
CNG,2021,7,99352,0.0
PSE,2024,12,98335,0.0
PAC,2023,2,98933,0.0
PSE,2025,7,98203,0.0
Avista,2023,8,99160,0.0
PSE,2024,1,98045,0.0
CNG,2021,4,98951,0.0
Avista,2021,3,99019,0.0
PAC,2023,4,98939,0.0
PSE,2024,4,98466,0.0
PSE,2023,9,98072,0.0
PSE,2020,10,98065,0.0
Avista,2020,4,99212,0.0
PSE,2023,2,98003,0.0
PSE,2022,2,98122,0.0
PSE,2022,8,98119,0.0
Avista,2025,2,99160,0.0
Avista,2021,10,99138,0.0
Avista,2024,1,99159,0.0
PSE,2023,1,98418,0.0
Avista,2022,11,99220,0.0
CNG,2022,3,98953,0.0
NWN,2024,7,98628,0.0
PSE,2024,5,98371,0.0
PSE,2020,3,98576,0.0
PAC,2021,2,99360,0.0
CNG,2021,8,98220,0.0
PSE,2025,9,98040,0.0
PSE,2020,4,98198,0.0
PSE,2022,10,98027,0.0
NWN,2022,3,98675,0.0
CNG,2022,4,98626,0.0
Avista,2023,8,99335,0.0
Avista,2020,7,99203,0.0
Avista,2020,12,99204,0.0
PSE,2022,3,98424,0.0
CNG,2024,1,98520,0.0
PSE,2022,8,98266,0.0
PAC,2022,1,98942,0.0
NWN,2020,8,98675,0.0
PSE,2024,9,98272,0.0
PSE,2024,11,98337,0.0
PAC,2023,4,98901,0.0
Avista,2025,1,99131,0.0
NWN,2020,8,98685,0.0
Avista,2022,10,99109,0.0
PAC,2023,6,98908,0.0
PAC,2020,8,98908,0.0
PSE,2021,3,98208,0.0
PSE,2023,9,98198,0.0
Avista,2022,3,99107,0.0
PSE,2021,4,98101,0.0
PSE,2023,11,98144,0.0
NWN,2025,4,98662,0.0
PSE,2023,8,98168,0.0
PSE,2023,8,98042,0.0
NWN,2024,8,98661,0.0
NWN,2022,10,98208,0.0
Avista,2025,7,99181,0.0
CNG,2020,8,98310,0.0
PSE,2022,1,98188,0.0
Avista,2023,4,99005,0.0
Avista,2021,6,99260,0.0
NWN,2021,1,98664,0.0
Avista,2023,10,99160,0.0
Avista,2024,11,99036,0.0
CNG,2025,5,98802,0.0
PSE,2024,6,98366,0.0
CNG,2020,9,98295,0.0
Avista,2025,4,99260,0.0
PSE,2024,5,98934,0.0
PSE,2024,2,98270,0.0
Avista,2021,1,99206,0.0
PSE,2020,6,98038,0.0
Avista,2021,9,99179,0.0
Avista,2020,3,99103,0.0
PSE,2021,11,98055,0.0
Avista,2023,5,99169,0.0
PSE,2025,7,98023,0.0
PSE,2021,1,98004,0.0
CNG,2021,3,98936,0.0
NWN,2023,1,98662,5.08
PSE,2022,12,98006,0.0
CNG,2020,3,99336,478.44
PSE,2020,8,98466,0.0
PSE,2021,7,98273,0.0
PSE,2025,4,98072,0.0
PSE,2024,9,98248,0.0
NWN,2023,8,98660,0.0
PSE,2022,10,98248,0.0
PSE,2021,10,98058,0.0
CNG,2025,10,98936,0.0
Avista,2021,1,99224,0.0
CNG,2022,1,98284,0.0
CNG,2023,10,99350,0.0
Avista,2021,12,99217,0.0
PSE,2025,6,98512,0.0
Avista,2025,4,99125,0.0
PSE,2023,6,98346,0.0
NWN,2020,8,98606,0.0
PSE,2023,6,98270,0.0
Avista,2024,3,99144,0.0
Avista,2023,8,99402,0.0
NWN,2024,11,98664,0.0
NWN,2020,8,98628,0.0
PSE,2024,5,98312,0.0
PSE,2021,3,98199,0.0
PSE,2023,11,98926,0.0
PSE,2024,7,98498,0.0
Avista,2020,11,98648,0.0
PSE,2020,5,98506,0.0
Avista,2023,1,99212,0.0
PSE,2025,10,98408,0.0
Avista,2021,5,99126,0.0
PAC,2024,10,99323,0.0
Avista,2023,1,99021,0.0
PSE,2021,10,98230,0.0
Avista,2025,2,99228,0.0
PSE,2021,11,98221,0.0
CNG,2021,12,98257,0.0
Avista,2025,12,99103,0.0
PSE,2024,5,98021,0.0
PSE,2023,7,98237,0.0
PSE,2022,4,98926,0.0
PSE,2021,8,98262,0.0
NWN,2025,1,98662,0.0
CNG,2023,2,98801,0.0
PSE,2021,6,98021,0.0
CNG,2022,2,98271,0.0
Avista,2024,3,99138,0.0
PSE,2025,5,98237,0.0
NWN,2020,7,98605,0.0
Avista,2025,6,99131,0.0
Avista,2020,5,99113,0.0
Avista,2020,3,99107,0.0
PSE,2022,4,98019,0.0
CNG,2023,8,98908,0.0
PAC,2020,8,99348,0.0
NWN,2024,8,98601,0.0
NWN,2023,2,98125,0.0
CNG,2022,5,98240,0.0
PAC,2024,6,98930,0.0
CNG,2022,4,98247,0.0
PSE,2021,11,98006,0.0
NWN,2022,6,98662,0.0
Avista,2025,6,99402,0.0
CNG,2020,1,98337,0.0
PSE,2024,11,98360,0.0
PAC,2022,3,98938,0.0
Avista,2020,4,99219,0.0
PSE,2023,8,98106,0.0
CNG,2021,2,98550,0.0
Avista,2021,1,99141,0.0
PSE,2025,3,98005,0.0
PSE,2024,12,98168,0.0
PSE,2025,7,98059,0.0
Avista,2022,4,99109,0.0
Avista,2020,4,99040,0.0
Avista,2024,1,99260,0.0
CNG,2024,3,98312,0.0
CNG,2024,8,99323,0.0
PSE,2021,2,98221,0.0
CNG,2025,2,99337,0.0
Avista,2022,11,99202,0.0
Avista,2025,5,99156,0.0
CNG,2021,7,98802,0.0
Avista,2024,8,99023,0.0
PAC,2025,3,98942,26.96
CNG,2023,8,98292,0.0
CNG,2025,7,98674,0.0
NWN,2020,12,98665,0.0
NWN,2023,5,98639,0.0
PSE,2023,7,98402,0.0
PSE,2020,11,98402,0.0
Avista,2021,5,99039,0.0
NWN,2025,7,97031,0.0
CNG,2022,4,99352,0.0
CNG,2022,11,99338,0.0
NWN,2021,12,98635,0.0
CNG,2020,10,99350,0.0
PSE,2020,4,98239,0.0
CNG,2024,5,98528,0.0
PSE,2021,11,98011,0.0
NWN,2021,3,98612,0.0
PAC,2022,5,98938,0.0
Avista,2021,6,99023,0.0
Avista,2021,10,99016,0.0
PSE,2024,4,98148,0.0
Avista,2021,10,99171,0.0
PSE,2024,6,98284,0.0
Avista,2020,12,99129,0.0
CNG,2025,2,98524,0.0
Avista,2025,4,99003,0.0
CNG,2024,11,98528,0.0
CNG,2024,8,99362,0.0
CNG,2023,1,98528,0.0
PSE,2020,7,98038,0.0
CNG,2020,9,99301,0.0
PSE,2025,1,98178,0.0
PSE,2023,3,98391,0.0
PSE,2021,1,98370,0.0
CNG,2020,1,99337,0.0
CNG,2023,5,98944,0.0
Avista,2020,6,99402,0.0
NWN,2022,12,98682,0.0
CNG,2025,8,98284,0.0
PSE,2023,2,98019,0.0
Avista,2025,11,99012,0.0
PSE,2024,9,98342,0.0
PSE,2024,2,98125,0.0
Avista,2023,7,99013,0.0
CNG,2022,1,98848,0.0
NWN,2023,1,98639,0.0
PSE,2021,1,98388,0.0
NWN,2023,1,98762,0.0
Avista,2020,6,99023,0.0
PSE,2022,8,98272,0.0
PSE,2024,9,98008,0.0
Avista,2022,11,99144,0.0
PSE,2020,11,98106,0.0
CNG,2025,12,98276,0.0
CNG,2023,11,98370,0.0
Avista,2022,12,99005,0.0
PSE,2025,9,98112,0.0
PSE,2025,3,98346,0.0
PSE,2023,2,98029,0.0
NWN,2024,4,98685,0.0
PSE,2025,3,98011,0.0
Avista,2021,9,99008,0.0
CNG,2023,10,99344,0.0
PSE,2021,2,98204,0.0
Avista,2021,4,99144,0.0
NWN,2021,3,98606,0.0
CNG,2025,9,98244,0.0
Avista,2020,11,99013,0.0
PSE,2020,10,98406,0.0
PSE,2023,2,98391,0.0
PAC,2024,6,98953,0.0
PSE,2022,9,98380,0.0
CNG,2020,7,98273,0.0
NWN,2021,6,98601,0.0
CNG,2021,7,98528,0.0
CNG,2023,5,98903,0.0
Avista,2023,8,99371,0.0
Avista,2020,5,99130,0.0
PSE,2024,5,98941,0.0
PSE,2025,4,98283,0.0
Avista,2024,11,99022,0.0
NWN,2024,2,98629,0.0
PSE,2020,10,98031,0.0
CNG,2020,1,99354,0.0
Avista,2024,3,99220,0.0
Avista,2025,4,98648,0.0
Avista,2024,4,99138,0.0
Avista,2021,1,99005,0.0
PSE,2022,4,98332,0.0
PSE,2021,7,98201,0.0
CNG,2020,6,98277,0.0
PSE,2025,12,98101,0.0
CNG,2021,8,98248,0.0
Avista,2024,5,99114,0.0
CNG,2020,5,98233,0.0
PSE,2021,1,98310,0.0
NWN,2023,7,98606,0.0
Avista,2022,12,99371,0.0
PSE,2022,12,98101,0.0
PSE,2024,5,98597,0.0
PAC,2022,4,99328,0.0
CNG,2023,10,98366,0.0
PSE,2020,11,98405,0.0
PSE,2021,6,98126,0.0
CNG,2020,1,98584,0.0
NWN,2023,5,98663,0.0
Avista,2024,1,99169,0.0
CNG,2020,4,98953,0.0
PSE,2023,10,98375,0.0
Avista,2021,2,99157,0.0
PSE,2025,6,98424,0.0
Avista,2024,1,99134,0.0
PAC,2021,5,98902,0.0
PSE,2024,11,98516,0.0
PSE,2025,8,98051,0.0
PAC,2020,2,98942,1457.0
NWN,2020,10,98661,0.0
PSE,2024,1,98321,0.0
CNG,2022,7,99362,0.0
PSE,2021,3,98321,0.0
PSE,2022,1,98230,0.0
Avista,2021,2,99164,0.0
Avista,2025,5,99164,0.0
Avista,2024,6,99040,0.0
PSE,2020,11,98391,0.0
Avista,2024,7,99151,0.0
PSE,2022,11,98133,0.0
Avista,2023,3,99023,0.0
PSE,2024,7,98506,0.0
PSE,2023,5,98034,0.0
CNG,2020,2,98948,0.0
PSE,2023,10,98005,0.0
Avista,2020,8,99164,0.0
CNG,2021,1,98550,0.0
NWN,2020,4,98666,0.0
PAC,2024,4,99363,0.0
PSE,2025,2,98284,0.0
PSE,2023,12,98321,0.0
Avista,2021,6,99025,0.0
NWN,2023,4,98125,0.0
PSE,2023,11,98004,0.0
PSE,2025,9,98922,0.0
PSE,2023,12,98383,0.0
CNG,2024,12,98337,0.0
NWN,2024,1,98620,0.0
Avista,2022,8,99114,0.0
PSE,2025,1,98445,0.0
CNG,2024,3,98233,0.0
NWN,2025,8,98661,0.0
NWN,2021,10,98686,0.0
PSE,2025,5,98466,0.0
Avista,2025,12,99040,0.0
PSE,2021,11,98258,0.0
CNG,2021,9,99352,0.0
NWN,2021,1,98612,0.0
PAC,2021,4,98936,0.0
PSE,2025,3,98037,0.0
CNG,2024,8,98563,0.0
Avista,2023,5,99138,0.0
Avista,2021,5,99173,0.0
PSE,2023,11,98374,0.0
NWN,2022,12,98684,0.0
CNG,2023,10,98276,0.0
NWN,2020,12,98639,0.0
Avista,2020,3,99039,0.0
PSE,2024,6,98010,0.0
PSE,2023,3,98201,0.0
Avista,2021,9,99032,0.0
CNG,2020,5,98274,0.0
Avista,2025,8,99212,0.0
PSE,2022,11,98597,0.0
Avista,2024,3,99174,0.0
CNG,2024,11,98930,0.0
NWN,2021,5,98628,0.0
PSE,2024,8,98070,0.0
Avista,2023,10,99020,0.0
PSE,2022,4,98038,0.0
Avista,2023,4,99217,0.0
PSE,2021,1,98021,0.0
Avista,2022,4,99151,0.0
PSE,2022,6,98204,0.0
PSE,2020,8,98273,0.0
PSE,2025,1,98198,0.0
PSE,2025,2,98032,0.0
Avista,2023,4,98648,0.0
PSE,2021,3,98012,0.0
PSE,2025,11,98409,0.0
PSE,2021,3,98439,0.0
PAC,2024,2,98932,0.0
Avista,2025,6,99208,0.0
NWN,2020,10,97301,0.0
CNG,2023,4,99353,0.0
PSE,2023,4,98409,0.0
Avista,2022,9,99131,0.0
PAC,2020,5,98953,0.0
Avista,2020,9,99205,0.0
CNG,2020,2,99362,0.0
PSE,2025,8,98028,0.0
Avista,2024,10,99151,0.0
Avista,2023,2,99143,0.0
NWN,2024,12,98605,0.0
PSE,2021,10,98422,0.0
PAC,2023,6,98948,0.0
NWN,2023,3,98683,0.0
CNG,2025,9,98223,0.0
PSE,2024,4,98232,0.0
CNG,2023,8,98550,0.0
PSE,2023,12,98273,0.0
PAC,2021,8,99329,0.0
NWN,2020,11,98666,0.0
NWN,2023,7,98664,0.0
Avista,2023,5,99014,0.0
NWN,2025,6,98026,0.0
NWN,2024,11,98685,0.0
PSE,2022,10,98053,0.0
PSE,2022,1,98005,0.0
Avista,2024,2,99144,0.0
Avista,2021,3,99169,0.0
PSE,2020,6,98166,0.0
PSE,2025,1,98372,0.0
Avista,2024,6,99022,0.0
CNG,2020,6,98541,0.0
NWN,2024,6,98125,0.0
PSE,2025,7,98274,0.0
PSE,2024,9,98030,0.0
CNG,2024,10,98524,0.0
Avista,2021,4,99148,0.0
PAC,2023,5,99350,0.0
Avista,2021,6,99143,0.0
Avista,2020,8,99159,0.0
Avista,2022,1,99207,0.0
CNG,2020,6,98801,0.0
PSE,2020,11,98188,0.0
NWN,2022,8,98026,0.0
Avista,2025,2,99023,0.0
PSE,2020,5,98101,0.0
PSE,2025,6,98022,0.0
PSE,2020,4,98388,0.0
CNG,2022,12,98244,0.0
CNG,2021,10,98225,0.0
CNG,2023,3,98953,0.0
CNG,2021,6,98557,0.0
Avista,2024,8,99117,0.0
PSE,2020,6,98424,0.0
Avista,2023,4,99160,0.0
Avista,2024,4,99156,0.0
PSE,2022,4,98198,0.0
PSE,2022,8,98576,0.0
CNG,2022,8,98944,0.0
CNG,2025,10,98264,0.0
PSE,2020,4,98466,0.0
CNG,2024,9,98232,0.0
PSE,2025,3,98311,0.0
PSE,2024,7,98146,0.0
PSE,2021,7,98117,0.0
Avista,2022,6,99371,0.0
NWN,2024,5,98610,0.0
Avista,2021,12,99181,0.0
Avista,2020,11,99208,0.0
PSE,2022,1,98001,0.0
PSE,2022,3,98021,0.0
Avista,2025,7,99148,0.0
Avista,2025,11,99164,0.0
Avista,2023,11,99164,0.0
NWN,2023,8,98684,0.0
Avista,2025,9,99141,0.0
PSE,2020,4,98257,0.0
Avista,2020,10,99148,0.0
Avista,2020,11,99006,0.0
PSE,2021,2,98059,0.0
PSE,2020,5,98103,0.0
PSE,2025,10,98166,0.0
PSE,2024,2,98031,0.0
PSE,2022,1,98283,0.0
PSE,2024,5,98036,0.0
PSE,2023,2,98034,0.0
Avista,2022,11,99040,0.0
NWN,2021,3,98674,0.0
NWN,2021,10,98662,0.0
PSE,2023,12,98105,0.0
PAC,2022,3,99328,0.0
PSE,2022,12,98271,0.0
NWN,2024,3,98629,0.0
CNG,2022,2,98274,0.0
PSE,2023,8,98208,0.0
PSE,2025,9,98321,0.0
Avista,2023,1,99128,0.0
PSE,2025,11,98001,0.0
CNG,2020,11,98230,0.0
PSE,2022,5,98007,0.0
PSE,2024,7,98262,0.0
PAC,2022,11,98944,0.0
PSE,2022,3,98121,0.0
Avista,2023,7,99005,0.0
Avista,2025,4,99206,0.0
NWN,2024,8,98662,0.0
PSE,2024,2,98074,0.0
PSE,2020,4,98036,0.0
CNG,2023,1,98295,0.0
PSE,2023,10,98110,0.0
PSE,2021,9,98126,0.0
PSE,2022,10,98499,0.0
PSE,2021,11,98446,0.0
PSE,2022,12,98380,0.0
Avista,2023,3,99164,0.0
Avista,2021,5,99341,0.0
PSE,2021,2,98029,0.0
PAC,2025,4,98903,7.5
CNG,2023,8,98520,0.0
Avista,2024,12,99006,0.0
PAC,2020,1,99329,13.0
CNG,2022,11,98295,0.0
PSE,2020,6,98516,0.0
PSE,2023,3,98275,0.0
CNG,2023,2,98226,0.0
CNG,2022,12,98936,0.0
PSE,2025,10,98030,0.0
Avista,2023,11,99021,0.0
PAC,2020,7,99328,0.0
PSE,2021,4,98125,0.0
CNG,2021,1,98848,0.0
PSE,2024,8,98284,0.0
PSE,2025,10,98926,0.0
Avista,2024,11,99025,0.0
Avista,2022,3,99003,0.0
CNG,2024,7,99354,0.0
Avista,2020,5,99228,0.0
CNG,2025,4,98221,0.0
CNG,2022,9,98948,0.0
PSE,2022,10,98312,0.0
CNG,2022,2,98837,0.0
CNG,2020,8,99352,0.0
Avista,2023,3,99022,0.0
Avista,2025,2,99161,0.0
PSE,2020,4,98370,0.0
CNG,2024,7,98370,0.0
Avista,2021,10,99012,0.0
CNG,2022,3,98902,0.0
CNG,2020,9,98311,0.0
PSE,2023,10,98926,0.0
PSE,2022,1,98271,0.0
NWN,2020,6,98639,0.0
PSE,2021,6,98262,0.0
PSE,2024,9,98029,0.0
PAC,2022,3,98933,0.0
PSE,2025,11,98019,0.0
PAC,2022,1,99361,0.0
PSE,2020,4,98072,0.0
PSE,2023,6,98513,0.0
PSE,2020,10,98402,0.0
PSE,2023,11,98104,0.0
Avista,2024,7,99143,0.0
PAC,2021,12,98923,0.0
PSE,2022,5,98056,0.0
PSE,2025,1,98168,0.0
PSE,2021,9,98311,0.0
Avista,2020,4,99114,0.0
Avista,2022,7,99014,0.0
CNG,2025,10,98229,0.0
PSE,2023,4,98531,0.0
Avista,2024,6,99146,0.0
PSE,2022,2,98273,0.0
PSE,2022,8,98277,0.0
CNG,2023,6,98310,0.0
PSE,2021,9,98112,0.0
Avista,2022,10,98857,0.0
PSE,2023,11,98155,0.0
PAC,2020,12,98921,0.0
CNG,2025,11,98312,0.0
CNG,2020,8,98248,0.0
Avista,2023,7,99171,0.0
CNG,2024,4,99324,0.0
NWN,2025,8,98125,0.0
PSE,2022,10,98037,0.0
Avista,2024,12,98620,0.0
PAC,2023,4,98902,0.0
Avista,2023,9,99206,0.0
PSE,2023,9,98011,0.0
Avista,2025,2,99218,0.0
PSE,2022,10,98226,0.0
PAC,2021,12,98939,0.0
PSE,2024,9,98284,0.0
Avista,2021,1,98857,0.0
NWN,2025,6,98672,0.0
Avista,2025,6,99107,0.0
PSE,2020,10,98922,0.0
PSE,2020,12,98119,0.0
PAC,2021,7,98923,0.0
CNG,2021,6,98563,0.0
PSE,2021,3,98391,0.0
Avista,2025,5,99032,0.0
Avista,2023,10,99008,0.0
PSE,2022,4,98022,0.0
PSE,2021,5,98038,0.0
PSE,2023,2,98126,0.0
Avista,2025,3,99141,0.0
Avista,2023,3,99160,0.0
CNG,2025,4,98345,0.0
CNG,2025,4,98226,0.0
PSE,2021,7,98121,0.0
Avista,2025,9,99027,0.0
PSE,2025,12,98359,0.0
Avista,2025,7,99114,0.0
CNG,2025,7,98557,0.0
NWN,2022,9,98208,0.0
Avista,2024,3,99156,0.0
PSE,2025,7,98024,0.0
PSE,2020,8,98092,0.0
CNG,2023,9,98557,0.0
PSE,2022,5,98516,0.0
PSE,2022,9,98934,0.0
Avista,2023,7,99185,0.0
Avista,2020,6,99216,0.0
PSE,2023,6,98074,0.0
PSE,2021,7,98087,0.0
Avista,2023,5,99371,0.0
Avista,2024,7,99036,0.0
PAC,2024,7,98938,0.0
CNG,2025,2,98942,0.0
PSE,2021,8,98026,0.0
PSE,2021,1,98272,0.0
NWN,2021,8,98604,0.0
PSE,2024,9,98934,0.0
PAC,2021,10,98939,0.0
NWN,2022,1,98620,0.0
Avista,2024,7,99029,0.0
PSE,2025,10,98047,0.0
Avista,2020,12,99217,0.0
NWN,2025,11,98607,0.0
PSE,2023,10,98026,0.0
NWN,2025,2,98026,0.0
Avista,2025,12,99218,0.0
NWN,2020,6,98612,0.0
PSE,2022,1,98021,0.0
PSE,2020,5,98237,0.0
PSE,2023,7,98201,0.0
PSE,2024,1,98112,0.0
Avista,2022,8,99009,0.0
PSE,2023,10,98004,0.0
Avista,2025,10,99023,0.0
PAC,2022,3,98923,0.0
PSE,2023,8,98053,0.0
CNG,2025,12,99352,0.0
Avista,2025,4,99146,0.0
CNG,2022,2,98282,0.0
CNG,2024,4,98223,0.0
CNG,2024,8,98229,0.0
PSE,2023,11,98589,0.0
Avista,2022,2,99161,0.0
CNG,2024,8,98282,0.0
PSE,2022,7,98033,0.0
Avista,2021,7,98648,0.0
Avista,2023,1,99134,0.0
Avista,2021,6,99111,0.0
PSE,2022,7,98055,0.0
PSE,2020,5,98271,0.0
CNG,2023,7,98908,0.0
CNG,2023,6,98632,0.0
NWN,2025,7,97388,0.0
PAC,2020,7,98903,0.0
Avista,2021,1,98648,0.0
Avista,2025,7,99344,0.0
CNG,2022,2,98902,0.0
Avista,2022,1,99031,0.0
PSE,2023,10,98019,0.0
CNG,2022,4,98257,0.0
NWN,2022,9,98604,0.0
PSE,2024,1,98446,0.0
Avista,2024,7,99216,0.0
PSE,2020,11,98258,0.0
CNG,2023,3,98951,0.0
PAC,2023,1,98951,0.0
Avista,2023,1,99016,0.0
NWN,2025,10,98665,0.0
PSE,2025,10,98058,0.0
PSE,2024,10,98922,0.0
CNG,2020,12,99354,0.0
PSE,2024,12,98032,0.0
PSE,2023,12,98036,0.0
PSE,2024,4,98224,0.0
PAC,2024,4,99362,0.0
PSE,2025,9,98502,0.0
NWN,2020,11,98605,0.0
CNG,2022,6,98337,0.0
NWN,2021,6,98674,0.0
PSE,2022,7,98037,0.0
CNG,2025,8,98244,0.0
Avista,2020,10,99126,0.0
Avista,2021,5,99032,0.0
PSE,2022,6,98576,0.0
PSE,2021,5,98373,0.0
PSE,2025,10,98052,0.0
PSE,2021,12,98532,0.0
CNG,2022,9,98223,0.0
Avista,2022,3,99217,0.0
PSE,2025,6,98270,0.0
NWN,2024,4,98119,0.0
Avista,2020,8,99126,0.0
Avista,2020,7,99003,0.0
PSE,2024,2,98274,0.0
PSE,2021,4,98055,0.0
PSE,2021,5,98119,0.0
NWN,2022,8,98648,0.0
PAC,2020,5,98948,0.0
PSE,2021,9,98116,0.0
PSE,2025,2,98144,0.0
PSE,2025,5,98506,0.0
PAC,2021,7,99324,0.0
Avista,2024,7,99003,0.0
Avista,2020,8,99134,0.0
NWN,2023,9,98665,3.0
Avista,2023,11,99027,0.0
PSE,2021,12,98208,0.0
PSE,2024,3,98402,0.0
PSE,2023,8,98332,0.0
PAC,2025,7,98901,361.11
CNG,2021,8,98337,0.0
PSE,2022,12,98226,0.0
Avista,2021,12,99228,0.0
Avista,2022,6,99107,0.0
CNG,2020,10,98541,0.0
PSE,2022,10,98371,0.0
PSE,2022,6,98409,0.0
Avista,2024,2,99146,0.0
NWN,2021,12,98628,0.0
PSE,2022,11,98148,0.0
PSE,2021,2,98103,0.0
PSE,2021,4,98258,0.0
PSE,2021,2,98321,0.0
Avista,2022,11,99149,0.0
Avista,2022,11,99228,0.0
PSE,2022,8,98346,0.0
PSE,2020,5,98255,0.0
CNG,2021,4,98944,0.0
CNG,2024,5,99301,0.0
PSE,2025,7,98576,0.0
Avista,2023,10,98857,0.0
PSE,2022,2,98022,0.0
PAC,2021,2,98902,0.0
PSE,2023,11,98226,0.0
Avista,2021,7,99022,0.0
Avista,2025,9,99125,0.0
Avista,2023,5,99131,0.0
Avista,2020,10,99179,0.0
NWN,2020,12,98663,0.0
NWN,2025,2,98606,0.0
PAC,2024,9,98953,0.0
NWN,2024,10,98626,0.0
Avista,2022,12,99029,0.0
PSE,2023,12,98388,0.0
CNG,2022,8,98837,0.0
CNG,2025,4,99338,0.0
PSE,2021,1,98198,0.0
PAC,2021,7,99350,0.0
PSE,2024,4,98310,0.0
CNG,2023,11,98229,0.0
PAC,2021,2,98947,0.0
PAC,2024,5,98951,0.0
CNG,2021,11,98674,0.0
Avista,2023,1,99143,0.0
PAC,2024,3,98903,0.0
CNG,2023,4,98902,0.0
Avista,2025,7,99029,0.0
Avista,2023,12,99109,0.0
NWN,2020,12,98675,0.0
CNG,2025,1,98276,0.0
CNG,2022,9,98901,0.0
Avista,2022,5,99131,0.0
Avista,2025,5,99018,0.0
Avista,2022,11,99103,0.0
Avista,2025,12,99014,0.0
PSE,2023,11,98439,0.0
PSE,2021,10,98108,0.0
PAC,2024,1,98930,0.0
PSE,2023,3,98589,0.0
PSE,2021,4,98232,0.0
NWN,2021,5,98612,0.0
PSE,2022,9,98405,0.0
CNG,2023,11,98292,0.0
PSE,2021,7,98248,0.0
CNG,2021,8,98367,0.0
CNG,2020,12,98225,0.0
PAC,2021,5,98930,0.0
PAC,2021,9,98953,0.0
PSE,2022,11,98596,0.0
CNG,2024,9,98520,0.0
PSE,2024,3,98346,0.0
CNG,2024,5,98848,0.0
PSE,2022,6,98011,0.0
NWN,2021,10,97388,0.0
PSE,2023,3,98087,0.0
NWN,2022,6,98685,0.0
Avista,2020,7,99102,0.0
Avista,2023,12,99128,0.0
Avista,2025,5,99102,0.0
PSE,2021,3,98337,0.0
PAC,2024,12,99360,0.0
Avista,2022,6,99169,0.0
CNG,2021,6,98229,0.0
PSE,2021,3,98271,0.0
Avista,2025,1,99160,0.0
PSE,2022,4,98117,0.0
PSE,2023,12,98498,0.0
Avista,2021,5,99103,0.0
CNG,2021,2,98257,0.0
CNG,2025,1,98632,0.0
PSE,2025,1,98373,0.0
PAC,2024,9,98936,0.0
Avista,2024,12,99159,0.0
PSE,2023,12,98028,0.0
PSE,2021,2,98087,0.0
PSE,2025,12,98103,0.0
PSE,2022,1,98506,0.0
Avista,2023,3,99206,0.0
NWN,2022,6,98635,0.0
PSE,2021,12,98031,0.0
Avista,2022,11,99030,0.0
PAC,2023,3,98930,0.0
CNG,2025,2,98223,0.0
Avista,2024,3,99003,0.0
PSE,2024,11,98391,0.0
Avista,2024,10,99125,0.0
PSE,2021,9,98934,0.0
PSE,2025,4,98199,0.0
Avista,2024,1,99026,0.0
Avista,2025,2,99208,0.0
NWN,2025,5,97388,0.0
Avista,2023,4,99176,0.0
Avista,2025,10,99148,0.0
CNG,2025,3,98229,0.0
PSE,2020,5,98380,0.0
PSE,2021,5,98262,0.0
PSE,2023,9,98045,0.0
Avista,2024,5,99203,0.0
NWN,2020,9,98208,0.0
PSE,2020,4,98122,0.0
CNG,2024,11,98944,0.0
Avista,2021,4,99169,0.0
PSE,2024,12,98001,0.0
PSE,2021,10,98002,0.0
Avista,2025,6,99161,0.0
CNG,2022,6,98801,0.0
Avista,2021,4,99138,0.0
CNG,2022,12,98902,0.0
Avista,2021,11,99009,0.0
Avista,2021,11,99026,0.0
PSE,2024,3,98408,0.0
NWN,2024,6,97301,0.0
PSE,2020,10,98266,0.0
PSE,2023,3,98012,0.0
NWN,2022,10,98629,0.0
PSE,2023,3,98003,0.0
NWN,2022,5,98639,0.0
PAC,2023,2,99347,0.0
CNG,2020,12,98953,0.0
NWN,2020,7,98682,0.0
CNG,2024,2,99353,0.0
PSE,2022,3,98239,0.0
PSE,2025,8,98332,0.0
Avista,2021,12,99207,0.0
PSE,2020,6,98047,0.0
PSE,2025,3,98266,0.0
Avista,2020,5,99131,0.0
PAC,2021,6,98942,0.0
PSE,2023,5,98374,0.0
PSE,2023,10,98387,0.0
PSE,2023,8,98110,0.0
Avista,2025,8,99159,0.0
PSE,2021,4,98001,0.0
PSE,2022,7,98332,0.0
PSE,2020,10,98198,0.0
CNG,2025,2,98225,0.0
Avista,2022,6,99006,0.0
Avista,2020,5,99202,0.0
PSE,2023,7,98516,0.0
Avista,2022,9,99101,0.0
NWN,2024,7,98617,0.0
PSE,2024,8,98266,0.0
NWN,2024,6,98307,0.0
PSE,2022,8,98117,0.0
Avista,2021,5,99021,0.0
NWN,2022,10,98617,0.0
CNG,2021,4,99338,0.0
PSE,2022,9,98103,0.0
Avista,2020,10,99006,0.0
PSE,2021,5,98372,0.0
PSE,2021,11,98405,0.0
Avista,2025,10,99228,0.0
PSE,2023,10,98596,0.0
CNG,2020,11,98226,0.0
PSE,2023,7,98059,0.0
CNG,2024,4,98801,0.0
CNG,2021,9,99350,0.0
PSE,2022,4,98327,0.0
PSE,2023,3,98033,0.0
PSE,2020,7,98101,0.0
CNG,2024,10,98257,0.0
Avista,2020,10,99034,0.0
Avista,2025,6,99202,0.0
NWN,2025,2,98601,0.0
CNG,2020,9,98908,0.0
PSE,2023,3,98010,0.0
PAC,2022,2,98948,0.0
NWN,2020,5,98668,0.0
NWN,2021,9,98648,0.0
Avista,2024,12,99027,0.0
Avista,2020,10,99001,0.0
CNG,2024,6,98563,0.0
PSE,2024,3,98032,0.0
NWN,2025,9,98674,0.0
PSE,2025,2,98589,0.0
Avista,2024,11,99107,0.0
Avista,2025,7,99260,0.0
PSE,2020,3,98155,0.0
PSE,2025,3,98042,0.0
NWN,2024,3,98648,0.0
CNG,2025,8,99324,0.0
PSE,2021,2,98502,0.0
Avista,2024,6,99110,0.0
PAC,2022,5,98930,0.0
PSE,2022,5,98105,0.0
NWN,2022,2,98660,0.0
NWN,2024,6,98668,0.0
Avista,2024,7,99110,0.0
Avista,2025,8,99169,0.0
NWN,2022,3,98208,0.0
PSE,2023,10,98370,0.0
Avista,2020,8,99036,0.0
PSE,2021,11,98101,0.0
Avista,2022,10,99113,0.0
NWN,2021,1,98668,0.0
PSE,2024,3,98225,0.0
PSE,2021,3,98404,0.0
CNG,2024,11,98310,0.0
CNG,2025,4,98314,0.0
Avista,2021,6,98857,0.0
NWN,2020,5,98026,0.0
Avista,2022,10,99039,0.0
Avista,2020,3,99030,0.0
PSE,2023,4,98383,0.0
PSE,2022,3,98501,0.0
Avista,2022,6,99156,0.0
Avista,2023,3,99167,0.0
PSE,2024,4,98042,0.0
NWN,2022,6,98606,0.0
PSE,2025,8,98922,0.0
CNG,2024,8,98626,0.0
PSE,2024,7,98133,0.0
PSE,2025,4,98257,0.0
PSE,2020,7,98166,0.0
NWN,2023,2,98674,0.0
Avista,2025,10,99016,0.0
CNG,2023,4,98248,0.0
PSE,2025,3,98036,0.0
PSE,2020,4,98110,0.0
Avista,2025,3,99217,0.0
CNG,2020,8,98240,0.0
Avista,2023,5,99020,0.0
Avista,2024,12,99228,0.0
NWN,2024,5,98639,0.0
PSE,2024,8,98036,0.0
Avista,2020,8,99403,0.0
PAC,2020,6,98902,0.0
PSE,2021,5,98204,0.0
PSE,2021,11,98023,0.0
CNG,2024,1,98244,0.0
NWN,2025,4,97031,0.0
CNG,2020,9,98902,0.0
PSE,2021,4,98116,0.0
PSE,2022,7,98409,0.0
Avista,2021,9,99160,0.0
PSE,2023,8,98277,0.0
Avista,2025,9,99212,0.0
PSE,2021,9,98346,0.0
PSE,2022,4,98284,0.0
PAC,2023,4,98923,0.0
PAC,2021,10,98942,0.0
CNG,2023,11,98221,0.0
PSE,2021,3,98203,0.0
NWN,2023,6,98208,0.0
Avista,2022,7,99107,0.0
Avista,2021,3,99025,0.0
PSE,2023,9,98258,0.0
PSE,2023,2,98367,0.0
PSE,2024,9,98370,0.0
PSE,2021,9,98576,0.0
PSE,2023,5,98388,0.0
PSE,2021,6,98516,0.0
NWN,2020,6,98685,0.0
PSE,2025,9,98126,0.0
CNG,2024,1,98295,0.0
PSE,2020,11,98531,0.0
NWN,2025,3,98672,0.0
Avista,2020,12,99228,0.0
PSE,2024,12,98026,0.0
NWN,2025,10,98610,0.0
Avista,2025,5,99169,0.0
Avista,2023,10,99026,0.0
PSE,2023,8,98360,0.0
PSE,2023,7,98116,0.0
PSE,2024,5,98439,0.0
Avista,2025,10,99102,0.0
CNG,2023,7,98257,0.0
CNG,2023,11,98584,0.0
NWN,2020,4,98127,0.0
CNG,2025,3,98314,0.0
Avista,2020,9,99128,0.0
PSE,2024,12,98101,0.0
CNG,2020,10,99352,0.0
PAC,2024,4,98902,0.0
Avista,2022,7,99156,0.0
PSE,2022,10,98532,0.0
Avista,2021,1,99137,0.0
PSE,2020,4,98312,0.0
PSE,2024,12,98388,0.0
PSE,2020,6,98388,0.0
Avista,2020,5,99012,0.0
PSE,2024,5,98037,0.0
PAC,2022,12,99347,0.0
PSE,2020,8,98513,0.0
PSE,2025,5,98499,0.0
CNG,2024,10,98948,0.0
CNG,2025,4,98848,0.0
PAC,2022,8,98936,0.0
PSE,2023,11,98122,0.0
Avista,2025,5,99158,0.0
NWN,2024,8,98686,0.0
Avista,2023,10,99110,0.0
PSE,2023,7,98092,0.0
Avista,2022,4,99113,0.0
PSE,2020,4,98338,0.0
CNG,2024,7,98951,0.0
PSE,2023,10,98122,0.0
NWN,2022,12,98675,0.0
PSE,2024,1,98275,0.0
NWN,2023,10,98686,0.0
PSE,2022,6,98108,0.0
NWN,2022,1,98127,0.0
PSE,2021,2,98004,0.0
Avista,2021,3,99030,0.0
Avista,2020,8,99026,0.0
Avista,2020,10,99025,0.0
PSE,2020,11,98024,0.0
NWN,2023,4,98668,0.0
PSE,2021,7,98053,0.0
PAC,2024,11,98908,0.0
PSE,2021,12,98388,0.0
PSE,2023,5,98366,0.0
CNG,2022,10,99324,0.0
PAC,2022,3,98935,0.0
PSE,2021,2,98342,0.0
PSE,2020,3,98087,0.0
NWN,2021,6,98666,0.0
Avista,2024,5,99001,0.0
PAC,2024,11,99328,0.0
NWN,2021,2,98119,0.0
Avista,2021,9,99216,0.0
Avista,2020,10,99206,0.0
PSE,2022,2,98034,0.0
CNG,2024,8,98230,0.0
Avista,2023,5,99201,0.0
NWN,2023,5,98612,0.0
PSE,2020,6,98255,0.0
NWN,2025,2,98208,0.0
Avista,2024,5,99138,0.0
CNG,2021,7,98801,0.0
PSE,2020,10,98366,0.0
Avista,2025,8,99033,0.0
PSE,2024,7,98198,0.0
NWN,2021,9,98626,0.0
PSE,2023,4,98074,0.0
PSE,2022,8,98380,0.0
Avista,2023,2,99157,0.0
PSE,2023,1,98108,0.0
PSE,2024,1,98589,0.0
Avista,2021,8,99117,0.0
PSE,2023,4,98225,0.0
PSE,2021,8,98106,0.0
PAC,2021,11,98953,0.0
NWN,2022,10,98605,0.0
PSE,2024,3,98274,0.0
PSE,2025,11,98506,0.0
CNG,2024,9,99352,0.0
PAC,2022,12,99329,0.0
PSE,2025,9,98116,0.0
CNG,2023,8,98626,0.0
PSE,2021,10,98110,0.0
Avista,2025,9,99402,0.0
Avista,2023,2,99149,0.0
CNG,2023,8,98248,0.0
PSE,2021,9,98271,0.0
Avista,2022,6,99033,0.0
PSE,2023,8,98004,0.0
PSE,2021,8,98052,0.0
CNG,2024,12,98902,0.0
CNG,2025,4,99301,0.0
Avista,2025,8,99176,0.0
CNG,2023,12,98225,0.0
PSE,2022,5,98208,0.0
PSE,2024,9,98232,0.0
CNG,2023,3,99352,0.0
CNG,2023,12,98625,0.0
CNG,2021,12,99352,0.0
NWN,2022,10,98683,0.0
PSE,2020,8,98502,0.0
Avista,2025,8,99170,0.0
CNG,2024,6,98584,0.0
PSE,2023,10,98237,0.0
Avista,2021,6,99335,0.0
Avista,2022,11,99102,0.0
Avista,2024,3,99260,0.0
CNG,2021,5,98902,0.0
CNG,2021,7,98908,0.0
PSE,2022,3,98103,0.0
Avista,2024,2,99163,0.0
PSE,2021,5,98445,0.0
CNG,2025,7,98584,0.0
PSE,2021,11,98934,0.0
Avista,2025,8,99014,0.0
PAC,2020,4,99324,0.0
PSE,2021,6,98032,0.0
PSE,2023,9,98373,0.0
Avista,2025,6,99185,0.0
NWN,2024,6,98629,0.0
PSE,2025,3,98031,0.0
CNG,2022,8,98611,0.0
PSE,2022,11,98502,0.0
Avista,2020,7,99402,0.0
Avista,2025,8,99036,0.0
PSE,2025,12,98371,0.0
NWN,2025,9,98601,0.0
Avista,2023,11,99216,0.0
CNG,2021,8,99323,0.0
PSE,2025,10,98178,0.0
Avista,2021,11,99344,0.0
PSE,2022,6,98116,0.0
PAC,2024,11,99348,0.0
NWN,2024,6,98617,0.0
PSE,2023,11,98383,0.0
CNG,2023,1,98233,0.0
PSE,2021,9,98498,0.0
CNG,2024,6,98528,0.0
PAC,2024,6,99347,0.0
CNG,2024,8,98244,0.0
CNG,2020,12,98930,0.0
PSE,2021,10,98375,0.0
PAC,2022,7,98952,0.0
PSE,2022,10,98230,0.0
PSE,2021,6,98273,0.0
CNG,2022,4,98367,0.0
PSE,2023,1,98926,0.0
NWN,2025,10,98662,0.0
NWN,2023,3,98626,0.0
Avista,2022,10,99006,0.0
CNG,2024,9,99362,0.0
PSE,2021,12,98576,0.0
NWN,2025,6,98605,0.0
PSE,2022,11,98092,0.0
PSE,2021,11,98092,0.0
Avista,2020,7,99179,0.0
PSE,2024,11,98532,0.0
PSE,2024,9,98233,0.0
NWN,2024,2,98674,0.0
CNG,2021,8,98311,0.0
CNG,2021,6,98930,0.0
PAC,2021,9,98932,0.0
PSE,2023,8,98516,0.0
PSE,2024,8,98043,0.0
PSE,2021,2,98516,0.0
Avista,2023,6,99030,0.0
NWN,2020,8,98612,0.0
Avista,2022,12,99160,0.0
PAC,2023,7,98951,0.0
PSE,2023,5,98004,0.0
PSE,2022,8,98204,0.0
Avista,2024,7,99344,0.0
Avista,2022,9,98648,0.0
Avista,2023,10,99326,0.0
PSE,2025,1,98177,0.0
CNG,2025,4,98948,0.0
PSE,2024,8,98941,0.0
PSE,2021,10,98597,0.0
PSE,2025,4,98579,0.0
PSE,2021,7,98366,0.0
PSE,2021,4,98023,0.0
PSE,2023,4,98404,0.0
PSE,2025,7,98310,0.0
CNG,2020,3,98520,301.04
Avista,2021,8,99031,0.0
PSE,2025,5,98418,0.0
PSE,2021,11,98576,0.0
CNG,2024,11,99336,0.0
Avista,2025,10,99138,0.0
Avista,2022,12,99141,0.0
NWN,2021,10,98639,0.0
CNG,2021,11,98229,0.0
PSE,2022,2,98031,0.0
PSE,2025,7,98007,0.0
Avista,2025,10,99326,0.0
CNG,2025,11,98908,0.0
Avista,2024,12,99156,0.0
CNG,2021,8,98233,0.0
Avista,2024,5,99141,0.0
Avista,2025,12,99163,0.0
PSE,2024,6,98272,0.0
PSE,2022,11,98201,0.0
Avista,2025,5,99013,0.0
CNG,2024,7,98295,0.0
Avista,2025,5,99029,0.0
Avista,2021,1,99031,0.0
PSE,2023,3,98047,0.0
PSE,2025,5,98224,0.0
PSE,2025,12,98277,0.0
PSE,2021,6,98037,0.0
PAC,2023,1,98930,0.0
PSE,2021,12,98168,0.0
Avista,2024,5,99030,0.0
PSE,2025,11,98272,0.0
Avista,2020,9,99157,0.0
Avista,2024,12,99125,0.0
PSE,2025,9,98258,0.0
Avista,2023,8,99159,0.0
NWN,2022,3,98662,0.0
NWN,2025,1,98671,0.0
PSE,2022,2,98102,0.0
NWN,2022,6,98674,0.0
PSE,2021,1,98047,0.0
NWN,2023,5,98664,0.0
PSE,2023,3,98402,0.0
CNG,2022,2,98273,0.0
NWN,2025,7,98642,0.0
PSE,2020,8,98053,0.0
PSE,2020,9,98199,0.0
PSE,2021,11,98370,0.0
PSE,2020,11,98332,0.0
PSE,2025,11,98422,0.0
PSE,2020,4,98513,0.0
Avista,2021,2,99103,0.0
NWN,2020,3,98606,0.0
Avista,2021,5,99040,0.0
Avista,2025,5,99009,0.0
NWN,2022,5,98610,0.0
Avista,2020,5,99203,0.0
PSE,2023,4,98034,0.0
CNG,2022,4,98312,0.0
PSE,2022,12,98402,0.0
Avista,2020,4,99022,0.0
CNG,2023,4,98557,0.0
PAC,2020,5,98921,0.0
NWN,2024,1,98626,0.0
NWN,2023,4,98612,0.0
NWN,2021,2,98683,0.0
PSE,2020,12,98058,0.0
Avista,2024,8,99104,0.0
Avista,2022,10,99326,0.0
PSE,2025,4,98092,0.0
CNG,2023,10,98248,0.0
CNG,2020,4,98944,0.0
CNG,2022,7,98837,0.0
CNG,2022,8,98626,0.0
PSE,2022,8,98155,0.0
PAC,2022,11,98951,0.0
NWN,2025,10,98672,0.0
PSE,2024,6,98387,0.0
PSE,2022,1,98007,0.0
PSE,2022,10,98255,0.0
Avista,2021,3,99027,0.0
Avista,2024,8,99009,0.0
PSE,2020,5,98102,0.0
Avista,2024,9,99212,0.0
Avista,2021,12,99203,0.0
NWN,2021,6,98612,0.0
PSE,2024,8,98312,0.0
PAC,2024,8,98932,0.0
PAC,2025,12,98901,379.54
CNG,2020,12,99338,0.0
Avista,2021,8,99202,0.0
PSE,2022,2,98144,0.0
PSE,2020,12,98101,0.0
PSE,2022,2,98052,0.0
CNG,2023,2,98230,0.0
PSE,2023,4,98221,0.0
CNG,2021,10,98611,0.0
NWN,2021,6,98307,0.0
CNG,2021,2,98557,0.0
CNG,2021,11,98632,0.0
PAC,2022,2,99360,0.0
PAC,2025,11,98953,18.77
NWN,2025,11,98605,0.0
NWN,2021,4,97388,0.0
PSE,2023,12,98337,0.0
Avista,2022,1,99167,0.0
Avista,2020,8,99156,0.0
PSE,2025,7,98038,0.0
PSE,2021,9,98168,0.0
PAC,2024,12,98921,0.0
PSE,2020,11,98072,0.0
PSE,2023,7,98168,0.0
PSE,2021,4,98310,0.0
CNG,2022,11,98247,0.0
CNG,2023,10,98229,0.0
Avista,2020,3,99117,0.0
PSE,2020,7,98203,0.0
NWN,2021,1,98127,0.0
CNG,2024,1,98312,0.0
CNG,2023,2,98802,0.0
Avista,2021,9,99039,0.0
PSE,2022,8,98033,0.0
Avista,2023,12,99151,0.0
PSE,2025,6,98237,0.0
PSE,2022,2,98370,0.0
PSE,2025,12,98501,0.0
PSE,2024,2,98102,0.0
PSE,2021,1,98257,0.0
PSE,2025,8,98126,0.0
Avista,2020,5,99016,0.0
PSE,2024,8,98104,0.0
Avista,2020,8,99122,0.0
CNG,2025,5,98383,0.0
CNG,2023,1,98271,0.0
PSE,2023,3,98439,0.0
PSE,2022,12,98239,0.0
PSE,2023,6,98237,0.0
CNG,2021,3,98520,0.0
NWN,2023,5,98665,0.0
CNG,2020,12,98837,0.0
PAC,2020,9,98902,0.0
CNG,2023,12,98584,0.0
Avista,2024,5,99128,0.0
CNG,2020,6,98221,0.0
CNG,2022,2,98802,0.0
CNG,2024,10,98345,0.0
CNG,2020,11,98802,0.0
Avista,2023,10,99034,0.0
Avista,2024,7,99169,0.0
Avista,2020,4,99151,0.0
Avista,2024,5,99104,0.0
NWN,2020,5,98602,0.0
Avista,2025,1,99003,0.0
PSE,2020,5,98030,0.0
PSE,2023,10,98579,0.0
CNG,2021,9,98244,0.0
Avista,2024,12,99163,0.0
PAC,2025,4,98930,7.75
Avista,2024,9,99005,0.0
PSE,2023,2,98038,0.0
CNG,2024,7,98232,0.0
PSE,2021,12,98387,0.0
PSE,2024,9,98596,0.0
PSE,2020,3,98012,0.0
CNG,2022,6,98932,0.0
Avista,2024,3,99170,0.0
PSE,2021,6,98272,0.0
Avista,2022,8,99371,0.0
PSE,2024,9,98383,0.0
Avista,2022,8,99110,0.0
Avista,2022,1,99131,0.0
PSE,2022,10,98232,0.0
PAC,2020,9,99347,0.0
Avista,2021,12,99167,0.0
Avista,2020,12,99185,0.0
PSE,2023,2,98110,0.0
Avista,2023,1,99403,0.0
PSE,2025,10,98290,0.0
PSE,2021,3,98104,0.0
PSE,2023,4,98506,0.0
PAC,2020,7,99329,0.0
PSE,2025,4,98248,0.0
PSE,2020,3,98503,0.0
PSE,2021,8,98374,0.0
Avista,2024,11,99104,0.0
PSE,2022,12,98391,0.0
PSE,2020,9,98237,0.0
CNG,2025,5,98295,0.0
Avista,2022,11,99111,0.0
CNG,2025,8,98273,0.0
PSE,2021,12,98024,0.0
CNG,2025,11,98632,0.0
Avista,2022,7,99037,0.0
CNG,2024,7,98264,0.0
CNG,2023,4,98953,0.0
CNG,2020,2,99324,0.0
PSE,2024,12,98266,0.0
Avista,2022,5,99103,0.0
CNG,2022,5,98837,0.0
Avista,2023,10,99164,0.0
NWN,2020,11,98682,0.0
PSE,2022,4,98074,0.0
Avista,2023,2,99179,0.0
PAC,2020,4,98939,0.0
CNG,2024,8,99324,0.0
PSE,2023,10,98024,0.0
Avista,2022,2,99131,0.0
Avista,2025,12,99341,0.0
CNG,2025,8,98557,0.0
Avista,2023,11,99341,0.0
PSE,2020,3,98922,0.0
PSE,2023,10,98042,0.0
CNG,2022,10,98942,0.0
Avista,2020,11,99032,0.0
PSE,2025,12,98596,0.0
NWN,2024,5,98601,0.0
NWN,2024,7,98642,0.0
NWN,2022,12,98662,0.0
Avista,2022,7,99163,0.0
PSE,2020,11,98030,0.0
PSE,2025,1,98233,0.0
PSE,2020,5,98445,0.0
NWN,2023,1,98606,0.0
Avista,2024,11,99126,0.0
PSE,2025,10,98051,0.0
NWN,2021,3,98663,0.0
NWN,2021,9,98208,0.0
PSE,2024,3,98117,0.0
PAC,2023,8,98938,0.0
CNG,2021,8,98264,0.0
CNG,2024,5,98264,0.0
NWN,2021,10,97301,0.0
CNG,2023,6,98277,0.0
Avista,2025,9,99104,0.0
PSE,2020,7,98283,0.0
PSE,2025,11,98596,0.0
PSE,2021,8,98277,0.0
CNG,2025,6,99338,0.0
CNG,2022,6,98230,0.0
PAC,2020,1,98902,4722.0
Avista,2023,9,99107,0.0
Avista,2024,1,99149,0.0
PSE,2023,8,98118,0.0
NWN,2025,3,98666,0.0
PSE,2022,12,98104,0.0
Avista,2025,4,99128,0.0
PSE,2020,4,98070,0.0
NWN,2023,4,98629,0.0
CNG,2022,4,98563,0.0
PSE,2021,7,98499,0.0
PSE,2021,10,98335,0.0
PAC,2023,10,98933,0.0
Avista,2022,8,99181,0.0
PSE,2024,10,98444,0.0
PSE,2020,9,98108,0.0
CNG,2023,10,98942,0.0
PSE,2022,1,98112,0.0
CNG,2023,2,98248,0.0
PSE,2024,9,98092,0.0
PSE,2024,4,98262,0.0
Avista,2024,3,99040,0.0
PSE,2024,6,98277,0.0
PSE,2024,2,98055,0.0
CNG,2023,8,98903,0.0
CNG,2025,6,98311,0.0
Avista,2021,3,99113,0.0
PSE,2025,4,98277,0.0
CNG,2020,9,98948,0.0
PSE,2023,7,98203,0.0
NWN,2025,10,98626,0.0
Avista,2023,8,99202,0.0
PSE,2020,9,98439,0.0
Avista,2021,3,99161,0.0
NWN,2025,5,98661,0.0
PAC,2020,2,99360,76.0
PSE,2025,9,98070,0.0
PSE,2024,3,98033,0.0
Avista,2022,1,99114,0.0
Avista,2023,5,99146,0.0
CNG,2023,7,98230,0.0
NWN,2025,6,98685,0.0
PSE,2024,9,98033,0.0
PSE,2020,9,98056,0.0
NWN,2021,12,98612,0.0
NWN,2022,12,98606,0.0
Avista,2022,8,99204,0.0
PSE,2024,10,98589,0.0
Avista,2023,9,99129,0.0
Avista,2023,8,99004,0.0
PSE,2021,8,98409,0.0
CNG,2024,4,98345,0.0
Avista,2025,5,99371,0.0
PSE,2022,8,98232,0.0
PSE,2025,1,98032,0.0
CNG,2022,4,98944,0.0
CNG,2025,8,98370,0.0
CNG,2020,2,98345,0.0
PSE,2022,10,98405,0.0
PSE,2025,8,98224,0.0
PSE,2025,1,98101,0.0
PSE,2021,5,98103,0.0
NWN,2021,11,98685,0.0
PSE,2024,1,98506,0.0
Avista,2022,7,98648,0.0
PSE,2025,3,98373,0.0
CNG,2021,5,98520,0.0
Avista,2021,1,99216,0.0
PSE,2023,8,98284,0.0
Avista,2020,9,99022,0.0
PSE,2022,11,98422,0.0
CNG,2024,2,98233,0.0
NWN,2020,10,98601,0.0
CNG,2025,8,98626,0.0
PSE,2024,2,98321,0.0
PSE,2024,11,98074,0.0
Avista,2023,1,99103,0.0
PSE,2021,11,98392,0.0
Avista,2025,1,99103,0.0
Avista,2023,6,99003,0.0
CNG,2024,12,98370,0.0
Avista,2024,10,99111,0.0
PSE,2023,5,98503,0.0
PSE,2021,3,98118,0.0
PSE,2020,6,98409,0.0
Avista,2023,7,99163,0.0
CNG,2022,9,98932,0.0
PSE,2024,9,98102,0.0
Avista,2023,7,99016,0.0
Avista,2025,3,99173,0.0
CNG,2021,10,98903,0.0
PSE,2024,2,98513,0.0
PSE,2025,2,98237,0.0
PSE,2021,6,98010,0.0
CNG,2024,8,98802,0.0
PSE,2022,3,98387,0.0
PSE,2020,12,98283,0.0
PSE,2023,12,98237,0.0
PSE,2024,8,98178,0.0
Avista,2023,9,99201,0.0
PSE,2023,8,98934,0.0
PSE,2024,11,98021,0.0
Avista,2024,8,99113,0.0
PSE,2020,10,98239,0.0
PSE,2020,4,98506,0.0
NWN,2023,3,98127,0.0
PSE,2020,11,98148,0.0
PSE,2024,5,98188,0.0
NWN,2025,11,98675,0.0
CNG,2021,8,98902,0.0
Avista,2020,6,99228,0.0
CNG,2023,3,98611,0.0
PSE,2025,9,98148,0.0
PSE,2021,3,98042,0.0
PSE,2022,7,98422,0.0
CNG,2020,8,98584,0.0
Avista,2024,2,99036,0.0
PSE,2024,12,98144,0.0
PSE,2022,12,98237,0.0
PSE,2024,9,98010,0.0
PSE,2025,12,98177,0.0
PSE,2025,10,98112,0.0
NWN,2021,1,98604,0.0
Avista,2024,2,99001,0.0
NWN,2024,3,98682,0.0
PSE,2021,11,98065,0.0
PSE,2023,4,98262,0.0
NWN,2024,1,98674,0.0
PSE,2025,2,98052,0.0
Avista,2023,1,99344,0.0
PSE,2021,4,98409,0.0
PSE,2023,12,98516,0.0
PSE,2020,12,98444,0.0
CNG,2024,7,98383,0.0
Avista,2023,8,99131,0.0
Avista,2023,7,99219,0.0
PSE,2021,4,98370,0.0
CNG,2024,4,98625,0.0
PSE,2025,10,98146,0.0
PSE,2020,3,98047,0.0
PSE,2020,12,98056,0.0
PSE,2021,8,98387,0.0
PSE,2024,1,98037,0.0
PSE,2022,4,98576,0.0
PSE,2022,10,98257,0.0
PSE,2025,4,98266,0.0
PSE,2021,11,98122,0.0
Avista,2024,11,99130,0.0
CNG,2021,1,99301,0.0
Avista,2024,9,99014,0.0
PSE,2024,11,98390,0.0
PSE,2025,5,98498,0.0
NWN,2021,12,98665,0.0
Avista,2020,10,99201,0.0
PSE,2021,2,98177,0.0
PSE,2021,4,98233,0.0
Avista,2022,6,99016,0.0
PSE,2022,6,98101,0.0
PSE,2021,11,98001,0.0
PSE,2025,8,98232,0.0
PSE,2021,2,98439,0.0
CNG,2023,4,99324,0.0
PSE,2024,12,98332,0.0
CNG,2021,11,98226,0.0
NWN,2023,3,98639,0.0
PSE,2021,2,98233,0.0
PSE,2025,2,98531,0.0
CNG,2024,1,98314,0.0
CNG,2021,3,99353,0.0
CNG,2022,5,98901,0.0
CNG,2025,7,98295,0.0
PSE,2020,9,98053,0.0
Avista,2021,10,99403,0.0
NWN,2023,5,98629,0.0
CNG,2020,4,99350,0.0
PSE,2020,12,98367,0.0
Avista,2023,2,99151,0.0
Avista,2021,6,99160,0.0
PSE,2021,1,98005,0.0
CNG,2022,12,98247,0.0
PSE,2024,8,98311,0.0
Avista,2023,11,99371,0.0
PSE,2023,5,98204,0.0
Avista,2025,2,99036,0.0
PSE,2024,9,98388,0.0
PSE,2024,10,98178,0.0
NWN,2025,8,98663,0.0
PSE,2024,5,98512,0.0
Avista,2024,9,99185,0.0
CNG,2023,5,98528,0.0
NWN,2025,3,97388,0.0
PSE,2021,4,98532,0.0
Avista,2023,2,99029,0.0
PSE,2023,6,98022,0.0
PSE,2022,11,98005,0.0
Avista,2024,4,99212,0.0
Avista,2024,8,99126,0.0
CNG,2025,1,98901,0.0
PSE,2021,7,98040,0.0
Avista,2025,8,99029,0.0
Avista,2024,9,99167,0.0
Avista,2025,9,99206,0.0
CNG,2025,9,98383,0.0
Avista,2022,5,99260,0.0
PSE,2024,11,98311,0.0
CNG,2022,10,98367,0.0
PAC,2021,1,99324,0.0
NWN,2023,6,98125,0.0
PAC,2022,7,98903,0.0
PSE,2025,5,98576,0.0
CNG,2022,8,98230,0.0
PSE,2020,11,98346,0.0
PAC,2020,10,99350,0.0
PAC,2023,12,98937,0.0
Avista,2022,10,99103,0.0
Avista,2024,11,99169,0.0
PSE,2022,1,98337,0.0
Avista,2025,7,99141,0.0
CNG,2022,12,98584,0.0
Avista,2023,9,98648,0.0
CNG,2024,12,99323,0.0
PSE,2025,2,98204,0.0
PSE,2024,5,98155,0.0
NWN,2021,3,98684,0.0
PSE,2023,7,98445,0.0
PSE,2022,3,98006,0.0
PAC,2025,2,99323,0.33
PSE,2024,7,98052,0.0
PSE,2023,9,98502,0.0
PSE,2025,11,98444,0.0
NWN,2023,2,98607,0.0
CNG,2023,4,98802,0.0
PSE,2022,2,98024,0.0
PSE,2022,2,98446,0.0
Avista,2022,12,99218,0.0
CNG,2023,9,98930,0.0
NWN,2023,12,98762,0.0
PSE,2023,9,98335,0.0
Avista,2025,12,98620,0.0
PSE,2025,4,98126,0.0
PAC,2021,9,99361,0.0
Avista,2020,8,99170,0.0
PSE,2021,11,98439,0.0
PSE,2023,10,98390,0.0
Avista,2023,11,99344,0.0
PSE,2021,7,98502,0.0
PAC,2025,4,98901,354.65
Avista,2021,1,99144,0.0
Avista,2024,10,99040,0.0
PAC,2024,2,98942,0.0
PSE,2021,4,98391,0.0
CNG,2022,8,98229,0.0
NWN,2022,11,98307,0.0
PSE,2021,1,98040,0.0
CNG,2023,12,98953,0.0
CNG,2024,3,98953,0.0
PSE,2025,8,98109,0.0
NWN,2025,9,98026,0.0
Avista,2020,8,99208,0.0
PSE,2023,4,98036,0.0
PSE,2020,3,98266,0.0
PAC,2020,9,98951,0.0
NWN,2024,12,98607,0.0
Avista,2025,4,99011,0.0
PSE,2023,7,98424,0.0
PSE,2025,1,98499,0.0
Avista,2023,10,99204,0.0
PSE,2023,1,98467,0.0
PSE,2020,3,98001,0.0
CNG,2024,11,98277,0.0
PSE,2023,10,98105,0.0
PAC,2023,10,99328,0.0
Avista,2025,1,99122,0.0
Avista,2020,6,99151,0.0
NWN,2022,3,98665,0.0
PSE,2023,7,98065,0.0
PSE,2025,3,98144,0.0
Avista,2025,12,99219,0.0
PSE,2025,6,98257,0.0
PSE,2022,6,98446,0.0
CNG,2025,6,98903,0.0
CNG,2024,9,98902,0.0
PSE,2021,9,98422,0.0
PSE,2023,10,98117,0.0
Avista,2025,12,99001,0.0
NWN,2024,1,98628,0.0
Avista,2024,6,99207,0.0
NWN,2022,4,97301,0.0
CNG,2023,7,99323,0.0
PSE,2025,7,98926,0.0
NWN,2025,9,98307,0.0
NWN,2024,6,98684,0.0
NWN,2023,10,98604,0.0
PSE,2022,7,98232,0.0
PSE,2023,12,98402,0.0
Avista,2023,2,99173,0.0
Avista,2023,6,99143,0.0
Avista,2020,7,99129,0.0
PSE,2021,11,98275,0.0
PSE,2022,3,98233,0.0
CNG,2022,4,98541,0.0
NWN,2021,9,98665,0.0
Avista,2021,7,99126,0.0
PSE,2024,10,98499,0.0
PSE,2021,11,98501,0.0
PSE,2023,4,98311,0.0
CNG,2020,1,98944,0.0
PSE,2024,6,98055,0.0
PSE,2023,9,98110,0.0
PAC,2022,4,98947,0.0
CNG,2024,11,99362,0.0
PSE,2025,12,98392,0.0
PSE,2023,9,98177,0.0
Avista,2024,5,99148,0.0
PAC,2020,9,98903,0.0
CNG,2021,3,98264,0.0
PSE,2024,6,98168,0.0
PAC,2023,9,98937,0.0
Avista,2021,1,99129,0.0
NWN,2024,4,97388,0.0
Avista,2020,9,99144,0.0
PSE,2022,10,98133,0.0
CNG,2023,2,99337,0.0
CNG,2022,5,98277,0.0
CNG,2024,11,98264,0.0
Avista,2025,8,99030,0.0
PSE,2023,4,98342,0.0
Avista,2020,7,99029,0.0
PSE,2023,8,98001,0.0
Avista,2025,8,99344,0.0
PSE,2025,7,98409,0.0
Avista,2023,6,99179,0.0
CNG,2020,3,98948,305.54
CNG,2020,3,98953,100.96
NWN,2021,7,98628,0.0
PSE,2025,3,98388,0.0
PSE,2023,3,98038,0.0
PSE,2025,3,98118,0.0
CNG,2024,5,99350,0.0
Avista,2024,10,99206,0.0
PSE,2020,9,98383,0.0
CNG,2020,9,98528,0.0
CNG,2025,4,99354,0.0
Avista,2024,4,99109,0.0
NWN,2021,2,98648,0.0
Avista,2024,5,99202,0.0
CNG,2024,2,98230,0.0
NWN,2022,11,98119,0.0
NWN,2025,6,98119,0.0
PSE,2025,2,98332,0.0
Avista,2024,1,99143,0.0
CNG,2021,1,98584,0.0
NWN,2025,1,98119,0.0
PSE,2023,9,98012,0.0
PSE,2023,2,98466,0.0
PSE,2025,9,98178,0.0
PSE,2022,9,98119,0.0
PSE,2022,7,98104,0.0
PSE,2022,6,98008,0.0
PSE,2023,7,98266,0.0
NWN,2023,1,98208,0.0
Avista,2021,2,98620,0.0
PAC,2021,6,98923,0.0
PSE,2023,3,98342,0.0
Avista,2021,5,99104,0.0
PSE,2022,4,98056,0.0
PSE,2025,12,98418,0.0
PSE,2021,1,98126,0.0
Avista,2023,2,99034,0.0
Avista,2022,9,99403,0.0
CNG,2025,5,98248,0.0
PSE,2021,11,98230,0.0
Avista,2021,9,99129,0.0
Avista,2022,11,99122,0.0
Avista,2020,10,99110,0.0
PSE,2025,3,98070,0.0
PSE,2025,12,98224,0.0
CNG,2025,3,99336,0.0
NWN,2025,8,98629,0.0
CNG,2020,3,98271,122.55
Avista,2023,1,99202,0.0
Avista,2025,1,99371,0.0
PSE,2020,8,98065,0.0
PSE,2020,10,98262,0.0
PAC,2024,1,98933,0.0
PSE,2022,8,98372,0.0
PSE,2022,11,98226,0.0
Avista,2021,7,99029,0.0
Avista,2021,6,98620,0.0
CNG,2023,1,99323,0.0
NWN,2023,1,98665,0.0
CNG,2023,9,98563,0.0
PSE,2022,3,98262,0.0
Avista,2021,12,99216,0.0
PSE,2025,12,98057,0.0
Avista,2024,1,99402,0.0
Avista,2021,5,99014,0.0
CNG,2025,6,98221,0.0
PSE,2024,9,98121,0.0
CNG,2024,3,98310,0.0
CNG,2022,9,98944,0.0
PSE,2020,6,98257,0.0
PSE,2020,12,98118,0.0
PSE,2023,1,98148,0.0
PSE,2022,7,98051,0.0
PSE,2023,8,98406,0.0
PSE,2020,10,98589,0.0
PSE,2025,8,98225,0.0
PSE,2020,8,98380,0.0
PSE,2022,12,98225,0.0
PSE,2024,3,98109,0.0
PSE,2024,3,98224,0.0
Avista,2022,10,99022,0.0
CNG,2024,8,99352,0.0
PSE,2024,1,98117,0.0
Avista,2024,7,99122,0.0
Avista,2022,10,99260,0.0
Avista,2020,12,99130,0.0
PAC,2023,7,98938,0.0
CNG,2021,11,99323,0.0
Avista,2024,3,99202,0.0
PSE,2023,11,98338,0.0
NWN,2025,8,98635,0.0
Avista,2022,11,99151,0.0
PSE,2024,6,98027,0.0
Avista,2022,5,99126,0.0
PSE,2021,3,98125,0.0
PSE,2025,5,98070,0.0
CNG,2022,8,98225,0.0
CNG,2024,10,98244,0.0
CNG,2021,5,98312,0.0
Avista,2023,2,99156,0.0
CNG,2021,9,98223,0.0
PSE,2022,4,98101,0.0
Avista,2022,5,99039,0.0
PSE,2023,10,98198,0.0
NWN,2020,3,98668,0.0
NWN,2024,10,98119,0.0
NWN,2021,5,98684,0.0
CNG,2024,11,98282,0.0
PAC,2020,3,99329,18.0
CNG,2020,4,99354,0.0
NWN,2025,4,98664,0.0
NWN,2025,9,97388,0.0
PAC,2021,5,98947,0.0
PSE,2021,10,98056,0.0
PAC,2023,8,99324,0.0
PSE,2022,4,98155,0.0
PSE,2024,12,98501,0.0
Avista,2025,4,99134,0.0
PSE,2021,12,98418,0.0
PSE,2022,6,98148,0.0
PSE,2022,5,98383,0.0
CNG,2021,1,98277,0.0
Avista,2024,11,99159,0.0
NWN,2023,10,98664,0.0
NWN,2021,3,98119,0.0
PSE,2024,5,98045,0.0
PSE,2024,11,98244,0.0
PSE,2022,1,98277,0.0
CNG,2022,12,98528,0.0
NWN,2025,12,98666,0.0
CNG,2025,10,98901,0.0
PSE,2022,7,98226,0.0
PSE,2024,5,98367,0.0
PSE,2024,3,98439,0.0
CNG,2024,11,98273,0.0
Avista,2024,1,99217,0.0
PSE,2025,1,98011,0.0
Avista,2020,7,99113,0.0
Avista,2024,9,99009,0.0
Avista,2022,6,99206,0.0
NWN,2023,2,98127,0.0
Avista,2023,9,99146,0.0
PSE,2023,1,98230,0.0
CNG,2022,1,99362,0.0
Avista,2025,5,99037,0.0
PSE,2020,5,98203,0.0
PSE,2021,6,98072,0.0
PSE,2024,10,98040,0.0
PSE,2020,12,98501,0.0
PSE,2022,4,98390,0.0
NWN,2021,10,98127,0.0
PAC,2022,9,99363,0.0
Avista,2022,5,99013,0.0
Avista,2023,12,99160,0.0
PSE,2022,3,98512,0.0
PSE,2021,8,98388,0.0
PSE,2025,1,98388,0.0
PSE,2021,2,98010,0.0
PSE,2021,5,98597,0.0
PSE,2023,8,98501,0.0
PAC,2024,3,99324,0.0
PSE,2024,6,98053,0.0
CNG,2020,10,98951,0.0
NWN,2025,10,98604,0.0
PSE,2025,4,98392,0.0
PSE,2022,4,98055,0.0
CNG,2025,6,98902,0.0
Avista,2024,9,99026,0.0
CNG,2022,12,99323,0.0
PAC,2022,2,98921,0.0
PSE,2025,6,98383,0.0
PSE,2025,10,98283,0.0
Avista,2021,3,99005,0.0
Avista,2024,11,99109,0.0
NWN,2025,7,98684,0.0
PSE,2025,5,98372,0.0
Avista,2023,6,99029,0.0
Avista,2022,6,99113,0.0
CNG,2024,4,98221,0.0
CNG,2020,5,98524,0.0
PAC,2025,5,98944,0.02
Avista,2022,12,99026,0.0
Avista,2024,9,99102,0.0
PSE,2022,4,98506,0.0
PSE,2024,8,98103,0.0
PSE,2022,6,98003,0.0
Avista,2022,5,99159,0.0
CNG,2024,3,98240,0.0
Avista,2020,11,99169,0.0
PSE,2023,10,98255,0.0
PSE,2025,11,98056,0.0
Avista,2025,3,98620,0.0
Avista,2022,11,99034,0.0
PSE,2022,12,98367,0.0
PSE,2021,9,98262,0.0
PSE,2025,7,98221,0.0
Avista,2023,1,99032,0.0
PSE,2024,3,98110,0.0
NWN,2022,10,97301,0.0
PSE,2021,11,98155,0.0
PSE,2023,4,98104,0.0
CNG,2021,8,98550,0.0
CNG,2020,10,99362,0.0
PSE,2023,6,98387,0.0
PSE,2023,7,98370,0.0
PSE,2022,10,98290,0.0
PAC,2025,11,98902,44.99
Avista,2025,2,99016,0.0
Avista,2022,3,99208,0.0
PSE,2024,11,98597,0.0
NWN,2021,9,98686,0.0
PSE,2020,10,98467,0.0
PSE,2024,4,98311,0.0
CNG,2020,5,98848,0.0
PSE,2021,9,98057,0.0
PSE,2022,5,98058,0.0
Avista,2024,4,99228,0.0
NWN,2023,1,98685,0.0
PSE,2020,9,98260,0.0
PSE,2023,1,98168,0.0
Avista,2020,12,99013,0.0
PSE,2022,8,98225,0.0
PSE,2023,5,98146,0.0
Avista,2025,12,99125,0.0
PSE,2022,9,98034,0.0
PSE,2021,1,98087,0.0
CNG,2022,6,98314,0.0
PAC,2020,3,98939,34.0
PSE,2021,7,98103,0.0
PSE,2024,2,98037,0.0
PSE,2022,10,98026,0.0
PAC,2022,11,98938,0.0
CNG,2022,12,98908,0.0
PSE,2023,4,98021,0.0
CNG,2023,8,98902,0.0
NWN,2024,10,98648,0.0
Avista,2020,7,99008,0.0
PSE,2022,3,98072,0.0
Avista,2021,8,99223,0.0
NWN,2025,7,98605,0.0
Avista,2020,9,99216,0.0
CNG,2023,2,98848,0.0
CNG,2025,6,98240,0.0
PSE,2023,10,98404,0.0
PSE,2020,11,98047,0.0
PSE,2022,1,98051,0.0
PSE,2023,9,98057,0.0
PSE,2021,12,98226,0.0
PAC,2021,12,98947,0.0
PSE,2025,11,98198,0.0
CNG,2024,1,98944,0.0
CNG,2025,12,98292,0.0
PSE,2025,1,98273,0.0
Avista,2021,4,99202,0.0
NWN,2022,9,98127,0.0
NWN,2020,3,98626,0.0
Avista,2022,10,99019,0.0
CNG,2023,1,98944,0.0
Avista,2024,6,99223,0.0
CNG,2021,7,98837,0.0
PSE,2021,1,98034,0.0
PSE,2023,8,98418,0.0
PSE,2024,9,98512,0.0
NWN,2024,3,98671,-5.18
PSE,2025,4,98321,0.0
CNG,2025,4,98932,0.0
PAC,2025,10,99362,57.59
Avista,2023,11,99102,0.0
Avista,2021,12,99039,0.0
PSE,2022,12,98133,0.0
Avista,2025,3,99032,0.0
PSE,2025,9,98531,0.0
PSE,2022,4,98224,0.0
PSE,2022,10,98005,0.0
Avista,2022,1,99138,0.0
CNG,2021,7,99353,0.0
NWN,2025,7,98635,0.0
CNG,2020,12,98948,0.0
Avista,2021,1,99039,0.0
Avista,2022,5,99164,0.0
PSE,2022,8,98532,0.0
CNG,2022,10,98801,0.0
PSE,2021,9,98466,0.0
PSE,2020,10,98166,0.0
NWN,2020,12,98671,0.0
Avista,2021,4,99110,0.0
PSE,2022,11,98102,0.0
PAC,2023,4,99329,0.0
CNG,2020,7,99362,0.0
CNG,2020,5,98257,0.0
PSE,2024,10,98119,0.0
PSE,2022,1,98028,0.0
CNG,2025,11,99338,0.0
PSE,2020,9,98337,0.0
PAC,2023,12,99362,0.0
NWN,2024,7,98626,0.0
PSE,2021,1,98110,0.0
PSE,2025,2,98405,0.0
Avista,2021,12,99012,0.0
PSE,2022,8,98040,0.0
Avista,2020,7,99114,0.0
Avista,2020,4,99014,0.0
PSE,2023,6,98221,0.0
Avista,2022,5,99205,0.0
Avista,2022,1,99004,0.0
PSE,2020,10,98022,0.0
PSE,2023,3,98372,0.0
CNG,2020,12,98557,0.0
PAC,2022,11,98923,0.0
PSE,2024,11,98589,0.0
PSE,2023,6,98027,0.0
PSE,2020,3,98258,0.0
PSE,2025,5,98118,0.0
PAC,2021,4,99350,0.0
PSE,2020,7,98053,0.0
PSE,2024,11,98439,0.0
PSE,2022,6,98125,0.0
Avista,2022,7,99023,0.0
PSE,2023,3,98370,0.0
PSE,2020,8,98104,0.0
PSE,2020,3,98502,0.0
NWN,2025,5,98604,0.0
PSE,2020,4,98922,0.0
CNG,2024,4,98240,0.0
NWN,2024,12,98685,0.0
PSE,2022,11,98439,0.0
PSE,2025,5,98055,0.0
PSE,2021,6,98290,0.0
Avista,2024,4,99018,0.0
Avista,2023,8,99037,0.0
CNG,2023,8,99344,0.0
Avista,2025,1,99201,0.0
PSE,2022,7,98028,0.0
NWN,2021,11,98664,0.0
PSE,2021,1,98926,0.0
PSE,2023,10,98531,0.0
NWN,2024,5,98606,0.0
CNG,2024,5,98674,0.0
Avista,2025,5,99341,0.0
Avista,2023,9,99224,0.0
Avista,2025,2,99113,0.0
Avista,2022,8,99151,0.0
PSE,2025,6,98327,0.0
CNG,2021,8,98563,0.0
PSE,2024,3,98055,0.0
Avista,2022,9,99014,0.0
Avista,2023,7,99149,0.0
PSE,2021,4,98155,0.0
PSE,2025,8,98374,0.0
PSE,2024,10,98406,0.0
CNG,2021,1,98524,0.0
NWN,2022,1,98664,0.0
Avista,2022,10,99402,0.0
PSE,2021,2,98057,0.0
PAC,2022,6,98903,0.0
PSE,2021,12,98383,0.0
CNG,2023,4,98230,0.0
PAC,2024,2,98948,0.0
PSE,2025,9,98360,0.0
PSE,2021,10,98392,0.0
PSE,2025,10,98225,0.0
Avista,2024,11,99031,0.0
PSE,2025,8,98059,0.0
CNG,2023,7,98233,0.0
PSE,2024,10,98260,0.0
PAC,2022,12,99328,0.0
Avista,2022,3,99341,0.0
CNG,2022,7,99344,0.0
CNG,2021,1,98310,0.0
Avista,2024,3,99103,0.0
PAC,2020,3,98901,3094.0
CNG,2022,6,98233,0.0
PSE,2022,12,98941,0.0
CNG,2025,12,98948,0.0
PSE,2022,3,98270,0.0
Avista,2021,11,99013,0.0
CNG,2022,10,98632,0.0
PSE,2024,6,98506,0.0
PSE,2023,5,98001,0.0
PAC,2021,6,99323,0.0
NWN,2020,6,98606,0.0
PAC,2020,12,98936,0.0
PSE,2022,10,98087,0.0
PSE,2025,1,98277,0.0
NWN,2023,1,98682,0.0
Avista,2024,9,99040,0.0
PSE,2022,4,98065,0.0
PSE,2021,5,98029,0.0
Avista,2025,7,99171,0.0
PAC,2020,8,99323,0.0
PSE,2022,6,98053,0.0
PSE,2023,2,98513,0.0
NWN,2021,6,98629,0.0
PSE,2025,9,98327,0.0
NWN,2021,1,98684,0.0
PSE,2025,3,98499,0.0
CNG,2020,8,99324,0.0
CNG,2025,4,98312,0.0
PAC,2022,9,98902,0.0
PSE,2023,8,98337,0.0
Avista,2025,10,99174,0.0
CNG,2025,10,98225,0.0
PSE,2021,3,98370,0.0
PAC,2025,7,98938,2.28
PSE,2025,10,98260,0.0
PSE,2021,6,98038,0.0
PSE,2022,11,98406,0.0
PSE,2023,2,98266,0.0
PSE,2025,2,98045,0.0
PAC,2020,9,99301,0.0
CNG,2024,2,98229,0.0
PSE,2023,3,98388,0.0
CNG,2021,5,98848,0.0
PAC,2022,8,99324,0.0
CNG,2023,9,99353,0.0
Avista,2021,10,99181,0.0
PSE,2020,8,98467,0.0
PSE,2025,4,98201,0.0
Avista,2021,6,99032,0.0
NWN,2020,6,98601,0.0
PAC,2022,11,98903,0.0
CNG,2025,6,98257,0.0
NWN,2021,4,98666,0.0
Avista,2023,6,99023,0.0
PSE,2025,11,98112,0.0
CNG,2023,11,98345,0.0
PSE,2023,7,98058,0.0
PAC,2023,5,99363,0.0
NWN,2023,2,98642,0.0
PSE,2022,4,98404,0.0
PAC,2021,12,98936,0.0
PSE,2024,11,98007,0.0
Avista,2021,2,99034,0.0
Avista,2023,3,99102,0.0
PSE,2021,10,98513,0.0
PSE,2020,8,98022,0.0
PSE,2020,5,98052,0.0
Avista,2021,3,99371,0.0
Avista,2024,4,99103,0.0
PAC,2023,9,98936,0.0
Avista,2021,10,99030,0.0
Avista,2021,5,99174,0.0
PSE,2020,11,98038,0.0
PSE,2024,3,98467,0.0
CNG,2022,10,98310,0.0
Avista,2020,11,99228,0.0
CNG,2021,2,98264,0.0
Avista,2022,1,99335,0.0
Avista,2021,11,99185,0.0
PSE,2025,11,98029,0.0
Avista,2020,8,99011,0.0
Avista,2022,7,99173,0.0
CNG,2022,9,98292,0.0
Avista,2023,7,99109,0.0
PSE,2025,3,98059,0.0
PSE,2022,6,98026,0.0
PSE,2023,4,98502,0.0
Avista,2024,6,99179,0.0
Avista,2020,10,99014,0.0
CNG,2022,1,99323,0.0
PSE,2020,3,98112,0.0
PSE,2025,6,98045,0.0
PSE,2023,8,98031,0.0
Avista,2022,9,99185,0.0
CNG,2022,1,98625,0.0
PAC,2021,11,98938,0.0
PAC,2022,9,98953,0.0
Avista,2022,4,99224,0.0
Avista,2023,9,99033,0.0
Avista,2025,3,99181,0.0
CNG,2025,2,98282,0.0
PSE,2020,7,98070,0.0
PSE,2025,2,98941,0.0
Avista,2023,3,99025,0.0
CNG,2023,4,98312,0.0
CNG,2021,6,99337,0.0
PSE,2021,4,98059,0.0
PSE,2020,10,98226,0.0
CNG,2023,2,99323,0.0
Avista,2025,9,99037,0.0
Avista,2024,12,99171,0.0
PSE,2021,8,98010,0.0
Avista,2024,6,99130,0.0
PSE,2023,12,98221,0.0
NWN,2025,5,98671,0.0
Avista,2023,10,99179,0.0
PSE,2025,3,98579,0.0
Avista,2022,9,99012,0.0
NWN,2023,2,97031,0.0
PSE,2024,9,98375,0.0
CNG,2024,5,98221,0.0
PSE,2022,4,98007,0.0
CNG,2021,8,98240,0.0
CNG,2022,8,98273,0.0
PSE,2022,2,98106,0.0
PAC,2022,12,98951,0.0
Avista,2023,10,99173,0.0
PSE,2022,5,98244,0.0
PSE,2021,3,98226,0.0
PSE,2024,3,98019,0.0
PSE,2023,10,98148,0.0
PSE,2021,8,98103,0.0
PSE,2020,8,98221,0.0
PSE,2023,7,98045,0.0
PSE,2020,10,98244,0.0
PSE,2022,9,98312,0.0
PSE,2021,5,98383,0.0
PSE,2022,5,98117,0.0
PAC,2020,7,99363,0.0
CNG,2021,2,98948,0.0
PSE,2021,1,98038,0.0
PSE,2024,4,98424,0.0
PSE,2020,7,98516,0.0
PSE,2023,9,98023,0.0
PSE,2020,12,98274,0.0
PSE,2024,3,98531,0.0
PSE,2024,2,98010,0.0
Avista,2020,3,99029,0.0
Avista,2024,12,99205,0.0
PSE,2021,7,98275,0.0
PSE,2022,1,98445,0.0
NWN,2023,12,98629,0.0
CNG,2024,10,98801,0.0
NWN,2023,10,98119,0.0
Avista,2022,12,99176,0.0
PSE,2022,5,98029,0.0
Avista,2021,2,99037,0.0
NWN,2020,4,98604,0.0
CNG,2025,3,98942,0.0
CNG,2023,5,98233,0.0
PSE,2024,8,98125,0.0
NWN,2020,6,98671,0.0
Avista,2021,12,99029,0.0
PSE,2024,9,98208,0.0
Avista,2023,11,99171,0.0
Avista,2021,1,99030,0.0
PSE,2020,4,98589,0.0
NWN,2024,5,98642,0.0
Avista,2023,3,99402,0.0
Avista,2021,4,99039,0.0
CNG,2021,6,98312,0.0
Avista,2025,4,99202,0.0
Avista,2022,8,99163,0.0
PAC,2024,9,98939,0.0
PSE,2024,3,98008,0.0
NWN,2024,1,98605,0.0
Avista,2021,8,99169,0.0
Avista,2024,4,99164,0.0
NWN,2024,9,98648,0.0
PSE,2021,12,98051,0.0
Avista,2024,12,99174,0.0
PSE,2024,3,98204,0.0
PSE,2021,7,98224,0.0
PSE,2025,3,98168,0.0
PAC,2025,2,98951,98.29
NWN,2023,10,98671,0.0
PSE,2023,12,98532,0.0
PSE,2024,9,98034,0.0
Avista,2024,12,99001,0.0
PSE,2024,12,98028,0.0
PAC,2024,5,98939,0.0
PSE,2021,4,98444,0.0
NWN,2021,4,98682,0.0
PSE,2025,2,98119,0.0
CNG,2022,3,98520,0.0
CNG,2023,5,99352,0.0
PSE,2023,8,98225,0.0
NWN,2025,10,97301,0.0
CNG,2021,7,98232,0.0
PAC,2020,4,98930,0.0
Avista,2022,8,98620,0.0
PSE,2021,1,98022,0.0
Avista,2025,7,99202,0.0
PSE,2024,9,98275,0.0
Avista,2025,1,99161,0.0
CNG,2023,2,98264,0.0
PSE,2022,2,98032,0.0
CNG,2025,7,98226,0.0
PAC,2022,7,98935,0.0
PSE,2020,3,98178,0.0
Avista,2022,5,99161,0.0
Avista,2021,10,99019,0.0
NWN,2023,11,98675,0.0
PSE,2020,7,98059,0.0
PAC,2022,8,98921,0.0
PAC,2020,6,98935,0.0
Avista,2025,8,99143,0.0
PAC,2024,7,98930,0.0
PSE,2022,9,98038,0.0
PSE,2023,8,98512,0.0
PAC,2022,2,98937,0.0
CNG,2021,10,98902,0.0
NWN,2025,12,98639,0.0
CNG,2024,10,98908,0.0
Avista,2021,9,99148,0.0
PSE,2023,5,98106,0.0
PSE,2024,7,98244,0.0
Avista,2021,5,99149,0.0
PSE,2025,10,98406,0.0
CNG,2022,5,98383,0.0
PSE,2025,12,98290,0.0
PSE,2021,10,98402,0.0
PSE,2022,2,98003,0.0
CNG,2020,1,98274,0.0
CNG,2025,4,98233,0.0
PSE,2021,9,98101,0.0
CNG,2023,5,98367,0.0
NWN,2025,3,98668,0.0
NWN,2025,9,98604,0.0
Avista,2020,8,98857,0.0
CNG,2023,8,98240,0.0
CNG,2022,5,98903,0.0
PSE,2023,8,98941,0.0
NWN,2024,2,98610,0.0
CNG,2024,4,98284,0.0
NWN,2024,11,98127,0.0
PSE,2022,7,98262,0.0
PAC,2020,4,98951,0.0
PSE,2025,8,98055,0.0
PAC,2020,7,99323,0.0
CNG,2022,6,98310,0.0
Avista,2020,7,99260,0.0
Avista,2022,7,99202,0.0
PSE,2025,12,98342,0.0
PSE,2024,4,98271,0.0
PAC,2020,10,98936,0.0
PAC,2022,1,98939,0.0
PSE,2022,10,98260,0.0
PSE,2021,10,98239,0.0
NWN,2021,2,98668,0.0
CNG,2024,4,98951,0.0
NWN,2022,3,98605,0.0
PSE,2022,6,98074,0.0
PAC,2021,10,98935,0.0
Avista,2025,6,99022,0.0
Avista,2022,6,99031,0.0
NWN,2020,5,98663,0.0
NWN,2022,8,98686,0.0
Avista,2025,10,99004,0.0
PSE,2024,11,98148,0.0
Avista,2023,8,99129,0.0
PSE,2024,6,98327,0.0
CNG,2023,8,98229,0.0
PSE,2021,12,98070,0.0
PSE,2023,3,98007,0.0
CNG,2020,8,98520,0.0
PAC,2022,11,99350,0.0
PSE,2023,5,98058,0.0
CNG,2023,9,98220,0.0
CNG,2023,6,98942,0.0
PSE,2023,8,98022,0.0
Avista,2025,4,99023,0.0
Avista,2024,1,99158,0.0
Avista,2025,7,99008,0.0
Avista,2020,6,99003,0.0
PSE,2020,6,98373,0.0
PSE,2024,9,98011,0.0
PSE,2021,10,98027,0.0
PAC,2020,9,99350,0.0
PAC,2024,7,99324,0.0
CNG,2021,7,98271,0.0
Avista,2023,12,99144,0.0
NWN,2022,1,98628,0.0
PAC,2023,4,99362,0.0
Avista,2023,4,99163,0.0
Avista,2024,1,99032,0.0
Avista,2020,11,99019,0.0
PSE,2024,9,98109,0.0
Avista,2021,2,99181,0.0
PSE,2020,4,98203,0.0
Avista,2024,12,99037,0.0
CNG,2020,4,98264,0.0
Avista,2024,3,98648,0.0
PSE,2021,7,98198,0.0
PAC,2020,7,99360,0.0
NWN,2021,10,98307,0.0
CNG,2023,10,98932,0.0
Avista,2023,12,99141,0.0
PSE,2023,4,98108,0.0
NWN,2023,10,98672,0.0
PSE,2021,11,98579,0.0
Avista,2024,12,99170,0.0
NWN,2024,9,98635,0.0
CNG,2023,12,98292,0.0
CNG,2020,8,98903,0.0
NWN,2020,5,98664,0.0
CNG,2023,7,98942,0.0
PSE,2021,12,98055,0.0
Avista,2023,12,99205,0.0
CNG,2025,5,98229,0.0
PSE,2024,8,98374,0.0
PSE,2020,9,98512,0.0
CNG,2020,8,98264,0.0
CNG,2022,9,99362,0.0
PSE,2025,4,98119,0.0
PSE,2021,9,98188,0.0
PAC,2021,8,98948,0.0
Avista,2021,2,99170,0.0
PSE,2022,12,98005,0.0
CNG,2021,12,98953,0.0
CNG,2022,8,98314,0.0
Avista,2021,8,99171,0.0
PSE,2022,10,98110,0.0
CNG,2020,12,98908,0.0
PSE,2022,2,98001,0.0
PAC,2024,10,98951,0.0
CNG,2024,10,99352,0.0
PSE,2024,5,98375,0.0
PSE,2021,6,98112,0.0
PSE,2023,12,98117,0.0
PSE,2025,5,98058,0.0
NWN,2021,1,98685,0.0
Avista,2025,11,99260,0.0
PSE,2023,2,98255,0.0
PSE,2020,5,98503,0.0
PSE,2020,4,98342,0.0
PSE,2022,10,98262,0.0
NWN,2023,4,98026,0.0
CNG,2020,12,98264,0.0
CNG,2024,12,98942,0.0
PSE,2020,4,98168,0.0
CNG,2021,7,98312,0.0
CNG,2025,8,98271,0.0
PSE,2021,2,98257,0.0
NWN,2023,5,98610,0.0
Avista,2024,5,99169,0.0
PSE,2022,3,98105,0.0
PSE,2021,2,98117,0.0
CNG,2020,12,98944,0.0
PSE,2021,8,98037,0.0
PSE,2023,5,98118,0.0
PSE,2020,11,98112,0.0
NWN,2024,7,97031,0.0
NWN,2024,6,98607,0.0
CNG,2021,11,98951,0.0
CNG,2023,10,98277,0.0
Avista,2025,4,99013,0.0
PSE,2024,7,98273,0.0
PSE,2020,11,98005,0.0
NWN,2025,1,98762,0.0
CNG,2023,1,98221,0.0
PSE,2025,3,98589,0.0
Avista,2020,12,99001,0.0
Avista,2023,8,99018,0.0
CNG,2025,9,98220,0.0
PSE,2023,3,98028,0.0
NWN,2024,8,98626,0.0
NWN,2022,8,98620,0.0
Avista,2024,3,99034,0.0
PSE,2023,8,98589,0.0
NWN,2024,6,98664,0.0
CNG,2022,4,98557,0.0
Avista,2022,3,99171,0.0
PSE,2021,9,98380,0.0
PSE,2024,12,98498,0.0
PSE,2025,9,98004,0.0
CNG,2025,7,98345,0.0
Avista,2022,8,99173,0.0
NWN,2023,11,98668,0.0
PAC,2023,3,98948,0.0
PSE,2021,8,98248,0.0
CNG,2020,8,99353,0.0
PSE,2025,7,98074,0.0
PSE,2025,9,98498,0.0
PSE,2025,10,98221,0.0
NWN,2023,11,98642,0.0
PSE,2020,6,98036,0.0
CNG,2025,8,98951,0.0
CNG,2024,4,98366,0.0
CNG,2020,1,99344,0.0
PSE,2021,3,98275,0.0
PSE,2020,3,98168,0.0
PSE,2020,8,98422,0.0
CNG,2020,8,98345,0.0
PSE,2023,3,98112,0.0
CNG,2023,6,98225,0.0
PSE,2020,9,98232,0.0
PSE,2020,3,98053,0.0
Avista,2022,5,99163,0.0
PSE,2022,7,98392,0.0
PSE,2024,11,98277,0.0
CNG,2023,2,98310,0.0
CNG,2024,8,98240,0.0
NWN,2025,3,98629,0.0
PSE,2025,5,98126,0.0
PSE,2020,7,98001,0.0
CNG,2022,6,98837,0.0
PSE,2023,12,98029,0.0
CNG,2023,4,98221,0.0
Avista,2024,10,99036,0.0
PSE,2025,12,98244,0.0
CNG,2021,3,98292,0.0
Avista,2020,6,99138,0.0
PSE,2020,9,98019,0.0
PSE,2022,7,98043,0.0
CNG,2020,6,99338,0.0
PSE,2020,7,98204,0.0
CNG,2022,7,98310,0.0
PAC,2023,1,98942,0.0
Avista,2025,12,99008,0.0
Avista,2022,3,99111,0.0
PSE,2023,5,98439,0.0
PSE,2025,9,98108,0.0
PSE,2025,11,98036,0.0
PSE,2024,2,98499,0.0
PSE,2025,10,98499,0.0
Avista,2025,4,99157,0.0
Avista,2025,5,99021,0.0
PSE,2022,10,98266,0.0
Avista,2023,8,99173,0.0
CNG,2022,4,98274,0.0
PSE,2022,9,98388,0.0
PSE,2023,2,98122,0.0
PSE,2024,11,98033,0.0
NWN,2025,11,98612,0.0
NWN,2022,10,98675,0.0
CNG,2020,8,98528,0.0
PSE,2025,9,98029,0.0
CNG,2022,6,99338,0.0
PSE,2025,10,98230,0.0
CNG,2022,4,98230,0.0
CNG,2025,6,98337,0.0
PSE,2022,10,98168,0.0
CNG,2020,1,98632,0.0
Avista,2024,10,99014,0.0
NWN,2022,4,98686,0.0
PSE,2025,5,98023,0.0
NWN,2023,3,98604,0.0
CNG,2022,5,98370,0.0
PSE,2021,6,98409,0.0
PSE,2021,10,98311,0.0
CNG,2024,12,98229,0.0
PSE,2022,8,98055,0.0
PSE,2021,4,98498,0.0
PSE,2021,4,98418,0.0
NWN,2022,8,98660,0.0
PSE,2023,11,98260,0.0
PSE,2024,4,98168,0.0
PSE,2025,1,98258,0.0
NWN,2025,12,98674,0.0
PAC,2021,3,98935,0.0
Avista,2024,4,99217,0.0
PSE,2023,3,98373,0.0
PSE,2021,9,98011,0.0
Avista,2025,10,99037,0.0
PAC,2022,10,99324,0.0
NWN,2023,9,98675,0.0
CNG,2022,7,98220,0.0
PSE,2024,1,98498,0.0
CNG,2025,4,98383,0.0
Avista,2025,6,99104,0.0
PSE,2021,11,98262,0.0
PSE,2024,8,98337,0.0
Avista,2025,9,99158,0.0
PSE,2024,1,98208,0.0
PAC,2022,4,98953,0.0
PSE,2022,6,98445,0.0
Avista,2022,3,99103,0.0
Avista,2025,8,98857,0.0
NWN,2024,10,98617,0.0
PSE,2023,4,98007,0.0
NWN,2021,8,98665,0.0
PSE,2022,10,98072,0.0
PSE,2023,4,98224,0.0
CNG,2021,3,98276,0.0
NWN,2022,1,98208,0.0
Avista,2020,9,99130,0.0
PAC,2024,9,99363,0.0
PSE,2024,1,98513,0.0
NWN,2021,4,98684,0.0
PAC,2022,10,99329,0.0
Avista,2025,12,99020,0.0
PSE,2022,6,98122,0.0
PSE,2021,8,98102,0.0
PSE,2020,5,98375,0.0
NWN,2022,8,98604,0.0
PSE,2021,11,98270,0.0
PSE,2020,8,98255,0.0
NWN,2022,4,98662,0.0
Avista,2023,4,99104,0.0
PSE,2025,10,98532,0.0
Avista,2024,7,99126,0.0
Avista,2024,5,99014,0.0
Avista,2021,9,99163,0.0
CNG,2024,3,98944,0.0
PAC,2021,11,98942,0.0
PSE,2022,2,98043,0.0
Avista,2022,9,99146,0.0
Avista,2020,11,99018,0.0
PSE,2023,11,98166,0.0
PSE,2021,4,98516,0.0
CNG,2021,8,98908,0.0
NWN,2022,4,98672,0.0
NWN,2022,7,98666,0.0
Avista,2020,8,99008,0.0
NWN,2025,5,98612,0.0
CNG,2023,11,98674,0.0
PAC,2020,9,99360,0.0
PSE,2025,8,98112,0.0
PSE,2020,9,98346,0.0
CNG,2023,9,98248,0.0
PSE,2020,10,98033,0.0
CNG,2021,6,98232,0.0
Avista,2023,9,99163,0.0
PAC,2024,4,99350,0.0
Avista,2020,9,99102,0.0
NWN,2021,8,97388,0.0
NWN,2024,8,98628,0.0
PSE,2022,1,98405,0.0
PSE,2022,4,98125,0.0
CNG,2024,6,98282,0.0
CNG,2024,1,98908,0.0
NWN,2024,8,98607,0.0
PSE,2024,7,98255,0.0
Avista,2020,8,99163,0.0
NWN,2024,6,98610,0.0
CNG,2021,11,98528,0.0
Avista,2025,5,99160,0.0
CNG,2024,3,98221,0.0
PSE,2022,9,98012,0.0
CNG,2020,12,98337,0.0
CNG,2023,11,98274,0.0
Avista,2021,10,99128,0.0
Avista,2021,10,99216,0.0
Avista,2022,11,99260,0.0
PSE,2024,11,98531,0.0
CNG,2020,9,99350,0.0
Avista,2022,1,99036,0.0
Avista,2021,4,99220,0.0
Avista,2025,12,99022,0.0
NWN,2025,5,98127,0.0
PAC,2025,6,98953,7.76
PSE,2020,10,98003,0.0
CNG,2023,12,98314,0.0
Avista,2025,4,99126,0.0
CNG,2022,1,98276,0.0
Avista,2020,11,99205,0.0
PAC,2022,12,99363,0.0
NWN,2020,8,98683,0.0
Avista,2025,3,99326,0.0
PSE,2024,5,98506,0.0
PAC,2020,1,98901,2948.0
NWN,2023,12,98612,0.0
NWN,2022,5,98668,0.0
PSE,2022,7,98390,0.0
NWN,2023,4,98610,0.0
PSE,2025,8,98023,0.0
CNG,2022,3,98226,0.0
Avista,2025,5,99008,0.0
CNG,2023,10,98273,0.0
CNG,2021,10,98948,0.0
PSE,2022,2,98118,0.0
PSE,2025,6,98116,0.0
PSE,2022,1,98370,0.0
CNG,2021,3,98625,0.0
PSE,2025,3,98321,0.0
Avista,2021,11,99224,0.0
PSE,2022,5,98360,0.0
PSE,2024,1,98053,0.0
PAC,2020,11,99324,0.0
PSE,2022,2,98366,0.0
Avista,2022,1,99103,0.0
PSE,2023,7,98198,0.0
Avista,2021,3,99029,0.0
PSE,2020,7,98390,0.0
PAC,2023,3,98953,0.0
Avista,2025,10,99403,0.0
PSE,2021,4,98408,0.0
PSE,2022,10,98012,0.0
PSE,2022,12,98248,0.0
PSE,2021,8,98011,0.0
PSE,2025,9,98074,0.0
PSE,2020,12,98237,0.0
PSE,2021,11,98233,0.0
Avista,2023,8,99218,0.0
PSE,2023,7,98029,0.0
PSE,2023,9,98105,0.0
PSE,2024,2,98596,0.0
PSE,2025,9,98031,0.0
PSE,2022,2,98059,0.0
PSE,2021,11,98033,0.0
PAC,2020,4,99347,0.0
PSE,2022,9,98006,0.0
PSE,2024,4,98445,0.0
PSE,2020,11,98390,0.0
PSE,2022,3,98373,0.0
PSE,2021,2,98332,0.0
Avista,2021,11,99011,0.0
CNG,2025,6,98550,0.0
Avista,2022,5,99025,0.0
Avista,2025,6,99023,0.0
PSE,2025,9,98027,0.0
PSE,2024,12,98272,0.0
PSE,2023,5,98255,0.0
PSE,2020,7,98922,0.0
Avista,2020,9,99158,0.0
PSE,2025,9,98446,0.0
PSE,2022,12,98589,0.0
PSE,2021,7,98038,0.0
NWN,2024,3,98604,0.0
PSE,2020,3,98270,0.0
CNG,2023,7,99344,0.0
CNG,2022,11,98901,0.0
PSE,2022,6,98006,0.0
CNG,2024,3,98345,0.0
PAC,2024,1,99360,0.0
Avista,2022,3,99174,0.0
PSE,2021,7,98199,0.0
PSE,2022,9,98106,0.0
CNG,2022,11,98944,0.0
PSE,2024,1,98106,0.0
PSE,2025,3,98155,0.0
PSE,2022,2,98466,0.0
Avista,2021,8,99141,0.0
PSE,2025,11,98501,0.0
PSE,2022,10,98513,0.0
PSE,2025,5,98337,0.0
PSE,2020,10,98335,0.0
CNG,2020,10,98366,0.0
PAC,2021,11,99323,0.0
PSE,2022,12,98284,0.0
PSE,2025,6,98122,0.0
PSE,2025,11,98126,0.0
CNG,2021,7,98366,0.0
PSE,2022,8,98370,0.0
Avista,2024,1,99113,0.0
PSE,2024,3,98104,0.0
NWN,2021,4,98665,0.0
PAC,2024,9,98903,0.0
PSE,2020,6,98406,0.0
PSE,2024,12,98019,0.0
Avista,2025,10,99020,0.0
CNG,2021,11,98314,0.0
Avista,2024,3,99185,0.0
PAC,2021,11,98952,0.0
Avista,2020,8,99260,0.0
Avista,2025,6,99008,0.0
PSE,2023,3,98371,0.0
Avista,2022,10,99037,0.0
PAC,2020,9,99363,0.0
PSE,2024,6,98335,0.0
Avista,2024,1,99220,0.0
Avista,2024,1,99176,0.0
NWN,2024,2,98682,-5.74
PSE,2021,6,98042,0.0
PAC,2022,4,99360,0.0
Avista,2024,2,99022,0.0
PSE,2022,12,98008,0.0
CNG,2025,7,98837,0.0
PSE,2025,11,98058,0.0
PSE,2020,7,98375,0.0
PSE,2020,8,98404,0.0
Avista,2024,2,99111,0.0
PSE,2024,2,98133,0.0
Avista,2020,10,99129,0.0
PSE,2025,4,98047,0.0
PSE,2025,9,98418,0.0
PAC,2023,4,98936,0.0
PAC,2021,5,99361,0.0
PSE,2022,7,98029,0.0
PAC,2024,3,98908,0.0
PSE,2024,5,98532,0.0
Avista,2023,8,99019,0.0
NWN,2023,11,98635,0.0
PSE,2020,11,98375,0.0
PAC,2025,8,98953,8.42
PAC,2025,5,99323,0.34
PSE,2023,12,98466,0.0
PSE,2022,12,98388,0.0
PSE,2023,7,98199,0.0
Avista,2020,7,99021,0.0
PSE,2020,5,98198,0.0
PSE,2020,3,98239,0.0
PAC,2020,7,98920,0.0
Avista,2023,6,99341,0.0
Avista,2021,8,99101,0.0
PSE,2021,4,98327,0.0
PAC,2020,5,98939,0.0
Avista,2023,6,99117,0.0
PSE,2020,4,98941,0.0
NWN,2025,1,98648,0.0
PSE,2025,3,98283,0.0
Avista,2025,8,99037,0.0
Avista,2022,8,99201,0.0
Avista,2025,6,99001,0.0
PSE,2020,5,98028,0.0
Avista,2023,4,98857,0.0
PAC,2024,3,99362,0.0
Avista,2022,2,99029,0.0
Avista,2022,6,99403,0.0
PAC,2023,5,98903,0.0
PSE,2020,7,98019,0.0
Avista,2023,8,99170,0.0
PSE,2025,4,98371,0.0
CNG,2022,7,98337,0.0
Avista,2020,4,99149,0.0
PSE,2025,10,98103,0.0
PAC,2024,5,98930,0.0
PAC,2024,7,98933,0.0
PSE,2022,3,98532,0.0
CNG,2020,1,98802,0.0
CNG,2024,8,98801,0.0
PSE,2024,5,98058,0.0
NWN,2023,4,98127,0.0
PSE,2022,9,98031,0.0
PSE,2020,11,98102,0.0
PSE,2022,2,98021,0.0
PSE,2025,4,98203,0.0
Avista,2021,11,99137,0.0
Avista,2024,7,99012,0.0
PSE,2023,1,98125,0.0
Avista,2021,1,99026,0.0
NWN,2021,5,98605,0.0
PSE,2021,8,98232,0.0
PSE,2025,12,98108,0.0
CNG,2025,1,99353,0.0
PAC,2022,7,98923,0.0
PAC,2023,2,98902,0.0
PSE,2023,11,98056,0.0
Avista,2022,10,99167,0.0
CNG,2025,2,98563,0.0
Avista,2025,7,99137,0.0
PSE,2024,12,98188,0.0
Avista,2025,7,99151,0.0
CNG,2022,9,98233,0.0
Avista,2021,12,99371,0.0
PSE,2024,6,98239,0.0
NWN,2020,8,98601,0.0
NWN,2022,12,98683,0.0
Avista,2022,10,99034,0.0
Avista,2025,6,99126,0.0
PSE,2021,5,98277,0.0
PSE,2022,9,98260,0.0
Avista,2022,5,99141,0.0
Avista,2025,12,99009,0.0
PSE,2024,12,98424,0.0
Avista,2022,5,99169,0.0
PSE,2021,3,98367,0.0
Avista,2021,10,99160,0.0
PSE,2025,10,98133,0.0
Avista,2025,4,99326,0.0
PSE,2025,1,98371,0.0
CNG,2025,2,99301,0.0
Avista,2023,11,99220,0.0
CNG,2021,11,98611,0.0
PSE,2023,9,98327,0.0
PSE,2022,4,98388,0.0
PSE,2024,2,98373,0.0
PSE,2025,11,98327,0.0
CNG,2025,2,98584,0.0
Avista,2023,1,99151,0.0
PSE,2021,4,98024,0.0
PSE,2021,6,98239,0.0
CNG,2020,4,98550,0.0
PAC,2024,8,98939,0.0
Avista,2023,1,99001,0.0
PSE,2024,11,98038,0.0
NWN,2022,1,98671,0.0
Avista,2022,12,99228,0.0
CNG,2020,12,98370,0.0
Avista,2022,12,99114,0.0
PSE,2021,7,98065,0.0
PSE,2020,9,98065,0.0
PSE,2023,3,98926,0.0
CNG,2025,5,98626,0.0
PSE,2024,11,98226,0.0
PSE,2024,7,98043,0.0
PSE,2025,1,98272,0.0
PSE,2024,10,98283,0.0
Avista,2023,11,99039,0.0
CNG,2024,3,98232,0.0
PSE,2025,2,98033,0.0
PAC,2025,5,98908,26.0
PSE,2024,11,98031,0.0
NWN,2024,11,98663,0.0
Avista,2024,3,99159,0.0
PAC,2020,1,99361,120.0
PAC,2021,8,99361,0.0
PSE,2020,8,98032,0.0
PSE,2021,1,98112,0.0
CNG,2024,10,99336,0.0
PSE,2023,12,98204,0.0
CNG,2023,3,98277,0.0
CNG,2025,9,99338,0.0
Avista,2024,6,99137,0.0
Avista,2020,11,98857,0.0
PSE,2021,12,98248,0.0
CNG,2024,1,99338,0.0
PSE,2023,3,98941,0.0
Avista,2025,8,99009,0.0
PSE,2021,3,98513,0.0
Avista,2024,10,99022,0.0
NWN,2024,10,98307,0.0
PSE,2024,8,98006,0.0
Avista,2022,1,99171,0.0
NWN,2021,10,98661,0.0
Avista,2022,1,99117,0.0
NWN,2022,12,98648,0.0
PSE,2022,1,98532,0.0
NWN,2022,3,97388,0.0
Avista,2023,5,99037,0.0
CNG,2023,5,98563,0.0
CNG,2020,4,98225,0.0
PSE,2023,12,98257,0.0
PSE,2021,5,98232,0.0
PSE,2025,2,98446,0.0
NWN,2022,2,98605,0.0
NWN,2025,5,98601,0.0
PSE,2020,7,98032,0.0
PSE,2024,8,98232,0.0
PSE,2024,10,98258,0.0
PSE,2024,7,98122,0.0
PSE,2021,10,98072,0.0
CNG,2022,12,98276,0.0
PSE,2024,8,98506,0.0
PSE,2020,9,98204,0.0
CNG,2024,12,99352,0.0
Avista,2024,10,99228,0.0
Avista,2020,6,99205,0.0
CNG,2020,12,98932,0.0
CNG,2023,3,98908,0.0
PSE,2025,1,98501,0.0
NWN,2025,9,98208,0.0
CNG,2023,10,98903,0.0
PSE,2022,11,98051,0.0
NWN,2021,1,98626,0.0
Avista,2020,7,98648,0.0
Avista,2020,7,99037,0.0
Avista,2022,3,99129,0.0
PSE,2021,1,98101,0.0
CNG,2024,1,98220,0.0
PAC,2020,2,98952,84.0
CNG,2024,3,98247,0.0
PSE,2022,7,98047,0.0
Avista,2020,10,99117,0.0
PSE,2024,4,98201,0.0
CNG,2021,11,98908,0.0
NWN,2020,6,98662,0.0
PAC,2020,6,99347,0.0
PSE,2021,12,98224,0.0
PSE,2023,12,98406,0.0
NWN,2022,3,98762,0.0
PAC,2021,8,99360,0.0
NWN,2022,12,98665,0.0
PSE,2020,3,98055,0.0
CNG,2023,4,98274,0.0
Avista,2020,5,99031,0.0
PSE,2024,6,98087,0.0
CNG,2022,1,98223,0.0
PSE,2024,1,98178,0.0
Avista,2025,2,99169,0.0
CNG,2023,11,99323,0.0
PSE,2020,4,98290,0.0
PSE,2023,1,98255,0.0
PSE,2025,7,98101,0.0
Avista,2020,4,99204,0.0
CNG,2021,12,99323,0.0
PSE,2023,10,98467,0.0
PSE,2020,7,98043,0.0
PSE,2021,1,98109,0.0
CNG,2024,6,98230,0.0
CNG,2023,7,98932,0.0
NWN,2025,6,98684,0.0
Avista,2023,8,99207,0.0
Avista,2024,9,99174,0.0
PSE,2020,12,98375,0.0
PSE,2024,7,98178,0.0
NWN,2025,7,98671,0.0
CNG,2023,6,98271,0.0
Avista,2024,8,99138,0.0
PSE,2025,4,98037,0.0
PSE,2025,4,98148,0.0
CNG,2025,1,99344,0.0
PSE,2020,7,98092,0.0
NWN,2022,11,98668,0.0
CNG,2023,2,98295,0.0
PSE,2023,3,98380,0.0
PAC,2022,1,99347,0.0
PSE,2023,8,98424,0.0
Avista,2025,8,99021,0.0
PSE,2025,4,98146,0.0
Avista,2021,1,99126,0.0
NWN,2022,1,98307,0.0
PSE,2023,9,98059,0.0
NWN,2024,2,98666,0.0
Avista,2021,8,99014,0.0
PSE,2021,2,98022,0.0
PSE,2020,7,98005,0.0
PAC,2020,7,98902,0.0
PAC,2022,6,98930,0.0
Avista,2020,7,99036,0.0
PSE,2025,10,98444,0.0
CNG,2020,3,98276,38.24
CNG,2021,9,98311,0.0
PSE,2023,12,98033,0.0
PSE,2023,12,98513,0.0
CNG,2024,9,98257,0.0
PSE,2022,8,98367,0.0
Avista,2022,10,99130,0.0
PSE,2021,3,98409,0.0
PAC,2023,4,99328,0.0
Avista,2024,3,99014,0.0
PSE,2023,5,98445,0.0
Avista,2025,1,99021,0.0
CNG,2020,7,98520,0.0
Avista,2020,12,99344,0.0
NWN,2021,11,98665,0.0
PSE,2024,9,98941,0.0
PSE,2020,6,98126,0.0
PSE,2022,2,98023,0.0
CNG,2021,6,99338,0.0
CNG,2024,9,98901,0.0
PSE,2025,5,98387,0.0
PSE,2021,10,98405,0.0
NWN,2021,5,98604,0.0
PSE,2025,4,98003,0.0
PSE,2021,8,98391,0.0
PAC,2023,10,98903,0.0
PSE,2020,10,98596,0.0
PSE,2021,1,98338,0.0
Avista,2021,5,99018,0.0
Avista,2020,3,99173,0.0
Avista,2022,12,99033,0.0
Avista,2023,1,99371,0.0
CNG,2023,12,99354,0.0
NWN,2022,3,98648,0.0
PSE,2020,3,98409,0.0
PSE,2023,4,98498,0.0
PAC,2022,5,98936,0.0
CNG,2023,5,98802,0.0
Avista,2023,4,99111,0.0
PSE,2020,7,98037,0.0
Avista,2020,10,99009,0.0
Avista,2021,6,99110,0.0
PSE,2022,11,98022,0.0
NWN,2021,12,98666,0.0
Avista,2020,3,99206,0.0
PSE,2020,4,98335,0.0
NWN,2021,7,97388,0.0
Avista,2025,7,99011,0.0
Avista,2021,4,99025,0.0
Avista,2020,10,99102,0.0
PSE,2020,5,98371,0.0
NWN,2023,11,98127,0.0
PSE,2020,12,98232,0.0
CNG,2021,3,99344,0.0
NWN,2021,2,98664,0.0
PAC,2021,11,98903,0.0
Avista,2022,6,99104,0.0
CNG,2024,7,98223,0.0
Avista,2021,4,99181,0.0
Avista,2020,8,99206,0.0
Avista,2024,12,99181,0.0
CNG,2023,10,98520,0.0
PAC,2024,8,99350,0.0
PAC,2023,7,98936,0.0
PSE,2022,9,98237,0.0
PSE,2024,6,98373,0.0
Avista,2023,7,99341,0.0
Avista,2020,11,99008,0.0
PAC,2022,6,99361,0.0
NWN,2023,6,98762,0.0
PSE,2022,1,98102,0.0
Avista,2022,2,99034,0.0
PSE,2025,7,98047,0.0
Avista,2025,8,99218,0.0
NWN,2025,6,98612,0.0
NWN,2020,12,98635,0.0
PSE,2021,1,98092,0.0
Avista,2021,9,99034,0.0
PSE,2021,12,98126,0.0
NWN,2025,8,98617,0.0
PSE,2025,4,98466,0.0
PSE,2025,1,98004,0.0
CNG,2022,2,98520,0.0
PSE,2023,10,98374,0.0
Avista,2024,11,99013,0.0
Avista,2023,7,99160,0.0
CNG,2020,1,98901,0.0
PSE,2023,2,98010,0.0
CNG,2020,9,98221,0.0
PSE,2021,7,98327,0.0
Avista,2024,10,99032,0.0
Avista,2023,10,99117,0.0
PAC,2020,3,98932,1.0
CNG,2022,8,98930,0.0
NWN,2020,12,98628,0.0
NWN,2025,8,98604,0.0
NWN,2025,4,98683,0.0
NWN,2021,6,98664,0.0
CNG,2020,11,99362,0.0
NWN,2023,12,98610,0.0
Avista,2021,3,99107,0.0
CNG,2023,7,98625,0.0
PSE,2022,4,98005,0.0
NWN,2023,11,98610,0.0
Avista,2024,3,99012,0.0
PSE,2021,7,98168,0.0
PSE,2021,1,98119,0.0
PSE,2021,2,98373,0.0
CNG,2023,8,98225,0.0
NWN,2020,9,98864,0.0
CNG,2020,1,98223,0.0
CNG,2022,3,98311,0.0
CNG,2024,12,98837,0.0
PSE,2024,12,98576,0.0
PSE,2025,3,98225,0.0
PSE,2025,2,98512,0.0
PSE,2021,6,98422,0.0
PSE,2023,9,98040,0.0
PSE,2020,12,98332,0.0
PAC,2024,4,99348,0.0
Avista,2024,11,99173,0.0
PSE,2020,7,98597,0.0
PSE,2024,12,98405,0.0
PSE,2020,3,98110,0.0
CNG,2024,5,98314,0.0
PSE,2024,3,98125,0.0
PSE,2025,7,98311,0.0
CNG,2023,3,98271,0.0
NWN,2020,9,98674,0.0
PAC,2020,12,99347,0.0
PSE,2024,3,98070,0.0
PSE,2021,2,98033,0.0
PSE,2021,8,98499,0.0
PAC,2021,1,98951,0.0
PSE,2022,5,98166,0.0
PSE,2024,9,98409,0.0
PSE,2023,4,98204,0.0
PSE,2021,8,98021,0.0
PSE,2024,1,98042,0.0
PSE,2022,4,98922,0.0
Avista,2022,5,99158,0.0
PSE,2023,8,98146,0.0
PSE,2024,9,98108,0.0
CNG,2022,8,98903,0.0
PSE,2023,2,98042,0.0
NWN,2024,5,98617,0.0
CNG,2022,3,98273,0.0
PSE,2025,2,98101,0.0
PSE,2022,7,98201,0.0
PSE,2025,2,98277,0.0
Avista,2023,5,99137,0.0
PAC,2021,7,99360,0.0
PSE,2025,11,98011,0.0
PSE,2024,6,98040,0.0
PSE,2020,5,98225,0.0
Avista,2020,3,99023,0.0
PSE,2021,10,98255,0.0
NWN,2021,6,98662,0.0
Avista,2021,8,99019,0.0
PSE,2024,9,98024,0.0
NWN,2023,2,98685,0.0
PSE,2023,1,98375,0.0
NWN,2023,4,98675,0.0
PSE,2021,6,98332,0.0
PSE,2025,6,98036,0.0
PAC,2021,8,99324,0.0
CNG,2022,10,98932,0.0
PSE,2025,7,98225,0.0
PSE,2021,11,98338,0.0
PSE,2024,1,98359,0.0
Avista,2024,7,99037,0.0
PAC,2021,4,99323,0.0
PSE,2022,3,98499,0.0
PSE,2024,10,98011,0.0
CNG,2021,11,98848,0.0
PAC,2021,12,99348,0.0
PSE,2022,7,98105,0.0
CNG,2021,6,99354,0.0
PSE,2022,3,98065,0.0
PSE,2025,9,98406,0.0
CNG,2022,1,98337,0.0
PSE,2021,9,98032,0.0
Avista,2021,2,99224,0.0
CNG,2025,11,98276,0.0
Avista,2020,6,99204,0.0
PSE,2022,6,98042,0.0
PSE,2024,3,98387,0.0
Avista,2022,8,99013,0.0
Avista,2022,3,99104,0.0
Avista,2024,9,99110,0.0
Avista,2023,6,99026,0.0
Avista,2020,3,99003,0.0
Avista,2022,10,99161,0.0
PAC,2021,6,99350,0.0
Avista,2024,12,99223,0.0
Avista,2023,12,99138,0.0
Avista,2025,9,99157,0.0
NWN,2023,4,98119,0.0
Avista,2023,10,99403,0.0
PSE,2025,1,98030,0.0
PSE,2020,11,98065,0.0
CNG,2025,2,98528,0.0
PSE,2025,4,98422,0.0
NWN,2021,7,98601,0.0
PAC,2021,7,98947,0.0
PSE,2022,6,98051,0.0
CNG,2021,1,98295,0.0
PSE,2025,6,98052,0.0
PSE,2021,9,98002,0.0
PSE,2022,5,98110,0.0
PSE,2024,6,98230,0.0
Avista,2023,10,99111,0.0
CNG,2022,10,98557,0.0
PSE,2023,2,98283,0.0
CNG,2020,4,98273,0.0
CNG,2020,10,98337,0.0
PSE,2024,10,98531,0.0
PAC,2020,12,98948,0.0
PSE,2024,7,98148,0.0
CNG,2025,2,98944,0.0
PSE,2020,6,98926,0.0
Avista,2022,3,99109,0.0
PSE,2023,8,98502,0.0
Avista,2024,1,99012,0.0
PSE,2023,11,98072,0.0
PSE,2022,9,98110,0.0
PSE,2024,12,98122,0.0
Avista,2020,6,99117,0.0
CNG,2024,8,98942,0.0
Avista,2025,5,99151,0.0
PSE,2021,1,98059,0.0
CNG,2024,9,98273,0.0
Avista,2020,10,99146,0.0
Avista,2020,8,99006,0.0
CNG,2024,2,98225,0.0
CNG,2024,5,98936,0.0
PSE,2022,12,98579,0.0
PSE,2022,9,98036,0.0
PSE,2025,6,98029,0.0
PSE,2021,2,98012,0.0
CNG,2025,10,98273,0.0
PSE,2025,11,98579,0.0
Avista,2025,6,99040,0.0
PSE,2023,10,98338,0.0
Avista,2021,3,99228,0.0
NWN,2021,4,98604,0.0
CNG,2025,4,98524,0.0
PSE,2023,4,98166,0.0
Avista,2025,5,99204,0.0
Avista,2020,10,99003,0.0
PSE,2023,3,98274,0.0
Avista,2023,4,99218,0.0
PAC,2022,5,98921,0.0
Avista,2020,9,99039,0.0
Avista,2025,1,99224,0.0
CNG,2020,5,98220,0.0
PSE,2024,9,98258,0.0
Avista,2020,6,99030,0.0
Avista,2025,10,99113,0.0
NWN,2024,10,98685,0.0
PSE,2021,4,98004,0.0
PSE,2025,12,98284,0.0
PSE,2022,7,98023,0.0
PSE,2025,1,98199,0.0
PSE,2025,4,98058,0.0
PSE,2022,9,98033,0.0
PSE,2020,4,98012,0.0
CNG,2025,9,98310,0.0
NWN,2021,3,98686,0.0
Avista,2021,1,99103,0.0
CNG,2024,3,98541,0.0
NWN,2020,6,98661,0.0
PSE,2021,6,98237,0.0
CNG,2022,6,98908,0.0
PSE,2025,10,98501,0.0
CNG,2020,10,98936,0.0
PSE,2021,7,98258,0.0
PSE,2021,3,98040,0.0
CNG,2023,6,98944,0.0
PSE,2022,2,98374,0.0
CNG,2025,11,98247,0.0
PAC,2021,1,99329,0.0
PSE,2024,1,98283,0.0
CNG,2020,5,98953,0.0
PSE,2024,8,98168,0.0
PSE,2023,11,98372,0.0
NWN,2023,7,98662,0.0
PSE,2024,2,98576,0.0
PSE,2022,5,98501,0.0
PSE,2024,2,98029,0.0
Avista,2023,4,99009,0.0
NWN,2022,4,98617,0.0
CNG,2025,5,99344,0.0
PSE,2022,6,98043,0.0
PSE,2020,4,98002,0.0
Avista,2021,8,99037,0.0
PAC,2023,11,98948,0.0
PSE,2022,3,98012,0.0
PAC,2024,5,98948,0.0
NWN,2022,4,98762,0.0
Avista,2024,3,99335,0.0
Avista,2021,3,99224,0.0
NWN,2020,12,98666,0.0
PAC,2021,4,98952,0.0
PSE,2025,12,98188,0.0
PSE,2024,8,98367,0.0
PSE,2022,8,98405,0.0
PSE,2025,6,98503,0.0
Avista,2025,4,99018,0.0
Avista,2023,2,99159,0.0
PAC,2022,4,99324,0.0
CNG,2021,4,99362,0.0
PSE,2021,4,98087,0.0
Avista,2021,4,99026,0.0
PSE,2020,5,98126,0.0
CNG,2025,5,98901,0.0
PSE,2023,1,98290,0.0
Avista,2025,7,99019,0.0
Avista,2022,8,98648,0.0
PSE,2023,11,98446,0.0
PSE,2022,3,98052,0.0
CNG,2024,3,98908,0.0
PAC,2021,11,98936,0.0
PSE,2025,9,98203,0.0
NWN,2025,9,98663,0.0
PSE,2023,12,98052,0.0
CNG,2021,2,98345,0.0
PSE,2020,5,98034,0.0
PSE,2023,6,98102,0.0
Avista,2021,5,99260,0.0
PSE,2023,11,98233,0.0
Avista,2021,10,99144,0.0
PSE,2020,11,98221,0.0
Avista,2020,10,99185,0.0
CNG,2023,3,99350,0.0
CNG,2023,1,98848,0.0
PSE,2025,1,98126,0.0
NWN,2022,5,98606,0.0
PSE,2023,6,98439,0.0
CNG,2024,9,98248,0.0
CNG,2023,10,98226,0.0
Avista,2020,9,99335,0.0
CNG,2022,12,99353,0.0
PSE,2023,7,98042,0.0
Avista,2025,3,99159,0.0
Avista,2020,3,99016,0.0
PAC,2022,3,98930,0.0
Avista,2021,9,99144,0.0
PSE,2020,5,98366,0.0
Avista,2022,10,99158,0.0
PAC,2021,4,98942,0.0
Avista,2023,5,99102,0.0
PSE,2020,8,98387,0.0
PSE,2022,4,98036,0.0
CNG,2023,5,99336,0.0
CNG,2020,1,98951,0.0
Avista,2022,9,99029,0.0
NWN,2022,6,98660,0.0
CNG,2023,11,98282,0.0
CNG,2022,12,98310,0.0
Avista,2021,6,99157,0.0
CNG,2024,7,98626,0.0
PSE,2023,6,98466,0.0
PSE,2021,7,98391,0.0
PSE,2020,10,98058,0.0
PSE,2020,4,98359,0.0
PSE,2024,7,98372,0.0
CNG,2021,4,98221,0.0
Avista,2023,2,99181,0.0
PSE,2021,9,98274,0.0
CNG,2021,10,98801,0.0
Avista,2020,11,99161,0.0
PSE,2022,5,98133,0.0
CNG,2021,3,98626,0.0
PSE,2023,4,98087,0.0
Avista,2021,6,99131,0.0
CNG,2020,11,98550,0.0
NWN,2025,10,98125,0.0
PAC,2023,3,98932,0.0
CNG,2020,8,98367,0.0
NWN,2025,9,98617,0.0
Avista,2020,10,99402,0.0
Avista,2020,8,99029,0.0
Avista,2022,8,99206,0.0
PSE,2024,2,98232,0.0
PAC,2023,7,98921,0.0
Avista,2025,12,99137,0.0
CNG,2021,10,98370,0.0
Avista,2022,7,99040,0.0
PSE,2022,12,98405,0.0
PSE,2023,9,98005,0.0
PSE,2021,5,98290,0.0
PSE,2024,2,98409,0.0
Avista,2023,7,99006,0.0
PAC,2020,11,98930,0.0
CNG,2021,2,98284,0.0
PSE,2020,7,98226,0.0
NWN,2023,3,98606,0.0
NWN,2023,3,98664,0.0
PSE,2025,5,98444,0.0
PSE,2021,7,98503,0.0
NWN,2022,1,98660,0.0
CNG,2024,11,98674,0.0
PSE,2025,5,98221,0.0
PSE,2025,7,98327,0.0
NWN,2025,4,98648,0.0
CNG,2021,11,98264,0.0
PSE,2025,5,98332,0.0
NWN,2021,7,98635,0.0
Avista,2023,12,99037,0.0
PSE,2025,9,98122,0.0
PSE,2022,12,98110,0.0
PSE,2024,12,98310,0.0
Avista,2025,7,99156,0.0
NWN,2021,12,98668,0.0
PAC,2020,2,99328,299.0
PAC,2023,5,98936,0.0
CNG,2021,12,98942,0.0
PSE,2025,11,98290,0.0
Avista,2021,7,99224,0.0
Avista,2022,12,99164,0.0
PSE,2024,11,98032,0.0
PSE,2022,7,98221,0.0
Avista,2020,9,99224,0.0
Avista,2020,9,99004,0.0
PSE,2021,7,98024,0.0
PSE,2024,11,98332,0.0
PSE,2021,8,98203,0.0
PSE,2023,12,98006,0.0
CNG,2022,10,98366,0.0
CNG,2020,8,98230,0.0
PSE,2021,5,98360,0.0
CNG,2024,5,98903,0.0
PAC,2021,8,99363,0.0
PSE,2021,7,98110,0.0
CNG,2020,11,98936,0.0
PSE,2022,9,98007,0.0
Avista,2022,8,99032,0.0
PSE,2023,7,98367,0.0
PAC,2020,2,99361,128.0
Avista,2024,11,99113,0.0
Avista,2021,3,99260,0.0
NWN,2023,2,97388,0.0
PSE,2021,7,98006,0.0
CNG,2020,7,98953,0.0
CNG,2021,11,98295,0.0
Avista,2020,12,99174,0.0
CNG,2022,2,99353,0.0
PSE,2022,9,98576,0.0
PSE,2025,7,98006,0.0
PAC,2024,1,98903,0.0
CNG,2021,6,98274,0.0
PSE,2020,7,98372,0.0
Avista,2024,12,99218,0.0
Avista,2023,6,99218,0.0
PSE,2020,12,98922,0.0
Avista,2025,1,99174,0.0
CNG,2020,7,98232,0.0
PSE,2022,8,98102,0.0
CNG,2022,4,98221,0.0
Avista,2025,11,99013,0.0
Avista,2024,6,99031,0.0
Avista,2025,1,99159,0.0
CNG,2023,10,99362,0.0
Avista,2024,4,99111,0.0
CNG,2025,7,98930,0.0
NWN,2021,3,98660,0.0
PSE,2023,4,98148,0.0
NWN,2025,4,98685,0.0
PSE,2024,9,98335,0.0
PSE,2021,10,98199,0.0
NWN,2023,12,98026,0.0
PSE,2022,3,98036,0.0
PSE,2022,10,98032,0.0
NWN,2020,8,98682,0.0
Avista,2021,12,99158,0.0
NWN,2021,5,98601,0.0
Avista,2020,7,99218,0.0
Avista,2023,2,99326,0.0
PAC,2021,9,98937,0.0
Avista,2025,8,99158,0.0
Avista,2021,10,99001,0.0
PSE,2024,3,98208,0.0
CNG,2023,7,99354,0.0
Avista,2020,8,99027,0.0
CNG,2021,10,98366,0.0
CNG,2020,9,99323,0.0
PSE,2021,4,98374,0.0
PSE,2025,9,98188,0.0
CNG,2024,9,99336,0.0
PAC,2021,3,98952,0.0
Avista,2020,8,99176,0.0
Avista,2022,9,99176,0.0
Avista,2022,12,99212,0.0
PSE,2020,12,98006,0.0
PSE,2025,6,98390,0.0
Avista,2024,4,99021,0.0
Avista,2024,3,99179,0.0
Avista,2021,8,99008,0.0
CNG,2024,12,98951,0.0
Avista,2025,8,99026,0.0
PAC,2021,10,98902,0.0
PAC,2025,9,98944,7.14
PAC,2023,11,98908,0.0
Avista,2022,12,99036,0.0
PSE,2022,11,98023,0.0
PSE,2022,11,98188,0.0
Avista,2023,7,99104,0.0
NWN,2024,3,98684,0.0
PSE,2022,11,98444,0.0
Avista,2020,10,99224,0.0
NWN,2020,7,98683,0.0
PSE,2024,2,98445,0.0
Avista,2025,9,99009,0.0
CNG,2023,3,98563,0.0
NWN,2025,3,98762,0.0
Avista,2023,8,99146,0.0
Avista,2025,9,99170,0.0
Avista,2025,4,99228,0.0
PSE,2025,9,98177,0.0
PSE,2025,11,98144,0.0
PSE,2023,10,98133,0.0
PSE,2023,5,98101,0.0
PSE,2022,3,98057,0.0
PSE,2021,3,98057,0.0
CNG,2020,9,98942,0.0
PSE,2020,12,98037,0.0
CNG,2021,1,99352,0.0
Avista,2023,3,99016,0.0
Avista,2023,6,99104,0.0
Avista,2024,2,98648,0.0
Avista,2021,5,99020,0.0
PAC,2025,6,98902,1.32
PSE,2022,11,98512,0.0
NWN,2024,5,98607,0.0
PSE,2020,10,98260,0.0
PSE,2024,5,98387,0.0
CNG,2020,10,98264,0.0
Avista,2024,3,99104,0.0
NWN,2022,4,98682,0.0
Avista,2023,10,99143,0.0
Avista,2025,1,99206,0.0
PSE,2022,6,98112,0.0
CNG,2024,10,98273,0.0
PSE,2023,11,98388,0.0
Avista,2020,4,99125,0.0
PSE,2021,11,98002,0.0
CNG,2020,1,99324,0.0
PAC,2023,2,98901,0.0
CNG,2024,4,98541,0.0
CNG,2023,6,98383,0.0
NWN,2023,12,98642,0.0
Avista,2024,2,99171,0.0
CNG,2024,4,99338,0.0
Avista,2024,6,99138,0.0
PSE,2024,11,98053,0.0
CNG,2020,2,98632,0.0
CNG,2020,11,98284,0.0
CNG,2025,10,98221,0.0
NWN,2022,1,98668,0.0
PSE,2025,5,98405,0.0
PSE,2020,5,98226,0.0
CNG,2024,3,99352,0.0
CNG,2025,10,99336,0.0
Avista,2024,12,99202,0.0
PSE,2025,7,98087,0.0
Avista,2021,4,99114,0.0
PSE,2021,1,98290,0.0
PSE,2024,5,98244,0.0
NWN,2025,1,98682,0.0
CNG,2020,6,98244,0.0
Avista,2021,7,99159,0.0
PSE,2023,6,98579,0.0
PSE,2025,5,98255,0.0
PSE,2022,12,98103,0.0
NWN,2021,7,98307,0.0
Avista,2021,4,98857,0.0
NWN,2024,5,98662,0.0
PSE,2023,2,98208,0.0
PAC,2023,11,98947,0.0
PSE,2022,4,98346,0.0
PSE,2024,9,98374,0.0
PSE,2025,9,98332,0.0
PAC,2023,3,98933,0.0
Avista,2025,1,99004,0.0
PSE,2020,11,98074,0.0
PSE,2020,3,98036,0.0
PSE,2023,11,98026,0.0
PSE,2020,7,98199,0.0
PAC,2022,8,98951,0.0
Avista,2020,6,99029,0.0
PSE,2022,1,98116,0.0
Avista,2025,4,99022,0.0
PSE,2020,4,98366,0.0
PSE,2021,8,98402,0.0
PSE,2023,10,98053,0.0
Avista,2023,8,99125,0.0
PSE,2025,10,98004,0.0
NWN,2023,1,98026,0.0
PSE,2023,11,98087,0.0
PSE,2020,11,98008,0.0
NWN,2025,10,98606,0.0
PSE,2021,2,98051,0.0
Avista,2024,10,99203,0.0
PSE,2022,2,98117,0.0
NWN,2021,4,98605,0.0
PSE,2022,1,98439,0.0
PSE,2025,9,98248,0.0
Avista,2022,10,99202,0.0
PSE,2021,2,98366,0.0
PSE,2024,11,98338,0.0
PSE,2025,12,98941,0.0
PSE,2021,12,98199,0.0
NWN,2020,12,98864,0.0
PSE,2025,4,98531,0.0
PSE,2025,1,98117,0.0
NWN,2021,2,98606,0.0
PSE,2024,1,98390,0.0
PSE,2021,7,98232,0.0
Avista,2023,4,99151,0.0
Avista,2024,10,99159,0.0
Avista,2023,7,99169,0.0
Avista,2021,5,99217,0.0
PAC,2022,3,98921,0.0
PSE,2025,5,98146,0.0
PSE,2024,7,98168,0.0
PSE,2025,12,98034,0.0
PSE,2021,8,98367,0.0
PSE,2023,2,98007,0.0
CNG,2021,9,98932,0.0
NWN,2021,9,98607,0.0
NWN,2021,12,98639,0.0
PSE,2022,5,98072,0.0
PSE,2022,1,98029,0.0
PSE,2025,4,98103,0.0
PSE,2025,9,98408,0.0
Avista,2023,4,99034,0.0
PSE,2024,5,98198,0.0
PSE,2025,9,98579,0.0
Avista,2024,12,99039,0.0
Avista,2024,12,99117,0.0
PSE,2024,12,98273,0.0
CNG,2022,12,98524,0.0
Avista,2021,6,99126,0.0
CNG,2025,12,98584,0.0
NWN,2025,8,98665,0.0
PSE,2024,1,98011,0.0
CNG,2025,8,98902,0.0
PAC,2022,10,98951,0.0
PSE,2023,10,98102,0.0
Avista,2023,2,99161,0.0
PSE,2025,9,98532,0.0
PAC,2023,11,98951,0.0
PSE,2024,4,98934,0.0
PSE,2023,8,98052,0.0
Avista,2024,12,99129,0.0
PAC,2024,12,98932,0.0
PSE,2020,5,98232,0.0
Avista,2023,12,99220,0.0
PSE,2024,12,98446,0.0
PSE,2021,12,98366,0.0
PSE,2025,4,98042,0.0
CNG,2024,2,98220,0.0
Avista,2024,4,98648,0.0
Avista,2024,11,99179,0.0
Avista,2020,3,99126,0.0
PSE,2022,3,98002,0.0
Avista,2022,8,99144,0.0
NWN,2023,7,98601,0.0
CNG,2025,1,98220,0.0
CNG,2025,7,98244,0.0
PSE,2022,1,98290,0.0
PSE,2022,5,98031,0.0
PSE,2025,10,98589,0.0
Avista,2021,4,99101,0.0
PSE,2021,5,98051,0.0
Avista,2021,9,99122,0.0
Avista,2020,9,99207,0.0
CNG,2024,12,98310,0.0
CNG,2023,4,99301,0.0
PSE,2020,5,98045,0.0
PSE,2021,5,98359,0.0
CNG,2022,6,98244,0.0
Avista,2022,8,99030,0.0
PAC,2023,2,98939,0.0
PSE,2022,4,98003,0.0
CNG,2024,12,99350,0.0
CNG,2025,7,98541,0.0
CNG,2024,1,99324,0.0
PSE,2022,6,98225,0.0
PSE,2022,9,98373,0.0
PSE,2020,11,98032,0.0
PSE,2022,6,98029,0.0
PSE,2023,1,98370,0.0
PSE,2024,10,98109,0.0
Avista,2024,12,99185,0.0
PAC,2022,12,98942,0.0
PSE,2024,3,98498,0.0
PAC,2021,4,98933,0.0
CNG,2020,7,98247,0.0
PSE,2020,5,98922,0.0
PSE,2024,6,98383,0.0
PSE,2024,12,98934,0.0
PSE,2025,5,98204,0.0
PSE,2020,11,98021,0.0
PSE,2022,4,98045,0.0
PSE,2022,7,98597,0.0
PSE,2021,1,98042,0.0
PSE,2023,5,98019,0.0
Avista,2022,3,99128,0.0
Avista,2024,12,99203,0.0
PSE,2020,6,98934,0.0
PSE,2020,12,98327,0.0
CNG,2023,10,98674,0.0
Avista,2021,4,99134,0.0
PSE,2021,8,98119,0.0
PSE,2020,3,98273,0.0
PSE,2022,8,98359,0.0
CNG,2024,8,98837,0.0
PSE,2023,8,98116,0.0
Avista,2022,6,99157,0.0
Avista,2021,11,99157,0.0
Avista,2022,3,99032,0.0
PSE,2022,12,98383,0.0
PSE,2020,12,98311,0.0
PSE,2023,2,98342,0.0
PSE,2021,3,98941,0.0
Avista,2025,11,99205,0.0
PAC,2020,11,98920,0.0
PAC,2024,2,98935,0.0
Avista,2022,12,99030,0.0
Avista,2025,2,99217,0.0
CNG,2022,9,99301,0.0
Avista,2025,11,99129,0.0
CNG,2022,11,98223,0.0
PSE,2020,7,98439,0.0
PSE,2022,6,98926,0.0
Avista,2025,12,99006,0.0
CNG,2023,2,98233,0.0
PSE,2021,8,98271,0.0
PSE,2023,12,98032,0.0
CNG,2025,4,98223,0.0
PSE,2024,12,98257,0.0
CNG,2025,2,98232,0.0
PSE,2020,11,98233,0.0
Avista,2021,6,99201,0.0
PAC,2021,8,98937,0.0
NWN,2024,2,98662,0.0
PSE,2020,4,98047,0.0
PSE,2025,6,98513,0.0
PSE,2024,8,98424,0.0
Avista,2025,1,99144,0.0
PSE,2023,10,98203,0.0
PSE,2023,8,98335,0.0
PSE,2020,9,98102,0.0
Avista,2023,10,99219,0.0
PSE,2022,2,98532,0.0
Avista,2021,1,99173,0.0
NWN,2023,9,98685,0.0
PSE,2021,7,98008,0.0
CNG,2021,12,98277,0.0
PSE,2023,8,98404,0.0
PSE,2025,5,98406,0.0
PSE,2025,7,98103,0.0
PSE,2023,8,98109,0.0
PSE,2024,1,98387,0.0
CNG,2025,4,98837,0.0
CNG,2024,5,98240,0.0
PSE,2023,3,98277,0.0
Avista,2022,11,99218,0.0
PSE,2022,11,98335,0.0
NWN,2025,11,98307,0.0
PSE,2025,6,98239,0.0
NWN,2023,12,98307,0.0
PSE,2021,4,98028,0.0
Avista,2025,1,99018,0.0
PSE,2024,5,98012,0.0
NWN,2020,6,98635,0.0
PSE,2023,1,98198,0.0
NWN,2024,9,98605,0.0
PSE,2025,5,98391,0.0
NWN,2023,12,98127,0.0
CNG,2024,3,98524,0.0
PSE,2023,8,98290,0.0
PSE,2023,1,98380,0.0
PSE,2025,1,98074,0.0
PAC,2024,2,98938,0.0
PSE,2024,8,98372,0.0
Avista,2024,11,99011,0.0
PSE,2021,10,98092,0.0
PSE,2025,12,98052,0.0
CNG,2024,4,98848,0.0
Avista,2024,6,99129,0.0
Avista,2023,10,99013,0.0
PSE,2024,12,98070,0.0
PSE,2024,5,98112,0.0
PSE,2025,5,98133,0.0
PSE,2021,3,98109,0.0
CNG,2025,4,98625,0.0
PSE,2024,12,98531,0.0
PSE,2024,1,98579,0.0
PAC,2025,6,98951,102.67
PSE,2024,2,98118,0.0
Avista,2020,9,99117,0.0
Avista,2020,6,99160,0.0
PSE,2024,1,98103,0.0
CNG,2023,4,99354,0.0
PAC,2020,5,98951,0.0
CNG,2024,6,98932,0.0
PAC,2021,4,99348,0.0
CNG,2021,2,98230,0.0
PSE,2020,9,98004,0.0
PSE,2020,10,98498,0.0
PSE,2025,6,98201,0.0
CNG,2025,9,99354,0.0
PSE,2022,2,98027,0.0
Avista,2022,7,99122,0.0
Avista,2023,8,99260,0.0
PSE,2021,2,98391,0.0
PSE,2021,2,98188,0.0
PAC,2024,10,99328,0.0
NWN,2023,7,98610,0.0
NWN,2021,4,98685,0.0
PSE,2022,9,98596,0.0
Avista,2024,10,99102,0.0
PSE,2021,3,98502,0.0
Avista,2022,4,99021,0.0
Avista,2022,6,99014,0.0
CNG,2024,7,98229,0.0
PSE,2022,9,98272,0.0
Avista,2024,5,99163,0.0
NWN,2024,8,98639,0.0
NWN,2023,11,98666,0.0
NWN,2022,6,98620,0.0
PSE,2024,12,98042,0.0
Avista,2021,3,99104,0.0
PSE,2024,9,98057,0.0
NWN,2025,10,98635,0.0
NWN,2020,9,98684,0.0
PAC,2020,12,98937,0.0
Avista,2022,10,99107,0.0
PSE,2025,10,98204,0.0
Avista,2022,10,99171,0.0
PSE,2023,8,98513,0.0
PSE,2022,4,98012,0.0
CNG,2021,8,99350,0.0
PSE,2020,5,98409,0.0
NWN,2021,12,98648,0.0
Avista,2024,11,99030,0.0
NWN,2023,12,98617,0.0
CNG,2024,1,99323,0.0
Avista,2023,3,99174,0.0
Avista,2023,3,99009,0.0
PSE,2021,8,98327,0.0
PSE,2024,3,98112,0.0
PAC,2022,4,98939,0.0
PSE,2023,8,98371,0.0
CNG,2025,9,98944,0.0
PSE,2024,3,98506,0.0
CNG,2023,7,98557,0.0
NWN,2023,11,98629,0.0
Avista,2021,1,99156,0.0
PAC,2020,10,98933,0.0
PSE,2023,2,98310,0.0
Avista,2022,1,99110,0.0
PAC,2020,7,98901,0.0
Avista,2021,8,98620,0.0
CNG,2024,5,99337,0.0
Avista,2022,6,99032,0.0
CNG,2023,3,98273,0.0
CNG,2023,8,98801,0.0
CNG,2021,1,98220,0.0
CNG,2024,9,98942,0.0
PSE,2020,10,98056,0.0
CNG,2021,11,98563,0.0
CNG,2021,10,98524,0.0
PSE,2020,5,98177,0.0
PSE,2023,5,98589,0.0
PSE,2025,8,98178,0.0
Avista,2024,1,99164,0.0
PSE,2023,3,98037,0.0
PSE,2022,1,98338,0.0
PSE,2024,6,98266,0.0
PAC,2021,6,98908,0.0
CNG,2022,5,99336,0.0
CNG,2022,4,99354,0.0
PSE,2024,4,98367,0.0
CNG,2021,4,99301,0.0
Avista,2021,5,99171,0.0
PSE,2020,7,98024,0.0
CNG,2025,1,98312,0.0
CNG,2021,4,98230,0.0
PSE,2022,5,98021,0.0
CNG,2020,8,98225,0.0
Avista,2022,4,99335,0.0
Avista,2023,10,99148,0.0
PSE,2025,12,98008,0.0
PSE,2023,12,98312,0.0
PSE,2021,3,98022,0.0
PSE,2024,4,98002,0.0
PSE,2022,4,98087,0.0
PSE,2020,12,98007,0.0
PSE,2021,4,98589,0.0
CNG,2022,6,98902,0.0
PSE,2020,9,98418,0.0
PSE,2023,12,98203,0.0
CNG,2025,3,98932,0.0
CNG,2024,12,98311,0.0
CNG,2020,6,98370,0.0
PSE,2025,9,98402,0.0
Avista,2021,11,99212,0.0
Avista,2021,3,99020,0.0
PSE,2023,11,98275,0.0
Avista,2022,12,99171,0.0
NWN,2021,1,98663,0.0
PSE,2020,3,98275,0.0
PAC,2020,7,98944,0.0
PSE,2021,3,98168,0.0
Avista,2021,5,99181,0.0
CNG,2021,12,98232,0.0
CNG,2020,12,98550,0.0
NWN,2021,12,98671,0.0
PAC,2023,1,98921,0.0
PSE,2021,3,98070,0.0
CNG,2022,4,98248,0.0
Avista,2023,8,99157,0.0
PSE,2025,8,98424,0.0
CNG,2021,8,98295,0.0
Avista,2021,9,99027,0.0
PSE,2025,1,98498,0.0
CNG,2025,1,98903,0.0
CNG,2022,9,98370,0.0
CNG,2022,4,98524,0.0
PSE,2020,3,98248,0.0
CNG,2020,1,98370,0.0
PSE,2020,4,98422,0.0
PSE,2023,12,98155,0.0
NWN,2021,12,98686,0.0
NWN,2025,10,98605,0.0
Avista,2024,11,99157,0.0
PSE,2023,4,98233,0.0
CNG,2022,12,98370,0.0
Avista,2025,12,99039,0.0
Avista,2025,6,99016,0.0
PSE,2023,4,98418,0.0
PSE,2021,7,98311,0.0
PSE,2024,7,98284,0.0
NWN,2021,4,98663,0.0
PSE,2021,1,98104,0.0
PSE,2021,5,98022,0.0
Avista,2025,1,99001,0.0
NWN,2023,9,98612,0.0
PSE,2023,12,98311,0.0
PSE,2021,4,98576,0.0
CNG,2020,4,98901,0.0
PSE,2020,4,98408,0.0
PSE,2020,11,98203,0.0
PSE,2021,1,98248,0.0
CNG,2024,9,98370,0.0
NWN,2024,11,98026,0.0
CNG,2025,4,98310,0.0
CNG,2021,11,98233,0.0
PSE,2021,10,98042,0.0
PSE,2023,4,98119,0.0
PSE,2021,5,98342,0.0
PSE,2023,1,98005,0.0
PSE,2020,7,98370,0.0
PSE,2025,6,98366,0.0
CNG,2024,10,99353,0.0
Avista,2020,12,99122,0.0
PSE,2020,4,98516,0.0
PSE,2024,3,98383,0.0
NWN,2020,7,98648,0.0
Avista,2025,10,99104,0.0
Avista,2020,8,99020,0.0
PSE,2023,8,98576,0.0
Avista,2025,11,99026,0.0
Avista,2024,5,99122,0.0
PSE,2024,11,98011,0.0
CNG,2023,12,98563,0.0
PSE,2023,9,98466,0.0
PSE,2021,3,98004,0.0
PSE,2020,5,98055,0.0
PSE,2020,6,98051,0.0
NWN,2023,7,98642,0.0
Avista,2025,11,99020,0.0
Avista,2024,7,99022,0.0
PSE,2025,2,98058,0.0
PSE,2023,5,98072,0.0
CNG,2020,5,98944,0.0
CNG,2025,6,99362,0.0
PSE,2025,7,98026,0.0
Avista,2025,9,99163,0.0
Avista,2021,10,99130,0.0
PSE,2025,12,98503,0.0
NWN,2022,4,98674,0.0
PSE,2022,5,98225,0.0
CNG,2023,11,98942,0.0
PSE,2023,4,98422,0.0
PSE,2022,10,98008,0.0
PSE,2025,8,98155,0.0
CNG,2024,1,98229,0.0
Avista,2025,1,99163,0.0
Avista,2023,7,99403,0.0
Avista,2022,10,99032,0.0
NWN,2022,5,98642,0.0
PSE,2022,8,98271,0.0
PSE,2025,12,98011,0.0
PAC,2022,12,99360,0.0
Avista,2024,2,99006,0.0
PSE,2024,12,98237,0.0
PSE,2020,7,98274,0.0
PSE,2024,4,98103,0.0
PSE,2023,6,98290,0.0
NWN,2023,11,98648,0.0
NWN,2021,8,98664,0.0
PSE,2022,2,98596,0.0
CNG,2025,3,98226,0.0
NWN,2023,9,98604,0.0
CNG,2025,6,98948,0.0
PAC,2022,2,98908,0.0
CNG,2023,4,98284,0.0
PSE,2025,8,98087,0.0
CNG,2025,10,98902,0.0
Avista,2020,9,99034,0.0
CNG,2021,1,98229,0.0
PAC,2022,12,98923,0.0
Avista,2023,12,99021,0.0
Avista,2022,11,99174,0.0
PSE,2024,7,98002,0.0
NWN,2022,5,98626,0.0
CNG,2025,8,99350,0.0
PAC,2024,5,98933,0.0
Avista,2023,6,99144,0.0
PSE,2025,4,98031,0.0
Avista,2020,9,99109,0.0
NWN,2020,11,98119,0.0
CNG,2022,1,98295,0.0
PSE,2024,7,98597,0.0
NWN,2023,12,98672,0.0
PSE,2023,6,98284,0.0
PAC,2023,5,98939,0.0
PSE,2025,4,98366,0.0
CNG,2025,3,99353,0.0
CNG,2022,6,99324,0.0
NWN,2023,7,98668,0.0
PSE,2020,8,98001,0.0
Avista,2021,10,99157,0.0
NWN,2023,10,98307,0.0
PSE,2025,11,98498,0.0
Avista,2025,7,99104,0.0
PSE,2021,12,98112,0.0
Avista,2023,8,99111,0.0
CNG,2020,2,99350,0.0
PSE,2022,3,98284,0.0
NWN,2024,1,98675,0.0
PSE,2021,11,98029,0.0
PSE,2024,2,98112,0.0
PSE,2024,8,98346,0.0
NWN,2022,4,98628,0.0
PSE,2025,4,98244,0.0
PAC,2025,4,98944,4.13
PSE,2024,3,98232,0.0
CNG,2024,5,98902,0.0
PSE,2023,9,98021,0.0
PSE,2022,4,98031,0.0
Avista,2021,9,99149,0.0
PSE,2022,1,98375,0.0
PSE,2021,11,98499,0.0
PAC,2025,1,98902,7.66
PSE,2022,4,98008,0.0
PAC,2022,5,98933,0.0
CNG,2021,5,98951,0.0
Avista,2024,6,99032,0.0
NWN,2020,9,98612,0.0
PSE,2023,1,98042,0.0
PSE,2025,1,98424,0.0
PSE,2022,6,98019,0.0
PSE,2021,1,98579,0.0
PSE,2021,9,98047,0.0
NWN,2020,6,98208,0.0
CNG,2020,12,98282,0.0
CNG,2020,10,98563,0.0
PAC,2023,5,98947,0.0
Avista,2021,4,99228,0.0
PSE,2024,4,98237,0.0
PSE,2022,3,98321,0.0
Avista,2021,7,99111,0.0
CNG,2021,5,99352,0.0
PAC,2020,11,98947,0.0
CNG,2025,11,98944,0.0
PSE,2021,2,98125,0.0
PSE,2023,4,98372,0.0
PSE,2021,4,98277,0.0
PSE,2025,7,98506,0.0
CNG,2023,3,98528,0.0
PSE,2022,3,98042,0.0
Avista,2021,9,99185,0.0
Avista,2022,7,99033,0.0
CNG,2024,11,98367,0.0
PAC,2023,12,98936,0.0
PSE,2025,5,98232,0.0
PAC,2024,11,98948,0.0
PAC,2021,10,98948,0.0
PSE,2025,12,98026,0.0
PSE,2024,11,98133,0.0
NWN,2022,5,97301,0.0
Avista,2021,10,99219,0.0
NWN,2023,10,97301,0.0
Avista,2025,9,98648,0.0
NWN,2024,9,98026,0.0
PSE,2025,11,98116,0.0
Avista,2025,7,98857,0.0
Avista,2020,9,99220,0.0
Avista,2020,3,99040,0.0
Avista,2021,3,99171,0.0
PSE,2024,5,98359,0.0
PSE,2023,9,98237,0.0
CNG,2023,5,98225,0.0
PSE,2025,9,98057,0.0
PSE,2025,1,98144,0.0
PSE,2023,1,98045,0.0
PSE,2021,6,98501,0.0
Avista,2021,3,99156,0.0
Avista,2024,4,99157,0.0
CNG,2024,7,98524,0.0
PSE,2023,4,98266,0.0
PSE,2021,1,98270,0.0
PSE,2021,6,98371,0.0
NWN,2023,6,98663,0.0
CNG,2020,7,98848,0.0
PAC,2020,4,98947,0.0
PSE,2022,6,98337,0.0
Avista,2024,11,99148,0.0
Avista,2022,5,99402,0.0
PSE,2024,3,98027,0.0
PSE,2025,7,98271,0.0
CNG,2022,7,98626,0.0
Avista,2020,7,99104,0.0
Avista,2021,5,99033,0.0
PSE,2020,8,98439,0.0
PSE,2020,6,98418,0.0
PSE,2024,3,98042,0.0
Avista,2023,10,99205,0.0
PSE,2021,12,98424,0.0
CNG,2025,2,98247,0.0
NWN,2025,11,98672,0.0
PSE,2024,1,98388,0.0
PAC,2022,3,99348,0.0
PSE,2022,2,98272,0.0
NWN,2021,9,97388,0.0
PSE,2025,9,98337,0.0
Avista,2024,6,99113,0.0
Avista,2025,12,99111,0.0
CNG,2020,8,98930,0.0
PSE,2025,5,98021,0.0
PSE,2021,7,98225,0.0
CNG,2022,9,99323,0.0
PSE,2021,2,98266,0.0
Avista,2021,6,99148,0.0
CNG,2022,12,98848,0.0
CNG,2021,1,98248,0.0
PSE,2021,4,98387,0.0
NWN,2023,10,98610,0.0
PSE,2023,11,98499,0.0
PSE,2023,1,98101,0.0
Avista,2025,5,99201,0.0
PSE,2022,5,98034,0.0
PSE,2020,9,98027,0.0
NWN,2024,8,98660,0.0
PSE,2022,7,98177,0.0
Avista,2025,3,99014,0.0
CNG,2025,3,98264,0.0
CNG,2023,5,98264,0.0
PSE,2021,1,98118,0.0
PSE,2021,2,98926,0.0
CNG,2021,9,98337,0.0
Avista,2025,1,99260,0.0
Avista,2020,4,98648,0.0
PSE,2023,7,98053,0.0
Avista,2023,8,99141,0.0
PSE,2020,10,98102,0.0
PSE,2021,8,98040,0.0
PAC,2020,10,99360,0.0
PAC,2024,8,99324,0.0
PSE,2020,6,98404,0.0
PSE,2025,8,98405,0.0
PSE,2021,11,98059,0.0
PAC,2020,3,98944,417.0
CNG,2024,1,98541,0.0
PSE,2024,10,98057,0.0
PSE,2020,4,98387,0.0
CNG,2023,4,98311,0.0
CNG,2023,10,98563,0.0
PSE,2023,3,98498,0.0
NWN,2022,7,98684,0.0
Avista,2022,12,99104,0.0
PSE,2022,4,98028,0.0
Avista,2020,3,99167,0.0
PSE,2021,5,98255,0.0
PSE,2024,8,98467,0.0
CNG,2020,1,98557,0.0
Avista,2020,9,99003,0.0
CNG,2024,9,98932,0.0
Avista,2021,4,99031,0.0
CNG,2022,1,98312,0.0
PSE,2021,3,98418,0.0
Avista,2020,5,99040,0.0
PSE,2022,9,98335,0.0
PSE,2025,12,98404,0.0
PSE,2023,9,98033,0.0
PSE,2022,1,98148,0.0
PAC,2023,4,99360,0.0
CNG,2024,4,98936,0.0
Avista,2021,2,99371,0.0
CNG,2021,4,98370,0.0
PSE,2022,7,98531,0.0
PSE,2021,9,98531,0.0
NWN,2021,1,98606,0.0
PAC,2020,4,98952,0.0
Avista,2022,2,99185,0.0
CNG,2022,12,98264,0.0
PAC,2024,3,99347,0.0
PSE,2022,2,98512,0.0
Avista,2024,3,99102,0.0
PSE,2021,5,98106,0.0
NWN,2022,9,98648,0.0
PSE,2024,8,98221,0.0
CNG,2021,4,98550,0.0
PSE,2023,7,98258,0.0
PSE,2023,7,98126,0.0
PAC,2023,8,99350,0.0
CNG,2020,2,98264,0.0
PSE,2020,3,98133,0.0
Avista,2025,10,99022,0.0
Avista,2024,12,99206,0.0
Avista,2024,2,99034,0.0
NWN,2023,8,98629,0.0
Avista,2023,11,99128,0.0
PSE,2024,3,98277,0.0
Avista,2020,9,99181,0.0
Avista,2022,5,99027,0.0
CNG,2025,9,98524,0.0
NWN,2022,11,98617,0.0
PSE,2020,5,98087,0.0
Avista,2021,4,99157,0.0
PSE,2021,6,98233,0.0
Avista,2020,4,99171,0.0
Avista,2021,5,99335,0.0
NWN,2024,2,98661,0.0
NWN,2025,5,98605,0.0
PSE,2022,9,98198,0.0
PSE,2021,7,98388,0.0
Avista,2025,11,99034,0.0
PSE,2020,11,98371,0.0
Avista,2021,2,99109,0.0
PSE,2020,9,98007,0.0
Avista,2022,9,99164,0.0
PSE,2020,11,98374,0.0
PSE,2023,1,98178,0.0
Avista,2021,3,99206,0.0
PSE,2021,5,98271,0.0
CNG,2022,9,98314,0.0
CNG,2024,4,99337,0.0
Avista,2022,11,99032,0.0
Avista,2021,4,99125,0.0
PSE,2025,9,98255,0.0
CNG,2020,2,99344,0.0
Avista,2023,4,99143,0.0
Avista,2023,7,99126,0.0
Avista,2024,4,99149,0.0
CNG,2022,8,99354,0.0
PSE,2021,9,98036,0.0
PSE,2021,12,98375,0.0
Avista,2023,9,99001,0.0
PSE,2024,9,98327,0.0
Avista,2022,8,99158,0.0
NWN,2020,10,98684,0.0
PSE,2021,11,98237,0.0
PSE,2022,2,98047,0.0
PSE,2025,11,98367,0.0
NWN,2024,7,98684,0.0
Avista,2020,8,99040,0.0
PAC,2022,6,98939,0.0
PSE,2021,9,98224,0.0
Avista,2021,10,99113,0.0
CNG,2022,10,98611,0.0
Avista,2025,11,99157,0.0
PSE,2024,3,98404,0.0
Avista,2023,5,99023,0.0
PAC,2024,3,98937,0.0
PSE,2020,3,98445,0.0
NWN,2020,11,98635,0.0
CNG,2025,10,98370,0.0
Avista,2024,5,99260,0.0
Avista,2020,11,99033,0.0
Avista,2023,12,99016,0.0
Avista,2023,12,99018,0.0
Avista,2021,8,99129,0.0
PAC,2024,1,98953,0.0
Avista,2024,5,99125,0.0
PSE,2023,1,98934,0.0
PSE,2025,3,98271,0.0
PSE,2020,9,98036,0.0
CNG,2023,1,98276,0.0
PSE,2022,3,98024,0.0
Avista,2024,10,99131,0.0
CNG,2022,5,98936,0.0
CNG,2023,6,99352,0.0
PSE,2022,2,98033,0.0
Avista,2023,10,99163,0.0
PSE,2023,2,98021,0.0
PSE,2023,6,98121,0.0
Avista,2022,8,99326,0.0
Avista,2025,2,99141,0.0
PSE,2023,1,98030,0.0
PSE,2025,2,98392,0.0
Avista,2025,5,99206,0.0
Avista,2024,1,99341,0.0
CNG,2023,2,98936,0.0
Avista,2025,4,99129,0.0
CNG,2022,3,98932,0.0
PSE,2025,6,98042,0.0
PSE,2021,11,98226,0.0
PSE,2023,8,98391,0.0
PSE,2020,10,98037,0.0
PSE,2025,7,98579,0.0
CNG,2020,5,98528,0.0
CNG,2022,10,98936,0.0
CNG,2023,5,98240,0.0
Avista,2025,2,99011,0.0
PSE,2021,5,98402,0.0
CNG,2020,10,98248,0.0
NWN,2023,2,98208,0.0
PAC,2024,11,99361,0.0
Avista,2024,12,99204,0.0
PSE,2024,5,98059,0.0
NWN,2020,9,98648,0.0
Avista,2023,6,99103,0.0
PSE,2020,10,98036,0.0
PSE,2021,2,98122,0.0
Avista,2025,9,99341,0.0
CNG,2022,8,98284,0.0
PSE,2023,7,98360,0.0
PSE,2021,10,98166,0.0
CNG,2025,2,99352,0.0
PSE,2020,11,98201,0.0
Avista,2025,11,99122,0.0
NWN,2024,3,98628,0.0
PSE,2025,8,98283,0.0
PSE,2025,8,98275,0.0
PAC,2020,9,98948,0.0
PSE,2024,12,98007,0.0
NWN,2023,8,98125,0.0
PSE,2025,8,98021,0.0
CNG,2025,3,98221,0.0
Avista,2024,1,99326,0.0
NWN,2020,8,98672,0.0
PSE,2021,10,98312,0.0
PAC,2020,8,99361,0.0
PSE,2025,7,98105,0.0
Avista,2025,12,99141,0.0
Avista,2025,10,99134,0.0
Avista,2022,5,99335,0.0
PSE,2021,4,98058,0.0
CNG,2025,6,98295,0.0
PSE,2023,11,98065,0.0
PSE,2021,5,98221,0.0
CNG,2023,9,98951,0.0
PAC,2023,8,98947,0.0
PSE,2025,5,98244,0.0
Avista,2023,3,99137,0.0
PSE,2023,8,98503,0.0
PSE,2020,6,98146,0.0
PSE,2022,6,98321,0.0
PSE,2022,6,98439,0.0
Avista,2020,12,99021,0.0
PSE,2022,2,98402,0.0
PAC,2023,5,98937,0.0
Avista,2022,9,99148,0.0
PSE,2025,8,98053,0.0
NWN,2021,10,98660,0.0
Avista,2024,4,99034,0.0
PSE,2025,9,98283,0.0
NWN,2024,10,98674,0.0
CNG,2021,7,98277,0.0
Avista,2023,10,99185,0.0
PSE,2025,12,98005,0.0
PSE,2020,9,98380,0.0
PSE,2025,3,98337,0.0
PSE,2022,2,98188,0.0
Avista,2020,5,99148,0.0
PSE,2020,11,98388,0.0
Avista,2021,10,99204,0.0
PSE,2024,7,98047,0.0
CNG,2024,3,98264,0.0
CNG,2020,1,98367,0.0
Avista,2025,9,99005,0.0
PSE,2025,9,98312,0.0
NWN,2025,7,98663,0.0
Avista,2022,8,99006,0.0
Avista,2020,6,99129,0.0
PSE,2022,9,98043,0.0
NWN,2025,5,98639,0.0
PSE,2024,2,98144,0.0
PSE,2021,3,98446,0.0
CNG,2023,10,98528,0.0
PSE,2023,6,98424,0.0
CNG,2021,5,98901,0.0
PAC,2023,7,99363,0.0
Avista,2022,9,99216,0.0
PAC,2024,10,98942,0.0
PAC,2025,9,98908,0.59
PSE,2022,5,98342,0.0
Avista,2023,1,99040,0.0
PSE,2023,5,98257,0.0
PAC,2024,4,98921,0.0
NWN,2024,12,98307,0.0
Avista,2024,5,99022,0.0
Avista,2022,2,99228,0.0
CNG,2022,4,98337,0.0
CNG,2022,2,98944,0.0
PSE,2022,8,98503,0.0
Avista,2024,3,99117,0.0
PSE,2021,3,98934,0.0
PSE,2024,3,98257,0.0
NWN,2021,4,98664,0.0
NWN,2021,10,98026,0.0
PAC,2020,9,98947,0.0
PSE,2021,6,98446,0.0
NWN,2022,10,98663,0.0
PSE,2021,2,98032,0.0
Avista,2022,10,99013,0.0
Avista,2023,11,99146,0.0
NWN,2022,7,98635,0.0
PSE,2024,2,98380,0.0
PSE,2020,5,98011,0.0
PAC,2022,10,99347,0.0
Avista,2023,2,99107,0.0
Avista,2025,4,99138,0.0
CNG,2023,5,98230,0.0
PAC,2024,6,98942,0.0
Avista,2022,6,99130,0.0
NWN,2023,8,98626,0.0
PSE,2024,10,98360,0.0
PSE,2021,9,98387,0.0
Avista,2023,11,99019,0.0
PSE,2025,3,98374,0.0
PSE,2023,1,98118,0.0
